173	U	9006866	7028001	1171366
173	U	9006866	7028002	1171370
173	U	9006866	7028002	1171371
173	U	9006866	7028003	1171372
173	U	9006866	7028003	1171373
173	U	9006866	7028004	1171374
173	U	9006866	7028004	1171375
173	U	9006866	7028005	1171376
173	U	9006866	7028005	1171377
173	U	9006866	7028005	1171378
173	U	9006866	7028006	1171379
173	U	9006866	7028006	1171380
173	U	9006866	7028007	1171381
173	U	9006866	7028007	1171382
173	U	9006866	7028007	1171383
173	U	9006866	7028008	1171384
173	U	9006866	7028008	1171385
173	U	9006866	7028008	1171386
173	U	9006866	7028009	1171387
173	U	9006866	7028009	1171388
173	U	9006866	7028010	1171389
173	U	9006866	7028010	1171390
173	U	9006866	7028011	1171391
173	U	9006866	7028011	1171392
173	U	9006866	7028011	1171393
173	U	9006866	7028012	1171394
173	U	9006866	7028012	1171395
173	U	9006866	7028012	1171396
173	U	9006866	7028012	1171397
173	U	9006866	7028013	1171398
173	U	9006866	7028013	1171399
173	U	9006866	7028014	1171402
173	U	9006866	7028014	1171403
173	U	9006866	7028015	1171405
173	U	9006866	7028015	1171406
173	U	9006866	7028015	1171407
173	U	9006866	7028016	1171409
173	U	9006866	7028016	1171410
173	U	9006866	7028017	1171412
173	U	9006866	7028017	1171413
173	U	9006866	7028018	1171414
173	U	9006866	7028018	1171415
173	U	9006866	7028019	1171416
173	U	9006866	7028019	1171417
173	U	9006866	7028020	1171418
173	U	9006866	7028020	1171419
173	U	9006866	7028020	1171420
173	U	9006866	7028021	1171421
173	U	9006866	7028021	1171422
173	U	9006866	7028021	1171423
173	U	9006866	7028021	1171424
173	U	9006866	7028022	1171425
173	U	9006866	7028022	1171426
173	U	9006866	7028022	1171427
173	U	9006866	7028022	1171428
173	U	9006866	7028023	1171429
173	U	9006866	7028023	1171430
173	U	9006866	7028023	1171431
173	U	9006866	7028024	1171432
173	U	9006866	7028024	1171433
173	U	9006866	7028024	1171434
173	U	9006866	7028025	1171435
173	U	9006866	7028025	1171436
173	U	9006866	7028026	1171437
173	U	9006866	7028026	1171438
173	U	9006866	7028026	1171439
173	U	9006866	7028027	1171440
173	U	9006866	7028027	1171441
173	U	9006866	7028028	1171442
173	U	9006866	7028028	1171443
173	U	9006866	7028028	1171444
173	U	9006866	7028029	1171445
173	U	9006866	7028029	1171446
173	U	9006866	7028029	1171447
173	U	9006866	7028029	1171452
173	U	9006866	7028030	1171448
173	U	9006866	7028030	1171449
173	U	9006866	7028031	1171453
173	U	9006866	7028031	1171454
173	U	9006866	7028031	1171455
173	U	9006866	7028031	1171456
173	U	9006866	7028032	1171457
173	U	9006866	7028032	1171458
173	U	9006866	7028033	1171459
173	U	9006866	7028033	1171460
173	U	9006866	7028033	1171461
173	U	9006866	7028034	1171462
173	U	9006866	7028034	1171463
173	U	9006866	7028034	1171464
173	U	9006866	7028034	1171465
173	U	9006866	7028035	1171466
173	U	9006866	7028035	1171467
173	U	9006866	7028036	1171469
173	U	9006866	7028036	1171470
173	U	9006866	7028037	1171471
173	U	9006866	7028037	1171472
173	U	9006866	7028038	1171473
173	U	9006866	7028038	1171474
173	U	9006866	7028039	1171475
173	U	9006866	7028039	1171476
173	U	9006866	7028039	1171477
173	U	9006866	7028039	1171478
173	U	9006866	7028040	1171479
173	U	9006866	7028040	1171480
173	U	9006866	7028040	1171481
173	U	9006866	7028040	1171482
173	U	9006866	7028041	1171483
173	U	9006866	7028041	1171484
173	U	9006866	7028041	1171485
173	U	9006866	7028041	1171486
173	U	9006866	7028041	1171487
173	U	9006866	7028042	1171488
173	U	9006866	7028042	1171489
173	U	9006866	7028042	1171490
173	U	9006866	7028042	1171491
173	U	9006866	7028042	1171492
173	U	9006866	7028043	1171493
173	U	9006866	7028043	1171494
173	U	9006866	7028044	1171495
173	U	9006866	7028044	1171496
173	U	9006866	7028044	1171497
173	U	9006866	7028045	1171498
173	U	9006866	7028045	1171499
173	U	9006866	7028045	1171500
173	U	9006866	7028046	1171502
173	U	9006866	7028046	1171503
173	U	9006866	7028047	1171504
173	U	9006866	7028047	1171505
173	U	9006866	7028048	1171506
173	U	9006866	7028048	1171507
173	U	9006866	7028049	1171508
173	U	9006866	7028049	1171509
173	U	9006866	7028049	1171510
173	U	9006866	7028049	1171511
173	U	9006866	7028050	1171514
173	U	9006866	7028050	1171515
173	U	9006866	7028051	1171516
173	U	9006866	7028051	1171517
173	U	9006866	7028052	1171518
173	U	9006866	7028052	1171519
173	U	9006866	7028053	1171520
173	U	9006866	7028053	1171521
173	U	9006866	7028054	1171522
173	U	9006866	7028054	1171523
173	U	9006866	7028054	1171524
173	U	9006866	7028055	1171525
173	U	9006866	7028055	1171526
173	U	9006866	7028055	1171527
174	U	9006866	7028056	1171529
174	U	9006866	7028056	1171530
174	U	9006866	7028057	1171531
173	U	9006866	7028057	1171532
174	U	9006866	7028057	1171533
174	U	9006866	7028058	1171534
174	U	9006866	7028058	1171535
174	U	9006866	7028059	1171538
174	U	9006866	7028059	1171539
174	U	9006866	7028060	1171540
174	U	9006866	7028060	1171541
174	U	9006866	7028061	1171542
174	U	9006866	7028061	1171543
174	U	9006866	7028061	1171546
174	U	9006866	7028062	1171548
174	U	9006866	7028062	1171549
174	U	9006866	7028062	1171550
174	U	9006866	7028063	1171554
174	U	9006866	7028063	1171555
174	U	9006866	7028064	1171556
173	U	9006866	7028064	1171557
174	U	9006866	7028065	1171559
174	U	9006866	7028065	1171560
174	U	9006866	7028066	1171561
174	U	9006866	7028066	1171562
174	U	9006866	7028067	1171563
174	U	9006866	7028067	1171564
174	U	9006866	7028068	1171568
174	U	9006866	7028068	1171569
174	U	9006866	7028069	1171570
173	U	9006866	7028069	1171571
174	U	9006866	7028069	1171572
174	U	9006866	7028070	1171573
174	U	9006866	7028070	1171574
174	U	9006866	7028070	1171575
174	U	9006866	7028070	1171576
174	U	9006866	7028071	1171577
174	U	9006866	7028071	1171578
174	U	9006866	7028071	1171579
174	U	9006866	7028071	1171580
174	U	9006866	7028072	1171583
174	U	9006866	7028072	1171584
174	U	9006866	7028073	1171585
174	U	9006866	7028073	1171586
174	U	9006866	7028073	1171587
174	U	9006866	7028074	1171588
174	U	9006866	7028074	1171589
174	U	9006866	7028075	1171591
174	U	9006866	7028075	1171592
174	U	9006866	7028075	1171593
174	U	9006866	7028076	1171594
174	U	9006866	7028076	1171595
174	U	9006866	7028076	1171596
174	U	9006866	7028077	1171598
174	U	9006866	7028077	1171599
174	U	9006866	7028078	1171601
174	U	9006866	7028078	1171602
174	U	9006866	7028078	1171603
174	U	9006866	7028079	1171605
174	U	9006866	7028079	1171606
174	U	9006866	7028080	1171608
174	U	9006866	7028080	1171609
174	U	9006866	7028080	1171610
174	U	9006866	7028080	1171611
174	U	9006866	7028081	1171612
174	U	9006866	7028081	1171613
174	U	9006866	7028082	1171614
174	U	9006866	7028082	1171615
174	U	9006866	7028083	1171616
174	U	9006866	7028083	1171617
174	U	9006866	7028084	1171619
174	U	9006866	7028084	1171620
174	U	9006866	7028084	1171621
174	U	9006866	7028085	1171623
174	U	9006866	7028085	1171624
174	U	9006866	7028086	1171626
174	U	9006866	7028086	1171627
174	U	9006866	7028086	1171628
174	U	9006866	7028087	1171629
174	U	9006866	7028087	1171630
174	U	9006866	7028087	1171631
174	U	9006866	7028087	1171632
174	U	9006866	7028088	1171633
174	U	9006866	7028088	1171634
174	U	9006866	7028088	1171635
174	U	9006866	7028089	1171637
174	U	9006866	7028089	1171638
174	U	9006866	7028089	1171639
174	U	9006866	7028089	1171640
174	U	9006866	7028089	1171641
174	U	9006866	7028090	1171642
174	U	9006866	7028090	1171643
174	U	9006866	7028090	1171644
174	U	9006866	7028091	1171647
115	U	9006866	7026780	1167838
115	U	9006866	7026781	1167839
115	U	9006866	7026781	1167840
115	U	9006866	7026782	1167842
115	U	9006866	7026782	1167843
115	U	9006866	7026783	1167844
115	U	9006866	7026783	1167845
115	U	9006866	7026784	1167851
115	U	9006866	7026784	1167852
115	U	9006866	7026785	1167853
115	U	9006866	7026785	1167854
122	U	9006866	7026786	1167855
122	U	9006866	7026786	1167856
122	U	9006866	7026787	1167858
122	U	9006866	7026787	1167859
122	U	9006866	7026788	1167864
122	U	9006866	7026788	1167865
122	U	9006866	7026789	1167867
122	U	9006866	7026789	1167868
122	U	9006866	7026790	1167869
122	U	9006866	7026790	1167870
122	U	9006866	7026790	1167871
122	U	9006866	7026791	1167872
122	U	9006866	7026791	1167873
122	U	9006866	7026792	1167874
122	U	9006866	7026792	1167875
122	U	9006866	7026793	1167883
122	U	9006866	7026793	1167884
122	U	9006866	7026794	1167885
122	U	9006866	7026794	1167886
122	U	9006866	7026795	1167887
122	U	9006866	7026795	1167888
122	U	9006866	7026796	1167891
122	U	9006866	7026796	1167892
122	U	9006866	7026797	1167893
122	U	9006866	7026797	1167894
122	U	9006866	7026798	1167895
122	U	9006866	7026798	1167896
122	U	9006866	7026799	1167897
122	U	9006866	7026799	1167898
122	U	9006866	7026800	1167900
122	U	9006866	7026800	1167901
122	U	9006866	7026801	1167904
122	U	9006866	7026801	1167905
122	U	9006866	7026802	1167906
122	U	9006866	7026802	1167907
122	U	9006866	7026803	1167908
122	U	9006866	7026803	1167909
122	U	9006866	7026804	1167910
122	U	9006866	7026804	1167911
122	U	9006866	7026805	1167912
122	U	9006866	7026805	1167913
122	U	9006866	7026806	1167914
122	U	9006866	7026806	1167915
122	U	9006866	7026806	1167916
122	U	9006866	7026807	1167917
122	U	9006866	7026807	1167918
122	U	9006866	7026808	1167920
122	U	9006866	7026808	1167921
122	U	9006866	7026809	1167922
122	U	9006866	7026809	1167923
122	U	9006866	7026810	1167926
122	U	9006866	7026810	1167927
122	U	9006866	7026811	1167928
122	U	9006866	7026811	1167929
122	U	9006866	7026812	1167930
122	U	9006866	7026812	1167931
122	U	9006866	7026813	1167932
122	U	9006866	7026813	1167933
116	U	9006866	7026814	1167934
122	U	9006866	7026814	1167935
116	U	9006866	7026814	1167936
122	U	9006866	7026815	1167938
122	U	9006866	7026815	1167939
122	U	9006866	7026816	1167940
122	U	9006866	7026816	1167941
122	U	9006866	7026817	1167943
122	U	9006866	7026817	1167944
122	U	9006866	7026818	1167945
122	U	9006866	7026818	1167946
122	U	9006866	7026819	1167947
123	U	9006866	7026820	1167949
123	U	9006866	7026820	1167950
123	U	9006866	7026821	1167951
123	U	9006866	7026821	1167952
123	U	9006866	7026822	1167953
123	U	9006866	7026822	1167954
123	U	9006866	7026823	1167955
123	U	9006866	7026823	1167956
123	U	9006866	7026824	1167957
123	U	9006866	7026824	1167958
123	U	9006866	7026825	1167960
123	U	9006866	7026825	1167961
123	U	9006866	7026826	1167962
123	U	9006866	7026826	1167963
123	U	9006866	7026827	1167964
123	U	9006866	7026827	1167965
123	U	9006866	7026828	1167966
123	U	9006866	7026828	1167967
123	U	9006866	7026829	1167969
123	U	9006866	7026829	1167970
123	U	9006866	7026830	1167971
123	U	9006866	7026830	1167972
123	U	9006866	7026831	1167973
123	U	9006866	7026831	1167974
123	U	9006866	7026832	1167976
123	U	9006866	7026832	1167977
123	U	9006866	7026833	1167978
123	U	9006866	7026833	1167979
123	U	9006866	7026834	1167980
123	U	9006866	7026834	1167981
123	U	9006866	7026835	1167985
123	U	9006866	7026835	1167986
123	U	9006866	7026836	1167987
123	U	9006866	7026836	1167988
123	U	9006866	7026836	1167989
123	U	9006866	7026837	1167990
123	U	9006866	7026837	1167991
123	U	9006866	7026838	1167993
123	U	9006866	7026838	1167994
123	U	9006866	7026839	1167996
123	U	9006866	7026839	1167997
123	U	9006866	7026840	1167998
123	U	9006866	7026840	1167999
123	U	9006866	7026841	1168000
123	U	9006866	7026841	1168001
123	U	9006866	7026842	1168003
123	U	9006866	7026842	1168004
123	U	9006866	7026843	1168005
123	U	9006866	7026843	1168006
123	U	9006866	7026843	1168007
123	U	9006866	7026844	1168008
123	U	9006866	7026844	1168009
123	U	9006866	7026845	1168010
123	U	9006866	7026845	1168011
123	U	9006866	7026846	1168012
123	U	9006866	7026846	1168013
123	U	9006866	7026847	1168015
123	U	9006866	7026847	1168016
123	U	9006866	7026848	1168018
123	U	9006866	7026848	1168019
123	U	9006866	7026849	1168020
123	U	9006866	7026849	1168021
123	U	9006866	7026850	1168026
123	U	9006866	7026850	1168027
123	U	9006866	7026851	1168028
123	U	9006866	7026851	1168029
123	U	9006866	7026852	1168030
123	U	9006866	7026852	1168031
123	U	9006866	7026853	1168032
123	U	9006866	7026853	1168033
123	U	9006866	7026854	1168034
123	U	9006866	7026854	1168035
123	U	9006866	7026855	1168036
123	U	9006866	7026855	1168037
123	U	9006866	7026856	1168038
123	U	9006866	7026856	1168039
123	U	9006866	7026857	1168040
123	U	9006866	7026857	1168041
123	U	9006866	7026858	1168042
123	U	9006866	7026858	1168043
123	U	9006866	7026859	1168044
123	U	9006866	7026859	1168045
123	U	9006866	7026860	1168049
123	U	9006866	7026860	1168050
123	U	9006866	7026861	1168051
123	U	9006866	7026861	1168052
123	U	9006866	7026862	1168053
123	U	9006866	7026862	1168054
123	U	9006866	7026862	1168055
123	U	9006866	7026863	1168056
123	U	9006866	7026863	1168057
123	U	9006866	7026863	1168058
123	U	9006866	7026864	1168063
123	U	9006866	7026864	1168064
123	U	9006866	7026864	1168065
123	U	9006866	7026864	1168066
123	U	9006866	7026865	1168067
123	U	9006866	7026865	1168068
124	U	9006866	7026866	1168072
124	U	9006866	7026866	1168073
124	U	9006866	7026867	1168074
124	U	9006866	7026867	1168075
124	U	9006866	7026868	1168076
124	U	9006866	7026868	1168077
124	U	9006866	7026869	1168078
124	U	9006866	7026869	1168079
124	U	9006866	7026870	1168080
124	U	9006866	7026870	1168081
124	U	9006866	7026871	1168082
124	U	9006866	7026871	1168083
124	U	9006866	7026872	1168084
124	U	9006866	7026872	1168085
124	U	9006866	7026872	1168086
124	U	9006866	7026873	1168089
124	U	9006866	7026873	1168090
124	U	9006866	7026874	1168091
124	U	9006866	7026874	1168092
124	U	9006866	7026875	1168093
124	U	9006866	7026875	1168094
124	U	9006866	7026876	1168095
124	U	9006866	7026876	1168096
124	U	9006866	7026877	1168097
124	U	9006866	7026877	1168098
124	U	9006866	7026878	1168100
124	U	9006866	7026878	1168101
124	U	9006866	7026879	1168103
124	U	9006866	7026879	1168104
124	U	9006866	7026880	1168106
124	U	9006866	7026880	1168107
124	U	9006866	7026881	1168108
124	U	9006866	7026881	1168109
124	U	9006866	7026881	1168110
124	U	9006866	7026882	1168111
124	U	9006866	7026882	1168112
124	U	9006866	7026883	1168115
124	U	9006866	7026883	1168116
124	U	9006866	7026884	1168117
124	U	9006866	7026884	1168118
124	U	9006866	7026885	1168119
124	U	9006866	7026885	1168120
124	U	9006866	7026886	1168121
124	U	9006866	7026886	1168122
124	U	9006866	7026886	1168123
124	U	9006866	7026887	1168124
124	U	9006866	7026887	1168125
124	U	9006866	7026888	1168127
124	U	9006866	7026888	1168128
124	U	9006866	7026889	1168131
124	U	9006866	7026889	1168132
124	U	9006866	7026890	1168133
124	U	9006866	7026890	1168134
124	U	9006866	7026891	1168135
124	U	9006866	7026891	1168136
124	U	9006866	7026892	1168137
124	U	9006866	7026892	1168138
124	U	9006866	7026893	1168139
124	U	9006866	7026893	1168140
124	U	9006866	7026894	1168141
124	U	9006866	7026894	1168142
124	U	9006866	7026894	1168143
124	U	9006866	7026895	1168145
52	U	9006866	1029087	1161718
170	U	9006866	1029088	1170855
80	U	9006866	1029093	1163736
80	U	9006866	1029093	1163737
112	U	9006866	1029100	1167403
52	U	9006866	1029101	1161719
161	U	9006866	1029107	347641
161	U	9006866	1029107	1170044
101	U	9006866	1029111	29458
101	U	9006866	1029111	1165937
101	U	9006866	1029111	1165938
147	U	9006866	1029118	347715
147	U	9006866	1029118	1169410
102	U	9006866	1029120	347755
102	U	9006866	1029120	1166115
36	U	9006866	1029124	29471
36	U	9006866	1029124	1161435
147	U	9006866	1029127	1169413
147	U	9006866	1029130	1169414
105	U	9006866	1029132	347887
105	U	9006866	1029132	1166647
105	U	9006866	1029132	1166648
101	U	9006866	1029142	347900
101	U	9006866	1029142	1165989
101	U	9006866	1029142	1165990
26	U	9006866	1029143	29490
29	U	9006866	1029143	1161397
147	U	9006866	1029144	1169416
69	U	9006866	1029147	1162633
147	U	9006866	1029160	29507
147	U	9006866	1029160	1169417
101	U	9006866	1029168	348134
101	U	9006866	1029168	1166003
52	U	9006866	1029171	29518
52	U	9006866	1029171	1161720
161	U	9006866	1029177	348188
161	U	9006866	1029177	1170056
161	U	9006866	1029177	1170057
101	U	9006866	1029179	29526
101	U	9006866	1029179	1166006
101	U	9006866	1029179	1166007
101	U	9006866	1029179	1166009
101	U	9006866	1029179	1166010
170	U	9006866	1029183	29530
170	U	9006866	1029183	1170892
80	U	9006866	1029197	29544
80	U	9006866	1029197	1163777
80	U	9006866	1029197	1163778
80	U	9006866	1029197	1163779
80	U	9006866	1029197	1163780
80	U	9006866	1029197	1163781
80	U	9006866	1029197	1163782
80	U	9006866	1029197	1163783
66	U	9006866	1029200	348424
69	U	9006866	1029200	1162652
147	U	9006866	1029203	29550
147	U	9006866	1029203	1169419
123	U	9006866	1029218	29565
123	U	9006866	1029218	1168017
147	U	9006866	1029224	29571
147	U	9006866	1029224	1169420
147	U	9006866	1029224	1169421
147	U	9006866	1029224	1169422
123	U	9006866	1029228	29575
123	U	9006866	1029228	1168022
123	U	9006866	1029228	1168023
141	U	9006866	1029239	29586
141	U	9006866	1029239	1169175
29	U	9006866	1029259	1161398
101	U	9006866	1029261	29608
101	U	9006866	1029261	1166037
123	U	9006866	1029264	29611
123	U	9006866	1029264	1168024
155	U	9006866	1029266	29613
155	U	9006866	1029266	1169751
112	U	9006866	1029277	29624
112	U	9006866	1029277	1167444
112	U	9006866	1029278	1167447
112	U	9006866	1029278	1167448
155	U	9006866	1029280	1169754
126	U	9006866	1029283	29630
126	U	9006866	1029283	1168344
147	U	9006866	1029285	29632
147	U	9006866	1029285	1169433
147	U	9006866	1029286	29633
147	U	9006866	1029286	1169434
102	U	9006866	1029291	1166050
47	U	9006866	1029292	29639
47	U	9006866	1029292	1161632
170	U	9006866	1029297	29644
170	U	9006866	1029297	1170955
155	U	9006866	1029305	1169755
94	U	9006866	1029317	1165059
94	U	9006866	1029317	1165060
69	U	9006866	1029323	29670
69	U	9006866	1029323	1162667
102	U	9006866	1029339	1166068
53	U	9006866	1029341	1161723
170	U	9006866	1029345	1170972
170	U	9006866	1029345	1170973
170	U	9006866	1029345	1170974
53	U	9006866	1029355	29702
53	U	9006866	1029355	1161724
105	U	9006866	1029360	1166638
105	U	9006866	1029360	1166639
105	U	9006866	1029360	1166640
105	U	9006866	1029360	1166641
105	U	9006866	1029360	1166642
155	U	9006866	1029363	1169696
136	U	9006866	1029364	29711
136	U	9006866	1029364	1168894
102	U	9006866	1029366	29713
102	U	9006866	1029366	1166069
102	U	9006866	1029370	1166073
102	U	9006866	1029370	1166074
102	U	9006866	1029372	1166078
101	U	9006866	1029376	1165976
137	U	9006866	1029377	29724
137	U	9006866	1029377	1168974
156	U	9006866	1029381	29728
156	U	9006866	1029381	1169811
43	U	9006866	1029383	29730
43	U	9006866	1029383	1161516
104	U	9006866	1029385	1166444
104	U	9006866	1029385	1166445
81	U	9006866	1029389	29736
81	U	9006866	1029389	1163901
81	U	9006866	1029389	1163902
106	U	9006866	1029390	1166670
106	U	9006866	1029390	1166671
106	U	9006866	1029391	1166686
106	U	9006866	1029391	1166687
106	U	9006866	1029392	1166693
106	U	9006866	1029392	1166694
155	U	9006866	1029404	29751
155	U	9006866	1029404	1169766
69	U	9006866	1029414	1162670
148	U	9006866	1029417	29764
148	U	9006866	1029417	1169446
81	U	9006866	1029422	1163911
81	U	9006866	1029422	1163912
81	U	9006866	1029422	1163913
148	U	9006866	1029429	29776
148	U	9006866	1029429	1169447
155	U	9006866	1029430	1169769
155	U	9006866	1029430	1169770
53	U	9006866	1029432	1161726
81	U	9006866	1029434	1163914
81	U	9006866	1029434	1163915
155	U	9006866	1029437	29784
155	U	9006866	1029437	1169773
43	U	9006866	1029440	1161518
148	U	9006866	1029448	1169450
53	U	9006866	1029451	1161727
148	U	9006866	1029454	29801
148	U	9006866	1029454	1169451
102	U	9006866	1029471	29818
102	U	9006866	1029471	1166121
102	U	9006866	1029471	1166122
81	U	9006866	1029472	29819
81	U	9006866	1029472	1163927
81	U	9006866	1029472	1163928
69	U	9006866	1029473	29820
69	U	9006866	1029473	1162696
53	U	9006866	1029474	1161728
123	U	9006866	1029476	29823
123	U	9006866	1029476	1168059
148	U	9006866	1029481	29828
148	U	9006866	1029481	1169455
102	U	9006866	1029483	1166123
102	U	9006866	1029483	1166124
102	U	9006866	1029483	1166125
148	U	9006866	1029484	1169456
166	U	9006866	1029486	29833
171	U	9006866	1029486	1171081
69	U	9006866	1029489	29836
69	U	9006866	1029489	1162700
123	U	9006866	1029495	1168069
171	U	9006866	1029497	29844
171	U	9006866	1029497	1171082
171	U	9006866	1029497	1171083
171	U	9006866	1029497	1171084
69	U	9006866	1029498	1162703
53	U	9006866	1029515	29862
53	U	9006866	1029515	1161729
60	U	9006866	1029516	29863
60	U	9006866	1029516	1161845
60	U	9006866	1029516	1161846
29	U	9006866	1029525	29872
29	U	9006866	1029525	1161400
29	U	9006866	1029525	1161401
29	U	9006866	1029525	1161402
29	U	9006866	1029525	1161403
152	U	9006866	1029546	29893
152	U	9006866	1029546	1169774
171	U	9006866	1029548	29895
171	U	9006866	1029548	1171095
171	U	9006866	1029548	1171096
171	U	9006866	1029548	1171097
171	U	9006866	1029548	1171098
103	U	9006866	1029553	29900
103	U	9006866	1029553	1166269
104	U	9006866	1029555	1166435
156	U	9006866	1029561	29908
156	U	9006866	1029561	1169844
161	U	9006866	1029568	29915
161	U	9006866	1029568	1170113
47	U	9006866	1029574	1161637
102	U	9006866	1029576	29923
102	U	9006866	1029576	1166147
102	U	9006866	1029576	1166148
137	U	9006866	1029577	29924
137	U	9006866	1029577	1168999
137	U	9006866	1029577	1169000
137	U	9006866	1029577	1169001
137	U	9006866	1029577	1169002
171	U	9006866	1029581	29928
171	U	9006866	1029581	1171099
171	U	9006866	1029581	1171100
171	U	9006866	1029581	1171101
171	U	9006866	1029581	1171102
148	U	9006866	1029582	29929
148	U	9006866	1029582	1169461
148	U	9006866	1029582	1169462
82	U	9006866	1029592	29939
82	U	9006866	1029592	1163971
82	U	9006866	1029592	1163972
148	U	9006866	1029596	1169463
53	U	9006866	1029599	1161733
102	U	9006866	1029605	29952
102	U	9006866	1029605	1166160
102	U	9006866	1029605	1166161
30	U	9006866	1029620	29967
30	U	9006866	1029620	1161405
113	U	9006866	1029626	29973
113	U	9006866	1029626	1167520
171	U	9006866	1029633	29980
171	U	9006866	1029633	1171142
155	U	9006866	1029634	29981
155	U	9006866	1029634	1169779
124	U	9006866	1029644	29991
124	U	9006866	1029644	1168088
102	U	9006866	1029648	29995
102	U	9006866	1029648	1166170
155	U	9006866	1029650	1169786
156	U	9006866	1029650	1169858
161	U	9006866	1029654	30001
	U	2009007034	7018414	327558
	U	2009007034	7018479	327702
	U	2009007034	7018483	327710
	U	2009007034	7018484	327711
	U	2009007034	7018516	327783
	U	2009007034	7018525	327813
	U	2009007034	7016687	327827
	U	2009007034	7000277	327833
	U	2009007034	1001034	327835
	U	2009007034	7016854	327836
	U	2009007034	7018538	327853
	U	2009007034	7018539	327854
	U	2009007034	1135990	330118
	U	2009007034	4012659	334316
	U	2009007034	1000363	335264
	U	2009007034	7018708	346650
	U	2009007034	7018715	346659
	U	2009007034	7018716	346660
	U	2009007034	7018741	347052
	U	2009007034	1001452	360772
	U	2009007034	7000942	360786
	U	2009007034	2078358	397254
	U	2009007034	2120728	397265
	U	2009007034	2058283	397291
	U	2009007034	2018855	397295
	U	2009007034	2121090	397329
	U	2009007034	2015575	397354
	U	2009007034	2080009	397404
	U	2009007034	2047536	397409
	U	2009007034	2059348	397419
	U	2009007034	2039667	397422
	U	2009007034	2015827	397425
	U	2009007034	2067092	397432
	U	2009007034	2020079	397438
	U	2009007034	2020101	397442
	U	2009007034	2047814	397461
	U	2009007034	2047944	397469
	U	2009007034	2004614	397484
	U	2009007034	2113222	397493
	U	2009007034	2065628	397497
	U	2009007034	2052888	397517
	U	2009007034	2091710	397521
	U	2009007034	2092194	397533
	U	2009007034	2092598	397546
	U	2009007034	2107231	397547
	U	2009007034	2066216	397584
	U	2009007034	2093505	397593
	U	2009007034	2093564	397594
	U	2009007034	2021514	397597
	U	2009007034	2107968	397600
	U	2009007034	2000078	397665
	U	2009007034	2683548	1154714
	U	2009007034	7021555	1155040
	U	2009007034	7021559	1155045
	U	2009007034	7021564	1155049
	U	2009007034	7021622	1155075
	U	2009007034	7021674	1155082
	U	2009007034	2001293	1155463
	U	2009007034	2001302	1155470
	U	2009007034	2000283	1155476
	U	2009007034	2001305	1155479
	U	2009007034	2001455	1155480
	U	2009007034	2001306	1155481
	U	2009007034	2001313	1155488
	U	2009007034	2124014	1155501
	U	2009007034	1121984	1157545
	U	2009007034	7024096	1157636
	U	2009007034	7024116	1157708
	U	2009007034	7024122	1157726
	U	2009007034	7024127	1157741
	U	2009007034	7003879	1157776
	U	2009007034	1000635	1157834
	U	2009007034	7024147	1157842
	U	2009007034	7024148	1157844
	U	2009007034	7024151	1157851
	U	2009007034	7024169	1157889
	U	2009007034	7024170	1157891
	U	2009007034	7024193	1157981
	U	2009007034	7024246	1158291
	U	2009007034	7024411	1158699
	U	2009007034	2027624	1158991
	U	2009007034	1014309	1159277
	U	2009007034	7005346	1159306
	U	2009007034	7024607	1159510
	U	2009007034	7024613	1159951
	U	2009007034	7024833	1161852
	U	2009007034	7024918	1161998
	U	2009007034	7001327	1165536
	U	2009007034	7026545	1167141
	U	2009007034	4001021	1168915
	U	2009007034	7027497	1169863
	U	2009007034	7028197	1001171976
	U	2009007034	7029389	1001175291
	U	2009007034	1001116	1241
	U	2009007034	1050900	51457
	U	2009007034	1056437	57005
	U	2009007034	1075502	76277
	U	2009007034	1085377	86240
	U	2009007034	1095791	96731
	U	2009007034	1099991	100957
	U	2009007034	1101186	102189
	U	2009007034	1101390	102393
	U	2009007034	1103539	104558
	U	2009007034	1106382	107441
	U	2009007034	1108729	109823
	U	2009007034	1110346	111489
	U	2009007034	1110396	111541
	U	2009007034	1110894	112041
	U	2009007034	1112041	113210
	U	2009007034	1112134	113303
	U	2009007034	1112137	113306
	U	2009007034	1112163	113333
	U	2009007034	1120755	122063
	U	2009007034	1122720	124090
	U	2009007034	1123563	124970
	U	2009007034	7005273	141165
	U	2009007034	7000772	141170
	U	2009007034	7000773	141171
	U	2009007034	7000780	141190
	U	2009007034	7000738	141197
	U	2009007034	7000761	141211
	U	2009007034	7000752	141213
	U	2009007034	7002178	141226
	U	2009007034	7000688	141230
	U	2009007034	7000085	141261
	U	2009007034	7000100	141287
	U	2009007034	7001626	141320
	U	2009007034	7001629	141331
	U	2009007034	7001641	141369
	U	2009007034	7000117	141370
	U	2009007034	7001631	141468
	U	2009007034	1001418	141543
	U	2009007034	7001652	141552
	U	2009007034	1001230	141565
	U	2009007034	1000932	141576
	U	2009007034	7001668	141603
	U	2009007034	7001632	141705
	U	2009007034	1010016	141713
	U	2009007034	7001690	141728
	U	2009007034	7001724	141814
	U	2009007034	7003722	142270
	U	2009007034	7001603	143051
	U	2009007034	7001726	143091
	U	2009007034	7016572	143110
	U	2009007034	7000190	143249
	U	2009007034	4000818	156749
	U	2009007034	7000227	158467
	U	2009007034	1001124	158473
	U	2009007034	7000724	158538
	U	2009007034	1002066	158590
	U	2009007034	1002076	158593
	U	2009007034	1002054	158594
	U	2009007034	1002059	158598
	U	2009007034	1002064	158600
	U	2009007034	1000975	158714
	U	2009007034	1000991	158719
	U	2009007034	7002024	158819
	U	2009007034	6000000	165319
	U	2009007034	6001066	166385
	U	2009007034	6001965	167284
	U	2009007034	6002103	167422
	U	2009007034	6002114	167433
	U	2009007034	6003082	168401
	U	2009007034	6003789	169108
	U	2009007034	6005516	170835
	U	2009007034	6005901	171220
	U	2009007034	6005973	171292
	U	2009007034	6006477	171796
	U	2009007034	6006503	171822
	U	2009007034	6006731	172050
	U	2009007034	6006743	172062
	U	2009007034	1006554	175114
	U	2009007034	1007850	175116
	U	2009007034	1001504	175147
	U	2009007034	1001539	175151
	U	2009007034	1000820	181342
	U	2009007034	1001558	181431
	U	2009007034	1001198	181432
	U	2009007034	1001564	181438
	U	2009007034	1001529	181447
	U	2009007034	1001181	181448
	U	2009007034	1001251	181460
	U	2009007034	1001063	181463
	U	2009007034	1001566	181465
	U	2009007034	7002163	181598
	U	2009007034	7002167	181610
	U	2009007034	7001727	181744
	U	2009007034	1002115	181782
	U	2009007034	1000684	182032
	U	2009007034	1000687	182050
	U	2009007034	1000780	182080
	U	2009007034	7000793	182100
	U	2009007034	1000915	182133
	U	2009007034	1000918	182137
	U	2009007034	1000923	182138
	U	2009007034	1000938	182140
	U	2009007034	7000864	182250
	U	2009007034	7000871	182254
	U	2009007034	7000923	182339
	U	2009007034	7000927	182348
	U	2009007034	7000938	182371
	U	2009007034	7000940	182375
	U	2009007034	7000948	182396
	U	2009007034	7000952	182404
	U	2009007034	7000957	182414
	U	2009007034	7000970	182440
	U	2009007034	1000454	182495
	U	2009007034	1001125	182542
	U	2009007034	1001126	182543
	U	2009007034	1001282	182561
	U	2009007034	1001051	182563
	U	2009007034	1001333	182571
	U	2009007034	1001408	182575
	U	2009007034	1001513	182585
	U	2009007034	1001511	182589
	U	2009007034	1001574	182591
	U	2009007034	1003428	182712
	U	2009007034	1003429	182713
	U	2009007034	7003002	182717
	U	2009007034	7003248	182718
	U	2009007034	1001651	182730
	U	2009007034	7003155	182737
	U	2009007034	1001730	182761
	U	2009007034	1001732	182763
	U	2009007034	7003171	182787
	U	2009007034	7003154	182788
	U	2009007034	7003158	182790
	U	2009007034	7002996	182791
	U	2009007034	7002847	182847
	U	2009007034	7002850	182861
	U	2009007034	7002808	182863
	U	2009007034	7002820	182865
	U	2009007034	7002824	182875
	U	2009007034	7002827	182883
	U	2009007034	7001165	182887
	U	2009007034	7001304	183120
	U	2009007034	1000486	183383
	U	2009007034	1000502	183384
	U	2009007034	1000745	183411
	U	2009007034	1000764	183412
	U	2009007034	1000799	183421
	U	2009007034	7001456	183494
	U	2009007034	7001457	183496
	U	2009007034	7001624	183653
	U	2009007034	1000859	184092
	U	2009007034	1000886	184094
	U	2009007034	7002360	184424
	U	2009007034	2002213	186889
	U	2009007034	7022202	186899
	U	2009007034	2002486	187162
	U	2009007034	2002638	187314
	U	2009007034	7016133	187704
	U	2009007034	2003082	187758
	U	2009007034	2003413	188089
	U	2009007034	2003668	188344
	U	2009007034	2004113	188789
	U	2009007034	2004207	188883
	U	2009007034	2004215	188891
	U	2009007034	2004438	189114
	U	2009007034	2004615	189291
	U	2009007034	2004642	189318
	U	2009007034	2004791	189467
	U	2009007034	2004848	189524
	U	2009007034	2005045	189721
	U	2009007034	2005231	189907
	U	2009007034	2005430	190106
	U	2009007034	2005472	190148
	U	2009007034	2000461	316755
	U	2009007034	2000463	316757
	U	2009007034	2000471	316765
	U	2009007034	2000475	316769
	U	2009007034	2000485	316779
	U	2009007034	2000493	316787
	U	2009007034	1002134	316790
	U	2009007034	1002221	316794
	U	2009007034	1002253	316796
	U	2009007034	1002268	316797
	U	2009007034	1002277	316798
	U	2009007034	1002504	316811
	U	2009007034	7013855	316818
	U	2009007034	1002622	316824
	U	2009007034	1002655	316830
	U	2009007034	1002677	316831
	U	2009007034	1002866	316839
	U	2009007034	1002874	316840
	U	2009007034	1003035	316848
	U	2009007034	2000496	316849
	U	2009007034	2000503	316856
	U	2009007034	2000516	316869
	U	2009007034	2000518	316871
	U	2009007034	2000527	316880
	U	2009007034	1002282	316903
	U	2009007034	1002376	316911
	U	2009007034	1002396	316914
	U	2009007034	1002439	316916
	U	2009007034	1002561	316930
	U	2009007034	1002661	316937
	U	2009007034	1002886	316951
	U	2009007034	1003004	316961
	U	2009007034	1003021	316963
	U	2009007034	2000545	316970
	U	2009007034	2000562	316987
	U	2009007034	2000576	317001
	U	2009007034	7019178	317005
	U	2009007034	2000582	317007
	U	2009007034	2000585	317010
	U	2009007034	2000593	317018
	U	2009007034	2000600	317025
	U	2009007034	2000617	317042
	U	2009007034	2000621	317046
	U	2009007034	2000629	317054
	U	2009007034	2000630	317055
	U	2009007034	2000638	317063
	U	2009007034	2000642	317067
	U	2009007034	2000648	317073
	U	2009007034	2000657	317082
	U	2009007034	2000668	317093
	U	2009007034	2000674	317099
	U	2009007034	2000678	317103
	U	2009007034	2000696	317121
	U	2009007034	2000699	317124
	U	2009007034	2000701	317126
	U	2009007034	2000703	317128
	U	2009007034	2000730	317155
	U	2009007034	2000756	317181
	U	2009007034	1002169	317191
	U	2009007034	1002192	317193
	U	2009007034	1002458	317205
	U	2009007034	2000768	317224
	U	2009007034	2000771	317227
	U	2009007034	2000774	317230
	U	2009007034	2000781	317237
	U	2009007034	2000783	317239
	U	2009007034	2000827	317283
	U	2009007034	2000829	317285
	U	2009007034	2000830	317286
	U	2009007034	2000832	317288
	U	2009007034	2000835	317291
	U	2009007034	2000843	317299
	U	2009007034	2000867	317323
	U	2009007034	2000868	317324
	U	2009007034	2000870	317326
	U	2009007034	2000871	317327
	U	2009007034	2000880	317336
	U	2009007034	2000881	317337
	U	2009007034	2000890	317346
	U	2009007034	2000900	317356
	U	2009007034	2000904	317360
	U	2009007034	7016102	317399
	U	2009007034	1002488	317400
	U	2009007034	2000939	317414
	U	2009007034	7016106	317415
	U	2009007034	1002359	317420
	U	2009007034	1002665	317424
	U	2009007034	1002243	317435
	U	2009007034	1002502	317439
	U	2009007034	1002503	317440
	U	2009007034	1002603	317446
	U	2009007034	1002700	317449
	U	2009007034	1002737	317450
	U	2009007034	2000943	317459
	U	2009007034	2000975	317491
	U	2009007034	2000981	317497
	U	2009007034	2000988	317504
	U	2009007034	2000996	317512
	U	2009007034	2001005	317521
	U	2009007034	2001008	317524
	U	2009007034	2001016	317532
	U	2009007034	2001018	317534
	U	2009007034	2001023	317539
	U	2009007034	2001066	317582
	U	2009007034	2001068	317584
	U	2009007034	2001070	317586
	U	2009007034	2001071	317587
	U	2009007034	2001096	317612
	U	2009007034	2001097	317613
	U	2009007034	2001098	317614
	U	2009007034	2001100	317616
	U	2009007034	2001107	317623
	U	2009007034	2001122	317638
	U	2009007034	2001137	317653
	U	2009007034	2001138	317654
	U	2009007034	2001144	317660
	U	2009007034	1002384	317689
	U	2009007034	1002402	317690
	U	2009007034	1002517	317691
	U	2009007034	1002817	317703
	U	2009007034	7016167	317706
	U	2009007034	2001186	317727
	U	2009007034	2001190	317731
	U	2009007034	2001197	317738
	U	2009007034	2001198	317739
	U	2009007034	2001213	317754
	U	2009007034	2001220	317761
	U	2009007034	2001221	317762
	U	2009007034	2001223	317764
	U	2009007034	2001225	317766
	U	2009007034	2001230	317771
	U	2009007034	2001258	317799
	U	2009007034	2001262	317802
	U	2009007034	2001276	317816
	U	2009007034	2001314	317854
	U	2009007034	2001319	317859
	U	2009007034	2001323	317863
	U	2009007034	2001333	317873
	U	2009007034	2001335	317875
	U	2009007034	2001345	317885
	U	2009007034	2001350	317890
	U	2009007034	2001356	317896
	U	2009007034	2001367	317907
	U	2009007034	2001375	317915
	U	2009007034	2001394	317934
	U	2009007034	2001403	317943
	U	2009007034	2001415	317960
	U	2009007034	7019618	317966
	U	2009007034	2001424	317972
	U	2009007034	2001426	317974
	U	2009007034	1002215	317978
	U	2009007034	1002489	317984
	U	2009007034	1002493	317985
	U	2009007034	1002666	317987
	U	2009007034	2001442	318011
	U	2009007034	2001454	318023
	U	2009007034	1002141	318031
	U	2009007034	1002302	318041
	U	2009007034	1002356	318044
	U	2009007034	1002593	318053
	U	2009007034	1002746	318062
	U	2009007034	1002924	318080
	U	2009007034	1002950	318083
	U	2009007034	2001461	318091
	U	2009007034	2001562	318098
	U	2009007034	2001583	318119
	U	2009007034	2001584	318120
	U	2009007034	2001586	318122
	U	2009007034	2001592	318128
	U	2009007034	1002210	318152
	U	2009007034	1002482	318179
	U	2009007034	1002556	318182
	U	2009007034	1002658	318192
	U	2009007034	1003025	318218
	U	2009007034	2001614	318225
	U	2009007034	2001616	318227
	U	2009007034	2001618	318229
	U	2009007034	2001633	318244
	U	2009007034	2001640	318251
	U	2009007034	2001642	318253
	U	2009007034	2001644	318255
	U	2009007034	2001649	318260
	U	2009007034	2001657	318268
	U	2009007034	2001663	318274
	U	2009007034	2001674	318285
	U	2009007034	2001680	318291
	U	2009007034	2001699	318310
	U	2009007034	1002276	318312
	U	2009007034	1002293	318313
	U	2009007034	2001702	318325
	U	2009007034	2001706	318329
	U	2009007034	2001710	318333
	U	2009007034	2001465	318355
	U	2009007034	2001467	318357
	U	2009007034	2001475	318365
	U	2009007034	7013557	318368
	U	2009007034	2001480	318370
	U	2009007034	2001494	318384
	U	2009007034	2001504	318394
	U	2009007034	2001509	318399
	U	2009007034	2001511	318401
	U	2009007034	2001525	318415
	U	2009007034	2001528	318418
	U	2009007034	2001534	318424
	U	2009007034	2001537	318427
	U	2009007034	2001553	318443
	U	2009007034	1002213	318455
	U	2009007034	1002225	318457
	U	2009007034	1002387	318474
	U	2009007034	1002501	318477
	U	2009007034	1002520	318478
	U	2009007034	7013867	318481
	U	2009007034	2001724	318514
	U	2009007034	1002808	318518
	U	2009007034	2001732	318527
	U	2009007034	2001739	318534
	U	2009007034	2001740	318535
	U	2009007034	2001754	318549
	U	2009007034	2001757	318552
	U	2009007034	2001805	318600
	U	2009007034	2001810	318605
	U	2009007034	2001822	318617
	U	2009007034	2001823	318618
	U	2009007034	2001834	318629
	U	2009007034	2001849	318644
	U	2009007034	2001872	318667
	U	2009007034	2001874	318669
	U	2009007034	2001876	318671
	U	2009007034	2001879	318674
	U	2009007034	2001899	318694
	U	2009007034	2001908	318703
	U	2009007034	2001912	318707
	U	2009007034	2001916	318711
	U	2009007034	2001928	318723
	U	2009007034	1002149	318728
	U	2009007034	1002244	318738
	U	2009007034	1002290	318741
	U	2009007034	1002355	318747
	U	2009007034	1002401	318753
	U	2009007034	1002413	318754
	U	2009007034	1002431	318758
	U	2009007034	1002595	318776
	U	2009007034	1002816	318790
	U	2009007034	1002839	318793
	U	2009007034	1002959	318801
	U	2009007034	7013313	318813
	U	2009007034	2001941	318821
	U	2009007034	2001946	318826
	U	2009007034	2001953	318833
	U	2009007034	2001967	318847
	U	2009007034	2001969	318849
	U	2009007034	2001970	318850
	U	2009007034	2001973	318853
	U	2009007034	2001986	318866
	U	2009007034	2001996	318876
	U	2009007034	2002010	318890
	U	2009007034	2002023	318903
	U	2009007034	2002033	318913
	U	2009007034	2002040	318920
	U	2009007034	2002044	318924
	U	2009007034	2002070	318950
	U	2009007034	2002077	318957
	U	2009007034	2002087	318967
	U	2009007034	2002092	318972
	U	2009007034	2002101	318981
	U	2009007034	2002116	318996
	U	2009007034	2002126	319006
	U	2009007034	1002389	319012
	U	2009007034	1002415	319013
	U	2009007034	2095123	279799
	U	2009007034	2095602	280278
	U	2009007034	2095808	280484
	U	2009007034	2095876	280552
	U	2009007034	2095901	280577
	U	2009007034	2095945	280621
	U	2009007034	2095957	280633
	U	2009007034	2096885	281561
	U	2009007034	2097796	282472
	U	2009007034	2099009	283685
	U	2009007034	2099083	283759
	U	2009007034	2099102	283778
	U	2009007034	2099235	283911
	U	2009007034	2099368	284044
	U	2009007034	2099774	284450
	U	2009007034	2099866	284542
	U	2009007034	2100146	284822
	U	2009007034	2100303	284979
	U	2009007034	2100733	285409
	U	2009007034	2100867	285543
	U	2009007034	2100980	285656
	U	2009007034	2101524	286200
	U	2009007034	2101704	286380
	U	2009007034	2102484	287160
	U	2009007034	2102743	287419
	U	2009007034	2103340	288016
	U	2009007034	2104270	288946
	U	2009007034	2104341	289017
	U	2009007034	2104531	289207
	U	2009007034	2104611	289287
	U	2009007034	2104760	289436
	U	2009007034	2105259	289935
	U	2009007034	2105455	290131
	U	2009007034	2105772	290448
	U	2009007034	2105795	290471
	U	2009007034	2105815	290491
	U	2009007034	2106803	291479
	U	2009007034	2107366	292042
	U	2009007034	2107480	292156
	U	2009007034	2107579	292255
	U	2009007034	2107637	292313
	U	2009007034	2107877	292553
	U	2009007034	2107902	292578
	U	2009007034	2107978	292654
	U	2009007034	2107999	292675
	U	2009007034	2108022	292698
	U	2009007034	2108253	292929
	U	2009007034	2108382	293058
	U	2009007034	2108515	293191
	U	2009007034	2108775	293451
	U	2009007034	2109131	293807
	U	2009007034	2109221	293897
	U	2009007034	2110128	294804
	U	2009007034	2110588	295264
	U	2009007034	2110606	295282
	U	2009007034	2110664	295340
	U	2009007034	2110786	295462
	U	2009007034	2110847	295523
	U	2009007034	2110850	295526
	U	2009007034	2110874	295550
	U	2009007034	2111087	295763
	U	2009007034	2111186	295862
	U	2009007034	2111282	295958
	U	2009007034	2111458	296134
	U	2009007034	2111633	296309
	U	2009007034	2111871	296547
	U	2009007034	2112090	296766
	U	2009007034	2112240	296916
	U	2009007034	2112874	297550
	U	2009007034	2113095	297771
	U	2009007034	2113653	298329
	U	2009007034	2113665	298341
	U	2009007034	2113810	298486
	U	2009007034	2114074	298750
	U	2009007034	2114377	299053
	U	2009007034	2114437	299113
	U	2009007034	2114940	299616
	U	2009007034	2115067	299743
	U	2009007034	2115165	299841
	U	2009007034	2115417	300093
	U	2009007034	2115513	300189
	U	2009007034	2115526	300202
	U	2009007034	2116068	300744
	U	2009007034	2116101	300777
	U	2009007034	2116418	301094
	U	2009007034	2116563	301239
	U	2009007034	2116583	301259
	U	2009007034	2116914	301590
	U	2009007034	2116973	301649
	U	2009007034	2117339	302015
	U	2009007034	2117725	302401
	U	2009007034	2117771	302447
	U	2009007034	2118251	302927
	U	2009007034	2118311	302987
	U	2009007034	2118674	303350
	U	2009007034	2118692	303368
	U	2009007034	2119145	303821
	U	2009007034	2119568	304244
	U	2009007034	2119615	304291
	U	2009007034	2120147	304823
	U	2009007034	2120437	305113
	U	2009007034	2120729	305405
	U	2009007034	2120813	305489
	U	2009007034	2121267	305943
	U	2009007034	2121390	306066
	U	2009007034	2121692	306368
	U	2009007034	2122387	307063
	U	2009007034	2122419	307095
	U	2009007034	2122653	307329
	U	2009007034	2122669	307345
	U	2009007034	2123242	307918
	U	2009007034	7002785	312388
	U	2009007034	7002863	312420
	U	2009007034	7018159	312446
	U	2009007034	7003455	312524
	U	2009007034	7003466	312529
	U	2009007034	7003533	312557
	U	2009007034	7003764	312661
	U	2009007034	7003827	312784
	U	2009007034	1000854	312789
	U	2009007034	7003830	312792
	U	2009007034	7003918	312871
	U	2009007034	7003952	312884
	U	2009007034	7004052	312925
	U	2009007034	7004293	312986
	U	2009007034	7004350	313101
	U	2009007034	7004360	313138
	U	2009007034	7004370	313182
	U	2009007034	7004380	313203
	U	2009007034	7000846	313213
	U	2009007034	7004586	313301
	U	2009007034	7004587	313302
	U	2009007034	7000832	313332
	U	2009007034	1001395	313344
	U	2009007034	7001048	313404
	U	2009007034	7001063	313411
	U	2009007034	7005193	313561
	U	2009007034	7005195	313565
	U	2009007034	7005224	313602
	U	2009007034	7005333	313759
	U	2009007034	7005391	313814
	U	2009007034	7005455	313892
	U	2009007034	7005459	313896
	U	2009007034	7005485	313929
	U	2009007034	7005524	313984
	U	2009007034	1009417	313987
	U	2009007034	1000776	313997
	U	2009007034	7005578	314041
	U	2009007034	7005587	314045
	U	2009007034	7005598	314051
	U	2009007034	1000818	314071
	U	2009007034	1000723	314142
	U	2009007034	1002072	314250
	U	2009007034	7002645	314268
	U	2009007034	1000638	314290
	U	2009007034	1000547	314291
	U	2009007034	1000566	314439
	U	2009007034	1001450	314612
	U	2009007034	7018760	314647
	U	2009007034	7006441	314769
	U	2009007034	7006445	314778
	U	2009007034	7006448	314784
	U	2009007034	7006494	314888
	U	2009007034	7006504	314908
	U	2009007034	7006563	314972
	U	2009007034	7006570	314984
	U	2009007034	1000765	314995
	U	2009007034	7006597	315008
	U	2009007034	7006598	315010
	U	2009007034	7006610	315034
	U	2009007034	1000785	315068
	U	2009007034	7006645	315094
	U	2009007034	1008067	315198
	U	2009007034	7008297	315546
	U	2009007034	7008514	315627
	U	2009007034	4003800	315719
	U	2009007034	7009100	315789
	U	2009007034	1000349	315803
	U	2009007034	1000353	315806
	U	2009007034	1000421	315814
	U	2009007034	7002700	315818
	U	2009007034	4011876	316139
	U	2009007034	7002813	316178
	U	2009007034	7002817	316190
	U	2009007034	2000015	316229
	U	2009007034	2000043	316257
	U	2009007034	2000050	316264
	U	2009007034	2000051	316265
	U	2009007034	2000057	316271
	U	2009007034	2000059	316273
	U	2009007034	2000065	316279
	U	2009007034	2000085	316287
	U	2009007034	2000087	316289
	U	2009007034	2000100	316302
	U	2009007034	2000103	316305
	U	2009007034	2000104	316306
	U	2009007034	2000110	316312
	U	2009007034	2000124	316326
	U	2009007034	2000157	316359
	U	2009007034	2000161	316363
	U	2009007034	2000163	316365
	U	2009007034	1002145	316383
	U	2009007034	1002146	316384
	U	2009007034	1002219	316386
	U	2009007034	1002566	316394
	U	2009007034	1002710	316403
	U	2009007034	1002791	316405
	U	2009007034	1002841	316407
	U	2009007034	1002856	316408
	U	2009007034	1002861	316412
	U	2009007034	2000192	316440
	U	2009007034	2000194	316442
	U	2009007034	2000203	316451
	U	2009007034	2000205	316453
	U	2009007034	2000219	316467
	U	2009007034	2000223	316471
	U	2009007034	2000238	316486
	U	2009007034	2000249	316497
	U	2009007034	1002314	316519
	U	2009007034	1002676	316533
	U	2009007034	1002743	316534
	U	2009007034	1002749	316535
	U	2009007034	1002793	316540
	U	2009007034	7016124	316541
	U	2009007034	1002881	316543
	U	2009007034	1002977	316545
	U	2009007034	2000260	316550
	U	2009007034	2000261	316551
	U	2009007034	2000262	316552
	U	2009007034	2000268	316558
	U	2009007034	2000273	316563
	U	2009007034	2000278	316568
	U	2009007034	2000289	316579
	U	2009007034	2000291	316581
	U	2009007034	2000297	316587
	U	2009007034	2000298	316588
	U	2009007034	2000301	316591
	U	2009007034	2000327	316617
	U	2009007034	2000342	316632
	U	2009007034	2000347	316637
	U	2009007034	2000348	316638
	U	2009007034	2000355	316645
	U	2009007034	2000363	316653
	U	2009007034	2000364	316654
	U	2009007034	2000391	316681
	U	2009007034	2000402	316692
	U	2009007034	2000404	316694
	U	2009007034	2000423	316713
	U	2009007034	7014371	316717
	U	2009007034	2000434	316724
	U	2009007034	2000435	316725
	U	2009007034	2000437	316727
	U	2009007034	2000447	316737
	U	2009007034	2000449	316739
	U	2009007034	2000450	316740
	U	2009007034	2000457	316751
	U	2009007034	2000458	316752
	U	2009007034	2000466	316760
	U	2009007034	2000467	316761
	U	2009007034	2000469	316763
	U	2009007034	2000488	316782
	U	2009007034	7013649	316800
	U	2009007034	1002369	316805
	U	2009007034	1002377	316806
	U	2009007034	1002395	316807
	U	2009007034	1002446	316810
	U	2009007034	1002632	316825
	U	2009007034	1002786	316837
	U	2009007034	2000499	316852
80	U	9006866	7025513	1163645
80	U	9006866	7025513	1163646
80	U	9006866	7025514	1163650
80	U	9006866	7025514	1163651
80	U	9006866	7025514	1163652
80	U	9006866	7025515	1163655
80	U	9006866	7025515	1163656
80	U	9006866	7025515	1163657
80	U	9006866	7025515	1163658
80	U	9006866	7025515	1163659
80	U	9006866	7025516	1163662
80	U	9006866	7025516	1163663
80	U	9006866	7025516	1163664
80	U	9006866	7025517	1163665
80	U	9006866	7025517	1163666
80	U	9006866	7025517	1163667
80	U	9006866	7025518	1163668
80	U	9006866	7025518	1163669
80	U	9006866	7025518	1163670
80	U	9006866	7025524	1163685
80	U	9006866	7025524	1163686
80	U	9006866	7025524	1163687
80	U	9006866	7025525	1163688
80	U	9006866	7025525	1163689
80	U	9006866	7025525	1163690
80	U	9006866	7025526	1163691
80	U	9006866	7025526	1163692
80	U	9006866	7025526	1163693
80	U	9006866	7025527	1163694
80	U	9006866	7025527	1163695
80	U	9006866	7025527	1163696
80	U	9006866	7025528	1163697
80	U	9006866	7025528	1163698
80	U	9006866	7025528	1163699
80	U	9006866	7025529	1163700
80	U	9006866	7025529	1163701
80	U	9006866	7025529	1163702
80	U	9006866	7025530	1163703
80	U	9006866	7025530	1163704
80	U	9006866	7025530	1163705
80	U	9006866	7025531	1163710
80	U	9006866	7025531	1163711
80	U	9006866	7025531	1163712
80	U	9006866	7025532	1163713
80	U	9006866	7025532	1163714
80	U	9006866	7025532	1163715
80	U	9006866	7025533	1163716
80	U	9006866	7025533	1163717
80	U	9006866	7025533	1163718
80	U	9006866	7025533	1163720
80	U	9006866	7025534	1163721
80	U	9006866	7025534	1163722
80	U	9006866	7025534	1163723
80	U	9006866	7025535	1163724
80	U	9006866	7025535	1163725
80	U	9006866	7025535	1163726
80	U	9006866	7025536	1163727
80	U	9006866	7025536	1163728
80	U	9006866	7025536	1163729
80	U	9006866	7025537	1163730
80	U	9006866	7025537	1163731
80	U	9006866	7025537	1163732
80	U	9006866	7025538	1163733
80	U	9006866	7025538	1163734
80	U	9006866	7025538	1163735
80	U	9006866	7025539	1163738
80	U	9006866	7025539	1163739
80	U	9006866	7025539	1163740
80	U	9006866	7025540	1163741
80	U	9006866	7025540	1163742
80	U	9006866	7025540	1163743
80	U	9006866	7025541	1163744
80	U	9006866	7025541	1163745
80	U	9006866	7025541	1163746
80	U	9006866	7025542	1163747
80	U	9006866	7025542	1163748
80	U	9006866	7025543	1163750
80	U	9006866	7025543	1163751
80	U	9006866	7025543	1163752
80	U	9006866	7025543	1163753
80	U	9006866	7025544	1163754
80	U	9006866	7025544	1163755
80	U	9006866	7025544	1163756
80	U	9006866	7025545	1163757
80	U	9006866	7025545	1163758
80	U	9006866	7025545	1163759
80	U	9006866	7025546	1163760
80	U	9006866	7025546	1163761
80	U	9006866	7025546	1163762
80	U	9006866	7025547	1163763
80	U	9006866	7025547	1163764
80	U	9006866	7025547	1163765
80	U	9006866	7025548	1163766
80	U	9006866	7025548	1163767
80	U	9006866	7025548	1163768
80	U	9006866	7025548	1163769
80	U	9006866	7025549	1163770
80	U	9006866	7025549	1163771
80	U	9006866	7025549	1163772
80	U	9006866	7025549	1163773
80	U	9006866	7025550	1163784
80	U	9006866	7025550	1163785
80	U	9006866	7025551	1163787
80	U	9006866	7025551	1163788
80	U	9006866	7025551	1163789
80	U	9006866	7025551	1163790
80	U	9006866	7025551	1163791
80	U	9006866	7025552	1163792
80	U	9006866	7025552	1163793
80	U	9006866	7025552	1163794
80	U	9006866	7025553	1163795
80	U	9006866	7025553	1163796
80	U	9006866	7025553	1163797
81	U	9006866	7025554	1163798
81	U	9006866	7025554	1163799
81	U	9006866	7025554	1163800
81	U	9006866	7025562	1163862
81	U	9006866	7025562	1163863
81	U	9006866	7025562	1163864
81	U	9006866	7025563	1163865
81	U	9006866	7025563	1163866
81	U	9006866	7025564	1163868
81	U	9006866	7025564	1163869
81	U	9006866	7025564	1163870
81	U	9006866	7025567	1163872
81	U	9006866	7025567	1163873
81	U	9006866	7025567	1163874
81	U	9006866	7025568	1163875
81	U	9006866	7025568	1163876
81	U	9006866	7025569	1163878
81	U	9006866	7025569	1163879
81	U	9006866	7025569	1163880
81	U	9006866	7025569	1163881
81	U	9006866	7025569	1163882
81	U	9006866	7025570	1163883
81	U	9006866	7025570	1163884
81	U	9006866	7025570	1163885
81	U	9006866	7025570	1163886
81	U	9006866	7025571	1163887
81	U	9006866	7025571	1163888
81	U	9006866	7025571	1163889
81	U	9006866	7025572	1163890
81	U	9006866	7025572	1163891
81	U	9006866	7025572	1163892
81	U	9006866	7025574	1163895
81	U	9006866	7025574	1163896
81	U	9006866	7025574	1163897
81	U	9006866	7025575	1163898
81	U	9006866	7025575	1163899
81	U	9006866	7025575	1163900
81	U	9006866	7025576	1163903
81	U	9006866	7025576	1163904
81	U	9006866	7025576	1163905
81	U	9006866	7025577	1163906
81	U	9006866	7025577	1163907
81	U	9006866	7025577	1163908
81	U	9006866	7025577	1163909
81	U	9006866	7025577	1163910
81	U	9006866	7025578	1163916
81	U	9006866	7025578	1163917
81	U	9006866	7025578	1163918
81	U	9006866	7025579	1163919
81	U	9006866	7025579	1163920
81	U	9006866	7025579	1163921
81	U	9006866	7025580	1163922
81	U	9006866	7025580	1163923
81	U	9006866	7025580	1163924
81	U	9006866	7025581	1163929
81	U	9006866	7025581	1163930
81	U	9006866	7025581	1163931
81	U	9006866	7025582	1163932
81	U	9006866	7025582	1163933
81	U	9006866	7025582	1163934
81	U	9006866	7025583	1163935
81	U	9006866	7025583	1163936
81	U	9006866	7025584	1163938
81	U	9006866	7025584	1163939
81	U	9006866	7025585	1163941
81	U	9006866	7025585	1163942
81	U	9006866	7025585	1163943
81	U	9006866	7025586	1163944
81	U	9006866	7025586	1163945
81	U	9006866	7025586	1163946
82	U	9006866	7025587	1163947
82	U	9006866	7025587	1163948
82	U	9006866	7025587	1163949
82	U	9006866	7025588	1163950
82	U	9006866	7025588	1163951
82	U	9006866	7025588	1163952
82	U	9006866	7025589	1163953
82	U	9006866	7025589	1163954
82	U	9006866	7025589	1163955
82	U	9006866	7025590	1163956
82	U	9006866	7025590	1163957
82	U	9006866	7025590	1163958
82	U	9006866	7025591	1163959
82	U	9006866	7025591	1163960
82	U	9006866	7025591	1163961
82	U	9006866	7025592	1163962
82	U	9006866	7025592	1163963
82	U	9006866	7025592	1163964
82	U	9006866	7025593	1163965
82	U	9006866	7025593	1163966
82	U	9006866	7025593	1163967
82	U	9006866	7025594	1163968
82	U	9006866	7025594	1163969
82	U	9006866	7025594	1163970
82	U	9006866	7025595	1163973
82	U	9006866	7025595	1163974
82	U	9006866	7025595	1163975
82	U	9006866	7025596	1163978
82	U	9006866	7025596	1163979
82	U	9006866	7025596	1163980
82	U	9006866	7025596	1163981
82	U	9006866	7025596	1163982
82	U	9006866	7025597	1163983
82	U	9006866	7025597	1163984
82	U	9006866	7025597	1163985
82	U	9006866	7025597	1163986
82	U	9006866	7025597	1163987
82	U	9006866	7025598	1163988
82	U	9006866	7025598	1163989
82	U	9006866	7025599	1163991
82	U	9006866	7025599	1163992
82	U	9006866	7025599	1163993
82	U	9006866	7025600	1163994
82	U	9006866	7025600	1163995
82	U	9006866	7025600	1163996
82	U	9006866	7025600	1163997
82	U	9006866	7025600	1163998
82	U	9006866	7025601	1163999
82	U	9006866	7025601	1164000
82	U	9006866	7025602	1164002
82	U	9006866	7025602	1164003
82	U	9006866	7025602	1164004
82	U	9006866	7025603	1164007
82	U	9006866	7025603	1164008
82	U	9006866	7025603	1164009
82	U	9006866	7025604	1164010
82	U	9006866	7025604	1164011
82	U	9006866	7025604	1164012
82	U	9006866	7025605	1164013
82	U	9006866	7025605	1164014
82	U	9006866	7025605	1164015
82	U	9006866	7025606	1164016
82	U	9006866	7025606	1164017
82	U	9006866	7025607	1164019
82	U	9006866	7025607	1164020
82	U	9006866	7025607	1164021
82	U	9006866	7025608	1164022
55	U	9006866	1064666	1161799
55	U	9006866	1064754	65336
55	U	9006866	1064754	1161800
55	U	9006866	1064798	65380
55	U	9006866	1064798	1161801
155	U	9006866	1100461	101442
137	U	9006866	1100576	101563
53	U	9006866	1100601	101591
118	U	9006866	1103482	104501
55	U	9006866	1104840	105878
69	U	9006866	1105226	106270
69	U	9006866	1105226	1162742
53	U	9006866	1118390	1161746
155	U	9006866	1136662	176773
155	U	9006866	1136662	1169699
168	U	9006866	1136664	347800
168	U	9006866	1136664	1170603
111	U	9006866	1136665	1167187
100	U	9006866	1136672	176783
100	U	9006866	1136672	1165781
169	U	9006866	1136674	176785
169	U	9006866	1136674	1170687
169	U	9006866	1136674	1170688
155	U	9006866	1136675	176786
155	U	9006866	1136675	1169709
52	U	9006866	1136678	1161707
47	U	9006866	1136691	347218
47	U	9006866	1136691	1161625
102	U	9006866	1136706	176817
102	U	9006866	1136706	1166113
102	U	9006866	1136706	1166114
155	U	9006866	1136707	176818
155	U	9006866	1136707	1169771
155	U	9006866	1136707	1169772
36	U	9006866	1136713	1166893
36	U	9006866	1136713	1166894
53	U	9006866	1136715	176826
53	U	9006866	1136715	1161735
48	U	9006866	1136720	1161641
53	U	9006866	1136724	1161745
148	U	9006866	1136729	176840
148	U	9006866	1136729	1169515
148	U	9006866	1136729	1169516
103	U	9006866	1136730	176841
103	U	9006866	1136730	1166377
70	U	9006866	1136739	176850
70	U	9006866	1136739	1162883
115	U	9006866	1136752	344712
115	U	9006866	1136752	1167730
156	U	9006866	1136757	345738
156	U	9006866	1136757	1169879
125	U	9006866	1136758	1168274
54	U	9006866	1136759	346773
54	U	9006866	1136759	1161780
156	U	9006866	1136763	347313
156	U	9006866	1136763	1169892
44	U	9006866	1136769	347888
44	U	9006866	1136769	1161545
79	U	9006866	3000864	142926
79	U	9006866	3000864	1163615
42	U	9006866	4000397	1161498
42	U	9006866	4000397	1161499
146	U	9006866	4000524	1169320
100	U	9006866	4000879	144269
100	U	9006866	4000879	1165513
100	U	9006866	4000879	1165514
76	U	9006866	4000883	1163148
76	U	9006866	4000883	1163149
136	U	9006866	4001020	144414
136	U	9006866	4001020	1168911
136	U	9006866	4001020	1168912
136	U	9006866	4001021	144415
136	U	9006866	4001021	1168914
136	U	9006866	4001021	1168916
111	U	9006866	4001110	1167164
68	U	9006866	4001167	1162510
118	U	9006866	4001258	144653
118	U	9006866	4001258	1167889
111	U	9006866	4001278	144673
51	U	9006866	4001278	1167173
100	U	9006866	4001352	1165724
100	U	9006866	4001352	1165725
55	U	9006866	4001477	1161792
55	U	9006866	4001477	1161793
111	U	9006866	4001499	144896
111	U	9006866	4001499	1167182
77	U	9006866	4001500	144897
77	U	9006866	4001500	1163264
77	U	9006866	4001500	1163265
122	U	9006866	4001535	144932
122	U	9006866	4001535	1167899
42	U	9006866	4001602	1161505
146	U	9006866	4001676	145074
146	U	9006866	4001676	1169353
129	U	9006866	4001711	145109
129	U	9006866	4001711	1168418
100	U	9006866	4001772	1165768
100	U	9006866	4001772	1165769
100	U	9006866	4001772	1165770
35	U	9006866	4001792	1161427
77	U	9006866	4001806	145204
77	U	9006866	4001806	1163342
77	U	9006866	4001806	1163343
77	U	9006866	4001806	1163344
77	U	9006866	4001806	1163345
77	U	9006866	4001806	1163346
122	U	9006866	4001809	1167919
122	U	9006866	4001831	145230
122	U	9006866	4001831	1167924
35	U	9006866	4001957	1161428
35	U	9006866	4001957	1161429
35	U	9006866	4001991	145391
35	U	9006866	4001991	1161430
35	U	9006866	4001991	1161431
169	U	9006866	4002017	145418
169	U	9006866	4002017	1170712
78	U	9006866	4002066	1163463
78	U	9006866	4002066	1163464
115	U	9006866	4002079	145480
115	U	9006866	4002079	1167847
140	U	9006866	4002097	145498
29	U	9006866	4002233	145635
29	U	9006866	4002233	1161394
155	U	9006866	4002283	145685
155	U	9006866	4002283	1169715
122	U	9006866	4002506	145908
122	U	9006866	4002506	1167937
146	U	9006866	4002555	1169379
101	U	9006866	4002613	146015
101	U	9006866	4002613	1165815
47	U	9006866	4002629	146033
47	U	9006866	4002629	1161622
52	U	9006866	4002646	325651
52	U	9006866	4002646	1161712
79	U	9006866	4002707	146111
79	U	9006866	4002707	1163557
79	U	9006866	4002707	1163558
79	U	9006866	4002744	146148
79	U	9006866	4002744	1163577
79	U	9006866	4002744	1163578
141	U	9006866	4002875	146281
141	U	9006866	4002875	1169158
93	U	9006866	4003007	146413
93	U	9006866	4003007	1165005
93	U	9006866	4003007	1165006
59	U	9006866	4003010	1161841
59	U	9006866	4003010	1161842
130	U	9006866	4003034	146440
130	U	9006866	4003034	1168480
123	U	9006866	4003041	146447
123	U	9006866	4003041	1167959
80	U	9006866	4003172	146581
80	U	9006866	4003172	1163681
80	U	9006866	4003172	1163682
101	U	9006866	4003203	146612
98	U	9006866	4003203	1165968
108	U	9006866	4003208	146617
112	U	9006866	4003208	1167376
112	U	9006866	4003274	1167379
36	U	9006866	4003350	146761
36	U	9006866	4003350	1161434
130	U	9006866	4003382	146793
130	U	9006866	4003382	1168495
123	U	9006866	4003403	146814
230	U	9006866	4003403	1167975
47	U	9006866	4003408	1161626
112	U	9006866	4003450	1167394
112	U	9006866	4003450	1167395
47	U	9006866	4003468	146879
47	U	9006866	4003468	1161627
47	U	9006866	4003468	1161628
112	U	9006866	4003473	1167406
36	U	9006866	4003487	146898
36	U	9006866	4003487	1166849
36	U	9006866	4003487	1166850
94	U	9006866	4003488	146899
94	U	9006866	4003488	1165148
94	U	9006866	4003488	1165149
170	U	9006866	4003519	1170879
170	U	9006866	4003519	1170880
69	U	9006866	4003521	146933
69	U	9006866	4003521	1162636
36	U	9006866	4003646	147060
36	U	9006866	4003646	1161436
36	U	9006866	4003646	1161437
36	U	9006866	4003836	1161438
43	U	9006866	4003852	147268
43	U	9006866	4003852	1161513
47	U	9006866	4004025	147442
47	U	9006866	4004025	1161630
47	U	9006866	4004025	1161631
123	U	9006866	4004026	1168025
36	U	9006866	4004108	147526
36	U	9006866	4004108	1166868
112	U	9006866	4004114	147532
112	U	9006866	4004114	1167451
141	U	9006866	4004488	147907
100	U	9006866	4004531	147950
100	U	9006866	4004531	1165521
100	U	9006866	4004531	1165522
100	U	9006866	4004531	1165523
102	U	9006866	4004536	147955
102	U	9006866	4004536	1166079
141	U	9006866	4004539	147958
141	U	9006866	4004539	1169182
141	U	9006866	4004539	1169183
141	U	9006866	4004539	1169184
43	U	9006866	4004541	1161515
137	U	9006866	4004543	147962
137	U	9006866	4004543	1168979
141	U	9006866	4004544	1169247
141	U	9006866	4004544	1169248
102	U	9006866	4004564	147984
102	U	9006866	4004564	1166097
102	U	9006866	4004564	1166098
102	U	9006866	4004728	1166099
113	U	9006866	4004737	148160
113	U	9006866	4004737	1167469
141	U	9006866	4004772	1169203
123	U	9006866	4004797	148221
123	U	9006866	4004797	1168048
47	U	9006866	4004813	1161635
137	U	9006866	4004814	1168984
137	U	9006866	4004814	1168985
171	U	9006866	4004819	148243
171	U	9006866	4004819	1171067
29	U	9006866	4004828	148252
29	U	9006866	4004828	1161399
47	U	9006866	4004829	148253
47	U	9006866	4004829	1161636
102	U	9006866	4004850	1166119
97	U	9006866	4004850	1166120
113	U	9006866	4004851	148275
113	U	9006866	4004851	1167488
113	U	9006866	4004851	1167489
123	U	9006866	4004889	1168070
113	U	9006866	4005011	148435
113	U	9006866	4005011	1167503
113	U	9006866	4005011	1167504
29	U	9006866	4005019	1161404
123	U	9006866	4005020	148444
123	U	9006866	4005020	1168071
113	U	9006866	4005026	148450
113	U	9006866	4005026	1167507
141	U	9006866	4005101	148525
141	U	9006866	4005101	1169210
69	U	9006866	4005117	148541
47	U	9006866	4005143	148567
30	U	9006866	7024770	1161462
30	U	9006866	7024770	1161463
30	U	9006866	7024771	1161464
30	U	9006866	7024771	1161465
30	U	9006866	7024772	1161467
30	U	9006866	7024772	1161468
30	U	9006866	7024773	1161469
30	U	9006866	7024773	1161470
30	U	9006866	7024774	1161471
30	U	9006866	7024774	1161472
37	U	9006866	7024775	1161473
37	U	9006866	7024775	1161474
28	U	9006866	7024776	1161475
30	U	9006866	7024776	1161476
30	U	9006866	7024776	1161477
30	U	9006866	7024776	1161478
30	U	9006866	7024776	1161479
30	U	9006866	7024777	1161480
30	U	9006866	7024777	1161481
30	U	9006866	7024777	1161482
35	U	9006866	7024778	1161483
35	U	9006866	7024778	1161484
35	U	9006866	7024778	1161485
36	U	9006866	7024779	1161486
36	U	9006866	7024779	1161487
36	U	9006866	7024780	1161489
36	U	9006866	7024781	1161490
36	U	9006866	7024781	1161491
37	U	9006866	7024782	1161492
37	U	9006866	7024782	1161493
37	U	9006866	7024783	1161494
37	U	9006866	7024783	1161495
37	U	9006866	7024784	1161497
42	U	9006866	7024785	1161551
42	U	9006866	7024786	1161552
42	U	9006866	7024786	1161553
44	U	9006866	7024787	1161555
42	U	9006866	7024788	1161558
43	U	9006866	7024790	1161561
43	U	9006866	7024790	1161562
43	U	9006866	7024791	1161564
43	U	9006866	7024791	1161565
43	U	9006866	7024792	1161567
44	U	9006866	7024793	1161569
44	U	9006866	7024794	1161570
44	U	9006866	7024794	1161571
44	U	9006866	7024795	1161572
44	U	9006866	7024795	1161573
44	U	9006866	7024796	1161574
44	U	9006866	7024796	1161575
42	U	9006866	7024797	1161577
42	U	9006866	7024798	1161579
42	U	9006866	7024798	1161580
42	U	9006866	7024799	1161581
42	U	9006866	7024799	1161582
42	U	9006866	7024799	1161583
42	U	9006866	7024800	1161584
42	U	9006866	7024800	1161585
42	U	9006866	7024801	1161586
42	U	9006866	7024801	1161587
42	U	9006866	7024802	1161588
42	U	9006866	7024802	1161589
42	U	9006866	7024804	1161593
42	U	9006866	7024805	1161594
42	U	9006866	7024805	1161595
42	U	9006866	7024805	1161596
42	U	9006866	7024806	1161597
42	U	9006866	7024806	1161598
42	U	9006866	7024806	1161599
42	U	9006866	7024806	1161600
42	U	9006866	7024807	1161602
42	U	9006866	7024808	1161603
42	U	9006866	7024808	1161604
42	U	9006866	7024809	1161605
42	U	9006866	7024809	1161606
42	U	9006866	7024811	1161609
42	U	9006866	7024812	1161611
47	U	9006866	7024814	1161675
47	U	9006866	7024815	1161676
47	U	9006866	7024815	1161677
47	U	9006866	7024816	1161678
47	U	9006866	7024816	1161679
47	U	9006866	7024817	1161681
47	U	9006866	7024817	1161682
47	U	9006866	7024818	1161683
47	U	9006866	7024818	1161684
47	U	9006866	7024819	1161685
47	U	9006866	7024819	1161686
47	U	9006866	7024819	1161687
45	U	9006866	7024820	1161688
47	U	9006866	7024820	1161689
48	U	9006866	7024821	1161690
48	U	9006866	7024821	1161691
48	U	9006866	7024822	1161692
48	U	9006866	7024822	1161693
48	U	9006866	7024822	1161694
48	U	9006866	7024823	1161696
52	U	9006866	7024824	1161805
52	U	9006866	7024824	1161806
52	U	9006866	7024825	1161807
52	U	9006866	7024825	1161808
52	U	9006866	7024826	1161809
52	U	9006866	7024826	1161810
52	U	9006866	7024827	1161812
52	U	9006866	7024828	1161814
53	U	9006866	7024829	1161815
53	U	9006866	7024829	1161816
54	U	9006866	7024830	1161818
54	U	9006866	7024831	1161820
54	U	9006866	7024832	1161821
54	U	9006866	7024832	1161822
29	U	9006866	7024910	1161980
29	U	9006866	7024911	1161982
29	U	9006866	7024912	1161985
29	U	9006866	7024913	1161987
29	U	9006866	7024914	1161990
29	U	9006866	7024915	1161991
29	U	9006866	7024915	1161992
29	U	9006866	7024915	1161993
29	U	9006866	7024916	1161994
29	U	9006866	7024916	1161995
29	U	9006866	7024919	1162000
29	U	9006866	7024919	1162001
29	U	9006866	7024920	1162003
29	U	9006866	7024921	1162004
29	U	9006866	7024921	1162005
29	U	9006866	7024921	1162006
29	U	9006866	7024921	1162007
29	U	9006866	7024922	1162009
29	U	9006866	7024923	1162010
29	U	9006866	7024923	1162011
29	U	9006866	7024924	1162013
29	U	9006866	7024926	1162016
29	U	9006866	7024926	1162017
29	U	9006866	7024927	1162018
29	U	9006866	7024927	1162019
29	U	9006866	7024927	1162020
29	U	9006866	7024928	1162022
29	U	9006866	7024929	1162024
29	U	9006866	7024929	1162025
29	U	9006866	7024929	1162026
29	U	9006866	7024930	1162028
29	U	9006866	7024930	1162029
29	U	9006866	7024931	1162031
29	U	9006866	7024931	1162032
29	U	9006866	7024932	1162033
29	U	9006866	7024932	1162034
29	U	9006866	7024933	1162036
29	U	9006866	7024934	1162038
29	U	9006866	7024934	1162039
29	U	9006866	7024935	1162041
29	U	9006866	7024936	1162043
29	U	9006866	7024936	1162044
29	U	9006866	7024937	1162046
29	U	9006866	7024937	1162047
29	U	9006866	7024938	1162049
29	U	9006866	7024938	1162050
29	U	9006866	7024939	1162052
29	U	9006866	7024940	1162053
29	U	9006866	7024940	1162054
29	U	9006866	7024940	1162055
29	U	9006866	7024941	1162056
29	U	9006866	7024941	1162057
29	U	9006866	7024942	1162059
29	U	9006866	7024943	1162060
29	U	9006866	7024943	1162061
29	U	9006866	7024944	1162064
29	U	9006866	7024945	1162065
29	U	9006866	7024945	1162067
29	U	9006866	7024945	1162068
29	U	9006866	7024945	1162069
29	U	9006866	7024946	1162071
29	U	9006866	7024946	1162072
29	U	9006866	7024947	1162075
29	U	9006866	7024948	1162077
29	U	9006866	7024948	1162078
30	U	9006866	7024949	1162080
30	U	9006866	7024949	1162081
30	U	9006866	7024950	1162083
30	U	9006866	7024951	1162084
30	U	9006866	7024951	1162085
30	U	9006866	7024951	1162086
30	U	9006866	7024952	1162087
30	U	9006866	7024952	1162088
30	U	9006866	7024952	1162089
30	U	9006866	7024953	1162091
30	U	9006866	7024954	1162093
30	U	9006866	7024955	1162095
30	U	9006866	7024956	1162097
30	U	9006866	7024957	1162098
30	U	9006866	7024957	1162099
30	U	9006866	7024957	1162100
30	U	9006866	7024957	1162101
30	U	9006866	7024958	1162103
30	U	9006866	7024959	1162104
30	U	9006866	7024959	1162105
30	U	9006866	7024960	1162106
30	U	9006866	7024960	1162107
30	U	9006866	7024960	1162108
30	U	9006866	7024961	1162110
30	U	9006866	7024962	1162112
30	U	9006866	7024963	1162113
30	U	9006866	7024963	1162114
30	U	9006866	7024963	1162115
30	U	9006866	7024964	1162117
30	U	9006866	7024964	1162118
30	U	9006866	7024964	1162119
30	U	9006866	7024965	1162121
30	U	9006866	7024965	1162122
30	U	9006866	7024966	1162123
30	U	9006866	7024966	1162124
30	U	9006866	7024967	1162125
30	U	9006866	7024967	1162126
30	U	9006866	7024968	1162127
30	U	9006866	7024968	1162128
30	U	9006866	7024969	1162130
30	U	9006866	7024969	1162131
30	U	9006866	7024970	1162133
30	U	9006866	7024970	1162134
30	U	9006866	7024971	1162135
30	U	9006866	7024971	1162136
30	U	9006866	7024972	1162137
30	U	9006866	7024972	1162138
30	U	9006866	7024973	1162140
30	U	9006866	7024975	1162143
30	U	9006866	7024976	1162145
30	U	9006866	7024977	1162146
30	U	9006866	7024977	1162147
30	U	9006866	7024978	1162148
30	U	9006866	7024978	1162149
30	U	9006866	7024978	1162150
30	U	9006866	7024979	1162151
30	U	9006866	7024979	1162152
30	U	9006866	7024979	1162153
30	U	9006866	7024981	1162154
30	U	9006866	7024981	1162155
30	U	9006866	7024982	1162156
30	U	9006866	7024982	1162157
30	U	9006866	7024982	1162158
30	U	9006866	7024983	1162160
30	U	9006866	7024984	1162162
30	U	9006866	7024985	1162163
30	U	9006866	7024985	1162164
30	U	9006866	7024986	1162165
30	U	9006866	7024986	1162166
30	U	9006866	7024987	1162167
30	U	9006866	7024987	1162168
30	U	9006866	7024988	1162169
30	U	9006866	7024988	1162170
30	U	9006866	7024988	1162171
	U	2009007034	2000507	316860
	U	2009007034	2000510	316863
	U	2009007034	2000513	316866
	U	2009007034	2000522	316875
	U	2009007034	2000524	316877
	U	2009007034	2000537	316890
	U	2009007034	1002167	316895
	U	2009007034	1002184	316897
	U	2009007034	1002188	316898
	U	2009007034	1002306	316904
	U	2009007034	1002416	316915
	U	2009007034	1002569	316932
	U	2009007034	1002678	316938
	U	2009007034	7014366	316949
	U	2009007034	1002983	316959
	U	2009007034	1002992	316960
	U	2009007034	2000546	316971
	U	2009007034	2000556	316981
	U	2009007034	2000561	316986
	U	2009007034	2000568	316993
	U	2009007034	2000571	316996
	U	2009007034	2000586	317011
	U	2009007034	2000589	317014
	U	2009007034	2000595	317020
	U	2009007034	7019180	317022
	U	2009007034	2000602	317027
	U	2009007034	2000609	317034
	U	2009007034	2000610	317035
	U	2009007034	2000612	317037
	U	2009007034	2000619	317044
	U	2009007034	2000623	317048
	U	2009007034	2000654	317079
	U	2009007034	2000658	317083
	U	2009007034	2000662	317087
	U	2009007034	2000664	317089
	U	2009007034	2000675	317100
	U	2009007034	2000679	317104
	U	2009007034	2000681	317106
	U	2009007034	2000683	317108
	U	2009007034	2000687	317112
	U	2009007034	2000709	317134
	U	2009007034	2000711	317136
	U	2009007034	2000713	317138
	U	2009007034	2000723	317148
	U	2009007034	2000725	317150
	U	2009007034	2000736	317161
	U	2009007034	2000763	317188
	U	2009007034	1002189	317192
	U	2009007034	1002371	317199
	U	2009007034	1002544	317208
	U	2009007034	1002887	317218
	U	2009007034	1003036	317220
	U	2009007034	2000769	317225
	U	2009007034	2000779	317235
	U	2009007034	2000782	317238
	U	2009007034	2000784	317240
	U	2009007034	2000786	317242
	U	2009007034	2000802	317258
	U	2009007034	2000803	317259
	U	2009007034	2000806	317262
	U	2009007034	2000817	317273
	U	2009007034	2000821	317277
	U	2009007034	2000837	317293
	U	2009007034	2000841	317297
	U	2009007034	2000855	317311
	U	2009007034	2000866	317322
	U	2009007034	7020680	317325
	U	2009007034	2000886	317342
	U	2009007034	2000889	317345
	U	2009007034	2000894	317350
	U	2009007034	2000906	317362
	U	2009007034	2000916	317372
	U	2009007034	2000923	317379
	U	2009007034	2000925	317381
	U	2009007034	7014651	317390
	U	2009007034	1002247	317395
	U	2009007034	7016104	317402
	U	2009007034	2000934	317409
	U	2009007034	1002724	317426
	U	2009007034	1002222	317434
	U	2009007034	1002283	317436
	U	2009007034	1002481	317438
	U	2009007034	1003005	317457
	U	2009007034	2000958	317474
	U	2009007034	2000960	317476
	U	2009007034	2000962	317478
	U	2009007034	2000963	317479
	U	2009007034	2000965	317481
	U	2009007034	2000976	317492
	U	2009007034	2000978	317494
	U	2009007034	2000982	317498
	U	2009007034	2000985	317501
	U	2009007034	2001000	317516
	U	2009007034	2001006	317522
	U	2009007034	2001014	317530
	U	2009007034	2001024	317540
	U	2009007034	2001031	317547
	U	2009007034	7021313	317553
	U	2009007034	2001045	317561
	U	2009007034	2001053	317569
	U	2009007034	2001055	317571
	U	2009007034	2001057	317573
	U	2009007034	2001059	317575
	U	2009007034	2001067	317583
	U	2009007034	2001072	317588
	U	2009007034	2001076	317592
	U	2009007034	2001081	317597
	U	2009007034	2001106	317622
	U	2009007034	2001109	317625
	U	2009007034	2001118	317634
	U	2009007034	2001145	317661
	U	2009007034	2001149	317665
	U	2009007034	2001161	317677
	U	2009007034	2001165	317681
	U	2009007034	2001166	317682
	U	2009007034	1002629	317696
	U	2009007034	2001170	317711
	U	2009007034	2001174	317715
	U	2009007034	2001182	317723
	U	2009007034	2001212	317753
	U	2009007034	2001215	317756
	U	2009007034	2001260	317800
	U	2009007034	2001300	317840
	U	2009007034	2001328	317868
	U	2009007034	2001329	317869
	U	2009007034	2001334	317874
	U	2009007034	2001339	317879
	U	2009007034	2001340	317880
	U	2009007034	2001365	317905
	U	2009007034	2001370	317910
	U	2009007034	2001372	317912
	U	2009007034	2001400	317940
	U	2009007034	1002921	317952
	U	2009007034	2001409	317954
	U	2009007034	2001412	317957
	U	2009007034	1002480	317968
	U	2009007034	7014352	317969
	U	2009007034	1002360	317982
	U	2009007034	2001432	318001
	U	2009007034	2001433	318002
	U	2009007034	2001437	318006
	U	2009007034	7019676	318014
	U	2009007034	2001446	318015
	U	2009007034	1002262	318038
	U	2009007034	1002328	318042
	U	2009007034	1002407	318047
	U	2009007034	1002681	318056
	U	2009007034	1002708	318058
	U	2009007034	1002882	318078
	U	2009007034	1002926	318081
	U	2009007034	1002944	318082
	U	2009007034	7014612	318088
	U	2009007034	2001560	318096
	U	2009007034	2001580	318116
	U	2009007034	2001585	318121
	U	2009007034	2001590	318126
	U	2009007034	2001593	318129
	U	2009007034	2001603	318139
	U	2009007034	1002144	318147
	U	2009007034	1002285	318158
	U	2009007034	1002386	318168
	U	2009007034	1002448	318174
	U	2009007034	1002453	318175
	U	2009007034	1002459	318176
	U	2009007034	1002797	318201
	U	2009007034	1002823	318204
	U	2009007034	1002928	318211
	U	2009007034	1002955	318212
	U	2009007034	1002958	318213
	U	2009007034	1002968	318215
	U	2009007034	1003033	318219
	U	2009007034	2001622	318233
	U	2009007034	2001629	318240
	U	2009007034	2001652	318263
	U	2009007034	2001658	318269
	U	2009007034	2001667	318278
	U	2009007034	2001669	318280
	U	2009007034	2001695	318306
	U	2009007034	2001696	318307
	U	2009007034	1002943	318319
	U	2009007034	2001703	318326
	U	2009007034	2001472	318362
	U	2009007034	2001486	318376
	U	2009007034	2001487	318377
	U	2009007034	2001502	318392
	U	2009007034	2001503	318393
	U	2009007034	2001505	318395
	U	2009007034	2001529	318419
	U	2009007034	2001546	318436
	U	2009007034	2001549	318439
	U	2009007034	2001554	318444
	U	2009007034	2001556	318446
	U	2009007034	1002171	318450
	U	2009007034	1002272	318462
	U	2009007034	1002308	318466
	U	2009007034	1002318	318468
	U	2009007034	1002564	318480
	U	2009007034	1002580	318482
	U	2009007034	1002669	318490
	U	2009007034	1002789	318498
	U	2009007034	1002965	318506
	U	2009007034	1003008	318510
	U	2009007034	1003041	318512
	U	2009007034	2001726	318521
	U	2009007034	2001727	318522
	U	2009007034	2001738	318533
	U	2009007034	2001741	318536
	U	2009007034	2001746	318541
	U	2009007034	2001747	318542
	U	2009007034	2001749	318544
	U	2009007034	2001751	318546
	U	2009007034	2001753	318548
	U	2009007034	2001761	318556
	U	2009007034	2001764	318559
	U	2009007034	2001768	318563
	U	2009007034	2001773	318568
	U	2009007034	2001777	318572
	U	2009007034	2001783	318578
	U	2009007034	2001785	318580
	U	2009007034	2001803	318598
	U	2009007034	2001809	318604
	U	2009007034	2001813	318608
	U	2009007034	2001816	318611
	U	2009007034	2001818	318613
	U	2009007034	2001825	318620
	U	2009007034	2001837	318632
	U	2009007034	2001848	318643
	U	2009007034	2001852	318647
	U	2009007034	2001868	318663
	U	2009007034	2001878	318673
	U	2009007034	2001885	318680
	U	2009007034	2001886	318681
	U	2009007034	2001889	318684
	U	2009007034	2001915	318710
	U	2009007034	2001917	318712
	U	2009007034	2001929	318724
	U	2009007034	1002198	318733
	U	2009007034	1002214	318735
	U	2009007034	1002263	318740
	U	2009007034	1002315	318744
	U	2009007034	1002391	318752
	U	2009007034	1002485	318766
	U	2009007034	1002486	318767
	U	2009007034	1002834	318792
	U	2009007034	1002898	318795
	U	2009007034	1002906	318796
	U	2009007034	1002969	318803
	U	2009007034	1002980	318805
	U	2009007034	2001958	318838
	U	2009007034	2001968	318848
	U	2009007034	2001981	318861
	U	2009007034	2001982	318862
	U	2009007034	2001995	318875
	U	2009007034	2002008	318888
	U	2009007034	2002019	318899
	U	2009007034	2002031	318911
	U	2009007034	2002041	318921
	U	2009007034	2002046	318926
	U	2009007034	2002047	318927
	U	2009007034	2002048	318928
	U	2009007034	2002050	318930
	U	2009007034	2002065	318945
	U	2009007034	2002066	318946
	U	2009007034	2002074	318954
	U	2009007034	2002079	318959
	U	2009007034	2002097	318977
	U	2009007034	2002105	318985
	U	2009007034	2002119	318999
	U	2009007034	2002125	319005
137	U	9006866	7027250	1169067
137	U	9006866	7027250	1169068
137	U	9006866	7027251	1169070
137	U	9006866	7027251	1169071
137	U	9006866	7027252	1169072
137	U	9006866	7027252	1169073
137	U	9006866	7027252	1169074
137	U	9006866	7027252	1169075
137	U	9006866	7027252	1169076
137	U	9006866	7027252	1169077
137	U	9006866	7027253	1169080
137	U	9006866	7027253	1169081
137	U	9006866	7027254	1169084
137	U	9006866	7027254	1169085
138	U	9006866	7027255	1169094
138	U	9006866	7027255	1169095
138	U	9006866	7027255	1169096
138	U	9006866	7027256	1169097
138	U	9006866	7027256	1169098
138	U	9006866	7027257	1169100
138	U	9006866	7027257	1169101
138	U	9006866	7027258	1169105
138	U	9006866	7027258	1169106
138	U	9006866	7027259	1169107
138	U	9006866	7027259	1169108
138	U	9006866	7027260	1169109
138	U	9006866	7027260	1169110
138	U	9006866	7027261	1169111
138	U	9006866	7027261	1169112
138	U	9006866	7027262	1169117
138	U	9006866	7027262	1169118
138	U	9006866	7027263	1169119
138	U	9006866	7027263	1169120
138	U	9006866	7027263	1169121
138	U	9006866	7027263	1169122
138	U	9006866	7027263	1169123
138	U	9006866	7027264	1169124
138	U	9006866	7027264	1169125
138	U	9006866	7027265	1169131
138	U	9006866	7027265	1169132
139	U	9006866	7027266	1169134
140	U	9006866	7027267	1169135
140	U	9006866	7027267	1169136
140	U	9006866	7027268	1169137
140	U	9006866	7027268	1169138
140	U	9006866	7027269	1169139
140	U	9006866	7027269	1169140
140	U	9006866	7027270	1169142
140	U	9006866	7027270	1169143
140	U	9006866	7027271	1169144
140	U	9006866	7027271	1169145
140	U	9006866	7027271	1169146
140	U	9006866	7027272	1169148
140	U	9006866	7027272	1169149
140	U	9006866	7027273	1169150
140	U	9006866	7027273	1169151
140	U	9006866	7027274	1169152
140	U	9006866	7027274	1169153
140	U	9006866	7027275	1169154
140	U	9006866	7027275	1169155
141	U	9006866	7027276	1169156
141	U	9006866	7027277	1169159
141	U	9006866	7027277	1169160
141	U	9006866	7027278	1169161
141	U	9006866	7027278	1169162
141	U	9006866	7027279	1169163
141	U	9006866	7027279	1169164
141	U	9006866	7027279	1169165
141	U	9006866	7027280	1169166
141	U	9006866	7027280	1169167
141	U	9006866	7027281	1169169
141	U	9006866	7027281	1169170
141	U	9006866	7027282	1169171
141	U	9006866	7027282	1169172
141	U	9006866	7027283	1169176
141	U	9006866	7027283	1169177
141	U	9006866	7027283	1169178
141	U	9006866	7027284	1169180
141	U	9006866	7027284	1169181
141	U	9006866	7027285	1169191
141	U	9006866	7027285	1169192
141	U	9006866	7027287	1169196
141	U	9006866	7027287	1169197
141	U	9006866	7027288	1169198
141	U	9006866	7027288	1169199
141	U	9006866	7027289	1169200
141	U	9006866	7027289	1169201
141	U	9006866	7027289	1169202
141	U	9006866	7027290	1169204
141	U	9006866	7027290	1169205
141	U	9006866	7027291	1169206
141	U	9006866	7027291	1169207
141	U	9006866	7027292	1169208
141	U	9006866	7027292	1169209
141	U	9006866	7027293	1169211
141	U	9006866	7027293	1169212
141	U	9006866	7027294	1169220
141	U	9006866	7027294	1169221
141	U	9006866	7027294	1169222
141	U	9006866	7027295	1169223
141	U	9006866	7027295	1169224
141	U	9006866	7027296	1169226
141	U	9006866	7027296	1169227
141	U	9006866	7027297	1169228
141	U	9006866	7027297	1169229
141	U	9006866	7027298	1169231
141	U	9006866	7027298	1169232
141	U	9006866	7027298	1169233
141	U	9006866	7027298	1169234
141	U	9006866	7027299	1169235
141	U	9006866	7027299	1169237
141	U	9006866	7027299	1169238
141	U	9006866	7027300	1169239
141	U	9006866	7027300	1169240
141	U	9006866	7027301	1169241
141	U	9006866	7027301	1169242
141	U	9006866	7027301	1169243
141	U	9006866	7027302	1169244
141	U	9006866	7027302	1169245
141	U	9006866	7027302	1169246
141	U	9006866	7027304	1169194
141	U	9006866	7027304	1169195
141	U	9006866	7027305	1169256
141	U	9006866	7027305	1169257
141	U	9006866	7027306	1169259
141	U	9006866	7027306	1169260
141	U	9006866	7027307	1169261
141	U	9006866	7027307	1169262
141	U	9006866	7027308	1169263
141	U	9006866	7027308	1169264
141	U	9006866	7027309	1169266
141	U	9006866	7027309	1169267
141	U	9006866	7027310	1169268
141	U	9006866	7027310	1169269
141	U	9006866	7027310	1169270
141	U	9006866	7027311	1169271
141	U	9006866	7027311	1169272
141	U	9006866	7027311	1169273
141	U	9006866	7027312	1169274
141	U	9006866	7027312	1169275
141	U	9006866	7027313	1169277
141	U	9006866	7027313	1169278
141	U	9006866	7027314	1169279
141	U	9006866	7027314	1169280
141	U	9006866	7027315	1169281
141	U	9006866	7027315	1169282
141	U	9006866	7027316	1169284
141	U	9006866	7027316	1169285
141	U	9006866	7027316	1169286
141	U	9006866	7027316	1169287
141	U	9006866	7027317	1169289
141	U	9006866	7027317	1169290
141	U	9006866	7027318	1169291
141	U	9006866	7027318	1169292
141	U	9006866	7027319	1169293
141	U	9006866	7027319	1169294
141	U	9006866	7027319	1169295
141	U	9006866	7027320	1169296
141	U	9006866	7027320	1169297
141	U	9006866	7027321	1169300
141	U	9006866	7027321	1169301
141	U	9006866	7027321	1169302
141	U	9006866	7027322	1169304
141	U	9006866	7027322	1169305
141	U	9006866	7027322	1169306
141	U	9006866	7027322	1169307
146	U	9006866	7027327	1169318
146	U	9006866	7027327	1169319
146	U	9006866	7027328	1169321
146	U	9006866	7027328	1169322
146	U	9006866	7027329	1169325
146	U	9006866	7027329	1169326
146	U	9006866	7027329	1169327
146	U	9006866	7027330	1169328
146	U	9006866	7027330	1169329
146	U	9006866	7027330	1169330
146	U	9006866	7027331	1169331
146	U	9006866	7027331	1169332
146	U	9006866	7027332	1169334
146	U	9006866	7027332	1169335
146	U	9006866	7027332	1169336
144	U	9006866	7027333	1169337
146	U	9006866	7027333	1169338
146	U	9006866	7027334	1169339
146	U	9006866	7027334	1169340
146	U	9006866	7027335	1169341
146	U	9006866	7027335	1169342
146	U	9006866	7027336	1169344
146	U	9006866	7027336	1169345
146	U	9006866	7027337	1169347
146	U	9006866	7027337	1169348
146	U	9006866	7027338	1169350
146	U	9006866	7027338	1169351
146	U	9006866	7027338	1169352
146	U	9006866	7027339	1169354
146	U	9006866	7027339	1169355
146	U	9006866	7027339	1169356
146	U	9006866	7027340	1169357
146	U	9006866	7027340	1169358
146	U	9006866	7027341	1169361
146	U	9006866	7027341	1169362
146	U	9006866	7027341	1169363
146	U	9006866	7027342	1169365
146	U	9006866	7027342	1169366
146	U	9006866	7027342	1169367
146	U	9006866	7027342	1169368
146	U	9006866	7027343	1169372
146	U	9006866	7027343	1169373
146	U	9006866	7027343	1169374
147	U	9006866	7027344	1169382
147	U	9006866	7027344	1169383
147	U	9006866	7027345	1169384
147	U	9006866	7027345	1169385
147	U	9006866	7027346	1169387
147	U	9006866	7027346	1169388
147	U	9006866	7027347	1169391
147	U	9006866	7027347	1169392
147	U	9006866	7027348	1169395
147	U	9006866	7027348	1169396
147	U	9006866	7027349	1169399
147	U	9006866	7027349	1169400
147	U	9006866	7027350	1169403
147	U	9006866	7027350	1169404
147	U	9006866	7027351	1169405
147	U	9006866	7027351	1169406
147	U	9006866	7027352	1169411
147	U	9006866	7027352	1169412
147	U	9006866	7027353	1169423
147	U	9006866	7027353	1169424
147	U	9006866	7027354	1169425
147	U	9006866	7027354	1169426
147	U	9006866	7027355	1169428
147	U	9006866	7027355	1169429
147	U	9006866	7027355	1169430
147	U	9006866	7027356	1169431
147	U	9006866	7027356	1169432
147	U	9006866	7027357	1169436
147	U	9006866	7027357	1169437
147	U	9006866	7027358	1169438
147	U	9006866	7027358	1169439
148	U	9006866	7027359	1169441
148	U	9006866	7027359	1169442
93	U	9006866	7025870	1164983
93	U	9006866	7025870	1164984
93	U	9006866	7025871	1164985
93	U	9006866	7025871	1164986
93	U	9006866	7025872	1164987
93	U	9006866	7025872	1164988
93	U	9006866	7025873	1164989
93	U	9006866	7025873	1164990
93	U	9006866	7025874	1164992
93	U	9006866	7025874	1164993
93	U	9006866	7025875	1164994
93	U	9006866	7025875	1164995
93	U	9006866	7025876	1164998
93	U	9006866	7025876	1164999
93	U	9006866	7025877	1165001
93	U	9006866	7025877	1165002
93	U	9006866	7025877	1165003
93	U	9006866	7025877	1165004
93	U	9006866	7025878	1165007
93	U	9006866	7025878	1165008
93	U	9006866	7025878	1165009
93	U	9006866	7025878	1165010
93	U	9006866	7025879	1165011
93	U	9006866	7025879	1165012
93	U	9006866	7025880	1165016
93	U	9006866	7025880	1165017
93	U	9006866	7025881	1165019
93	U	9006866	7025881	1165020
93	U	9006866	7025881	1165021
94	U	9006866	7025882	1165022
94	U	9006866	7025882	1165023
94	U	9006866	7025882	1165024
94	U	9006866	7025883	1165025
94	U	9006866	7025883	1165026
94	U	9006866	7025884	1165028
94	U	9006866	7025884	1165029
94	U	9006866	7025884	1165030
94	U	9006866	7025884	1165031
94	U	9006866	7025885	1165032
94	U	9006866	7025885	1165033
94	U	9006866	7025885	1165034
94	U	9006866	7025886	1165035
94	U	9006866	7025886	1165036
94	U	9006866	7025887	1165038
94	U	9006866	7025887	1165039
94	U	9006866	7025888	1165040
94	U	9006866	7025888	1165041
94	U	9006866	7025888	1165043
94	U	9006866	7025889	1165044
94	U	9006866	7025889	1165045
94	U	9006866	7025889	1165046
94	U	9006866	7025889	1165047
94	U	9006866	7025889	1165048
94	U	9006866	7025890	1165049
94	U	9006866	7025890	1165050
94	U	9006866	7025891	1165052
94	U	9006866	7025891	1165053
94	U	9006866	7025892	1165054
94	U	9006866	7025892	1165055
94	U	9006866	7025892	1165056
94	U	9006866	7025892	1165058
94	U	9006866	7025893	1165061
94	U	9006866	7025893	1165062
94	U	9006866	7025894	1165064
94	U	9006866	7025894	1165065
94	U	9006866	7025895	1165066
94	U	9006866	7025895	1165067
94	U	9006866	7025896	1165068
94	U	9006866	7025896	1165069
94	U	9006866	7025897	1165070
94	U	9006866	7025897	1165071
94	U	9006866	7025898	1165074
94	U	9006866	7025898	1165075
94	U	9006866	7025899	1165077
94	U	9006866	7025899	1165078
94	U	9006866	7025899	1165079
94	U	9006866	7025900	1165080
94	U	9006866	7025900	1165081
94	U	9006866	7025900	1165082
94	U	9006866	7025901	1165085
94	U	9006866	7025901	1165086
94	U	9006866	7025902	1165088
94	U	9006866	7025902	1165089
94	U	9006866	7025903	1165090
94	U	9006866	7025903	1165091
94	U	9006866	7025903	1165093
94	U	9006866	7025904	1165094
94	U	9006866	7025904	1165095
94	U	9006866	7025905	1165098
94	U	9006866	7025905	1165099
94	U	9006866	7025905	1165100
94	U	9006866	7025906	1165101
94	U	9006866	7025906	1165102
94	U	9006866	7025906	1165103
94	U	9006866	7025907	1165105
94	U	9006866	7025907	1165106
94	U	9006866	7025908	1165108
94	U	9006866	7025908	1165109
94	U	9006866	7025909	1165111
94	U	9006866	7025909	1165112
94	U	9006866	7025910	1165114
94	U	9006866	7025910	1165115
94	U	9006866	7025910	1165116
94	U	9006866	7025911	1165119
94	U	9006866	7025911	1165120
94	U	9006866	7025911	1165121
94	U	9006866	7025911	1165122
94	U	9006866	7025912	1165123
94	U	9006866	7025912	1165124
94	U	9006866	7025912	1165125
94	U	9006866	7025912	1165126
94	U	9006866	7025912	1165127
94	U	9006866	7025913	1165128
94	U	9006866	7025913	1165129
94	U	9006866	7025914	1165131
94	U	9006866	7025914	1165132
94	U	9006866	7025914	1165133
94	U	9006866	7025914	1165134
94	U	9006866	7025915	1165135
94	U	9006866	7025915	1165137
94	U	9006866	7025915	1165138
94	U	9006866	7025916	1165139
94	U	9006866	7025916	1165140
94	U	9006866	7025917	1165142
94	U	9006866	7025917	1165143
94	U	9006866	7025917	1165144
94	U	9006866	7025918	1165145
94	U	9006866	7025918	1165146
94	U	9006866	7025919	1165154
94	U	9006866	7025919	1165155
94	U	9006866	7025920	1165158
94	U	9006866	7025920	1165159
94	U	9006866	7025921	1165161
94	U	9006866	7025921	1165162
94	U	9006866	7025922	1165163
94	U	9006866	7025922	1165164
94	U	9006866	7025923	1165165
94	U	9006866	7025923	1165166
94	U	9006866	7025923	1165167
94	U	9006866	7025924	1165168
94	U	9006866	7025924	1165169
94	U	9006866	7025925	1165170
94	U	9006866	7025925	1165171
94	U	9006866	7025926	1165172
94	U	9006866	7025926	1165173
94	U	9006866	7025927	1165174
94	U	9006866	7025927	1165175
94	U	9006866	7025927	1165176
94	U	9006866	7025928	1165177
94	U	9006866	7025928	1165178
94	U	9006866	7025928	1165179
94	U	9006866	7025929	1165180
94	U	9006866	7025929	1165181
94	U	9006866	7025929	1165183
94	U	9006866	7025930	1165184
94	U	9006866	7025930	1165185
94	U	9006866	7025930	1165186
94	U	9006866	7025931	1165187
94	U	9006866	7025931	1165188
94	U	9006866	7025931	1165189
94	U	9006866	7025932	1165190
94	U	9006866	7025932	1165191
94	U	9006866	7025933	1165192
94	U	9006866	7025933	1165193
94	U	9006866	7025933	1165194
94	U	9006866	7025933	1165195
94	U	9006866	7025934	1165196
94	U	9006866	7025934	1165197
95	U	9006866	7025935	1165198
95	U	9006866	7025935	1165199
95	U	9006866	7025936	1165201
95	U	9006866	7025936	1165202
95	U	9006866	7025937	1165203
95	U	9006866	7025937	1165204
95	U	9006866	7025937	1165205
95	U	9006866	7025938	1165206
95	U	9006866	7025938	1165207
95	U	9006866	7025939	1165208
95	U	9006866	7025939	1165209
95	U	9006866	7025940	1165211
95	U	9006866	7025940	1165212
95	U	9006866	7025940	1165213
95	U	9006866	7025941	1165214
95	U	9006866	7025941	1165215
95	U	9006866	7025942	1165216
95	U	9006866	7025942	1165217
95	U	9006866	7025943	1165219
95	U	9006866	7025943	1165220
95	U	9006866	7025943	1165221
95	U	9006866	7025943	1165222
95	U	9006866	7025943	1165223
95	U	9006866	7025943	1165224
95	U	9006866	7025943	1165225
95	U	9006866	7025944	1165226
95	U	9006866	7025945	1165229
95	U	9006866	7025945	1165230
95	U	9006866	7025945	1165231
95	U	9006866	7025946	1165233
95	U	9006866	7025946	1165234
95	U	9006866	7025947	1165235
95	U	9006866	7025947	1165236
95	U	9006866	7025947	1165237
95	U	9006866	7025948	1165238
95	U	9006866	7025948	1165239
95	U	9006866	7025948	1165240
95	U	9006866	7025949	1165241
95	U	9006866	7025949	1165242
95	U	9006866	7025949	1165243
95	U	9006866	7025950	1165244
95	U	9006866	7025950	1165245
95	U	9006866	7025951	1165246
95	U	9006866	7025951	1165247
95	U	9006866	7025951	1165248
95	U	9006866	7025951	1165249
95	U	9006866	7025952	1165250
95	U	9006866	7025952	1165251
95	U	9006866	7025952	1165252
95	U	9006866	7025953	1165253
95	U	9006866	7025953	1165254
95	U	9006866	7025953	1165255
95	U	9006866	7025954	1165256
95	U	9006866	7025954	1165257
95	U	9006866	7025954	1165258
95	U	9006866	7025954	1165259
95	U	9006866	7025954	1165260
95	U	9006866	7025955	1165264
95	U	9006866	7025955	1165265
95	U	9006866	7025956	1165268
95	U	9006866	7025956	1165269
95	U	9006866	7025956	1165270
95	U	9006866	7025956	1165271
95	U	9006866	7025956	1165272
95	U	9006866	7025957	1165273
95	U	9006866	7025957	1165274
95	U	9006866	7025957	1165275
95	U	9006866	7025958	1165276
95	U	9006866	7025958	1165277
95	U	9006866	7025959	1165279
95	U	9006866	7025959	1165280
95	U	9006866	7025960	1165281
95	U	9006866	7025960	1165282
96	U	9006866	7025961	1165284
96	U	9006866	7025961	1165285
96	U	9006866	7025961	1165286
96	U	9006866	7025961	1165287
96	U	9006866	7025962	1165288
95	U	9006866	7025962	1165289
95	U	9006866	7025962	1165290
96	U	9006866	7025963	1165293
96	U	9006866	7025963	1165294
35	U	9006866	7026398	1166791
35	U	9006866	7026398	1166792
35	U	9006866	7026398	1166793
170	U	9006866	7026399	1166797
170	U	9006866	7026399	1166798
35	U	9006866	7026400	1166799
35	U	9006866	7026400	1166800
35	U	9006866	7026401	1166801
35	U	9006866	7026401	1166802
35	U	9006866	7026402	1166803
35	U	9006866	7026402	1166804
171	U	9006866	7026403	1166805
171	U	9006866	7026403	1166806
171	U	9006866	7026403	1166807
171	U	9006866	7026403	1166808
171	U	9006866	7026403	1166809
35	U	9006866	7026405	1166810
35	U	9006866	7026405	1166811
35	U	9006866	7026406	1166812
35	U	9006866	7026406	1166813
35	U	9006866	7026406	1166814
35	U	9006866	7026407	1166816
35	U	9006866	7026407	1166817
35	U	9006866	7026408	1166820
35	U	9006866	7026408	1166821
35	U	9006866	7026409	1166822
35	U	9006866	7026409	1166823
35	U	9006866	7026409	1166824
36	U	9006866	7026410	1166825
36	U	9006866	7026410	1166826
36	U	9006866	7026411	1166828
36	U	9006866	7026411	1166829
36	U	9006866	7026412	1166830
36	U	9006866	7026412	1166831
36	U	9006866	7026413	1166832
36	U	9006866	7026413	1166833
36	U	9006866	7026414	1166836
36	U	9006866	7026414	1166837
36	U	9006866	7026415	1166838
36	U	9006866	7026415	1166839
36	U	9006866	7026416	1166840
36	U	9006866	7026416	1166841
36	U	9006866	7026417	1166842
36	U	9006866	7026417	1166843
36	U	9006866	7026418	1166844
36	U	9006866	7026418	1166845
36	U	9006866	7026419	1166846
36	U	9006866	7026419	1166847
36	U	9006866	7026419	1166848
36	U	9006866	7026420	1166851
36	U	9006866	7026420	1166852
36	U	9006866	7026420	1166853
36	U	9006866	7026421	1166854
36	U	9006866	7026421	1166855
36	U	9006866	7026422	1166857
36	U	9006866	7026422	1166858
36	U	9006866	7026423	1166859
36	U	9006866	7026423	1166860
36	U	9006866	7026424	1166861
36	U	9006866	7026424	1166862
36	U	9006866	7026424	1166863
36	U	9006866	7026425	1166864
36	U	9006866	7026425	1166865
36	U	9006866	7026426	1166866
36	U	9006866	7026426	1166867
36	U	9006866	7026427	1166869
36	U	9006866	7026427	1166870
36	U	9006866	7026428	1166871
36	U	9006866	7026428	1166872
36	U	9006866	7026429	1166873
36	U	9006866	7026429	1166874
36	U	9006866	7026430	1166875
36	U	9006866	7026430	1166876
36	U	9006866	7026431	1166877
36	U	9006866	7026431	1166878
36	U	9006866	7026432	1166879
36	U	9006866	7026432	1166880
36	U	9006866	7026433	1166881
36	U	9006866	7026433	1166882
36	U	9006866	7026434	1166886
36	U	9006866	7026434	1166887
36	U	9006866	7026435	1166888
36	U	9006866	7026435	1166889
36	U	9006866	7026436	1166890
36	U	9006866	7026436	1166891
384	U	9006866	7026436	1166892
36	U	9006866	7026437	1166895
36	U	9006866	7026437	1166896
36	U	9006866	7026438	1166897
36	U	9006866	7026438	1166898
36	U	9006866	7026439	1166899
36	U	9006866	7026439	1166900
36	U	9006866	7026440	1166901
36	U	9006866	7026440	1166902
36	U	9006866	7026441	1166903
36	U	9006866	7026441	1166904
36	U	9006866	7026441	1166905
36	U	9006866	7026442	1166906
36	U	9006866	7026442	1166907
36	U	9006866	7026442	1166908
36	U	9006866	7026443	1166909
36	U	9006866	7026443	1166910
36	U	9006866	7026444	1166911
36	U	9006866	7026444	1166912
36	U	9006866	7026445	1166913
36	U	9006866	7026445	1166914
36	U	9006866	7026446	1166915
36	U	9006866	7026446	1166916
36	U	9006866	7026447	1166917
36	U	9006866	7026447	1166918
36	U	9006866	7026448	1166919
36	U	9006866	7026448	1166920
36	U	9006866	7026449	1166921
36	U	9006866	7026449	1166922
37	U	9006866	7026450	1166923
37	U	9006866	7026450	1166924
37	U	9006866	7026451	1166925
37	U	9006866	7026451	1166926
37	U	9006866	7026451	1166927
37	U	9006866	7026452	1166928
37	U	9006866	7026452	1166929
37	U	9006866	7026453	1166931
37	U	9006866	7026453	1166932
37	U	9006866	7026454	1166933
37	U	9006866	7026454	1166934
37	U	9006866	7026454	1166935
37	U	9006866	7026455	1166938
37	U	9006866	7026455	1166939
37	U	9006866	7026456	1166940
37	U	9006866	7026456	1166941
37	U	9006866	7026457	1166942
37	U	9006866	7026457	1166943
37	U	9006866	7026458	1166944
37	U	9006866	7026458	1166945
37	U	9006866	7026459	1166946
37	U	9006866	7026459	1166947
37	U	9006866	7026460	1166948
37	U	9006866	7026460	1166949
37	U	9006866	7026461	1166951
37	U	9006866	7026461	1166952
37	U	9006866	7026462	1166953
37	U	9006866	7026462	1166954
37	U	9006866	7026463	1166955
37	U	9006866	7026463	1166956
37	U	9006866	7026464	1166957
37	U	9006866	7026464	1166958
37	U	9006866	7026464	1166959
37	U	9006866	7026465	1166960
37	U	9006866	7026465	1166961
37	U	9006866	7026466	1166962
37	U	9006866	7026466	1166963
37	U	9006866	7026467	1166964
37	U	9006866	7026467	1166965
37	U	9006866	7026468	1166966
37	U	9006866	7026468	1166967
37	U	9006866	7026469	1166968
37	U	9006866	7026469	1166969
37	U	9006866	7026470	1166970
37	U	9006866	7026470	1166971
37	U	9006866	7026471	1166975
37	U	9006866	7026471	1166976
37	U	9006866	7026471	1166977
37	U	9006866	7026472	1166978
37	U	9006866	7026472	1166979
37	U	9006866	7026473	1166980
37	U	9006866	7026473	1166981
37	U	9006866	7026474	1166982
37	U	9006866	7026474	1166983
37	U	9006866	7026476	1166993
37	U	9006866	7026476	1166994
37	U	9006866	7026477	1166995
37	U	9006866	7026477	1166996
37	U	9006866	7026478	1166997
37	U	9006866	7026478	1166998
37	U	9006866	7026479	1166999
37	U	9006866	7026479	1167000
37	U	9006866	7026480	1167001
37	U	9006866	7026480	1167002
37	U	9006866	7026481	1167003
37	U	9006866	7026481	1167004
37	U	9006866	7026482	1167005
37	U	9006866	7026482	1167006
37	U	9006866	7026483	1167007
37	U	9006866	7026483	1167008
37	U	9006866	7026484	1167009
37	U	9006866	7026484	1167010
37	U	9006866	7026484	1167011
37	U	9006866	7026484	1167012
37	U	9006866	7026485	1167013
37	U	9006866	7026485	1167014
37	U	9006866	7026485	1167015
37	U	9006866	7026486	1167016
37	U	9006866	7026486	1167017
37	U	9006866	7026488	1167019
37	U	9006866	7026488	1167020
37	U	9006866	7026490	1167023
37	U	9006866	7026490	1167024
37	U	9006866	7026491	1167025
37	U	9006866	7026491	1167026
37	U	9006866	7026492	1167027
37	U	9006866	7026492	1167028
37	U	9006866	7026492	1167029
37	U	9006866	7026493	1167030
37	U	9006866	7026493	1167031
37	U	9006866	7026494	1167032
37	U	9006866	7026494	1167033
37	U	9006866	7026495	1167034
37	U	9006866	7026495	1167035
37	U	9006866	7026496	1167036
37	U	9006866	7026496	1167037
42	U	9006866	7026497	1161590
42	U	9006866	7026497	1161591
42	U	9006866	7026498	1162250
42	U	9006866	7026498	1162251
43	U	9006866	7026499	1161559
43	U	9006866	7026499	1161560
69	U	9006866	7026502	1167047
69	U	9006866	7026502	1167048
69	U	9006866	7026503	1167049
69	U	9006866	7026503	1167050
68	U	9006866	7026504	1167051
68	U	9006866	7026504	1167052
68	U	9006866	7026505	1167053
68	U	9006866	7026505	1167054
69	U	9006866	7026506	1167055
69	U	9006866	7026506	1167056
70	U	9006866	7026507	1167057
70	U	9006866	7026507	1167058
146	U	9006866	7026510	1169369
111	U	9006866	7026537	1167117
111	U	9006866	7026537	1167118
111	U	9006866	7026538	1167119
111	U	9006866	7026538	1167120
111	U	9006866	7026539	1167121
111	U	9006866	7026539	1167122
111	U	9006866	7026540	1167123
111	U	9006866	7026540	1167124
111	U	9006866	7026540	1167125
111	U	9006866	7026541	1167126
111	U	9006866	7026541	1167127
111	U	9006866	7026542	1167130
111	U	9006866	7026542	1167131
111	U	9006866	7026543	1167132
111	U	9006866	7026543	1167133
111	U	9006866	7026544	1167134
111	U	9006866	7026544	1167135
111	U	9006866	7026545	1167138
111	U	9006866	7026545	1167139
111	U	9006866	7026546	1167142
70	U	9006866	7025237	1162764
70	U	9006866	7025237	1162765
70	U	9006866	7025238	1162766
70	U	9006866	7025238	1162767
70	U	9006866	7025238	1162768
70	U	9006866	7025239	1162769
70	U	9006866	7025239	1162770
69	U	9006866	7025240	30230
69	U	9006866	7025240	1162762
70	U	9006866	7025241	1162772
70	U	9006866	7025241	1162773
70	U	9006866	7025242	1162774
70	U	9006866	7025242	1162775
70	U	9006866	7025243	1162776
70	U	9006866	7025243	1162777
70	U	9006866	7025244	1162780
70	U	9006866	7025244	1162781
70	U	9006866	7025245	1162784
70	U	9006866	7025245	1162785
70	U	9006866	7025246	1162787
70	U	9006866	7025246	1162788
70	U	9006866	7025247	1162791
70	U	9006866	7025247	1162792
70	U	9006866	7025248	1162793
70	U	9006866	7025248	1162794
70	U	9006866	7025248	1162795
70	U	9006866	7025248	1162796
70	U	9006866	7025249	1162797
70	U	9006866	7025249	1162798
70	U	9006866	7025250	1162799
70	U	9006866	7025250	1162800
70	U	9006866	7025251	1162801
70	U	9006866	7025251	1162802
70	U	9006866	7025252	1162803
70	U	9006866	7025252	1162804
70	U	9006866	7025252	1162805
70	U	9006866	7025253	1162806
70	U	9006866	7025253	1162807
70	U	9006866	7025254	1162809
70	U	9006866	7025254	1162810
70	U	9006866	7025255	1162811
70	U	9006866	7025255	1162812
70	U	9006866	7025255	1162813
70	U	9006866	7025256	1162814
70	U	9006866	7025256	1162815
70	U	9006866	7025257	1162816
70	U	9006866	7025257	1162817
70	U	9006866	7025258	1162818
70	U	9006866	7025258	1162819
70	U	9006866	7025259	1162820
70	U	9006866	7025259	1162821
70	U	9006866	7025259	1162822
70	U	9006866	7025260	1162826
70	U	9006866	7025260	1162827
70	U	9006866	7025261	1162828
70	U	9006866	7025261	1162829
70	U	9006866	7025262	1162830
70	U	9006866	7025262	1162831
70	U	9006866	7025263	1162832
70	U	9006866	7025263	1162833
70	U	9006866	7025264	1162834
70	U	9006866	7025264	1162835
70	U	9006866	7025264	1162836
70	U	9006866	7025265	1162837
70	U	9006866	7025265	1162838
70	U	9006866	7025266	1162839
70	U	9006866	7025266	1162840
70	U	9006866	7025266	1162841
70	U	9006866	7025267	1162842
70	U	9006866	7025267	1162843
70	U	9006866	7025268	1162844
70	U	9006866	7025268	1162845
70	U	9006866	7025268	1162846
70	U	9006866	7025268	1162847
70	U	9006866	7025269	1162850
70	U	9006866	7025269	1162851
70	U	9006866	7025270	1162852
70	U	9006866	7025270	1162853
70	U	9006866	7025271	1162854
70	U	9006866	7025271	1162855
70	U	9006866	7025272	1162856
70	U	9006866	7025272	1162857
65	U	9006866	7025273	1162858
70	U	9006866	7025273	1162859
70	U	9006866	7025274	1162860
70	U	9006866	7025274	1162861
70	U	9006866	7025275	1162862
70	U	9006866	7025275	1162863
70	U	9006866	7025276	1162864
70	U	9006866	7025276	1162865
70	U	9006866	7025277	1162866
70	U	9006866	7025277	1162867
70	U	9006866	7025278	1162868
70	U	9006866	7025278	1162869
70	U	9006866	7025278	1162870
70	U	9006866	7025279	1162871
70	U	9006866	7025279	1162872
70	U	9006866	7025279	1162873
70	U	9006866	7025280	1162874
70	U	9006866	7025280	1162875
70	U	9006866	7025281	1162876
70	U	9006866	7025281	1162877
70	U	9006866	7025282	1162878
70	U	9006866	7025282	1162879
70	U	9006866	7025282	1162880
70	U	9006866	7025283	1162884
70	U	9006866	7025283	1162885
70	U	9006866	7025284	1162886
70	U	9006866	7025284	1162887
70	U	9006866	7025284	1162888
70	U	9006866	7025285	1162889
70	U	9006866	7025285	1162890
70	U	9006866	7025286	1162891
70	U	9006866	7025286	1162892
70	U	9006866	7025286	1162893
70	U	9006866	7025287	1162894
70	U	9006866	7025287	1162895
70	U	9006866	7025288	1162896
70	U	9006866	7025288	1162897
70	U	9006866	7025289	1162898
70	U	9006866	7025290	1162900
70	U	9006866	7025290	1162901
70	U	9006866	7025291	1162903
70	U	9006866	7025291	1162904
70	U	9006866	7025292	1162905
70	U	9006866	7025292	1162906
70	U	9006866	7025292	1162907
70	U	9006866	7025292	1162908
70	U	9006866	7025293	1162909
70	U	9006866	7025293	1162910
70	U	9006866	7025294	1162911
70	U	9006866	7025294	1162912
70	U	9006866	7025295	1162913
70	U	9006866	7025295	1162914
70	U	9006866	7025296	1162915
70	U	9006866	7025296	1162916
70	U	9006866	7025297	1162917
70	U	9006866	7025297	1162918
70	U	9006866	7025298	1162919
70	U	9006866	7025298	1162920
70	U	9006866	7025299	1162921
70	U	9006866	7025299	1162922
70	U	9006866	7025299	1162923
70	U	9006866	7025300	1162924
70	U	9006866	7025300	1162925
70	U	9006866	7025301	1162927
70	U	9006866	7025301	1162928
70	U	9006866	7025302	1162929
70	U	9006866	7025302	1162930
70	U	9006866	7025302	1162931
70	U	9006866	7025303	1162932
70	U	9006866	7025303	1162933
70	U	9006866	7025304	1162934
70	U	9006866	7025304	1162935
70	U	9006866	7025305	1162936
70	U	9006866	7025305	1162937
70	U	9006866	7025307	31027
70	U	9006866	7025307	1162939
70	U	9006866	7025308	1162940
70	U	9006866	7025308	1162941
70	U	9006866	7025309	1162942
70	U	9006866	7025309	1162943
70	U	9006866	7025310	1162944
70	U	9006866	7025310	1162945
70	U	9006866	7025311	1162946
70	U	9006866	7025311	1162947
70	U	9006866	7025312	1162948
70	U	9006866	7025312	1162949
70	U	9006866	7025313	1162950
70	U	9006866	7025313	1162951
70	U	9006866	7025313	1162952
70	U	9006866	7025314	1162953
70	U	9006866	7025314	1162955
70	U	9006866	7025315	1162958
70	U	9006866	7025315	1162959
70	U	9006866	7025316	1162960
70	U	9006866	7025316	1162961
70	U	9006866	7025317	1162962
70	U	9006866	7025317	1162963
70	U	9006866	7025317	1162964
70	U	9006866	7025318	1162965
70	U	9006866	7025318	1162966
70	U	9006866	7025318	1162967
70	U	9006866	7025318	1162968
70	U	9006866	7025321	1162971
70	U	9006866	7025321	1162972
70	U	9006866	7025322	1162973
70	U	9006866	7025322	1162974
71	U	9006866	7025323	1162976
70	U	9006866	7025323	1162977
71	U	9006866	7025323	1162978
71	U	9006866	7025324	1162979
71	U	9006866	7025324	1162981
71	U	9006866	7025325	1162983
71	U	9006866	7025325	1162984
71	U	9006866	7025325	1162985
71	U	9006866	7025326	1162986
71	U	9006866	7025326	1162987
71	U	9006866	7025327	1162988
71	U	9006866	7025327	1162989
71	U	9006866	7025327	1162990
71	U	9006866	7025328	1162991
71	U	9006866	7025328	1162992
71	U	9006866	7025329	1162994
71	U	9006866	7025329	1162995
71	U	9006866	7025330	1162996
71	U	9006866	7025330	1162997
71	U	9006866	7025331	1162998
71	U	9006866	7025331	1162999
71	U	9006866	7025332	1163000
71	U	9006866	7025332	1163001
71	U	9006866	7025332	1163002
71	U	9006866	7025333	1163003
71	U	9006866	7025333	1163004
71	U	9006866	7025334	1163005
71	U	9006866	7025334	1163006
71	U	9006866	7025335	1163009
71	U	9006866	7025335	1163010
71	U	9006866	7025336	1163011
71	U	9006866	7025336	1163012
71	U	9006866	7025336	1163013
71	U	9006866	7025337	1163014
71	U	9006866	7025337	1163015
71	U	9006866	7025338	1163017
71	U	9006866	7025338	1163018
70	U	9006866	7025338	1163019
71	U	9006866	7025339	1163022
71	U	9006866	7025339	1163023
71	U	9006866	7025340	1163024
71	U	9006866	7025340	1163025
71	U	9006866	7025341	1163026
71	U	9006866	7025341	1163027
71	U	9006866	7025342	1163028
71	U	9006866	7025342	1163029
71	U	9006866	7025342	1163030
71	U	9006866	7025343	1163031
71	U	9006866	7025343	1163032
71	U	9006866	7025344	1163033
71	U	9006866	7025344	1163034
71	U	9006866	7025345	1163035
71	U	9006866	7025345	1163036
71	U	9006866	7025345	1163037
71	U	9006866	7025346	1163038
71	U	9006866	7025346	1163039
71	U	9006866	7025347	1163040
71	U	9006866	7025347	1163041
71	U	9006866	7025348	1163042
71	U	9006866	7025348	1163043
71	U	9006866	7025349	1163044
71	U	9006866	7025349	1163045
	U	2009007034	2077097	261773
	U	2009007034	2077440	262116
	U	2009007034	2077653	262329
	U	2009007034	2078272	262948
	U	2009007034	2078308	262984
	U	2009007034	2078511	263187
	U	2009007034	2078705	263381
	U	2009007034	2078963	263639
	U	2009007034	2078986	263662
	U	2009007034	2079033	263709
	U	2009007034	2079247	263923
	U	2009007034	2079366	264042
	U	2009007034	2079373	264049
	U	2009007034	2079458	264134
	U	2009007034	2079697	264373
	U	2009007034	2080010	264686
	U	2009007034	2080014	264690
	U	2009007034	2080175	264851
	U	2009007034	2080381	265057
	U	2009007034	2080448	265124
	U	2009007034	2080579	265255
	U	2009007034	2080634	265310
	U	2009007034	2080645	265321
	U	2009007034	2080689	265365
	U	2009007034	2080734	265410
	U	2009007034	2080800	265476
	U	2009007034	2081067	265743
	U	2009007034	2081279	265955
	U	2009007034	2081318	265994
	U	2009007034	2081724	266400
	U	2009007034	2082071	266747
	U	2009007034	2082096	266772
	U	2009007034	2082263	266939
	U	2009007034	2082339	267015
	U	2009007034	2082633	267309
	U	2009007034	2083074	267750
	U	2009007034	2083647	268323
	U	2009007034	2083685	268361
	U	2009007034	2083726	268402
	U	2009007034	2084119	268795
	U	2009007034	2084366	269042
	U	2009007034	2084514	269190
	U	2009007034	2085100	269776
	U	2009007034	2085280	269956
	U	2009007034	2085390	270066
	U	2009007034	2085407	270083
	U	2009007034	2085921	270597
	U	2009007034	2086036	270712
	U	2009007034	2086249	270925
	U	2009007034	2086544	271220
	U	2009007034	2087288	271964
	U	2009007034	2087632	272308
	U	2009007034	2087932	272608
	U	2009007034	2087960	272636
	U	2009007034	2088232	272908
	U	2009007034	2088340	273016
	U	2009007034	2088593	273269
	U	2009007034	2088603	273279
	U	2009007034	2088616	273292
	U	2009007034	2089059	273735
	U	2009007034	2089266	273942
	U	2009007034	2089364	274040
	U	2009007034	2089450	274126
	U	2009007034	2089784	274460
	U	2009007034	2089890	274566
	U	2009007034	2089931	274607
	U	2009007034	2090055	274731
	U	2009007034	2090127	274803
	U	2009007034	2090471	275147
	U	2009007034	2090664	275340
	U	2009007034	2090697	275373
	U	2009007034	2090827	275503
	U	2009007034	2090935	275611
	U	2009007034	2091135	275811
	U	2009007034	2091511	276187
	U	2009007034	2091544	276220
	U	2009007034	2092091	276767
	U	2009007034	2092138	276814
	U	2009007034	2092204	276880
	U	2009007034	2092240	276916
	U	2009007034	2092860	277536
	U	2009007034	2092942	277618
	U	2009007034	2093225	277901
	U	2009007034	2093235	277911
	U	2009007034	2093251	277927
	U	2009007034	2093375	278051
	U	2009007034	2093655	278331
	U	2009007034	2093662	278338
	U	2009007034	2093773	278449
	U	2009007034	2093795	278471
	U	2009007034	2093882	278558
	U	2009007034	2093963	278639
	U	2009007034	2094160	278836
	U	2009007034	2094196	278872
	U	2009007034	2094251	278927
	U	2009007034	2094420	279096
	U	2009007034	2094477	279153
	U	2009007034	2094492	279168
	U	2009007034	2094584	279260
	U	2009007034	2094838	279514
	U	2009007034	2094871	279547
	U	2009007034	2095046	279722
	U	2009007034	2095057	279733
	U	2009007034	2095067	279743
	U	2009007034	2095139	279815
	U	2009007034	2095308	279984
	U	2009007034	2095822	280498
	U	2009007034	2096423	281099
	U	2009007034	2096473	281149
	U	2009007034	2096614	281290
	U	2009007034	2096787	281463
	U	2009007034	2096948	281624
	U	2009007034	2097054	281730
	U	2009007034	2097067	281743
	U	2009007034	2097407	282083
	U	2009007034	2097478	282154
	U	2009007034	2097542	282218
	U	2009007034	2097926	282602
	U	2009007034	2098105	282781
	U	2009007034	2098520	283196
	U	2009007034	2098550	283226
	U	2009007034	2099401	284077
	U	2009007034	2100050	284726
	U	2009007034	2100224	284900
	U	2009007034	2101635	286311
	U	2009007034	2101960	286636
	U	2009007034	2102302	286978
	U	2009007034	2102320	286996
	U	2009007034	2102628	287304
	U	2009007034	2102844	287520
	U	2009007034	2103138	287814
	U	2009007034	2103213	287889
	U	2009007034	2103323	287999
	U	2009007034	2103426	288102
	U	2009007034	2103763	288439
	U	2009007034	2104105	288781
	U	2009007034	2104150	288826
	U	2009007034	2104381	289057
	U	2009007034	2104664	289340
	U	2009007034	2104845	289521
	U	2009007034	2105208	289884
	U	2009007034	2105298	289974
	U	2009007034	2105334	290010
	U	2009007034	2105578	290254
	U	2009007034	2106008	290684
	U	2009007034	2106087	290763
	U	2009007034	2106379	291055
	U	2009007034	2106601	291277
	U	2009007034	2106720	291396
	U	2009007034	2107238	291914
	U	2009007034	2108181	292857
	U	2009007034	2108339	293015
	U	2009007034	2108438	293114
	U	2009007034	2108451	293127
	U	2009007034	2108461	293137
	U	2009007034	2108658	293334
	U	2009007034	2108950	293626
	U	2009007034	2109025	293701
	U	2009007034	2109068	293744
	U	2009007034	2109192	293868
	U	2009007034	2109899	294575
	U	2009007034	2109979	294655
	U	2009007034	2110023	294699
	U	2009007034	2110100	294776
	U	2009007034	2110595	295271
	U	2009007034	2111506	296182
	U	2009007034	2112293	296969
	U	2009007034	2112349	297025
	U	2009007034	2112613	297289
	U	2009007034	2112641	297317
	U	2009007034	2112691	297367
	U	2009007034	2112853	297529
	U	2009007034	2112887	297563
	U	2009007034	2113183	297859
	U	2009007034	2113479	298155
	U	2009007034	7015790	298719
	U	2009007034	2114272	298948
	U	2009007034	2114614	299290
	U	2009007034	7015791	299364
	U	2009007034	2114765	299441
	U	2009007034	2114991	299667
	U	2009007034	2115017	299693
	U	2009007034	2115033	299709
	U	2009007034	2115317	299993
	U	2009007034	2115571	300247
	U	2009007034	2115632	300308
	U	2009007034	2115670	300346
	U	2009007034	2115704	300380
	U	2009007034	2115707	300383
	U	2009007034	2115908	300584
	U	2009007034	2116053	300729
	U	2009007034	2116523	301199
	U	2009007034	2116588	301264
	U	2009007034	2117350	302026
	U	2009007034	2118126	302802
	U	2009007034	2118854	303530
	U	2009007034	2119447	304123
	U	2009007034	2119746	304422
	U	2009007034	2120016	304692
	U	2009007034	2120258	304934
	U	2009007034	2120299	304975
	U	2009007034	2120398	305074
	U	2009007034	2120496	305172
	U	2009007034	2120619	305295
	U	2009007034	2120708	305384
	U	2009007034	2121071	305747
	U	2009007034	2121234	305910
	U	2009007034	2121320	305996
	U	2009007034	2121427	306103
	U	2009007034	2121849	306525
	U	2009007034	2121916	306592
	U	2009007034	2122558	307234
	U	2009007034	2122615	307291
	U	2009007034	2122673	307349
	U	2009007034	7002674	312341
	U	2009007034	7002855	312396
	U	2009007034	7003032	312448
	U	2009007034	7003033	312452
	U	2009007034	7003613	312561
	U	2009007034	7003705	312622
	U	2009007034	7003746	312635
	U	2009007034	7003758	312657
	U	2009007034	7003770	312683
	U	2009007034	7010608	312762
	U	2009007034	1000926	312782
	U	2009007034	1000394	312974
	U	2009007034	7004298	312990
	U	2009007034	7004348	313095
	U	2009007034	7003451	313208
	U	2009007034	7004384	313224
	U	2009007034	7004537	313278
	U	2009007034	7000850	313313
	U	2009007034	7000834	313340
	U	2009007034	7001058	313407
	U	2009007034	7005113	313490
	U	2009007034	7005358	313783
	U	2009007034	7005361	313788
	U	2009007034	7005395	313822
	U	2009007034	7005412	313852
	U	2009007034	1000662	313954
	U	2009007034	7005583	314044
	U	2009007034	7005601	314052
	U	2009007034	1000576	314079
	U	2009007034	7005679	314135
	U	2009007034	7002650	314269
	U	2009007034	1000641	314293
	U	2009007034	1000773	314297
	U	2009007034	1001518	314349
	U	2009007034	1000742	314431
	U	2009007034	1000667	314436
	U	2009007034	7006240	314535
	U	2009007034	1001160	314603
	U	2009007034	1001210	314608
	U	2009007034	1001253	314609
	U	2009007034	7018761	314651
	U	2009007034	7006434	314755
	U	2009007034	1000508	314864
	U	2009007034	1001172	314869
	U	2009007034	1000654	314873
	U	2009007034	1001585	314878
	U	2009007034	7006493	314886
	U	2009007034	7006510	314920
	U	2009007034	7006512	314925
	U	2009007034	7006513	314927
	U	2009007034	7006545	314940
	U	2009007034	7006552	314947
	U	2009007034	7006554	314955
	U	2009007034	7006567	314982
	U	2009007034	7006596	315006
163	U	9006866	7027713	1170478
163	U	9006866	7027713	1170479
163	U	9006866	7027714	1170481
163	U	9006866	7027714	1170482
168	U	9006866	7027715	1170483
168	U	9006866	7027715	1170484
168	U	9006866	7027716	1170485
168	U	9006866	7027716	1170486
168	U	9006866	7027716	1170487
168	U	9006866	7027716	1170488
168	U	9006866	7027716	1170489
168	U	9006866	7027716	1170490
168	U	9006866	7027717	1170491
168	U	9006866	7027717	1170492
168	U	9006866	7027717	1170493
168	U	9006866	7027718	1170494
168	U	9006866	7027718	1170495
168	U	9006866	7027718	1170496
168	U	9006866	7027719	1170497
168	U	9006866	7027719	1170498
168	U	9006866	7027720	1170500
168	U	9006866	7027720	1170501
168	U	9006866	7027720	1170502
168	U	9006866	7027721	1170503
168	U	9006866	7027721	1170504
168	U	9006866	7027722	1170505
168	U	9006866	7027722	1170506
168	U	9006866	7027723	1170507
168	U	9006866	7027723	1170508
168	U	9006866	7027723	1170509
168	U	9006866	7027724	1170510
168	U	9006866	7027724	1170511
168	U	9006866	7027725	1170512
168	U	9006866	7027725	1170513
168	U	9006866	7027725	1170514
168	U	9006866	7027726	1170515
168	U	9006866	7027726	1170516
168	U	9006866	7027726	1170517
168	U	9006866	7027727	1170518
168	U	9006866	7027727	1170519
168	U	9006866	7027728	1170520
168	U	9006866	7027728	1170521
168	U	9006866	7027730	1170524
168	U	9006866	7027730	1170525
168	U	9006866	7027731	1170526
168	U	9006866	7027731	1170527
168	U	9006866	7027732	1170528
168	U	9006866	7027732	1170529
168	U	9006866	7027733	1170530
168	U	9006866	7027733	1170531
168	U	9006866	7027734	1170532
168	U	9006866	7027734	1170533
168	U	9006866	7027735	1170534
168	U	9006866	7027735	1170535
168	U	9006866	7027735	1170536
168	U	9006866	7027736	1170537
168	U	9006866	7027736	1170538
168	U	9006866	7027737	1170540
168	U	9006866	7027737	1170541
168	U	9006866	7027738	1170542
168	U	9006866	7027738	1170543
168	U	9006866	7027739	1170544
168	U	9006866	7027739	1170545
168	U	9006866	7027740	1170546
168	U	9006866	7027740	1170547
168	U	9006866	7027740	1170548
168	U	9006866	7027741	1170550
168	U	9006866	7027741	1170551
168	U	9006866	7027741	1170552
168	U	9006866	7027741	1170553
168	U	9006866	7027742	1170554
168	U	9006866	7027742	1170555
168	U	9006866	7027742	1170556
168	U	9006866	7027742	1170557
168	U	9006866	7027743	1170558
168	U	9006866	7027743	1170559
168	U	9006866	7027743	1170560
168	U	9006866	7027743	1170561
168	U	9006866	7027744	1170562
168	U	9006866	7027744	1170563
168	U	9006866	7027744	1170564
168	U	9006866	7027744	1170565
168	U	9006866	7027745	1170566
168	U	9006866	7027745	1170567
168	U	9006866	7027745	1170568
168	U	9006866	7027746	1170573
168	U	9006866	7027746	1170574
168	U	9006866	7027747	1170575
168	U	9006866	7027747	1170576
168	U	9006866	7027749	1170577
168	U	9006866	7027749	1170578
168	U	9006866	7027750	1170583
168	U	9006866	7027750	1170584
168	U	9006866	7027751	1170585
168	U	9006866	7027751	1170586
168	U	9006866	7027752	1170587
168	U	9006866	7027752	1170588
168	U	9006866	7027752	1170589
168	U	9006866	7027753	1170590
168	U	9006866	7027753	1170591
168	U	9006866	7027754	1170592
168	U	9006866	7027754	1170593
168	U	9006866	7027754	1170594
168	U	9006866	7027755	1170595
168	U	9006866	7027755	1170596
168	U	9006866	7027755	1170597
168	U	9006866	7027756	1170598
168	U	9006866	7027756	1170599
168	U	9006866	7027757	1170601
168	U	9006866	7027757	1170602
168	U	9006866	7027758	1170604
168	U	9006866	7027758	1170605
168	U	9006866	7027759	1170606
168	U	9006866	7027759	1170607
168	U	9006866	7027760	1170608
168	U	9006866	7027760	1170609
168	U	9006866	7027761	1170610
168	U	9006866	7027761	1170611
168	U	9006866	7027762	1170612
168	U	9006866	7027762	1170613
168	U	9006866	7027762	1170614
168	U	9006866	7027762	1170615
168	U	9006866	7027762	1170616
168	U	9006866	7027763	1170617
168	U	9006866	7027763	1170618
168	U	9006866	7027764	1170623
168	U	9006866	7027764	1170624
168	U	9006866	7027765	1170625
168	U	9006866	7027765	1170626
168	U	9006866	7027766	1170627
168	U	9006866	7027766	1170628
168	U	9006866	7027767	1170629
168	U	9006866	7027767	1170630
168	U	9006866	7027768	1170631
168	U	9006866	7027768	1170632
168	U	9006866	7027769	1170633
168	U	9006866	7027769	1170634
168	U	9006866	7027770	1170635
168	U	9006866	7027770	1170636
168	U	9006866	7027771	1170637
168	U	9006866	7027771	1170638
168	U	9006866	7027771	1170639
168	U	9006866	7027771	1170640
168	U	9006866	7027772	1170641
168	U	9006866	7027772	1170642
168	U	9006866	7027772	1170643
168	U	9006866	7027773	1170645
168	U	9006866	7027773	1170646
168	U	9006866	7027774	1170647
168	U	9006866	7027774	1170648
168	U	9006866	7027775	1170649
168	U	9006866	7027775	1170650
168	U	9006866	7027776	1170651
168	U	9006866	7027776	1170652
168	U	9006866	7027777	1170654
168	U	9006866	7027777	1170655
168	U	9006866	7027777	1170656
168	U	9006866	7027777	1170657
168	U	9006866	7027778	1170660
168	U	9006866	7027778	1170661
168	U	9006866	7027778	1170662
169	U	9006866	7027779	1170663
169	U	9006866	7027779	1170664
169	U	9006866	7027780	1170665
169	U	9006866	7027780	1170666
169	U	9006866	7027781	1170667
169	U	9006866	7027781	1170668
169	U	9006866	7027782	1170669
169	U	9006866	7027782	1170670
169	U	9006866	7027782	1170671
169	U	9006866	7027783	1170672
169	U	9006866	7027783	1170673
169	U	9006866	7027784	1170674
169	U	9006866	7027784	1170675
169	U	9006866	7027784	1170677
169	U	9006866	7027785	1170678
169	U	9006866	7027785	1170679
169	U	9006866	7027786	1170680
169	U	9006866	7027786	1170681
169	U	9006866	7027786	1170682
169	U	9006866	7027787	1170683
169	U	9006866	7027787	1170684
169	U	9006866	7027788	1170689
169	U	9006866	7027788	1170690
169	U	9006866	7027789	1170691
169	U	9006866	7027789	1170692
169	U	9006866	7027791	1170697
169	U	9006866	7027791	1170698
169	U	9006866	7027792	1170699
169	U	9006866	7027792	1170700
169	U	9006866	7027793	1170701
169	U	9006866	7027793	1170702
169	U	9006866	7027794	1170703
169	U	9006866	7027794	1170705
169	U	9006866	7027795	1170706
169	U	9006866	7027795	1170707
169	U	9006866	7027795	1170708
169	U	9006866	7027796	1170710
169	U	9006866	7027796	1170711
169	U	9006866	7027797	1170714
169	U	9006866	7027797	1170715
169	U	9006866	7027798	1170716
169	U	9006866	7027798	1170717
169	U	9006866	7027799	1170719
169	U	9006866	7027799	1170720
169	U	9006866	7027800	1170721
169	U	9006866	7027800	1170722
169	U	9006866	7027800	1170723
169	U	9006866	7027801	1170724
169	U	9006866	7027801	1170725
169	U	9006866	7027802	1170726
169	U	9006866	7027802	1170727
169	U	9006866	7027802	1170728
169	U	9006866	7027803	1170729
169	U	9006866	7027803	1170730
169	U	9006866	7027804	1170731
169	U	9006866	7027804	1170732
169	U	9006866	7027804	1170733
169	U	9006866	7027805	1170734
169	U	9006866	7027805	1170735
169	U	9006866	7027805	1170736
167	U	9006866	7027806	1170737
169	U	9006866	7027806	1170738
169	U	9006866	7027806	1170739
169	U	9006866	7027806	1170740
169	U	9006866	7027807	1170741
169	U	9006866	7027807	1170742
169	U	9006866	7027808	1170743
169	U	9006866	7027808	1170744
169	U	9006866	7027809	1170745
169	U	9006866	7027809	1170746
169	U	9006866	7027810	1170747
169	U	9006866	7027810	1170748
169	U	9006866	7027810	1170749
169	U	9006866	7027811	1170750
169	U	9006866	7027811	1170751
169	U	9006866	7027811	1170752
169	U	9006866	7027812	1170755
169	U	9006866	7027812	1170756
169	U	9006866	7027812	1170757
169	U	9006866	7027812	1170758
169	U	9006866	7027813	1170759
174	U	9006866	7028091	1171648
174	U	9006866	7028091	1171649
174	U	9006866	7028092	1171651
174	U	9006866	7028092	1171652
174	U	9006866	7028092	1171653
174	U	9006866	7028093	1171654
174	U	9006866	7028093	1171655
174	U	9006866	7028094	1171657
174	U	9006866	7028094	1171658
174	U	9006866	7028095	1171659
174	U	9006866	7028095	1171660
174	U	9006866	7028096	1171661
174	U	9006866	7028096	1171662
174	U	9006866	7028096	1171663
174	U	9006866	7028097	1171664
173	U	9006866	7028097	1171665
174	U	9006866	7028098	1171667
174	U	9006866	7028098	1171668
174	U	9006866	7028099	1171669
174	U	9006866	7028099	1171670
174	U	9006866	7028100	1171671
174	U	9006866	7028100	1171672
44	U	9006866	4007174	1161528
44	U	9006866	4012379	155858
175	N	9006866	7028106	1001171684
175	N	9006866	7028106	1001171683
175	P	9006866	7028106	1001171681
175	N	9006866	7028106	1001171682
175	N	9006866	7028108	1001171688
175	N	9006866	7028108	1001171687
174	U	9006866	7028116	1001171706
174	U	9006866	7028116	1001171707
174	P	9006866	7028117	1001171708
174	U	9006866	7028117	1001171709
174	P	9006866	7028118	1001171712
174	N	9006866	7028120	1001171717
174	P	9006866	7028119	1001171714
174	N	9006866	7028119	1001171715
174	P	9006866	7028120	1001171716
174	N	9006866	7028119	1001171719
174	N	9006866	7028119	1001171718
174	N	9006866	7010742	1001171720
174	P	9006866	7028121	1001171721
174	N	9006866	7028121	1001171722
	N	2009007070	7024074	1157514
	N	2009007069	7024074	1157514
vol.97, no. 2, 4/93	U	9006719	7026156	1165922
vol.97, no.2, 4/93	U	9006719	7026156	1165923
vol.97, no. 2, 4/93	U	9006719	7026158	1165927
Ellis, RS, LXXXVI/3 (July 1982), 319-322	U	9001507	4004590	148011
vol. 103, no. 3, July '99	U	9001507	7026138	1165879
	N	2009007066	1003578	3744
XII, 303	U	9006409	1100052	328098
	U	9006409	7006266	42964
	U	9006409	7010486	4964
XII, 305	U	9006409	7018628	328105
"Kerckhove." 20/168	N	9006409	7007972	1001175042
	N	9006409	1003578	3744
	N	9006409	7017874	320515
	N	2009007034	7028167	1001171871
	P	2009007034	7028167	1001171870
	P	2009007034	7028181	1001171924
	N	2009007034	7028181	1001171925
	N	2009007034	7028184	1001171935
	P	2009007034	7028184	1001171934
	N	2009007034	7028190	1001171959
	P	2009007034	7028190	1001171958
	N	2009007034	1005504	1001172145
	N	2009007034	7028256	1001172199
	P	2009007034	7028256	1001172194
	N	2009007034	7028277	1001172285
	P	2009007034	7028277	1001172284
	P	2009007034	7028317	1001172425
	N	2009007034	7028317	1001172426
	P	2009007034	7028323	1001172444
	N	2009007034	7028323	1001172446
	N	2009007034	7028329	1001172469
	P	2009007034	7028329	1001172468
	N	2009007034	7028441	1001172922
	P	2009007034	7028441	1001172921
	P	2009007034	4005155	1001173043
	N	2009007034	4005155	1001173045
	N	2009007034	7028527	1001173273
	P	2009007034	7028527	1001173275
	P	2009007034	7028530	1001173282
	N	2009007034	7028530	1001173284
	P	2009007034	7028541	1001173349
	AP	2009007034	7028541	1001173357
	AP	2009007034	7028557	1001173424
	P	2009007034	7028557	1001173423
	AP	2009007034	7028572	1001173484
	P	2009007034	7028572	1001173483
	P	2009007034	7028573	1001173486
	AP	2009007034	7028573	1001173488
	N	2009007034	1030852	1001173800
	N	2009007034	7028651	1001173805
	P	2009007034	7028651	1001173802
	U	2009007034	7028999	1001174413
	N	2009007034	4011500	1001175195
	N	2009007034	4011499	1001175196
	N	2009007034	4011498	1001175200
	N	2009007034	4011497	1001175201
	N	2009007034	4011496	1001175203
	N	2009007034	4011495	1001175205
	N	2009007034	7029372	1001175225
	N	2009007034	7029380	1001175253
	N	2009007034	1003614	1001175300
	N	2009007034	7019028	1001175302
	N	2009007034	7029437	1001175469
	N	2009007034	1000001	1001175482
	N	2009007034	7029440	1001175483
	N	2009007034	6004165	1001175486
	N	2009007034	7029441	1001175487
	N	2009007034	7024273	1001175491
	N	2009007034	7018395	327532
	N	2009007034	7018396	327534
	N	2009007034	7018394	327530
	N	2009007034	1002092	158578
	N	2009007034	1002058	158577
	N	2009007034	1002085	158579
	N	2009007034	1002057	327537
	N	2009007034	1002055	327535
	N	2009007034	7029446	1001175510
	N	2009007034	7029445	1001175508
	N	2009007034	7029447	1001175512
	N	2009007034	7029448	1001175514
	N	2009007034	1007984	1001175543
	U	2009007034	1000000	0
	U	2009007034	1010800	11070
	U	2009007034	1012444	12714
	U	2009007034	1024716	25027
	U	2009007034	1052376	52936
	U	2009007034	1099972	100937
	U	2009007034	1099988	100953
	U	2009007034	1100011	100977
	U	2009007034	1100324	101301
	U	2009007034	1100446	101425
	U	2009007034	1100992	101993
	U	2009007034	1101265	102268
	U	2009007034	1102608	103616
	U	2009007034	1102854	103862
	U	2009007034	1103229	104237
	U	2009007034	7017044	107183
	U	2009007034	1108697	109790
	U	2009007034	1109770	110903
	U	2009007034	1110343	111486
	U	2009007034	1110354	111497
	U	2009007034	1110944	112092
	U	2009007034	1111621	112788
	U	2009007034	1111698	112865
	U	2009007034	1111905	113073
	U	2009007034	1123936	125365
	U	2009007034	1130554	132257
	U	2009007034	7000004	141159
	U	2009007034	7000777	141177
	U	2009007034	7000026	141181
	U	2009007034	7002432	141193
	U	2009007034	7002407	141195
	U	2009007034	7000760	141199
	U	2009007034	7002428	141215
	U	2009007034	7000762	141217
	U	2009007034	7000088	141264
	U	2009007034	7000090	141266
	U	2009007034	7002396	141288
	U	2009007034	7001572	141289
	U	2009007034	7001630	141337
	U	2009007034	7001678	141345
	U	2009007034	7003166	141377
	U	2009007034	7001653	141472
	U	2009007034	1001088	141533
	U	2009007034	1001114	141537
	U	2009007034	1001335	141542
	U	2009007034	1001186	141559
	U	2009007034	1001722	141574
	U	2009007034	1001542	141578
	U	2009007034	7000714	141607
	U	2009007034	7001676	141660
	U	2009007034	1010341	141664
	U	2009007034	1000952	141665
	U	2009007034	1000488	141670
	U	2009007034	1008740	141706
	U	2009007034	1001661	141734
	U	2009007034	1001646	141735
	U	2009007034	1001713	143100
	U	2009007034	7001640	143136
	U	2009007034	7000188	143247
	U	2009007034	1002108	143286
	U	2009007034	7003488	146362
	U	2009007034	1001283	158468
	U	2009007034	1001150	158484
	U	2009007034	1002000	158503
	U	2009007034	1002056	158589
	U	2009007034	7000718	158701
	U	2009007034	1000985	158703
	U	2009007034	1000993	158718
	U	2009007034	1000962	158729
	U	2009007034	1001035	158732
	U	2009007034	1001032	158733
	U	2009007034	7002021	158742
	U	2009007034	1001899	158831
	U	2009007034	6000847	166166
	U	2009007034	6000848	166167
	U	2009007034	6002101	167420
	U	2009007034	6003216	168535
	U	2009007034	7010193	168984
	U	2009007034	6004430	169749
	U	2009007034	6004954	170273
	U	2009007034	6005175	170494
	U	2009007034	6005399	170718
	U	2009007034	6006222	171541
	U	2009007034	6006273	171592
	U	2009007034	6006418	171737
	U	2009007034	6006448	171767
	U	2009007034	6006748	172067
	U	2009007034	7000719	174718
	U	2009007034	1006750	175115
	U	2009007034	1001351	181439
	U	2009007034	1001512	181450
	U	2009007034	1001562	181468
	U	2009007034	1001710	181476
	U	2009007034	1001760	181480
	U	2009007034	1001750	181484
	U	2009007034	1001688	181485
	U	2009007034	1002077	181600
	U	2009007034	7000541	181617
	U	2009007034	7000543	181631
	U	2009007034	7000548	181657
	U	2009007034	1002118	181777
	U	2009007034	1002091	181786
	U	2009007034	7000607	181836
	U	2009007034	7000698	181988
	U	2009007034	1000591	182019
	U	2009007034	1000664	182028
	U	2009007034	1000623	182030
	U	2009007034	1000586	182034
	U	2009007034	1000535	182035
	U	2009007034	1000530	182037
	U	2009007034	1000608	182066
	U	2009007034	7000790	182097
	U	2009007034	7000795	182102
	U	2009007034	1000858	182146
	U	2009007034	1000872	182148
	U	2009007034	1000978	182242
	U	2009007034	7000870	182252
	U	2009007034	1001016	182289
	U	2009007034	7000903	182295
	U	2009007034	7000907	182307
	U	2009007034	7000912	182317
	U	2009007034	7000920	182333
	U	2009007034	7000924	182342
	U	2009007034	7000954	182408
	U	2009007034	7000962	182423
	U	2009007034	7000976	182450
	U	2009007034	2070511	255187
	U	2009007034	2070606	255282
	U	2009007034	2071208	255884
	U	2009007034	2071324	256000
	U	2009007034	2071366	256042
	U	2009007034	2071432	256108
	U	2009007034	2071997	256673
	U	2009007034	2072006	256682
	U	2009007034	2072024	256700
	U	2009007034	2072052	256728
	U	2009007034	2072161	256837
	U	2009007034	2072256	256932
	U	2009007034	2072857	257533
	U	2009007034	2072978	257654
	U	2009007034	2073422	258098
	U	2009007034	2073727	258403
	U	2009007034	2073740	258416
	U	2009007034	2073775	258451
	U	2009007034	2073971	258647
	U	2009007034	2074255	258931
	U	2009007034	2074750	259426
	U	2009007034	2074756	259432
	U	2009007034	2075021	259697
	U	2009007034	2075682	260358
	U	2009007034	2076244	260920
	U	2009007034	2076318	260994
	U	2009007034	2076879	261555
	U	2009007034	2077059	261735
	U	2009007034	2077187	261863
	U	2009007034	2077250	261926
	U	2009007034	2077323	261999
	U	2009007034	2078159	262835
	U	2009007034	2078252	262928
	U	2009007034	2078340	263016
	U	2009007034	2078374	263050
	U	2009007034	2078388	263064
	U	2009007034	2078433	263109
	U	2009007034	2078565	263241
	U	2009007034	2078575	263251
	U	2009007034	2078820	263496
	U	2009007034	2078994	263670
	U	2009007034	2079168	263844
	U	2009007034	2079258	263934
	U	2009007034	2079310	263986
	U	2009007034	2079317	263993
	U	2009007034	2079567	264243
	U	2009007034	2079971	264647
	U	2009007034	2080289	264965
	U	2009007034	2080337	265013
	U	2009007034	2080468	265144
	U	2009007034	2080721	265397
	U	2009007034	2080821	265497
	U	2009007034	2080834	265510
	U	2009007034	2080977	265653
	U	2009007034	2081485	266161
	U	2009007034	2081534	266210
	U	2009007034	2081994	266670
	U	2009007034	2082052	266728
	U	2009007034	2082191	266867
	U	2009007034	2082269	266945
	U	2009007034	2082532	267208
	U	2009007034	2082656	267332
	U	2009007034	2082684	267360
	U	2009007034	2083110	267786
	U	2009007034	2083483	268159
	U	2009007034	2083706	268382
	U	2009007034	2084027	268703
	U	2009007034	2084302	268978
	U	2009007034	2084362	269038
	U	2009007034	2084572	269248
	U	2009007034	2084817	269493
	U	2009007034	2085456	270132
	U	2009007034	2085504	270180
	U	2009007034	2085623	270299
	U	2009007034	2085746	270422
	U	2009007034	2086164	270840
	U	2009007034	2086198	270874
	U	2009007034	2086325	271001
	U	2009007034	2086789	271465
	U	2009007034	2087067	271743
	U	2009007034	2087193	271869
	U	2009007034	2087258	271934
	U	2009007034	2087311	271987
	U	2009007034	2087558	272234
	U	2009007034	2087676	272352
	U	2009007034	2087690	272366
	U	2009007034	2087732	272408
	U	2009007034	2088141	272817
	U	2009007034	2088251	272927
	U	2009007034	2088292	272968
	U	2009007034	2088298	272974
	U	2009007034	2088718	273394
	U	2009007034	2088784	273460
	U	2009007034	2089143	273819
	U	2009007034	2089387	274063
	U	2009007034	2089593	274269
	U	2009007034	2089846	274522
	U	2009007034	2090019	274695
	U	2009007034	2090075	274751
	U	2009007034	2090108	274784
	U	2009007034	2090308	274984
	U	2009007034	2090450	275126
	U	2009007034	2090643	275319
	U	2009007034	2090754	275430
	U	2009007034	2090907	275583
	U	2009007034	2091079	275755
	U	2009007034	2091373	276049
	U	2009007034	2091537	276213
	U	2009007034	2091657	276333
	U	2009007034	2091791	276467
	U	2009007034	2091906	276582
	U	2009007034	2091962	276638
	U	2009007034	2092599	277275
	U	2009007034	2092630	277306
	U	2009007034	2092848	277524
	U	2009007034	2093506	278182
	U	2009007034	2093540	278216
	U	2009007034	2093701	278377
	U	2009007034	2093997	278673
	U	2009007034	2094003	278679
	U	2009007034	2094012	278688
	U	2009007034	2094059	278735
	U	2009007034	2094085	278761
	U	2009007034	2094301	278977
	U	2009007034	2094523	279199
	U	2009007034	2094594	279270
	U	2009007034	2094935	279611
	U	2009007034	2095339	280015
	U	2009007034	2095575	280251
	U	2009007034	2095855	280531
	U	2009007034	2095914	280590
	U	2009007034	2096397	281073
	U	2009007034	2096451	281127
	U	2009007034	2096585	281261
	U	2009007034	2096588	281264
	U	2009007034	2096881	281557
	U	2009007034	2096931	281607
	U	2009007034	2098294	282970
	U	2009007034	2098337	283013
	U	2009007034	2098714	283390
	U	2009007034	2098773	283449
	U	2009007034	2098803	283479
	U	2009007034	2098918	283594
	U	2009007034	2099037	283713
	U	2009007034	2099249	283925
	U	2009007034	2099261	283937
	U	2009007034	2099481	284157
	U	2009007034	2100275	284951
	U	2009007034	2100505	285181
	U	2009007034	2100714	285390
	U	2009007034	2100873	285549
	U	2009007034	2101413	286089
	U	2009007034	2101579	286255
	U	2009007034	2101607	286283
	U	2009007034	2102315	286991
	U	2009007034	2102551	287227
	U	2009007034	2102689	287365
	U	2009007034	2102880	287556
	U	2009007034	2103970	288646
	U	2009007034	2104276	288952
	U	2009007034	2105182	289858
	U	2009007034	2105611	290287
	U	2009007034	2105788	290464
	U	2009007034	2105927	290603
	U	2009007034	2106111	290787
	U	2009007034	2106206	290882
	U	2009007034	2107110	291786
	U	2009007034	2107127	291803
	U	2009007034	2108794	293470
	U	2009007034	2108929	293605
	U	2009007034	2109010	293686
	U	2009007034	2109473	294149
	U	2009007034	2109496	294172
	U	2009007034	2110198	294874
	U	2009007034	2110690	295366
	U	2009007034	2110704	295380
	U	2009007034	2110878	295554
	U	2009007034	2111163	295839
	U	2009007034	2111286	295962
	U	2009007034	2111342	296018
	U	2009007034	2111570	296246
	U	2009007034	2111837	296513
	U	2009007034	2111927	296603
	U	2009007034	2112044	296720
	U	2009007034	2112433	297109
	U	2009007034	2112671	297347
	U	2009007034	2112725	297401
	U	2009007034	2112997	297673
	U	2009007034	2113718	298394
	U	2009007034	2113763	298439
	U	2009007034	2114103	298779
	U	2009007034	2114126	298802
	U	2009007034	2114169	298845
	U	2009007034	2115000	299676
	U	2009007034	2115086	299762
	U	2009007034	2115228	299904
	U	2009007034	2115232	299908
	U	2009007034	2115352	300028
	U	2009007034	2115371	300047
	U	2009007034	2115434	300110
	U	2009007034	2115679	300355
	U	2009007034	2115754	300430
	U	2009007034	2115757	300433
	U	2009007034	2115762	300438
	U	2009007034	2115786	300462
	U	2009007034	2115823	300499
	U	2009007034	2115966	300642
	U	2009007034	2116029	300705
	U	2009007034	2116427	301103
	U	2009007034	2116647	301323
	U	2009007034	2116841	301517
	U	2009007034	2116866	301542
	U	2009007034	2117113	301789
	U	2009007034	2117169	301845
	U	2009007034	2117560	302236
	U	2009007034	2117774	302450
	U	2009007034	2117839	302515
	U	2009007034	2118606	303282
	U	2009007034	2118723	303399
	U	2009007034	2119043	303719
	U	2009007034	2119080	303756
	U	2009007034	2119229	303905
	U	2009007034	2119234	303910
	U	2009007034	2119846	304522
	U	2009007034	2120366	305042
	U	2009007034	2120723	305399
	U	2009007034	2120752	305428
	U	2009007034	2121201	305877
	U	2009007034	2121846	306522
	U	2009007034	2121887	306563
	U	2009007034	2122363	307039
	U	2009007034	7020012	307792
	U	2009007034	7002723	312274
	U	2009007034	7003363	312507
	U	2009007034	7003441	312530
	U	2009007034	7003531	312556
	U	2009007034	7003534	312558
	U	2009007034	7003745	312634
	U	2009007034	7003750	312640
	U	2009007034	7003755	312651
	U	2009007034	7003765	312662
	U	2009007034	7003819	312767
	U	2009007034	7010862	312776
	U	2009007034	7003826	312781
	U	2009007034	7010776	312788
	U	2009007034	7003921	312874
	U	2009007034	7004083	312936
	U	2009007034	7004355	313127
	U	2009007034	7004381	313205
	U	2009007034	7004385	313228
	U	2009007034	7000842	313312
	U	2009007034	1001243	313414
	U	2009007034	7005215	313593
	U	2009007034	7005240	313690
	U	2009007034	7005414	313856
	U	2009007034	7005416	313861
	U	2009007034	7005419	313870
	U	2009007034	7005449	313888
	U	2009007034	1000752	313991
	U	2009007034	7005705	314177
	U	2009007034	7005710	314184
	U	2009007034	7005736	314216
	U	2009007034	7002639	314260
	U	2009007034	1000685	314429
	U	2009007034	7018765	314649
	U	2009007034	7006426	314737
	U	2009007034	7006429	314745
	U	2009007034	7006433	314753
	U	2009007034	7006438	314763
52	U	9006866	1028561	1161703
52	U	9006866	1028561	1161704
160	U	9006866	1028565	28912
160	U	9006866	1028565	1169964
160	U	9006866	1028565	1169965
160	U	9006866	1028565	1169966
47	U	9006866	1028566	1161615
146	U	9006866	1028569	28916
146	U	9006866	1028569	1169359
111	U	9006866	1028574	28921
111	U	9006866	1028574	1167198
77	U	9006866	1028575	28922
77	U	9006866	1028575	1163321
100	U	9006866	1028580	28927
100	U	9006866	1028580	1165767
168	U	9006866	1028586	351064
168	U	9006866	1028586	1170658
168	U	9006866	1028586	1170659
125	U	9006866	1028591	28938
125	U	9006866	1028591	1168327
77	U	9006866	1028592	1163331
77	U	9006866	1028592	1163332
77	U	9006866	1028595	28942
77	U	9006866	1028595	1163339
77	U	9006866	1028595	1163340
77	U	9006866	1028595	1163341
100	U	9006866	1028596	28943
100	U	9006866	1028596	1165778
146	U	9006866	1028605	28952
146	U	9006866	1028605	1169364
78	U	9006866	1028608	28955
78	U	9006866	1028608	1163356
78	U	9006866	1028608	1163357
78	U	9006866	1028608	1163358
78	U	9006866	1028608	1163359
68	U	9006866	1028611	1162558
68	U	9006866	1028611	1162559
68	U	9006866	1028611	1162560
52	U	9006866	1028619	1161705
52	U	9006866	1028619	1161706
93	U	9006866	1028623	28970
93	U	9006866	1028623	1164909
93	U	9006866	1028623	1164910
100	U	9006866	1028629	28976
100	U	9006866	1028629	1165779
100	U	9006866	1028629	1165780
129	U	9006866	1028633	1168434
129	U	9006866	1028633	1168435
68	U	9006866	1028634	1162563
78	U	9006866	1028639	28986
78	U	9006866	1028639	1163375
93	U	9006866	1028650	28997
93	U	9006866	1028650	1164914
122	U	9006866	1028651	28998
122	U	9006866	1028651	1167925
112	U	9006866	1028653	29000
112	U	9006866	1028653	1167304
29	U	9006866	1028656	29003
29	U	9006866	1028656	1161391
29	U	9006866	1028656	1161392
129	U	9006866	1028659	29006
129	U	9006866	1028659	1168443
146	U	9006866	1028664	1169370
155	U	9006866	1028669	29016
107	U	9006866	1028669	1169710
155	U	9006866	1028669	1169711
136	U	9006866	1028671	29018
136	U	9006866	1028671	1168940
78	U	9006866	1028680	29027
78	U	9006866	1028680	1163415
78	U	9006866	1028680	1163416
100	U	9006866	1028687	29034
100	U	9006866	1028687	1166163
136	U	9006866	1028690	29037
136	U	9006866	1028690	1168943
136	U	9006866	1028690	1168944
169	U	9006866	1028695	29042
169	U	9006866	1028695	1170693
169	U	9006866	1028695	1170694
169	U	9006866	1028695	1170695
146	U	9006866	1028696	29043
146	U	9006866	1028696	1169371
169	U	9006866	1028712	1170709
169	U	9006866	1028721	29068
169	U	9006866	1028721	1170713
52	U	9006866	1028725	1161708
29	U	9006866	1028726	1161393
169	U	9006866	1028730	29077
169	U	9006866	1028730	1170718
59	U	9006866	1028734	1161837
59	U	9006866	1028734	1161838
59	U	9006866	1028737	29084
59	U	9006866	1028737	1161839
59	U	9006866	1028737	1161840
68	U	9006866	1028738	1162575
52	U	9006866	1028751	1161709
157	U	9006866	1028762	29109
160	U	9006866	1028762	1170000
160	U	9006866	1028762	1170001
155	U	9006866	1028767	29114
155	U	9006866	1028767	1169716
101	U	9006866	1028776	29123
101	U	9006866	1028776	1165808
101	U	9006866	1028776	1165809
101	U	9006866	1028776	1165810
42	U	9006866	1028780	29127
42	U	9006866	1028780	1161507
42	U	9006866	1028780	1161508
42	U	9006866	1028781	29128
42	U	9006866	1028781	1161509
42	U	9006866	1028781	1161510
146	U	9006866	1028783	1169376
146	U	9006866	1028790	29137
146	U	9006866	1028790	1169377
68	U	9006866	1028792	29139
68	U	9006866	1028792	1162578
93	U	9006866	1028794	1164954
93	U	9006866	1028795	1164955
146	U	9006866	1028797	29144
146	U	9006866	1028797	1169378
47	U	9006866	1028801	29148
47	U	9006866	1028801	1161621
52	U	9006866	1028807	29154
52	U	9006866	1028807	1161710
68	U	9006866	1028808	29155
68	U	9006866	1028808	1162582
68	U	9006866	1028808	1162583
42	U	9006866	1028814	1161511
137	U	9006866	1028816	29163
137	U	9006866	1028816	1168954
137	U	9006866	1028816	1168955
68	U	9006866	1028819	1162584
93	U	9006866	1028824	1164965
35	U	9006866	1028827	29174
35	U	9006866	1028827	1161432
101	U	9006866	1028828	29175
101	U	9006866	1028828	1165816
101	U	9006866	1028829	1165817
101	U	9006866	1028830	29177
101	U	9006866	1028830	1165818
147	U	9006866	1028833	29180
147	U	9006866	1028833	1169381
101; 104	U	9006866	1028841	29188
101	U	9006866	1028841	1165822
35	U	9006866	1028847	29194
35	U	9006866	1028847	1166818
35	U	9006866	1028847	1166819
79	U	9006866	1028853	29200
79	U	9006866	1028853	1163546
79	U	9006866	1028853	1163547
68	U	9006866	1028854	1162587
68	U	9006866	1028854	1162588
112	U	9006866	1028858	29205
112	U	9006866	1028858	1167335
29	U	9006866	1028863	1161395
155	U	9006866	1028866	29213
155	U	9006866	1028866	1169725
79	U	9006866	1028887	29234
79	U	9006866	1028887	1163564
79	U	9006866	1028887	1163565
68	U	9006866	1028888	1162593
155	U	9006866	1028895	29242
155	U	9006866	1028895	1169729
68	U	9006866	1028899	29246
68	U	9006866	1028899	1162596
101	U	9006866	1028904	1165936
169	U	9006866	1028913	1170788
169	U	9006866	1028913	1170789
79	U	9006866	1028916	29263
79	U	9006866	1028916	1163601
79	U	9006866	1028917	29264
79	U	9006866	1028917	1163613
79	U	9006866	1028917	1163614
47	U	9006866	1028919	29266
47	U	9006866	1028919	1161623
52	U	9006866	1028924	29271
52	U	9006866	1028924	1161713
169	U	9006866	1028926	29273
169	U	9006866	1028926	1170790
147	U	9006866	1028932	29279
147	U	9006866	1028932	1169389
147	U	9006866	1028932	1169390
93	U	9006866	1028940	29287
93	U	9006866	1028940	1164997
101	U	9006866	1028943	29290
101	U	9006866	1028943	1165950
47	U	9006866	1028950	1161624
52	U	9006866	1028960	1161714
29	U	9006866	1028962	29309
29	U	9006866	1028962	1161396
101	U	9006866	1028968	1165953
101	U	9006866	1028968	1165954
101	U	9006866	1028968	1165955
130	U	9006866	1028969	29316
130	U	9006866	1028969	1168478
130	U	9006866	1028969	1168479
52	U	9006866	1028972	1161715
169	U	9006866	1028991	29338
169	U	9006866	1028991	1170812
169	U	9006866	1028991	1170813
80	U	9006866	1028995	29342
80	U	9006866	1028995	1163653
80	U	9006866	1028995	1163654
52	U	9006866	1029000	29347
52	U	9006866	1029000	1161716
80	U	9006866	1029004	29351
80	U	9006866	1029004	1163660
80	U	9006866	1029004	1163661
36	U	9006866	1029006	1166827
147	U	9006866	1029009	1169398
155	U	9006866	1029010	29357
155	U	9006866	1029010	1169734
155	U	9006866	1029011	29358
155	U	9006866	1029011	1169735
123	U	9006866	1029012	1167968
101	U	9006866	1029013	29360
101	U	9006866	1029013	1165962
101	U	9006866	1029013	1165963
42	U	9006866	1029021	1166252
52	U	9006866	1029022	1161717
80	U	9006866	1029025	29372
80	U	9006866	1029025	1163683
80	U	9006866	1029025	1163684
59	U	9006866	1029033	29380
59	U	9006866	1029033	1161843
59	U	9006866	1029033	1161844
42	U	9006866	1029037	29384
42	U	9006866	1029037	1161512
160	U	9006866	1029045	29392
160	U	9006866	1029045	1170034
160	U	9006866	1029045	1170035
	U	9006866	1029060	29407
101	U	9006866	1029060	1165971
80	U	9006866	1029061	347071
80	U	9006866	1029061	1163706
80	U	9006866	1029061	1163707
80	U	9006866	1029061	1163708
80	U	9006866	1029061	1163709
170	U	9006866	1029063	1170839
170	U	9006866	1029063	1170840
170	U	9006866	1029063	1170841
101	U	9006866	1029072	347216
101	U	9006866	1029072	1165974
101	U	9006866	1029072	1165975
36	U	9006866	1029075	1166834
36	U	9006866	1029075	1166835
69	U	9006866	1029078	1162626
69	U	9006866	1029082	29429
69	U	9006866	1029082	1162630
	U	2009007034	2005861	190537
	U	2009007034	2005993	190669
	U	2009007034	2006076	190752
	U	2009007034	2006190	190866
	U	2009007034	2006781	191457
	U	2009007034	2006963	191639
	U	2009007034	2006973	191649
	U	2009007034	2007045	191721
	U	2009007034	2007139	191815
	U	2009007034	2009305	193981
	U	2009007034	2009959	194635
	U	2009007034	2009993	194669
	U	2009007034	2010154	194830
	U	2009007034	2010220	194896
	U	2009007034	2010239	194915
	U	2009007034	2010374	195050
	U	2009007034	2010503	195179
	U	2009007034	2010542	195218
	U	2009007034	2010567	195243
	U	2009007034	2010578	195254
	U	2009007034	2010594	195270
	U	2009007034	2010688	195364
	U	2009007034	2010730	195406
	U	2009007034	2010734	195410
	U	2009007034	2010753	195429
	U	2009007034	2010900	195576
	U	2009007034	2010913	195589
	U	2009007034	2011086	195762
	U	2009007034	2011175	195851
	U	2009007034	2011376	196052
	U	2009007034	2011519	196195
	U	2009007034	2011547	196223
	U	2009007034	2011645	196321
	U	2009007034	2011667	196343
	U	2009007034	2011772	196448
	U	2009007034	2011986	196662
	U	2009007034	2012218	196894
	U	2009007034	2012272	196948
	U	2009007034	2012662	197338
	U	2009007034	2012928	197604
	U	2009007034	2012975	197651
	U	2009007034	2013002	197678
	U	2009007034	2013079	197755
	U	2009007034	2013108	197784
	U	2009007034	2013133	197809
	U	2009007034	2013203	197879
	U	2009007034	2013241	197917
	U	2009007034	2013270	197946
	U	2009007034	2013320	197996
	U	2009007034	2013370	198046
	U	2009007034	2013422	198098
	U	2009007034	2013438	198114
	U	2009007034	2013502	198178
	U	2009007034	2013672	198348
	U	2009007034	2013709	198385
	U	2009007034	2013787	198463
	U	2009007034	2013820	198496
	U	2009007034	2013841	198517
	U	2009007034	2013970	198646
	U	2009007034	2014093	198769
	U	2009007034	2014101	198777
	U	2009007034	2014109	198785
	U	2009007034	2014129	198805
	U	2009007034	2014154	198830
	U	2009007034	2014164	198840
	U	2009007034	2014336	199012
	U	2009007034	2014381	199057
	U	2009007034	2014779	199455
	U	2009007034	2014801	199477
	U	2009007034	2014827	199503
	U	2009007034	2014835	199511
	U	2009007034	2014859	199535
	U	2009007034	2014917	199593
	U	2009007034	2015028	199704
	U	2009007034	2015073	199749
	U	2009007034	2015699	200375
	U	2009007034	2016636	201312
	U	2009007034	2016794	201470
	U	2009007034	2016968	201644
	U	2009007034	2016981	201657
	U	2009007034	2017047	201723
	U	2009007034	2017104	201780
	U	2009007034	2017147	201823
	U	2009007034	2017198	201874
	U	2009007034	2017248	201924
	U	2009007034	2017319	201995
	U	2009007034	2017322	201998
	U	2009007034	2017495	202171
	U	2009007034	2017546	202222
	U	2009007034	2017563	202239
	U	2009007034	2017576	202252
	U	2009007034	2017631	202307
	U	2009007034	2017673	202349
	U	2009007034	2017735	202411
	U	2009007034	2017981	202657
	U	2009007034	2018086	202762
	U	2009007034	2018181	202857
	U	2009007034	2018189	202865
	U	2009007034	2018593	203269
	U	2009007034	2018665	203341
	U	2009007034	2018927	203603
	U	2009007034	2018939	203615
	U	2009007034	2019074	203750
	U	2009007034	2019280	203956
	U	2009007034	2019381	204057
	U	2009007034	2019623	204299
	U	2009007034	2020138	204814
	U	2009007034	2020207	204883
	U	2009007034	2020383	205059
	U	2009007034	2020538	205214
	U	2009007034	2020548	205224
	U	2009007034	2020612	205288
	U	2009007034	2020673	205349
	U	2009007034	2020772	205448
	U	2009007034	2020799	205475
	U	2009007034	2020825	205501
	U	2009007034	2020850	205526
	U	2009007034	2020939	205615
	U	2009007034	2020951	205627
	U	2009007034	2021110	205786
	U	2009007034	2021195	205871
	U	2009007034	2021234	205910
	U	2009007034	2021587	206263
	U	2009007034	2021625	206301
	U	2009007034	2021707	206383
	U	2009007034	2021975	206651
	U	2009007034	2022488	207164
	U	2009007034	2022655	207331
	U	2009007034	2023017	207693
	U	2009007034	2023357	208033
	U	2009007034	2023805	208481
	U	2009007034	2023869	208545
	U	2009007034	2024544	209220
	U	2009007034	2024576	209252
	U	2009007034	2025042	209718
	U	2009007034	2025108	209784
	U	2009007034	2025148	209824
	U	2009007034	2025279	209955
	U	2009007034	2025641	210317
	U	2009007034	2025990	210666
	U	2009007034	2026317	210993
	U	2009007034	2026345	211021
	U	2009007034	2026491	211167
	U	2009007034	2026515	211191
	U	2009007034	2026574	211250
	U	2009007034	2026703	211379
	U	2009007034	2026893	211569
	U	2009007034	2026926	211602
	U	2009007034	2026931	211607
	U	2009007034	2026955	211631
	U	2009007034	2027342	212018
	U	2009007034	2027420	212096
	U	2009007034	2027458	212134
	U	2009007034	2027530	212206
	U	2009007034	2027556	212232
	U	2009007034	2027661	212337
	U	2009007034	2027704	212380
	U	2009007034	2027721	212397
	U	2009007034	2027764	212440
	U	2009007034	2028065	212741
	U	2009007034	2028115	212791
	U	2009007034	2028281	212957
	U	2009007034	2028312	212988
	U	2009007034	2028917	213593
	U	2009007034	2029034	213710
	U	2009007034	2029302	213978
	U	2009007034	2029512	214188
	U	2009007034	2029618	214294
	U	2009007034	2029663	214339
	U	2009007034	2029798	214474
	U	2009007034	2029968	214644
	U	2009007034	2029979	214655
	U	2009007034	2030085	214761
	U	2009007034	2030200	214876
	U	2009007034	2030247	214923
	U	2009007034	2030523	215199
	U	2009007034	2030647	215323
	U	2009007034	2031009	215685
	U	2009007034	2032055	216731
	U	2009007034	2032091	216767
	U	2009007034	2032260	216936
	U	2009007034	2032580	217256
	U	2009007034	2032919	217595
	U	2009007034	2033256	217932
	U	2009007034	2033670	218346
	U	2009007034	2033859	218535
	U	2009007034	2034091	218767
	U	2009007034	2034188	218864
	U	2009007034	2034356	219032
	U	2009007034	2034560	219236
	U	2009007034	2034575	219251
	U	2009007034	2034643	219319
	U	2009007034	2034795	219471
	U	2009007034	2034986	219662
	U	2009007034	2035283	219959
	U	2009007034	2035838	220514
	U	2009007034	2035923	220599
	U	2009007034	2037462	222138
	U	2009007034	2037491	222167
	U	2009007034	2037539	222215
	U	2009007034	2037675	222351
	U	2009007034	2038214	222890
	U	2009007034	2038275	222951
	U	2009007034	2038311	222987
	U	2009007034	2038410	223086
	U	2009007034	2038857	223533
	U	2009007034	2039267	223943
	U	2009007034	2039568	224244
	U	2009007034	2039786	224462
	U	2009007034	2040035	224711
	U	2009007034	2040039	224715
	U	2009007034	2040432	225108
	U	2009007034	2040825	225501
	U	2009007034	2040901	225577
	U	2009007034	2041084	225760
	U	2009007034	2041986	226662
	U	2009007034	2042225	226901
	U	2009007034	2042992	227668
	U	2009007034	2043012	227688
	U	2009007034	2043038	227714
	U	2009007034	2043087	227763
	U	2009007034	2043303	227979
	U	2009007034	2043527	228203
	U	2009007034	2043626	228302
	U	2009007034	2043889	228565
	U	2009007034	2043914	228590
	U	2009007034	2044100	228776
	U	2009007034	2044232	228908
	U	2009007034	2044441	229117
	U	2009007034	2044462	229138
	U	2009007034	2045929	230605
	U	2009007034	2046035	230711
	U	2009007034	2046181	230857
	U	2009007034	2046288	230964
	U	2009007034	2046546	231222
	U	2009007034	2046574	231250
	U	2009007034	2046701	231377
	U	2009007034	2046867	231543
	U	2009007034	2047410	232086
	U	2009007034	2047439	232115
	U	2009007034	2047484	232160
	U	2009007034	2047644	232320
	U	2009007034	2047719	232395
	U	2009007034	2047731	232407
	U	2009007034	2047735	232411
	U	2009007034	2047849	232525
	U	2009007034	2048431	233107
	U	2009007034	2048603	233279
	U	2009007034	2048781	233457
	U	2009007034	2048793	233469
	U	2009007034	2048818	233494
	U	2009007034	2049025	233701
	U	2009007034	2049230	233906
	U	2009007034	2049292	233968
	U	2009007034	2049317	233993
	U	2009007034	2049412	234088
	U	2009007034	2049508	234184
	U	2009007034	2049543	234219
	U	2009007034	2049646	234322
	U	2009007034	2049689	234365
	U	2009007034	2049777	234453
	U	2009007034	2049844	234520
	U	2009007034	2049905	234581
	U	2009007034	2049912	234588
	U	2009007034	2050106	234782
	U	2009007034	2050124	234800
	U	2009007034	2050191	234867
	U	2009007034	2050266	234942
	U	2009007034	2050291	234967
	U	2009007034	1003029	319016
	U	2009007034	2002131	319018
	U	2009007034	1002506	319036
	U	2009007034	1002912	319052
	U	2009007034	1002935	319055
	U	2009007034	2002145	319066
	U	2009007034	2002148	319069
	U	2009007034	2002163	319084
	U	2009007034	2002173	319094
	U	2009007034	7014344	319106
	U	2009007034	2002193	319114
	U	2009007034	1002785	319133
	U	2009007034	1002979	319139
	U	2009007034	2002245	319149
	U	2009007034	1002672	319162
	U	2009007034	2002310	319174
	U	2009007034	2002311	319175
	U	2009007034	2002323	319187
	U	2009007034	2002327	319191
	U	2009007034	2002329	319193
	U	2009007034	2002341	319205
	U	2009007034	2002350	319214
	U	2009007034	2002354	319218
	U	2009007034	2002367	319231
	U	2009007034	2002374	319238
	U	2009007034	2002375	319239
	U	2009007034	2002381	319245
	U	2009007034	2002382	319246
	U	2009007034	2002385	319249
	U	2009007034	2002265	319267
	U	2009007034	2002268	319270
	U	2009007034	2002270	319272
	U	2009007034	2002273	319275
	U	2009007034	2002275	319277
	U	2009007034	7010406	319358
	U	2009007034	7010429	319370
	U	2009007034	7010433	319374
	U	2009007034	7010450	319387
	U	2009007034	7010492	319396
	U	2009007034	7010599	319428
	U	2009007034	7010606	319430
	U	2009007034	7010660	319457
	U	2009007034	7017076	319674
	U	2009007034	7011088	319786
	U	2009007034	7011163	319838
	U	2009007034	7002735	319859
	U	2009007034	7002741	319861
	U	2009007034	7011369	319863
	U	2009007034	7011231	319949
	U	2009007034	7011023	319973
	U	2009007034	1109344	320092
	U	2009007034	7011769	320312
	U	2009007034	7011873	320396
	U	2009007034	7011647	320479
	U	2009007034	7011661	320482
	U	2009007034	7011347	320523
	U	2009007034	7002728	320546
	U	2009007034	7011648	320646
	U	2009007034	7012158	320735
	U	2009007034	7011478	320797
	U	2009007034	7012256	320835
	U	2009007034	1003123	321060
	U	2009007034	7012970	321100
	U	2009007034	7012977	321105
	U	2009007034	7013069	321156
	U	2009007034	7013111	321186
	U	2009007034	7013394	321582
	U	2009007034	7013579	321792
	U	2009007034	7013741	321873
	U	2009007034	1007804	321880
	U	2009007034	7013748	321881
	U	2009007034	7013754	321888
	U	2009007034	7013758	321892
	U	2009007034	7013834	321926
	U	2009007034	7013985	322008
	U	2009007034	7021921	322011
	U	2009007034	7014079	322013
	U	2009007034	7014740	322301
	U	2009007034	7014776	322331
	U	2009007034	7011552	322399
	U	2009007034	6000729	322400
	U	2009007034	7014837	322520
	U	2009007034	1001204	322590
	U	2009007034	1001521	322596
	U	2009007034	1001854	322604
	U	2009007034	7014893	322644
	U	2009007034	7014964	322757
	U	2009007034	1003404	322774
	U	2009007034	7002364	322781
	U	2009007034	7002363	322784
	U	2009007034	1003421	322797
	U	2009007034	7014970	322802
	U	2009007034	7014993	322833
	U	2009007034	7014998	322843
	U	2009007034	7015027	322871
	U	2009007034	7015066	322936
	U	2009007034	7015075	322955
	U	2009007034	7015077	322959
	U	2009007034	7015085	322964
	U	2009007034	7015091	322975
	U	2009007034	7015101	322995
	U	2009007034	7015105	323003
	U	2009007034	7015109	323011
	U	2009007034	7015118	323029
	U	2009007034	7015128	323049
	U	2009007034	7015143	323079
	U	2009007034	7015198	323246
	U	2009007034	7015202	323254
	U	2009007034	7015203	323256
	U	2009007034	7015219	323288
	U	2009007034	7015220	323290
	U	2009007034	7015230	323310
	U	2009007034	7015232	323314
	U	2009007034	7015238	323326
	U	2009007034	7015241	323332
	U	2009007034	7015268	323386
	U	2009007034	7015277	323402
	U	2009007034	7015281	323410
	U	2009007034	7015283	323412
	U	2009007034	7015429	323497
	U	2009007034	7015464	323527
	U	2009007034	7015564	323676
	U	2009007034	7015630	323774
	U	2009007034	1006606	323805
	U	2009007034	1007960	324656
	U	2009007034	7016092	324674
	U	2009007034	7016095	324677
	U	2009007034	1008675	324710
	U	2009007034	1006542	324711
	U	2009007034	1000943	324818
	U	2009007034	1000867	324819
	U	2009007034	7016418	324853
	U	2009007034	1001670	324887
	U	2009007034	7016593	324974
	U	2009007034	7016877	325105
	U	2009007034	7016880	325107
	U	2009007034	7016887	325110
	U	2009007034	7016889	325112
	U	2009007034	7016902	325135
	U	2009007034	7016933	325160
	U	2009007034	7017144	325486
	U	2009007034	7017148	325489
	U	2009007034	7003726	325536
	U	2009007034	7017330	325957
	U	2009007034	7017333	325964
	U	2009007034	7017340	325976
	U	2009007034	7017344	325984
	U	2009007034	7017370	326038
	U	2009007034	7017387	326115
	U	2009007034	7017391	326123
	U	2009007034	7017518	326341
	U	2009007034	7017850	326737
	U	2009007034	7017856	326752
	U	2009007034	7017857	326753
	U	2009007034	7017897	326803
	U	2009007034	7017907	326807
	U	2009007034	7017915	326810
	U	2009007034	7017694	326820
	U	2009007034	7017702	326829
	U	2009007034	7017706	326838
	U	2009007034	7017692	326839
	U	2009007034	7017977	326844
	U	2009007034	7017710	326845
	U	2009007034	7017715	326848
	U	2009007034	7017717	326849
	U	2009007034	1000500	326890
	U	2009007034	1000660	326893
	U	2009007034	7018181	327062
	U	2009007034	7018187	327067
	U	2009007034	7018193	327071
	U	2009007034	1007966	327079
	U	2009007034	7018203	327106
	U	2009007034	7018215	327206
	U	2009007034	7018220	327222
	U	2009007034	7018224	327232
	U	2009007034	7018224	327234
	U	2009007034	7018259	327317
	U	2009007034	7018264	327327
	U	2009007034	7018271	327341
	U	2009007034	7018313	327422
	U	2009007034	7012911	327488
	U	2009007034	7018424	327577
	U	2009007034	7000512	327585
	U	2009007034	7000508	327593
	U	2009007034	7018441	327609
	U	2009007034	7018457	327650
	U	2009007034	7018461	327658
	U	2009007034	7018470	327674
	U	2009007034	7017503	327683
	U	2009007034	7018509	327760
	U	2009007034	7018514	327768
	U	2009007034	7018517	327785
	U	2009007034	7016579	327821
	U	2009007034	7016745	327831
	U	2009007034	1000387	335263
	U	2009007034	7018699	346510
	U	2009007034	7018723	346678
	U	2009007034	7018732	346718
	U	2009007034	7018736	346740
	U	2009007034	7018182	350843
	U	2009007034	7018783	351192
	U	2009007034	7002096	359735
	U	2009007034	2051200	397250
	U	2009007034	2110653	397270
	U	2009007034	2098080	397275
	U	2009007034	7017763	397279
	U	2009007034	2051562	397305
	U	2009007034	2038417	397319
	U	2009007034	2087731	397323
	U	2009007034	7017769	397335
	U	2009007034	2058758	397356
	U	2009007034	2038868	397359
	U	2009007034	7016186	397360
	U	2009007034	7021534	397361
	U	2009007034	2079608	397362
	U	2009007034	2047438	397393
	U	2009007034	2028647	397435
	U	2009007034	2047962	397477
	U	2009007034	2065782	397520
	U	2009007034	2023868	397523
	U	2009007034	2007192	397530
	U	2009007034	2092245	397536
	U	2009007034	2114168	397559
	U	2009007034	2066160	397567
	U	2009007034	2060500	397571
	U	2009007034	2048810	397588
	U	2009007034	2018238	397624
	U	2009007034	2053662	397633
	U	2009007034	2082632	397650
	U	2009007034	2066543	397655
	U	2009007034	2000075	397662
	U	2009007034	2000083	397670
	U	2009007034	2283465	1154705
	U	2009007034	7020604	1154897
	U	2009007034	7021157	1155000
	U	2009007034	7021569	1155054
	U	2009007034	7021585	1155066
	U	2009007034	7021589	1155067
	U	2009007034	7021746	1155119
	U	2009007034	2000631	1155462
	U	2009007034	2001297	1155467
	U	2009007034	2001449	1155469
	U	2009007034	2001309	1155484
	U	2009007034	2001310	1155485
	U	2009007034	2124076	1155497
	U	2009007034	2124092	1155505
	U	2009007034	2305690	1155508
	U	2009007034	2195646	1155566
	U	2009007034	7016904	1155675
	U	2009007034	7023963	1155873
	U	2009007034	7024129	1157747
	U	2009007034	1000557	1157832
	U	2009007034	1000559	1157833
	U	2009007034	1000772	1157837
	U	2009007034	7024154	1157857
	U	2009007034	7024179	1157909
	U	2009007034	7024180	1157911
	U	2009007034	7024189	1157933
	U	2009007034	7024192	1157941
	U	2009007034	7000826	1157949
	U	2009007034	7024395	1158657
	U	2009007034	7002733	1158920
	U	2009007034	7024606	1159473
	U	2009007034	7024844	1161870
	U	2009007034	7025533	1163719
	U	2009007034	7016642	1164817
	U	2009007034	7025888	1165042
124	U	9006866	7026895	1168146
124	U	9006866	7026896	1168149
124	U	9006866	7026896	1168150
124	U	9006866	7026897	1168151
124	U	9006866	7026897	1168152
124	U	9006866	7026898	1168153
124	U	9006866	7026898	1168154
124	U	9006866	7026899	1168155
124	U	9006866	7026899	1168156
124	U	9006866	7026900	1168157
124	U	9006866	7026900	1168158
124	U	9006866	7026900	1168159
124	U	9006866	7026901	1168162
124	U	9006866	7026901	1168163
124	U	9006866	7026902	1168164
124	U	9006866	7026902	1168165
124	U	9006866	7026903	1168166
124	U	9006866	7026903	1168167
124	U	9006866	7026904	1168170
124	U	9006866	7026904	1168171
124	U	9006866	7026905	1168172
124	U	9006866	7026905	1168173
124	U	9006866	7026906	1168174
124	U	9006866	7026906	1168175
124	U	9006866	7026907	1168176
124	U	9006866	7026907	1168177
124	U	9006866	7026908	1168178
124	U	9006866	7026908	1168179
124	U	9006866	7026909	1168180
124	U	9006866	7026909	1168181
124	U	9006866	7026910	1168182
124	U	9006866	7026910	1168183
124	U	9006866	7026911	1168184
124	U	9006866	7026911	1168185
124	U	9006866	7026912	1168186
124	U	9006866	7026912	1168187
124	U	9006866	7026913	1168188
124	U	9006866	7026913	1168189
124	U	9006866	7026914	1168192
124	U	9006866	7026914	1168193
124	U	9006866	7026915	1168194
124	U	9006866	7026915	1168195
124	U	9006866	7026916	1168196
124	U	9006866	7026916	1168197
124	U	9006866	7026917	1168198
124	U	9006866	7026917	1168199
124	U	9006866	7026917	1168200
124	U	9006866	7026917	1168201
124	U	9006866	7026918	1168202
124	U	9006866	7026918	1168203
124	U	9006866	7026919	1168204
124	U	9006866	7026919	1168205
124	U	9006866	7026920	1168209
124	U	9006866	7026920	1168210
124	U	9006866	7026920	1168211
124	U	9006866	7026921	1168212
124	U	9006866	7026921	1168213
125	U	9006866	7026922	1168215
125	U	9006866	7026922	1168216
125	U	9006866	7026923	1168217
125	U	9006866	7026923	1168218
125	U	9006866	7026924	1168219
125	U	9006866	7026924	1168220
125	U	9006866	7026925	1168221
125	U	9006866	7026925	1168222
125	U	9006866	7026926	1168225
125	U	9006866	7026926	1168226
125	U	9006866	7026927	1168230
125	U	9006866	7026927	1168231
125	U	9006866	7026928	1168232
125	U	9006866	7026928	1168233
125	U	9006866	7026928	1168234
125	U	9006866	7026929	1168235
125	U	9006866	7026929	1168236
125	U	9006866	7026930	1168237
125	U	9006866	7026930	1168238
125	U	9006866	7026931	1168240
125	U	9006866	7026931	1168241
125	U	9006866	7026932	1168242
125	U	9006866	7026932	1168243
125	U	9006866	7026933	1168244
125	U	9006866	7026933	1168245
125	U	9006866	7026934	1168248
125	U	9006866	7026934	1168249
125	U	9006866	7026935	1168250
125	U	9006866	7026935	1168251
125	U	9006866	7026936	1168252
125	U	9006866	7026936	1168253
125	U	9006866	7026937	1168256
125	U	9006866	7026937	1168257
125	U	9006866	7026938	1168260
125	U	9006866	7026938	1168261
125	U	9006866	7026939	1168263
125	U	9006866	7026939	1168264
125	U	9006866	7026940	1168266
125	U	9006866	7026940	1168267
125	U	9006866	7026941	1168270
125	U	9006866	7026941	1168271
125	U	9006866	7026942	1168272
125	U	9006866	7026942	1168273
125	U	9006866	7026943	1168275
125	U	9006866	7026943	1168276
125	U	9006866	7026944	1168277
125	U	9006866	7026944	1168278
125	U	9006866	7026945	1168279
125	U	9006866	7026945	1168280
125	U	9006866	7026946	1168281
125	U	9006866	7026946	1168282
125	U	9006866	7026947	1168283
125	U	9006866	7026947	1168284
125	U	9006866	7026948	1168286
125	U	9006866	7026948	1168287
125	U	9006866	7026949	1168288
125	U	9006866	7026949	1168289
125	U	9006866	7026950	1168290
125	U	9006866	7026950	1168291
125	U	9006866	7026950	1168292
125	U	9006866	7026951	1168296
125	U	9006866	7026951	1168297
125	U	9006866	7026952	1168298
125	U	9006866	7026952	1168299
125	U	9006866	7026953	1168300
125	U	9006866	7026953	1168301
125	U	9006866	7026954	1168302
125	U	9006866	7026954	1168303
125	U	9006866	7026955	1168304
125	U	9006866	7026955	1168305
125	U	9006866	7026956	1168306
125	U	9006866	7026956	1168307
125	U	9006866	7026957	1168308
125	U	9006866	7026957	1168309
125	U	9006866	7026957	1168310
125	U	9006866	7026958	1168312
125	U	9006866	7026958	1168313
125	U	9006866	7026959	1168314
125	U	9006866	7026959	1168315
125	U	9006866	7026960	1168316
125	U	9006866	7026960	1168317
125	U	9006866	7026961	1168318
125	U	9006866	7026961	1168319
125	U	9006866	7026961	1168320
125	U	9006866	7026962	1168321
125	U	9006866	7026962	1168322
125	U	9006866	7026962	1168323
120	U	9006866	7026963	1168324
125	U	9006866	7026963	1168325
125	U	9006866	7026964	1168328
125	U	9006866	7026964	1168329
126	U	9006866	7026965	1168330
126	U	9006866	7026965	1168331
126	U	9006866	7026966	1168332
126	U	9006866	7026966	1168333
126	U	9006866	7026967	1168334
126	U	9006866	7026967	1168335
126	U	9006866	7026971	1168342
126	U	9006866	7026971	1168343
126	U	9006866	7026972	1168345
126	U	9006866	7026972	1168346
126	U	9006866	7026973	1168347
126	U	9006866	7026973	1168348
126	U	9006866	7026974	1168349
126	U	9006866	7026974	1168350
126	U	9006866	7026974	1168351
126	U	9006866	7026975	1168352
126	U	9006866	7026975	1168353
126	U	9006866	7026976	1168354
126	U	9006866	7026976	1168355
126	U	9006866	7026976	1168356
126	U	9006866	7026977	1168357
126	U	9006866	7026977	1168358
126	U	9006866	7026978	1168361
126	U	9006866	7026978	1168362
126	U	9006866	7026979	1168363
126	U	9006866	7026980	1168366
126	U	9006866	7026980	1168367
126	U	9006866	7026981	1168368
126	U	9006866	7026981	1168369
126	U	9006866	7026982	1168371
126	U	9006866	7026982	1168372
126	U	9006866	7026982	1168373
126	U	9006866	7026983	1168374
126	U	9006866	7026983	1168375
126	U	9006866	7026984	1168376
126	U	9006866	7026984	1168377
126	U	9006866	7026985	1168378
126	U	9006866	7026985	1168379
126	U	9006866	7026986	1168380
126	U	9006866	7026986	1168381
126	U	9006866	7026987	1168382
126	U	9006866	7026987	1168383
126	U	9006866	7026988	1168384
126	U	9006866	7026988	1168385
126	U	9006866	7026989	1168386
126	U	9006866	7026989	1168387
126	U	9006866	7026990	1168388
126	U	9006866	7026990	1168389
126	U	9006866	7026990	1168390
129	U	9006866	7026991	1168392
129	U	9006866	7026991	1168393
129	U	9006866	7026992	1168394
129	U	9006866	7026992	1168395
129	U	9006866	7026993	1168396
129	U	9006866	7026993	1168397
129	U	9006866	7026994	1168398
129	U	9006866	7026994	1168399
129	U	9006866	7026995	1168400
129	U	9006866	7026995	1168401
129	U	9006866	7026996	1168402
129	U	9006866	7026996	1168403
129	U	9006866	7026997	1168404
129	U	9006866	7026997	1168405
129	U	9006866	7026998	1168406
129	U	9006866	7026998	1168407
129	U	9006866	7026999	1168408
129	U	9006866	7026999	1168409
129	U	9006866	7027000	1168410
129	U	9006866	7027000	1168411
129	U	9006866	7027001	1168412
129	U	9006866	7027001	1168413
129	U	9006866	7027002	1168416
129	U	9006866	7027002	1168417
129	U	9006866	7027003	1168419
129	U	9006866	7027003	1168420
129	U	9006866	7027004	1168421
129	U	9006866	7027004	1168422
129	U	9006866	7027005	1168423
129	U	9006866	7027005	1168424
129	U	9006866	7027006	1168425
129	U	9006866	7027006	1168426
129	U	9006866	7027007	1168427
129	U	9006866	7027007	1168428
129	U	9006866	7027008	1168429
129	U	9006866	7027008	1168430
129	U	9006866	7027008	1168431
129	U	9006866	7027009	1168432
129	U	9006866	7027009	1168433
129	U	9006866	7027010	1168436
129	U	9006866	7027010	1168437
129	U	9006866	7027011	1168439
129	U	9006866	7027011	1168440
129	U	9006866	7027012	1168441
129	U	9006866	7027012	1168442
82	U	9006866	7025608	1164023
82	U	9006866	7025608	1164024
83	U	9006866	7025609	1164027
83	U	9006866	7025609	1164028
83	U	9006866	7025610	1164030
83	U	9006866	7025610	1164031
83	U	9006866	7025610	1164032
83	U	9006866	7025611	1164033
83	U	9006866	7025611	1164034
83	U	9006866	7025611	1164035
83	U	9006866	7025612	1164038
83	U	9006866	7025612	1164039
83	U	9006866	7025613	1164040
83	U	9006866	7025613	1164041
83	U	9006866	7025613	1164042
83	U	9006866	7025614	1164043
83	U	9006866	7025614	1164044
83	U	9006866	7025614	1164045
83	U	9006866	7025615	1164046
83	U	9006866	7025615	1164047
83	U	9006866	7025615	1164048
83	U	9006866	7025616	1164049
83	U	9006866	7025616	1164050
83	U	9006866	7025616	1164051
83	U	9006866	7025617	1164054
83	U	9006866	7025617	1164055
83	U	9006866	7025617	1164056
83	U	9006866	7025618	1164059
83	U	9006866	7025618	1164060
83	U	9006866	7025618	1164061
83	U	9006866	7025621	1164067
83	U	9006866	7025621	1164068
83	U	9006866	7025622	1164070
83	U	9006866	7025622	1164071
83	U	9006866	7025622	1164072
83	U	9006866	7025623	1164073
83	U	9006866	7025623	1164074
83	U	9006866	7025623	1164075
83	U	9006866	7025624	1164076
83	U	9006866	7025624	1164077
83	U	9006866	7025624	1164078
83	U	9006866	7025625	1164082
83	U	9006866	7025625	1164083
83	U	9006866	7025625	1164084
83	U	9006866	7025626	1164085
83	U	9006866	7025626	1164086
83	U	9006866	7025626	1164087
83	U	9006866	7025627	1164088
83	U	9006866	7025627	1164089
83	U	9006866	7025627	1164090
83	U	9006866	7025627	1164091
83	U	9006866	7025628	1164094
83	U	9006866	7025628	1164095
83	U	9006866	7025628	1164096
83	U	9006866	7025629	1164097
83	U	9006866	7025629	1164098
83	U	9006866	7025630	1164100
83	U	9006866	7025630	1164101
83	U	9006866	7025631	1164102
83	U	9006866	7025631	1164103
83	U	9006866	7025631	1164104
83	U	9006866	7025631	1164105
83	U	9006866	7025632	1164106
83	U	9006866	7025632	1164107
83	U	9006866	7025632	1164108
83	U	9006866	7025632	1164109
83	U	9006866	7025633	1164110
83	U	9006866	7025633	1164111
83	U	9006866	7025633	1164112
83	U	9006866	7025634	1164113
83	U	9006866	7025634	1164114
83	U	9006866	7025634	1164115
83	U	9006866	7025635	1164116
83	U	9006866	7025635	1164117
83	U	9006866	7025635	1164118
83	U	9006866	7025635	1164119
83	U	9006866	7025635	1164120
83	U	9006866	7025636	1164121
83	U	9006866	7025636	1164122
83	U	9006866	7025636	1164123
83	U	9006866	7025637	1164124
83	U	9006866	7025637	1164125
83	U	9006866	7025637	1164126
83	U	9006866	7025637	1164127
83	U	9006866	7025637	1164128
83	U	9006866	7025638	1164129
83	U	9006866	7025638	1164130
83	U	9006866	7025638	1164131
83	U	9006866	7025638	1164132
83	U	9006866	7025638	1164133
83	U	9006866	7025639	1164134
83	U	9006866	7025639	1164135
83	U	9006866	7025640	1164137
83	U	9006866	7025640	1164138
83	U	9006866	7025640	1164139
83	U	9006866	7025640	1164140
83	U	9006866	7025640	1164141
83	U	9006866	7025640	1164142
84	U	9006866	7025641	1164152
84	U	9006866	7025641	1164153
84	U	9006866	7025642	1164155
84	U	9006866	7025642	1164156
84	U	9006866	7025642	1164157
84	U	9006866	7025643	1164158
84	U	9006866	7025643	1164159
84	U	9006866	7025643	1164160
84	U	9006866	7025643	1164161
84	U	9006866	7025643	1164162
84	U	9006866	7025644	1164163
84	U	9006866	7025644	1164164
84	U	9006866	7025645	1164165
84	U	9006866	7025645	1164166
84	U	9006866	7025646	1164167
84	U	9006866	7025646	1164168
84	U	9006866	7025646	1164169
84	U	9006866	7025646	1164170
84	U	9006866	7025646	1164171
84	U	9006866	7025646	1164172
84	U	9006866	7025646	1164173
84	U	9006866	7025647	1164174
84	U	9006866	7025647	1164175
84	U	9006866	7025648	1164176
84	U	9006866	7025648	1164177
84	U	9006866	7025648	1164178
84	U	9006866	7025649	1164179
84	U	9006866	7025649	1164180
84	U	9006866	7025650	1164181
84	U	9006866	7025650	1164182
84	U	9006866	7025650	1164183
84	U	9006866	7025651	1164184
84	U	9006866	7025651	1164185
84	U	9006866	7025651	1164186
84	U	9006866	7025651	1164187
84	U	9006866	7025651	1164188
84	U	9006866	7025652	1164189
84	U	9006866	7025652	1164190
84	U	9006866	7025652	1164191
84	U	9006866	7025653	1164192
84	U	9006866	7025653	1164193
84	U	9006866	7025654	1164195
84	U	9006866	7025654	1164196
84	U	9006866	7025654	1164197
84	U	9006866	7025655	1164198
84	U	9006866	7025655	1164199
84	U	9006866	7025655	1164200
84	U	9006866	7025656	1164201
84	U	9006866	7025656	1164202
84	U	9006866	7025656	1164203
84	U	9006866	7025657	1164207
84	U	9006866	7025657	1164208
84	U	9006866	7025657	1164209
84	U	9006866	7025658	1164214
84	U	9006866	7025658	1164215
84	U	9006866	7025658	1164216
84	U	9006866	7025659	1164217
84	U	9006866	7025659	1164219
84	U	9006866	7025659	1164220
84	U	9006866	7025660	1164221
84	U	9006866	7025660	1164222
84	U	9006866	7025660	1164223
84	U	9006866	7025661	1164224
84	U	9006866	7025661	1164225
84	U	9006866	7025662	1164227
84	U	9006866	7025662	1164228
84	U	9006866	7025662	1164229
84	U	9006866	7025663	1164230
84	U	9006866	7025663	1164231
84	U	9006866	7025663	1164232
84	U	9006866	7025664	1164236
84	U	9006866	7025664	1164237
84	U	9006866	7025664	1164238
84	U	9006866	7025665	1164239
84	U	9006866	7025665	1164240
84	U	9006866	7025665	1164241
84	U	9006866	7025666	1164242
84	U	9006866	7025666	1164243
84	U	9006866	7025666	1164244
84	U	9006866	7025667	1164245
84	U	9006866	7025667	1164246
84	U	9006866	7025667	1164247
84	U	9006866	7025667	1164248
84	U	9006866	7025667	1164255
84	U	9006866	7025668	1164250
84	U	9006866	7025668	1164251
84	U	9006866	7025668	1164252
84	U	9006866	7025668	1164254
84	U	9006866	7025670	1164261
84	U	9006866	7025670	1164262
84	U	9006866	7025671	1164264
84	U	9006866	7025671	1164265
84	U	9006866	7025671	1164266
84	U	9006866	7025672	1164267
84	U	9006866	7025672	1164268
84	U	9006866	7025673	1164270
84	U	9006866	7025673	1164271
84	U	9006866	7025675	1164272
84	U	9006866	7025675	1164273
84	U	9006866	7025675	1164274
84	U	9006866	7025676	1164275
84	U	9006866	7025676	1164276
84	U	9006866	7025676	1164277
84	U	9006866	7025677	1164282
84	U	9006866	7025677	1164283
84	U	9006866	7025678	1164285
84	U	9006866	7025678	1164286
84	U	9006866	7025679	1164287
84	U	9006866	7025679	1164288
84	U	9006866	7025680	1164289
84	U	9006866	7025680	1164290
84	U	9006866	7025680	1164291
84	U	9006866	7025681	1164294
84	U	9006866	7025681	1164295
84	U	9006866	7025681	1164296
85	U	9006866	7025682	1164301
85	U	9006866	7025682	1164302
85	U	9006866	7025682	1164303
85	U	9006866	7025683	1164304
85	U	9006866	7025683	1164306
85	U	9006866	7025684	1164307
85	U	9006866	7025684	1164308
85	U	9006866	7025684	1164309
85	U	9006866	7025685	1164310
85	U	9006866	7025685	1164311
85	U	9006866	7025685	1164312
85	U	9006866	7025686	1164313
85	U	9006866	7025686	1164314
85	U	9006866	7025686	1164315
85	U	9006866	7025686	1164316
85	U	9006866	7025686	1164317
85	U	9006866	7025686	1164318
85	U	9006866	7025686	1164319
85	U	9006866	7025687	1164320
85	U	9006866	7025687	1164321
85	U	9006866	7025687	1164322
85	U	9006866	7025687	1164323
85	U	9006866	7025687	1164324
85	U	9006866	7025688	1164325
85	U	9006866	7025688	1164326
85	U	9006866	7025689	1164328
85	U	9006866	7025689	1164329
85	U	9006866	7025690	1164331
85	U	9006866	7025690	1164332
85	U	9006866	7025690	1164333
85	U	9006866	7025690	1164334
85	U	9006866	7025692	1164342
85	U	9006866	7025692	1164343
85	U	9006866	7025693	1164345
85	U	9006866	7025693	1164346
85	U	9006866	7025693	1164347
85	U	9006866	7025694	1164348
105	U	9006866	1030737	1166566
105	U	9006866	1030737	1166567
105	U	9006866	1030738	31086
105	U	9006866	1030738	1166568
105	U	9006866	1030738	1166569
70	U	9006866	1030741	1162956
70	U	9006866	1030741	1162957
44	U	9006866	1030743	31091
44	U	9006866	1030743	1161538
138	U	9006866	1030744	31092
138	U	9006866	1030744	1169093
125	U	9006866	1030747	31095
125	U	9006866	1030747	1168254
149	U	9006866	1030748	31096
149	U	9006866	1030748	1169612
149	U	9006866	1030753	31101
149	U	9006866	1030753	1169615
149	U	9006866	1030753	1169616
149	U	9006866	1030761	31109
149	U	9006866	1030761	1169617
30	U	9006866	1030767	1161417
30	U	9006866	1030767	1161418
61	U	9006866	1030777	344692
61	U	9006866	1030777	1161973
61	U	9006866	1030777	1161974
125	U	9006866	1030785	1168258
96	U	9006866	1030787	344792
96	U	9006866	1030787	1165325
96	U	9006866	1030789	344800
96	U	9006866	1030789	1165353
149	U	9006866	1030790	344802
149	U	9006866	1030790	1169621
37	U	9006866	1030804	344985
37	U	9006866	1030804	1166972
37	U	9006866	1030804	1166973
37	U	9006866	1030804	1166974
125	U	9006866	1030807	1168259
149	U	9006866	1030808	1169622
149	U	9006866	1030808	1169623
71	U	9006866	1030815	1162982
96	U	9006866	1030817	345014
96	U	9006866	1030817	1165360
96	U	9006866	1030817	1165361
96	U	9006866	1030817	1165362
125	U	9006866	1030821	1168262
163	U	9006866	1030826	345101
163	U	9006866	1030826	1170409
87	U	9006866	1030830	1164571
156	U	9006866	1030834	345300
156	U	9006866	1030834	1169876
54	U	9006866	1030837	345317
54	U	9006866	1030837	1161774
96	U	9006866	1030838	1165371
54	U	9006866	1030840	345335
54	U	9006866	1030840	1161775
149	U	9006866	1030847	1169627
149	U	9006866	1030847	1169628
149	U	9006866	1030853	1169629
115	U	9006866	1030854	345506
115	U	9006866	1030854	1167748
37	U	9006866	1030861	345568
37	U	9006866	1030861	1161448
105	U	9006866	1030863	345571
105	U	9006866	1030863	1166626
105	U	9006866	1030867	1166627
105	U	9006866	1030867	1166628
156	U	9006866	1030877	1169880
54	U	9006866	1030879	1161776
105	U	9006866	1030883	1166539
105	U	9006866	1030887	345880
105	U	9006866	1030887	1166637
150	U	9006866	1030889	345885
150	U	9006866	1030889	1169631
71	U	9006866	1030896	345915
71	U	9006866	1030896	1163007
105	U	9006866	1030908	346106
105	U	9006866	1030908	1166659
96	U	9006866	1030909	346109
96	U	9006866	1030909	1165396
125	U	9006866	1030919	1168269
150	U	9006866	1030930	346455
150	U	9006866	1030930	1169637
62	U	9006866	1030942	1161975
87	U	9006866	1030944	1164619
87	U	9006866	1030944	1164620
150	U	9006866	1030945	346700
150	U	9006866	1030945	1169641
156	U	9006866	1030946	346713
156	U	9006866	1030946	1169887
156	U	9006866	1030948	346751
156	U	9006866	1030948	1169888
150	U	9006866	1030950	346748
150	U	9006866	1030950	1169642
37	U	9006866	1030954	346772
37	U	9006866	1030954	1161449
62	U	9006866	1030961	346895
62	U	9006866	1030961	1161976
37	U	9006866	1030978	347055
37	U	9006866	1030978	1166984
37	U	9006866	1030978	1166985
37	U	9006866	1030978	1166986
37	U	9006866	1030978	1166987
159	U	9006866	1030988	347222
163	U	9006866	1030988	1170447
105	U	9006866	1030991	1166540
156	U	9006866	1030992	347226
156	U	9006866	1030992	1169889
141	U	9006866	1030995	347240
141	U	9006866	1030995	1169283
138	U	9006866	1030998	347272
138	U	9006866	1030998	1169113
138	U	9006866	1030998	1169114
138	U	9006866	1030998	1169115
138	U	9006866	1030998	1169116
156	U	9006866	1031009	31358
156	U	9006866	1031009	1169893
150	U	9006866	1031017	347336
150	U	9006866	1031017	1169645
150	U	9006866	1031017	1169646
54	U	9006866	1031025	347353
54	U	9006866	1031025	1161781
106	U	9006866	1031028	1166695
156	U	9006866	1031030	1169894
132	U	9006866	1031043	347479
132	U	9006866	1031043	1168815
54	U	9006866	1031044	1161783
54	U	9006866	1031044	1161784
106	U	9006866	1031046	347498
106	U	9006866	1031046	1166699
106	U	9006866	1031046	1166700
150	U	9006866	1031051	347569
150	U	9006866	1031051	1169651
102	U	9006866	1031052	1166116
102	U	9006866	1031053	347626
102	U	9006866	1031053	1166158
102	U	9006866	1031053	1166159
150	U	9006866	1031061	347668
150	U	9006866	1031061	1169652
125	U	9006866	1031062	1168285
150	U	9006866	1031065	1169653
105	U	9006866	1031066	1166643
105	U	9006866	1031066	1166644
105	U	9006866	1031066	1166645
105	U	9006866	1031066	1166646
105	U	9006866	1031067	347732
105	U	9006866	1031067	1166649
105	U	9006866	1031067	1166650
115	U	9006866	1031071	347527
115	U	9006866	1031071	1167799
115	U	9006866	1031071	1167800
115	U	9006866	1031071	1167801
138	U	9006866	1031092	347803
138	U	9006866	1031092	1169126
116	U	9006866	1031102	347886
116	U	9006866	1031102	1168293
125	U	9006866	1031102	1168294
150	U	9006866	1031110	347943
150	U	9006866	1031110	1169657
48	U	9006866	1031114	347953
48	U	9006866	1031114	1161666
163	U	9006866	1031115	347974
163	U	9006866	1031115	1170460
106	U	9006866	1031117	1166708
106	U	9006866	1031117	1166709
106	U	9006866	1031119	347982
106	U	9006866	1031119	1166710
138	U	9006866	1031128	1169129
138	U	9006866	1031128	1169130
54	U	9006866	1031134	1161789
106	U	9006866	1031136	348074
106	U	9006866	1031136	1166724
106	U	9006866	1031136	1166725
106	U	9006866	1031136	1166726
48	U	9006866	1031138	348076
48	U	9006866	1031138	1161668
71	U	9006866	1031139	1163046
30	U	9006866	1031145	1161423
54	U	9006866	1031149	348127
54	U	9006866	1031149	1161790
150	U	9006866	1031160	348189
150	U	9006866	1031160	1169662
44	U	9006866	1031164	1161547
96	U	9006866	1031165	348197
96	U	9006866	1031165	1165439
96	U	9006866	1031165	1165440
65	U	9006866	1031169	348201
71	U	9006866	1031169	1163050
71	U	9006866	1031169	1163051
106	U	9006866	1031171	348250
88	U	9006866	1031172	348318
88	U	9006866	1031172	1164731
88	U	9006866	1031172	1164732
106	U	9006866	1031180	1166730
44	U	9006866	1031188	348400
44	U	9006866	1031188	1161548
106	U	9006866	1031200	348437
106	U	9006866	1031200	1166734
106	U	9006866	1031201	348438
106	U	9006866	1031201	1166735
106	U	9006866	1031202	348440
106	U	9006866	1031202	1166736
156	U	9006866	1031206	1169904
96	U	9006866	1031209	348505
96	U	9006866	1031209	1165461
96	U	9006866	1031209	1165462
88	U	9006866	1031210	348507
88	U	9006866	1031210	1164748
88	U	9006866	1031210	1164749
138	U	9006866	1031220	348533
138	U	9006866	1031220	1169133
150	U	9006866	1031221	348537
150	U	9006866	1031221	1169667
150	U	9006866	1031230	31579
150	U	9006866	1031230	1169668
106	U	9006866	1031236	31585
106	U	9006866	1031236	1166743
106	U	9006866	1031236	1166744
106	U	9006866	1031236	1166745
106	U	9006866	1031236	1166746
150	U	9006866	1031238	31587
150	U	9006866	1031238	1169670
150	U	9006866	1031241	31590
150	U	9006866	1031241	1169671
163	U	9006866	1031243	31592
163	U	9006866	1031243	1170480
145	U	9006866	1031245	31594
145	U	9006866	1031245	1169672
88	U	9006866	1031246	31595
88	U	9006866	1031246	1164769
88	U	9006866	1031246	1164770
126	U	9006866	1031247	31596
126	U	9006866	1031247	1168391
141	U	9006866	1031249	31598
141	U	9006866	1031249	1169303
88	U	9006866	1031251	31600
88	U	9006866	1031251	1164776
88	U	9006866	1031251	1164777
55	U	9006866	1064574	347069
55	U	9006866	1064574	1161791
55	U	9006866	1064595	1161794
55	U	9006866	1064595	1161795
55	U	9006866	1064599	1161796
55	U	9006866	1064599	1161797
115	U	9006866	1064610	65192
115	U	9006866	1064610	1167848
55	U	9006866	1064663	65245
55	U	9006866	1064663	1161798
51	U	9006866	1064666	65248
125	U	9006866	7011395	1168223
125	U	9006866	7011395	1168224
122	U	9006866	7011397	28645
122	U	9006866	7011397	1167863
122	U	9006866	7011399	1167890
122	U	9006866	7011400	28659
122	U	9006866	7011400	1167866
124	U	9006866	7011402	30577
147	U	9006866	7011516	29573
147	U	9006866	7011516	328386
149	U	9006866	7011519	1169541
142	U	9006866	7011536	30882
142	U	9006866	7011536	1169585
147	U	9006866	7011554	347188
147	U	9006866	7011554	1169408
147	U	9006866	7011554	1169409
147	U	9006866	7011555	29488
147	U	9006866	7011555	1169415
147	U	9006866	7011556	29609
147	U	9006866	7011556	1169427
148	U	9006866	7011557	176823
148	U	9006866	7011557	1169466
148	U	9006866	7011557	1169467
147	U	9006866	7011567	29228
147	U	9006866	7011567	1169386
146	U	9006866	7011583	28931
146	U	9006866	7011583	1169360
146	U	9006866	7011586	29146
146	U	9006866	7011586	320503
148	U	9006866	7011587	30374
148	U	9006866	7011587	1169501
148	U	9006866	7011614	29706
148	U	9006866	7011614	1169440
150	U	9006866	7011616	346127
150	U	9006866	7011616	1169636
150	U	9006866	7011617	31586
150	U	9006866	7011617	1169669
149	U	9006866	7011620	345026
149	U	9006866	7011620	1169626
150	U	9006866	7011634	31423
150	U	9006866	7011634	1169650
147	U	9006866	7011654	1169401
148	U	9006866	7011704	30298
148	U	9006866	7011704	325732
149	U	9006866	7011707	30799
149	U	9006866	7011707	1169568
149	U	9006866	7011707	1169569
149	U	9006866	7011787	5685
149	U	9006866	7011787	1169577
149	U	9006866	7011787	1169580
147	U	9006866	7011797	4497
147	U	9006866	7011797	1169393
147	U	9006866	7011797	1169394
106	U	9006866	7011804	1166690
150	U	9006866	7011805	1169666
100	U	9006866	7011846	1165533
100	U	9006866	7011846	1165534
101	U	9006866	7011848	29157
101	U	9006866	7011848	1165814
102	U	9006866	7011849	29791
102	U	9006866	7011849	1166118
103	U	9006866	7011850	30299
103	U	9006866	7011850	1166340
103	U	9006866	7011850	1166341
103	U	9006866	7011850	1166342
104	U	9006866	7011851	30592
104	U	9006866	7011851	1166436
104	U	9006866	7011851	1166437
100	U	9006866	7011852	1165735
103	U	9006866	7011856	30161
103	U	9006866	7011856	1166288
103	U	9006866	7011857	30455
103	U	9006866	7011857	1166369
103	U	9006866	7011857	1166370
105	U	9006866	7011858	1166582
105	U	9006866	7011858	1166583
105	U	9006866	7011858	1166584
102	U	9006866	7011859	29642
102	U	9006866	7011859	1166060
102	U	9006866	7011859	1166061
102	U	9006866	7011860	29892
102	U	9006866	7011860	1166142
102	U	9006866	7011860	1166143
103	U	9006866	7011861	1166271
103	U	9006866	7011862	1166375
100	U	9006866	7011863	348498
100	U	9006866	7011863	1165763
102	U	9006866	7011864	29634
102	U	9006866	7011864	1166047
102	U	9006866	7011864	1166048
102	U	9006866	7011864	1166049
102	U	9006866	7011865	30043
102	U	9006866	7011865	1166173
102	U	9006866	7011865	1166174
101	U	9006866	7011866	29250
101	U	9006866	7011866	1165836
101	U	9006866	7011866	1165837
101	U	9006866	7011867	29248
101	U	9006866	7011867	1165834
101	U	9006866	7011867	1165835
104	U	9006866	7011869	30836
104	U	9006866	7011869	1166513
137	U	9006866	7011870	29817
137	U	9006866	7011870	1168986
137	U	9006866	7011870	1168987
137	U	9006866	7011871	1169078
137	U	9006866	7011871	1169079
137	U	9006866	7011875	29864
137	U	9006866	7011875	1168988
137	U	9006866	7011876	29882
137	U	9006866	7011876	1168989
136	U	9006866	7011878	1168891
137	U	9006866	7011879	29883
137	U	9006866	7011879	1168990
134	U	9006866	7011880	30077
137	U	9006866	7011880	1169013
136	U	9006866	7011883	29065
136	U	9006866	7011883	1168945
136	U	9006866	7011885	28853
136	U	9006866	7011885	1168931
137	U	9006866	7011886	29922
137	U	9006866	7011886	1168998
137	U	9006866	7011887	30170
137	U	9006866	7011887	1169020
138	U	9006866	7011888	1169087
138	U	9006866	7011889	1169102
138	U	9006866	7011889	1169103
138	U	9006866	7011889	1169104
30	U	9006866	7011891	30162
30	U	9006866	7011891	1161408
44	U	9006866	7011892	1161541
42	U	9006866	7011893	28719
42	U	9006866	7011893	1161503
42	U	9006866	7011893	1161504
42	U	9006866	7011894	28653
42	U	9006866	7011894	1161500
42	U	9006866	7011894	1161501
44	U	9006866	7011896	31104
44	U	9006866	7011896	1161539
42	U	9006866	7011898	28979
42	U	9006866	7011898	1161506
39	U	9006866	7011899	29025
42	U	9006866	7011899	1161556
43	U	9006866	7011900	1161519
44	U	9006866	7011901	1166219
44	U	9006866	7011902	31391
44	U	9006866	7011902	1161542
44	U	9006866	7011902	1161543
40	U	9006866	7011903	31418
44	U	9006866	7011903	1161544
43	U	9006866	7011904	29760
43	U	9006866	7011904	1161517
43	U	9006866	7011905	1161521
44	U	9006866	7011906	30518
44	U	9006866	7011906	1161535
29	U	9006866	7011907	28792
29	U	9006866	7011907	320410
30	U	9006866	7011909	176832
30	U	9006866	7011909	1161409
30	U	9006866	7011909	1161410
30	U	9006866	7011911	1161419
30	U	9006866	7011911	1161420
30	U	9006866	7011912	1161415
30	U	9006866	7011912	1161416
37	U	9006866	7011914	31343
37	U	9006866	7011914	1166989
42	U	9006866	7011916	29535
42	U	9006866	7011916	1166253
36	U	9006866	7011917	30297
36	U	9006866	7011917	1161441
37	U	9006866	7011918	30761
37	U	9006866	7011918	1161445
37	U	9006866	7011918	1161446
37	U	9006866	7011918	1161447
37	U	9006866	7011919	31505
37	U	9006866	7011919	1161451
44	U	9006866	7011921	31581
44	U	9006866	7011921	1166254
35	U	9006866	7011923	29277
35	U	9006866	7011923	1161433
37	U	9006866	7011924	30502
37	U	9006866	7011924	1161442
36	U	9006866	7011948	29805
336	U	9006866	7011948	1166883
336	U	9006866	7011948	1166884
336	U	9006866	7011948	1166885
80	U	9006866	7011953	29542
80	U	9006866	7011953	1163774
80	U	9006866	7011953	1163775
80	U	9006866	7011953	1163776
52	U	9006866	7011958	1161698
78	U	9006866	7011960	28989
78	U	9006866	7011960	1163379
78	U	9006866	7011960	1163380
147	U	9006866	7011962	29374
147	U	9006866	7011962	1169402
81	U	9006866	7011967	29799
81	U	9006866	7011967	1163925
81	U	9006866	7011967	1163926
141	U	9006866	7012007	1169253
141	U	9006866	7012007	1169254
104	U	9006866	7012008	30800
104	U	9006866	7012008	1166491
61	U	9006866	7012011	30846
61	U	9006866	7012011	1161970
61	U	9006866	7012011	1161971
87	U	9006866	7012016	1164603
87	U	9006866	7012016	1164604
146	U	9006866	7012044	29095
146	U	9006866	7012044	172540
146	U	9006866	7012044	1169375
52	U	9006866	7012045	29164
52	U	9006866	7012045	1161711
147	U	9006866	7012141	1169435
146	U	9006866	7012151	345806
47	U	9006866	7012190	348153
47	U	9006866	7012190	1161629
53	U	9006866	7012231	1161730
53	U	9006866	7012231	1161731
125	U	9006866	7012509	172522
125	U	9006866	7012509	1168239
55	U	9006866	7012553	65403
55	U	9006866	7012553	1161804
153	U	9006866	7012905	31356
153	U	9006866	7012905	1169890
153	U	9006866	7012905	1169891
125	U	9006866	7017227	1168326
115	U	9006866	7017244	65188
115	U	9006866	7017244	1167846
77	U	9006866	7018668	329021
146	U	9006866	7018908	1169343
148	U	9006866	7018915	761141
148	U	9006866	7018915	1169443
148	U	9006866	7018924	761150
148	U	9006866	7018924	1169482
47	U	9006866	7023948	1155768
47	U	9006866	7023948	1155769
	U	9006866	7024354	1158558
138	U	9006866	7024354	1169127
138	U	9006866	7024354	1169128
29	U	9006866	7024766	1161452
29	U	9006866	7024766	1161453
29	U	9006866	7024766	1161454
29	U	9006866	7024767	1161456
26	U	9006866	7024768	1161457
29	U	9006866	7024768	1161458
29	U	9006866	7024769	1161459
29	U	9006866	7024769	1161460
	U	2009007034	2002128	319008
	U	2009007034	7015769	319025
	U	2009007034	1002336	319028
	U	2009007034	1002411	319032
	U	2009007034	1002467	319035
	U	2009007034	1002548	319038
	U	2009007034	1002549	319039
	U	2009007034	2002142	319063
	U	2009007034	2002151	319072
	U	2009007034	2002162	319083
	U	2009007034	2002182	319103
	U	2009007034	2002192	319113
	U	2009007034	1002260	319118
	U	2009007034	1002418	319122
	U	2009007034	1002897	319136
	U	2009007034	1002337	319158
	U	2009007034	1002537	319161
	U	2009007034	7014350	319165
	U	2009007034	2002332	319196
	U	2009007034	2002352	319216
	U	2009007034	2002353	319217
	U	2009007034	2002366	319230
	U	2009007034	2002368	319232
	U	2009007034	2002369	319233
	U	2009007034	2002379	319243
	U	2009007034	2002254	319256
	U	2009007034	2002255	319257
	U	2009007034	2002261	319263
	U	2009007034	2002264	319266
	U	2009007034	2002271	319273
	U	2009007034	2002291	319293
	U	2009007034	2002301	319303
	U	2009007034	7010424	319367
	U	2009007034	7010435	319376
	U	2009007034	7010436	319377
	U	2009007034	7010593	319420
	U	2009007034	7010596	319427
	U	2009007034	7010616	319434
	U	2009007034	7010765	319606
	U	2009007034	7010766	319607
	U	2009007034	7002810	319616
	U	2009007034	7010869	319640
	U	2009007034	7011270	319836
	U	2009007034	7011330	319842
	U	2009007034	1007946	319968
	U	2009007034	4012794	319982
	U	2009007034	4012809	319983
	U	2009007034	7002670	320012
	U	2009007034	7011792	320337
	U	2009007034	1042193	320342
	U	2009007034	1009189	320345
	U	2009007034	7011853	320389
	U	2009007034	7012046	320506
	U	2009007034	7012054	320529
	U	2009007034	7002724	320539
	U	2009007034	1006134	320549
	U	2009007034	7012129	320677
	U	2009007034	7012142	320698
	U	2009007034	7012152	320721
	U	2009007034	7012917	320976
	U	2009007034	7004451	321030
	U	2009007034	7012958	321078
	U	2009007034	7012969	321098
	U	2009007034	7012975	321104
	U	2009007034	7013019	321134
	U	2009007034	7013112	321187
	U	2009007034	1003182	321404
	U	2009007034	7013370	321531
	U	2009007034	7013371	321532
	U	2009007034	7013398	321588
	U	2009007034	7013474	321704
	U	2009007034	7013498	321720
	U	2009007034	7013524	321754
	U	2009007034	7013738	321870
	U	2009007034	7013749	321882
	U	2009007034	7013750	321883
	U	2009007034	7013775	321912
	U	2009007034	7013783	321914
	U	2009007034	7013790	321917
	U	2009007034	7013818	321925
	U	2009007034	7013843	321929
	U	2009007034	7013877	321937
	U	2009007034	7013881	321938
	U	2009007034	7014338	322073
	U	2009007034	7014611	322186
	U	2009007034	7014677	322212
	U	2009007034	7014754	322304
	U	2009007034	7011565	322427
	U	2009007034	1000173	322475
	U	2009007034	7014827	322491
	U	2009007034	7014854	322561
	U	2009007034	7014856	322565
	U	2009007034	1001205	322588
	U	2009007034	1001201	322617
	U	2009007034	7014940	322728
	U	2009007034	7014959	322747
	U	2009007034	7011599	322778
	U	2009007034	7014973	322808
	U	2009007034	7014974	322810
	U	2009007034	7014992	322831
	U	2009007034	7016536	322835
	U	2009007034	7014995	322837
	U	2009007034	7014997	322841
	U	2009007034	7015030	322877
	U	2009007034	7015031	322879
	U	2009007034	7015058	322920
	U	2009007034	7015069	322942
	U	2009007034	7015071	322947
	U	2009007034	7015102	322997
	U	2009007034	7015133	323059
	U	2009007034	7015150	323100
	U	2009007034	7015153	323106
	U	2009007034	7006334	323176
	U	2009007034	7015180	323209
	U	2009007034	7015184	323217
	U	2009007034	7015197	323244
	U	2009007034	7015205	323260
	U	2009007034	7015208	323266
	U	2009007034	7015221	323292
	U	2009007034	7015234	323318
	U	2009007034	7015237	323324
	U	2009007034	7015249	323348
	U	2009007034	7015259	323368
	U	2009007034	7015265	323380
	U	2009007034	7015269	323388
	U	2009007034	7015275	323398
	U	2009007034	7015278	323404
	U	2009007034	7015279	323406
	U	2009007034	7015369	323462
	U	2009007034	7015395	323470
	U	2009007034	7015425	323495
	U	2009007034	7015455	323521
	U	2009007034	7015466	323528
	U	2009007034	7015507	323570
	U	2009007034	7015586	323702
	U	2009007034	7015631	323775
	U	2009007034	7015641	323796
	U	2009007034	7015682	323887
	U	2009007034	7015906	324548
	U	2009007034	7016152	324772
	U	2009007034	7016473	324904
	U	2009007034	7016515	324935
	U	2009007034	7016528	324945
	U	2009007034	7016529	324954
	U	2009007034	7016653	325012
	U	2009007034	7016785	325041
	U	2009007034	7016865	325102
	U	2009007034	7016885	325108
	U	2009007034	7016888	325111
	U	2009007034	7016974	325172
	U	2009007034	7016992	325188
	U	2009007034	7015489	325259
	U	2009007034	1008250	325264
	U	2009007034	7015647	325266
	U	2009007034	7017149	325490
	U	2009007034	7017151	325493
	U	2009007034	7003731	325541
	U	2009007034	7017183	325562
	U	2009007034	7017251	325784
	U	2009007034	7017325	325946
	U	2009007034	7017326	325948
	U	2009007034	7017351	325998
	U	2009007034	7017359	326014
	U	2009007034	7017360	326016
	U	2009007034	7017369	326035
	U	2009007034	7017377	326097
	U	2009007034	7017390	326121
	U	2009007034	7017392	326125
	U	2009007034	1009058	326128
	U	2009007034	7017546	326406
	U	2009007034	7017724	326670
	U	2009007034	7017860	326756
	U	2009007034	7017876	326775
	U	2009007034	7017877	326776
	U	2009007034	7017893	326796
	U	2009007034	7017903	326805
	U	2009007034	7005233	326828
	U	2009007034	7017704	326835
	U	2009007034	7017705	326837
	U	2009007034	7017714	326847
	U	2009007034	1001417	326886
	U	2009007034	7000100	327004
	U	2009007034	7018186	327066
	U	2009007034	7018214	327196
	U	2009007034	7018218	327218
	U	2009007034	7018222	327226
	U	2009007034	7018225	327237
	U	2009007034	7018226	327238
	U	2009007034	7018226	327240
	U	2009007034	1001863	327268
	U	2009007034	7018265	327329
	U	2009007034	7018307	327413
	U	2009007034	7018314	327424
	U	2009007034	7018318	327432
	U	2009007034	7000203	327434
	U	2009007034	7018377	327503
	U	2009007034	7018411	327555
	U	2009007034	7018418	327566
	U	2009007034	7018447	327634
	U	2009007034	7018458	327652
	U	2009007034	7018463	327662
	U	2009007034	7018473	327681
	U	2009007034	7018480	327704
	U	2009007034	7018515	327781
	U	2009007034	7018520	327793
	U	2009007034	7004473	327822
	U	2009007034	7018591	327916
	U	2009007034	7018622	328090
	U	2009007034	1036998	342451
	U	2009007034	7018809	357039
	U	2009007034	1109997	359298
	U	2009007034	1000850	359733
	U	2009007034	1130427	362899
	U	2009007034	2007342	397206
	U	2009007034	2022078	397246
	U	2009007034	2078373	397258
	U	2009007034	2036052	397261
	U	2009007034	2115452	397290
	U	2009007034	2098293	397293
	U	2009007034	2111050	397296
	U	2009007034	2051546	397303
	U	2009007034	2064611	397339
	U	2009007034	2046977	397346
	U	2009007034	2099082	397355
	U	2009007034	2038839	397358
	U	2009007034	2088846	397381
	U	2009007034	2069483	397384
	U	2009007034	2080013	397405
	U	2009007034	2052399	397436
	U	2009007034	2020145	397447
	U	2009007034	2040235	397465
	U	2009007034	2113072	397479
	U	2009007034	2020524	397496
	U	2009007034	2065708	397514
	U	2009007034	2048295	397526
	U	2009007034	2092934	397560
	U	2009007034	2081848	397561
	U	2009007034	2066156	397566
	U	2009007034	2006399	397578
	U	2009007034	2048800	397582
	U	2009007034	2014384	397586
	U	2009007034	2093570	397595
	U	2009007034	7016148	397608
	U	2009007034	2049024	397613
	U	2009007034	2082288	397614
	U	2009007034	2021624	397618
	U	2009007034	2049129	397640
	U	2009007034	2085779	397649
	U	2009007034	2000077	397664
	U	2009007034	2000081	397667
	U	2009007034	1010817	759970
	U	2009007034	7019051	1154394
	U	2009007034	2085176	1154666
	U	2009007034	7021554	1155039
	U	2009007034	2001295	1155465
	U	2009007034	2001307	1155482
	U	2009007034	2124023	1155492
	U	2009007034	2124001	1155502
	U	2009007034	7022246	1155510
	U	2009007034	2124012	1155770
	U	2009007034	7024036	1157395
	U	2009007034	7024115	1157705
	U	2009007034	7024124	1157732
	U	2009007034	7024131	1157748
	U	2009007034	7003866	1157774
	U	2009007034	7002455	1157805
	U	2009007034	7002456	1157806
	U	2009007034	1000796	1157838
148	U	9006866	7027360	1169444
148	U	9006866	7027360	1169445
148	U	9006866	7027361	1169448
148	U	9006866	7027361	1169449
148	U	9006866	7027362	1169452
148	U	9006866	7027362	1169453
148	U	9006866	7027362	1169454
148	U	9006866	7027363	1169457
148	U	9006866	7027363	1169458
148	U	9006866	7027364	1169459
148	U	9006866	7027364	1169460
148	U	9006866	7027365	1169464
148	U	9006866	7027365	1169465
148	U	9006866	7027366	1169468
148	U	9006866	7027366	1169469
148	U	9006866	7027367	1169472
148	U	9006866	7027367	1169473
148	U	9006866	7027368	1169475
148	U	9006866	7027368	1169476
148	U	9006866	7027369	1169477
148	U	9006866	7027370	1169478
148	U	9006866	7027370	1169479
148	U	9006866	7027371	1169485
148	U	9006866	7027371	1169486
148	U	9006866	7027379	1169493
148	U	9006866	7027379	1169494
148	U	9006866	7027380	1169499
148	U	9006866	7027380	1169500
148	U	9006866	7027382	1169503
148	U	9006866	7027382	1169504
148	U	9006866	7027383	1169505
148	U	9006866	7027383	1169506
148	U	9006866	7027383	1169507
148	U	9006866	7027385	1169510
148	U	9006866	7027385	1169511
148	U	9006866	7027386	1169517
148	U	9006866	7027386	1169518
149	U	9006866	7027387	1169521
149	U	9006866	7027387	1169522
149	U	9006866	7027388	1169523
149	U	9006866	7027388	1169524
149	U	9006866	7027388	1169525
149	U	9006866	7027395	1169532
149	U	9006866	7027395	1169533
149	U	9006866	7027395	1169534
149	U	9006866	7027396	1169536
149	U	9006866	7027396	1169537
149	U	9006866	7027399	1169546
149	U	9006866	7027399	1169547
149	U	9006866	7027400	1169551
149	U	9006866	7027400	1169552
149	U	9006866	7027401	1169554
149	U	9006866	7027401	1169555
149	U	9006866	7027401	1169556
149	U	9006866	7027402	1169557
149	U	9006866	7027402	1169558
149	U	9006866	7027402	1169559
149	U	9006866	7027403	1169560
149	U	9006866	7027403	1169561
149	U	9006866	7027404	1169562
149	U	9006866	7027404	1169563
149	U	9006866	7027405	1169565
149	U	9006866	7027405	1169566
144	U	9006866	7027406	1169583
144	U	9006866	7027406	1169584
149	U	9006866	7027407	1169587
149	U	9006866	7027407	1169588
149	U	9006866	7027408	1169589
149	U	9006866	7027408	1169590
149	U	9006866	7027409	1169591
149	U	9006866	7027409	1169592
149	U	9006866	7027410	1169593
149	U	9006866	7027410	1169595
149	U	9006866	7027411	1169597
149	U	9006866	7027411	1169598
149	U	9006866	7027411	1169599
149	U	9006866	7027411	1169600
149	U	9006866	7027413	1169603
149	U	9006866	7027413	1169604
149	U	9006866	7027414	1169605
149	U	9006866	7027414	1169606
149	U	9006866	7027414	1169607
149	U	9006866	7027415	1169610
149	U	9006866	7027415	1169611
149	U	9006866	7027417	1169619
149	U	9006866	7027417	1169620
149	U	9006866	7027418	1169624
149	U	9006866	7027418	1169625
150	U	9006866	7027420	1169634
150	U	9006866	7027420	1169635
150	U	9006866	7027422	1169639
150	U	9006866	7027422	1169640
150	U	9006866	7027423	1169643
150	U	9006866	7027423	1169644
150	U	9006866	7027424	1169648
150	U	9006866	7027424	1169649
150	U	9006866	7027425	1169654
150	U	9006866	7027425	1169655
150	U	9006866	7027426	1169658
150	U	9006866	7027426	1169659
150	U	9006866	7027427	1169660
150	U	9006866	7027427	1169661
150	U	9006866	7027428	1169663
150	U	9006866	7027428	1169664
150	U	9006866	7027428	1169665
155	U	9006866	7027437	1169691
155	U	9006866	7027437	1169692
155	U	9006866	7027438	1169693
155	U	9006866	7027439	1169697
155	U	9006866	7027439	1169698
155	U	9006866	7027440	1169700
155	U	9006866	7027440	1169701
155	U	9006866	7027441	1169702
155	U	9006866	7027441	1169703
155	U	9006866	7027442	28863
155	U	9006866	7027442	1169704
155	U	9006866	7027443	1169707
155	U	9006866	7027443	1169708
155	U	9006866	7027444	1169712
155	U	9006866	7027444	1169713
155	U	9006866	7027446	1169718
155	U	9006866	7027446	1169719
155	U	9006866	7027447	1169720
155	U	9006866	7027447	1169721
155	U	9006866	7027448	1169723
155	U	9006866	7027448	1169724
155	U	9006866	7027449	1169726
155	U	9006866	7027449	1169727
155	U	9006866	7027450	1169730
155	U	9006866	7027450	1169731
155	U	9006866	7027452	1169737
155	U	9006866	7027452	1169738
155	U	9006866	7027453	1169739
155	U	9006866	7027453	1169740
155	U	9006866	7027454	1169741
155	U	9006866	7027454	1169742
155	U	9006866	7027455	1169743
155	U	9006866	7027455	1169744
155	U	9006866	7027456	1169745
155	U	9006866	7027456	1169746
155	U	9006866	7027457	1169747
155	U	9006866	7027457	1169748
155	U	9006866	7027458	1169749
155	U	9006866	7027458	1169750
155	U	9006866	7027459	1169752
155	U	9006866	7027459	1169753
155	U	9006866	7027460	1169756
155	U	9006866	7027460	1169757
155	U	9006866	7027461	1169758
155	U	9006866	7027461	1169759
155	U	9006866	7027462	1169760
155	U	9006866	7027462	1169761
155	U	9006866	7027463	1169762
155	U	9006866	7027463	1169763
155	U	9006866	7027464	1169764
155	U	9006866	7027464	1169765
155	U	9006866	7027465	1169767
155	U	9006866	7027465	1169768
155	U	9006866	7027466	1169775
155	U	9006866	7027466	1169776
155	U	9006866	7027467	1169777
155	U	9006866	7027467	1169778
155	U	9006866	7027468	1169780
155	U	9006866	7027468	1169781
155	U	9006866	7027468	1169782
155	U	9006866	7027469	1169783
155	U	9006866	7027469	1169784
155	U	9006866	7027469	1169785
155	U	9006866	7027470	1169788
155	U	9006866	7027470	1169789
155	U	9006866	7027471	1169790
155	U	9006866	7027471	1169791
155	U	9006866	7027472	1169792
155	U	9006866	7027472	1169793
155	U	9006866	7027473	1169799
155	U	9006866	7027473	1169800
155	U	9006866	7027473	1169801
156	U	9006866	7027474	1169803
156	U	9006866	7027474	1169804
156	U	9006866	7027478	1169812
156	U	9006866	7027478	1169813
156	U	9006866	7027479	1169814
156	U	9006866	7027479	1169815
156	U	9006866	7027480	1169817
156	U	9006866	7027480	1169818
156	U	9006866	7027481	1169819
156	U	9006866	7027481	1169820
156	U	9006866	7027482	1169821
156	U	9006866	7027482	1169822
156	U	9006866	7027483	1169823
156	U	9006866	7027483	1169824
156	U	9006866	7027484	1169825
156	U	9006866	7027484	1169826
156	U	9006866	7027485	1169827
156	U	9006866	7027485	1169828
156	U	9006866	7027487	1169829
156	U	9006866	7027487	1169830
156	U	9006866	7027488	1169831
156	U	9006866	7027488	1169832
156	U	9006866	7027489	1169833
156	U	9006866	7027489	1169834
156	U	9006866	7027490	1169836
156	U	9006866	7027490	1169837
156	U	9006866	7027491	1169838
156	U	9006866	7027491	1169839
156	U	9006866	7027492	1169840
156	U	9006866	7027492	1169841
156	U	9006866	7027493	1169842
156	U	9006866	7027493	1169843
156	U	9006866	7027494	1169845
156	U	9006866	7027494	1169846
156	U	9006866	7027495	1169852
156	U	9006866	7027495	1169853
156	U	9006866	7027496	1169855
156	U	9006866	7027496	1169856
156	U	9006866	7027497	1169860
156	U	9006866	7027497	1169861
156	U	9006866	7027497	1169862
156	U	9006866	7027498	1169865
156	U	9006866	7027498	1169866
156	U	9006866	7027499	1169867
156	U	9006866	7027499	1169868
156	U	9006866	7027500	1169870
156	U	9006866	7027500	1169871
156	U	9006866	7027501	1169874
156	U	9006866	7027502	1169877
156	U	9006866	7027502	1169878
155	U	9006866	7027503	1169732
155	U	9006866	7027503	1169733
156	U	9006866	7027504	1169881
156	U	9006866	7027504	1169882
156	U	9006866	7027505	1169883
156	U	9006866	7027505	1169884
156	U	9006866	7027506	1169885
156	U	9006866	7027506	1169886
156	U	9006866	7027507	1169895
156	U	9006866	7027507	1169896
156	U	9006866	7027508	1169899
156	U	9006866	7027508	1169900
156	U	9006866	7027509	1169902
156	U	9006866	7027509	1169903
160	U	9006866	7027510	1169905
96	U	9006866	7025964	1165296
96	U	9006866	7025964	1165297
96	U	9006866	7025965	1165300
96	U	9006866	7025965	1165301
96	U	9006866	7025966	1165303
96	U	9006866	7025966	1165304
96	U	9006866	7025966	1165314
96	U	9006866	7025967	1165306
96	U	9006866	7025967	1165307
96	U	9006866	7025968	1165308
95	U	9006866	7025968	1165309
95	U	9006866	7025968	1165310
96	U	9006866	7025969	1165311
95	U	9006866	7025969	1165312
95	U	9006866	7025969	1165313
96	U	9006866	7025970	1165315
96	U	9006866	7025970	1165316
96	U	9006866	7025971	1165318
96	U	9006866	7025971	1165319
96	U	9006866	7025971	1165320
96	U	9006866	7025971	1165321
96	U	9006866	7025972	1165322
96	U	9006866	7025972	1165323
96	U	9006866	7025976	1165350
96	U	9006866	7025976	1165351
96	U	9006866	7025977	1165354
96	U	9006866	7025977	1165355
96	U	9006866	7025978	1165358
96	U	9006866	7025978	1165359
96	U	9006866	7025979	1165363
96	U	9006866	7025979	1165364
96	U	9006866	7025980	1165366
96	U	9006866	7025980	1165367
96	U	9006866	7025981	1165368
96	U	9006866	7025981	1165369
96	U	9006866	7025982	1165372
96	U	9006866	7025982	1165373
96	U	9006866	7025983	1165374
96	U	9006866	7025983	1165375
96	U	9006866	7025984	1165376
96	U	9006866	7025984	1165377
96	U	9006866	7025985	1165378
96	U	9006866	7025985	1165379
96	U	9006866	7025986	1165380
96	U	9006866	7025986	1165381
96	U	9006866	7025987	1165382
96	U	9006866	7025987	1165383
96	U	9006866	7025988	1165384
96	U	9006866	7025988	1165385
96	U	9006866	7025989	1165386
96	U	9006866	7025989	1165387
96	U	9006866	7025989	1165388
96	U	9006866	7025990	1165389
96	U	9006866	7025990	1165390
96	U	9006866	7025991	1165392
96	U	9006866	7025991	1165393
96	U	9006866	7025992	1165394
96	U	9006866	7025992	1165395
96	U	9006866	7025993	1165397
96	U	9006866	7025993	1165398
96	U	9006866	7025993	1165399
96	U	9006866	7025994	1165400
96	U	9006866	7025994	1165401
96	U	9006866	7025995	1165403
96	U	9006866	7025995	1165404
96	U	9006866	7025996	1165405
96	U	9006866	7025996	1165406
96	U	9006866	7025996	1165407
96	U	9006866	7025997	1165408
96	U	9006866	7025997	1165409
96	U	9006866	7025998	1165411
96	U	9006866	7025998	1165412
96	U	9006866	7025999	1165415
96	U	9006866	7025999	1165416
96	U	9006866	7025999	1165417
96	U	9006866	7026000	1165418
96	U	9006866	7026000	1165419
96	U	9006866	7026001	1165421
96	U	9006866	7026001	1165422
96	U	9006866	7026002	1165423
96	U	9006866	7026002	1165424
96	U	9006866	7026002	1165425
96	U	9006866	7026003	1165426
96	U	9006866	7026003	1165427
96	U	9006866	7026004	1165430
96	U	9006866	7026004	1165431
96	U	9006866	7026004	1165432
96	U	9006866	7026005	1165435
95	U	9006866	7026005	1165436
96	U	9006866	7026005	1165437
96	U	9006866	7026006	1165441
96	U	9006866	7026006	1165442
96	U	9006866	7026006	1165443
96	U	9006866	7026007	1165444
96	U	9006866	7026007	1165445
96	U	9006866	7026008	1165447
96	U	9006866	7026008	1165448
96	U	9006866	7026009	1165449
96	U	9006866	7026009	1165450
96	U	9006866	7026010	1165451
96	U	9006866	7026010	1165452
96	U	9006866	7026010	1165453
96	U	9006866	7026011	1165454
96	U	9006866	7026011	1165455
96	U	9006866	7026011	1165456
96	U	9006866	7026011	1165457
96	U	9006866	7026012	1165458
96	U	9006866	7026012	1165459
96	U	9006866	7026013	1165463
96	U	9006866	7026013	1165464
96	U	9006866	7026014	1165466
96	U	9006866	7026014	1165467
96	U	9006866	7026014	1165468
96	U	9006866	7026015	1165469
96	U	9006866	7026015	1165470
96	U	9006866	7026016	1165472
96	U	9006866	7026016	1165473
96	U	9006866	7026016	1165474
96	U	9006866	7026016	1165475
96	U	9006866	7026017	1165476
96	U	9006866	7026017	1165477
96	U	9006866	7026017	1165478
96	U	9006866	7026017	1165479
96	U	9006866	7026018	1165480
96	U	9006866	7026018	1165481
64	U	9006866	7026019	1165485
64	U	9006866	7026019	1165486
64	U	9006866	7026020	1165487
64	U	9006866	7026020	1165488
64	U	9006866	7026021	1165489
64	U	9006866	7026021	1165490
100	U	9006866	7026022	1165491
100	U	9006866	7026022	1165492
100	U	9006866	7026022	1165493
100	U	9006866	7026023	1165495
100	U	9006866	7026023	1165496
100	U	9006866	7026024	1165498
100	U	9006866	7026024	1165499
100	U	9006866	7026025	1165503
100	U	9006866	7026025	1165504
100	U	9006866	7026025	1165505
100	U	9006866	7026025	1165506
100	U	9006866	7026025	1165507
100	U	9006866	7026026	1165508
100	U	9006866	7026026	1165509
100	U	9006866	7026027	1165511
100	U	9006866	7026027	1165512
100	U	9006866	7026028	1165515
100	U	9006866	7026028	1165516
100	U	9006866	7026029	1165524
100	U	9006866	7026029	1165525
100	U	9006866	7026029	1165526
100	U	9006866	7026029	1165527
100	U	9006866	7026030	1165528
100	U	9006866	7026030	1165529
100	U	9006866	7026031	1165531
100	U	9006866	7026031	1165532
100	U	9006866	7026095	1165723
100	U	9006866	7026096	1165726
100	U	9006866	7026096	1165727
100	U	9006866	7026096	1165728
100	U	9006866	7026096	1165729
100	U	9006866	7026097	1165730
100	U	9006866	7026097	1165731
100	U	9006866	7026097	1165732
100	U	9006866	7026098	1165736
100	U	9006866	7026098	1165737
100	U	9006866	7026099	1165739
100	U	9006866	7026099	1165740
100	U	9006866	7026100	1165741
100	U	9006866	7026100	1165742
100	U	9006866	7026100	1165743
100	U	9006866	7026101	1165744
100	U	9006866	7026101	1165745
100	U	9006866	7026101	1165746
100	U	9006866	7026102	1165747
100	U	9006866	7026102	1165748
100	U	9006866	7026102	1165749
100	U	9006866	7026102	1165750
100	U	9006866	7026103	1165751
100	U	9006866	7026103	1165752
100	U	9006866	7026103	1165753
100	U	9006866	7026103	1165754
100	U	9006866	7026104	1165755
100	U	9006866	7026104	1165756
100	U	9006866	7026105	1165760
100	U	9006866	7026105	1165761
100	U	9006866	7026106	1165764
100	U	9006866	7026106	1165765
100	U	9006866	7026107	1165771
100	U	9006866	7026107	1165772
100	U	9006866	7026108	1165774
100	U	9006866	7026108	1165775
100	U	9006866	7026108	1165776
100	U	9006866	7026108	1165777
100	U	9006866	7026109	1165782
100	U	9006866	7026109	1165783
100	U	9006866	7026109	1165784
100	U	9006866	7026110	1165785
100	U	9006866	7026110	1165786
100	U	9006866	7026111	1165788
100	U	9006866	7026111	1165789
100	U	9006866	7026111	1165790
100	U	9006866	7026112	1165791
100	U	9006866	7026112	1165792
100	U	9006866	7026113	1165794
100	U	9006866	7026113	1165795
100	U	9006866	7026114	1165797
100	U	9006866	7026114	1165798
100	U	9006866	7026114	1165799
100	U	9006866	7026114	1165800
100	U	9006866	7026115	1165801
100	U	9006866	7026115	1165802
100	U	9006866	7026115	1165803
100	U	9006866	7026115	1165804
98	U	9006866	7026116	1165805
98	U	9006866	7026116	1165806
98	U	9006866	7026116	1165807
101	U	9006866	7026117	1165811
101	U	9006866	7026117	1165812
101	U	9006866	7026118	1165819
101	U	9006866	7026118	1165820
101	U	9006866	7026118	1165821
101	U	9006866	7026119	1165823
101	U	9006866	7026119	1165824
101	U	9006866	7026120	1165826
101	U	9006866	7026120	1165827
101	U	9006866	7026121	1165829
101	U	9006866	7026121	1165830
101	U	9006866	7026122	1165831
101	U	9006866	7026122	1165832
101	U	9006866	7026164	1165939
101	U	9006866	7026164	1165940
101	U	9006866	7026164	1165941
101	U	9006866	7026165	1165942
101	U	9006866	7026165	1165943
101	U	9006866	7026165	1165944
101	U	9006866	7026166	1165945
101	U	9006866	7026166	1165946
101	U	9006866	7026167	1165948
101	U	9006866	7026167	1165949
101	U	9006866	7026168	1165951
101	U	9006866	7026168	1165952
101	U	9006866	7026169	1165956
101	U	9006866	7026169	1165957
101	U	9006866	7026169	1165958
111	U	9006866	7026546	1167143
111	U	9006866	7026547	1167144
111	U	9006866	7026547	1167145
111	U	9006866	7026548	1167146
111	U	9006866	7026548	1167147
111	U	9006866	7026549	1167148
111	U	9006866	7026549	1167149
111	U	9006866	7026549	1167150
111	U	9006866	7026550	1167151
111	U	9006866	7026550	1167152
111	U	9006866	7026551	1167153
111	U	9006866	7026551	1167154
111	U	9006866	7026552	1167155
111	U	9006866	7026552	1167156
111	U	9006866	7026553	1167157
111	U	9006866	7026553	1167158
111	U	9006866	7026554	1167159
111	U	9006866	7026554	1167160
111	U	9006866	7026555	1167161
111	U	9006866	7026555	1167162
111	U	9006866	7026555	1167163
111	U	9006866	7026556	1167165
111	U	9006866	7026556	1167166
111	U	9006866	7026557	1167167
111	U	9006866	7026557	1167168
111	U	9006866	7026558	1167169
111	U	9006866	7026558	1167170
111	U	9006866	7026559	1167171
111	U	9006866	7026559	1167172
111	U	9006866	7026560	1167174
111	U	9006866	7026560	1167175
111	U	9006866	7026560	1167176
111	U	9006866	7026561	1167177
111	U	9006866	7026561	1167178
111	U	9006866	7026562	1167180
111	U	9006866	7026562	1167181
111	U	9006866	7026563	1167185
111	U	9006866	7026563	1167186
111	U	9006866	7026564	1167188
111	U	9006866	7026564	1167189
111	U	9006866	7026565	1167190
111	U	9006866	7026565	1167191
111	U	9006866	7026566	1167193
111	U	9006866	7026566	1167194
111	U	9006866	7026566	1167195
111	U	9006866	7026567	1167196
111	U	9006866	7026567	1167197
111	U	9006866	7026568	1167199
111	U	9006866	7026568	1167200
111	U	9006866	7026569	1167201
111	U	9006866	7026569	1167202
112	U	9006866	7026580	1167305
112	U	9006866	7026580	1167306
112	U	9006866	7026581	1167307
112	U	9006866	7026581	1167308
112	U	9006866	7026582	1167309
112	U	9006866	7026582	1167310
112	U	9006866	7026583	1167311
112	U	9006866	7026583	1167312
112	U	9006866	7026584	1167313
112	U	9006866	7026584	1167314
112	U	9006866	7026585	1167315
112	U	9006866	7026585	1167316
112	U	9006866	7026586	1167317
112	U	9006866	7026587	1167319
112	U	9006866	7026587	1167320
112	U	9006866	7026588	1167321
112	U	9006866	7026588	1167322
112	U	9006866	7026589	1167323
112	U	9006866	7026589	1167324
112	U	9006866	7026590	1167325
112	U	9006866	7026590	1167326
112	U	9006866	7026591	1167328
112	U	9006866	7026591	1167329
112	U	9006866	7026592	1167330
112	U	9006866	7026593	1167333
112	U	9006866	7026593	1167334
112	U	9006866	7026594	1167336
112	U	9006866	7026594	1167337
112	U	9006866	7026594	1167338
113	U	9006866	7026594	1167523
113	U	9006866	7026594	1167524
112	U	9006866	7026595	1167340
112	U	9006866	7026595	1167341
112	U	9006866	7026596	1167342
112	U	9006866	7026596	1167343
112	U	9006866	7026597	1167344
112	U	9006866	7026597	1167345
112	U	9006866	7026597	1167346
112	U	9006866	7026598	1167347
112	U	9006866	7026598	1167348
112	U	9006866	7026599	1167349
112	U	9006866	7026600	1167351
112	U	9006866	7026600	1167352
112	U	9006866	7026601	1167355
112	U	9006866	7026601	1167356
112	U	9006866	7026602	1167359
112	U	9006866	7026602	1167360
112	U	9006866	7026602	1167361
112	U	9006866	7026603	1167362
112	U	9006866	7026603	1167363
112	U	9006866	7026604	1167364
112	U	9006866	7026604	1167365
112	U	9006866	7026605	1167366
112	U	9006866	7026605	1167367
112	U	9006866	7026606	1167368
112	U	9006866	7026606	1167369
112	U	9006866	7026606	1167370
112	U	9006866	7026607	1167371
112	U	9006866	7026607	1167372
112	U	9006866	7026608	1167374
112	U	9006866	7026608	1167375
112	U	9006866	7026609	1167377
112	U	9006866	7026609	1167378
112	U	9006866	7026610	1167380
112	U	9006866	7026610	1167381
112	U	9006866	7026611	1167382
112	U	9006866	7026611	1167383
112	U	9006866	7026612	1167384
112	U	9006866	7026612	1167385
112	U	9006866	7026613	1167386
112	U	9006866	7026613	1167387
112	U	9006866	7026614	1167388
112	U	9006866	7026614	1167389
112	U	9006866	7026615	1167391
112	U	9006866	7026615	1167392
112	U	9006866	7026615	1167393
112	U	9006866	7026616	1167396
112	U	9006866	7026616	1167397
112	U	9006866	7026617	1167398
112	U	9006866	7026618	1167400
112	U	9006866	7026618	1167401
112	U	9006866	7026618	1167402
112	U	9006866	7026619	1167407
112	U	9006866	7026619	1167408
112	U	9006866	7026619	1167409
112	U	9006866	7026620	1167410
112	U	9006866	7026620	1167411
112	U	9006866	7026620	1167412
112	U	9006866	7026621	1167413
112	U	9006866	7026621	1167414
112	U	9006866	7026622	1167415
112	U	9006866	7026622	1167416
112	U	9006866	7026623	1167418
112	U	9006866	7026623	1167419
112	U	9006866	7026624	1167420
112	U	9006866	7026624	1167421
112	U	9006866	7026625	1167422
112	U	9006866	7026625	1167423
112	U	9006866	7026626	1167424
112	U	9006866	7026626	1167425
112	U	9006866	7026627	1167426
112	U	9006866	7026627	1167427
112	U	9006866	7026627	1167428
112	U	9006866	7026628	1167429
112	U	9006866	7026628	1167430
112	U	9006866	7026629	1167433
112	U	9006866	7026629	1167434
112	U	9006866	7026630	1167435
112	U	9006866	7026630	1167436
112	U	9006866	7026631	1167437
112	U	9006866	7026631	1167438
112	U	9006866	7026632	1167439
112	U	9006866	7026632	1167440
112	U	9006866	7026632	1167441
112	U	9006866	7026633	1167442
112	U	9006866	7026633	1167443
112	U	9006866	7026634	1167445
112	U	9006866	7026634	1167446
112	U	9006866	7026635	1167449
112	U	9006866	7026635	1167450
112	U	9006866	7026636	1167452
112	U	9006866	7026636	1167453
112	U	9006866	7026636	1167454
113	U	9006866	7026637	1167456
113	U	9006866	7026637	1167457
113	U	9006866	7026638	1167458
113	U	9006866	7026638	1167459
113	U	9006866	7026639	1167460
113	U	9006866	7026639	1167461
113	U	9006866	7026639	1167462
113	U	9006866	7026640	1167463
113	U	9006866	7026640	1167464
113	U	9006866	7026641	1167465
113	U	9006866	7026641	1167466
113	U	9006866	7026642	1167467
113	U	9006866	7026642	1167468
113	U	9006866	7026643	1167470
113	U	9006866	7026643	1167471
113	U	9006866	7026643	1167472
113	U	9006866	7026644	1167473
113	U	9006866	7026644	1167474
113	U	9006866	7026645	1167475
113	U	9006866	7026645	1167476
113	U	9006866	7026646	1167477
113	U	9006866	7026646	1167478
113	U	9006866	7026647	1167479
113	U	9006866	7026647	1167480
113	U	9006866	7026647	1167481
113	U	9006866	7026648	1167482
113	U	9006866	7026648	1167483
113	U	9006866	7026649	1167484
113	U	9006866	7026649	1167485
113	U	9006866	7026650	1167486
113	U	9006866	7026650	1167487
113	U	9006866	7026651	1167490
113	U	9006866	7026651	1167491
113	U	9006866	7026651	1167492
113	U	9006866	7026652	1167493
113	U	9006866	7026652	1167494
113	U	9006866	7026653	1167495
113	U	9006866	7026653	1167496
113	U	9006866	7026654	1167497
113	U	9006866	7026654	1167498
113	U	9006866	7026655	1167499
113	U	9006866	7026655	1167500
113	U	9006866	7026656	1167501
113	U	9006866	7026656	1167502
113	U	9006866	7026657	1167505
113	U	9006866	7026658	1167508
113	U	9006866	7026658	1167509
113	U	9006866	7026659	1167510
113	U	9006866	7026659	1167511
113	U	9006866	7026660	1167512
113	U	9006866	7026661	1167514
113	U	9006866	7026661	1167515
113	U	9006866	7026662	1167516
113	U	9006866	7026662	1167517
113	U	9006866	7026663	1167518
113	U	9006866	7026663	1167519
113	U	9006866	7026664	1167521
113	U	9006866	7026664	1167522
113	U	9006866	7026665	1167525
113	U	9006866	7026665	1167526
113	U	9006866	7026666	1167527
113	U	9006866	7026666	1167528
113	U	9006866	7026667	1167529
113	U	9006866	7026667	1167530
113	U	9006866	7026668	1167532
113	U	9006866	7026668	1167533
113	U	9006866	7026669	1167534
113	U	9006866	7026669	1167535
71	U	9006866	7025350	1163048
71	U	9006866	7025350	1163049
71	U	9006866	7025351	1163052
71	U	9006866	7025351	1163053
71	U	9006866	7025352	1163054
71	U	9006866	7025352	1163055
71	U	9006866	7025353	1163056
71	U	9006866	7025353	1163057
71	U	9006866	7025354	1163058
71	U	9006866	7025354	1163059
71	U	9006866	7025355	1163060
71	U	9006866	7025355	1163061
76	U	9006866	7025357	1163064
76	U	9006866	7025357	1163065
76	U	9006866	7025357	1163066
76	U	9006866	7025358	1163067
76	U	9006866	7025358	1163068
76	U	9006866	7025358	1163069
76	U	9006866	7025359	1163070
76	U	9006866	7025359	1163071
76	U	9006866	7025360	1163073
76	U	9006866	7025360	1163074
76	U	9006866	7025360	1163075
76	U	9006866	7025361	1163076
76	U	9006866	7025361	1163077
76	U	9006866	7025361	1163078
76	U	9006866	7025362	1163079
76	U	9006866	7025362	1163080
76	U	9006866	7025362	1163081
76	U	9006866	7025362	1163082
76	U	9006866	7025362	1163083
76	U	9006866	7025363	1163084
76	U	9006866	7025363	1163085
76	U	9006866	7025363	1163086
76	U	9006866	7025364	1163087
76	U	9006866	7025364	1163088
76	U	9006866	7025364	1163089
76	U	9006866	7025365	1163090
76	U	9006866	7025365	1163091
76	U	9006866	7025365	1163092
76	U	9006866	7025366	1163093
76	U	9006866	7025366	1163094
76	U	9006866	7025366	1163095
76	U	9006866	7025366	1163096
76	U	9006866	7025366	1163097
76	U	9006866	7025367	1163100
76	U	9006866	7025367	1163101
76	U	9006866	7025367	1163102
76	U	9006866	7025368	1163103
76	U	9006866	7025368	1163104
76	U	9006866	7025368	1163105
76	U	9006866	7025369	1163106
76	U	9006866	7025369	1163107
76	U	9006866	7025370	1163109
76	U	9006866	7025370	1163110
76	U	9006866	7025371	1163111
76	U	9006866	7025371	1163112
76	U	9006866	7025372	1163116
76	U	9006866	7025372	1163117
76	U	9006866	7025372	1163118
76	U	9006866	7025373	1163119
76	U	9006866	7025373	1163120
76	U	9006866	7025373	1163121
76	U	9006866	7025373	1163122
76	U	9006866	7025374	1163123
76	U	9006866	7025374	1163124
76	U	9006866	7025374	1163125
76	U	9006866	7025374	1163126
76	U	9006866	7025375	1163127
76	U	9006866	7025375	1163128
76	U	9006866	7025375	1163129
76	U	9006866	7025376	1163131
76	U	9006866	7025376	1163132
76	U	9006866	7025377	1163136
76	U	9006866	7025377	1163137
76	U	9006866	7025378	1163139
76	U	9006866	7025378	1163140
76	U	9006866	7025378	1163141
76	U	9006866	7025379	1163142
76	U	9006866	7025379	1163143
76	U	9006866	7025379	1163144
76	U	9006866	7025380	1163145
76	U	9006866	7025380	1163146
76	U	9006866	7025380	1163147
76	U	9006866	7025381	1163150
76	U	9006866	7025381	1163151
76	U	9006866	7025381	1163152
76	U	9006866	7025382	1163153
76	U	9006866	7025382	1163154
76	U	9006866	7025382	1163155
76	U	9006866	7025383	1163156
76	U	9006866	7025383	1163157
76	U	9006866	7025384	1163159
76	U	9006866	7025384	1163160
76	U	9006866	7025384	1163161
76	U	9006866	7025385	1163162
76	U	9006866	7025385	1163163
76	U	9006866	7025385	1163164
76	U	9006866	7025386	1163167
76	U	9006866	7025386	1163168
76	U	9006866	7025386	1163169
76	U	9006866	7025387	1163170
76	U	9006866	7025387	1163171
76	U	9006866	7025388	1163172
76	U	9006866	7025388	1163173
76	U	9006866	7025388	1163174
76	U	9006866	7025389	1163182
76	U	9006866	7025389	1163183
76	U	9006866	7025389	1163184
76	U	9006866	7025390	1163185
76	U	9006866	7025390	1163186
76	U	9006866	7025390	1163187
76	U	9006866	7025390	1163192
76	U	9006866	7025391	1163188
76	U	9006866	7025391	1163189
76	U	9006866	7025391	1163190
76	U	9006866	7025391	1163191
76	U	9006866	7025392	1163193
76	U	9006866	7025392	1163194
76	U	9006866	7025392	1163195
76	U	9006866	7025393	1163196
76	U	9006866	7025393	1163197
76	U	9006866	7025394	1163198
76	U	9006866	7025394	1163199
76	U	9006866	7025395	1163200
76	U	9006866	7025395	1163201
76	U	9006866	7025395	1163202
76	U	9006866	7025396	1163203
76	U	9006866	7025396	1163204
76	U	9006866	7025396	1163205
76	U	9006866	7025397	1163206
76	U	9006866	7025397	1163207
76	U	9006866	7025397	1163208
76	U	9006866	7025397	1163209
76	U	9006866	7025397	1163210
76	U	9006866	7025397	1163211
76	U	9006866	7025397	1163212
76	U	9006866	7025398	1163213
76	U	9006866	7025398	1163214
76	U	9006866	7025398	1163215
76	U	9006866	7025399	1163216
76	U	9006866	7025399	1163217
76	U	9006866	7025399	1163218
77	U	9006866	7025400	1163223
77	U	9006866	7025400	1163224
77	U	9006866	7025400	1163225
77	U	9006866	7025401	1163226
77	U	9006866	7025401	1163227
77	U	9006866	7025401	1163228
77	U	9006866	7025401	1163229
77	U	9006866	7025402	1163230
77	U	9006866	7025402	1163231
77	U	9006866	7025402	1163232
77	U	9006866	7025403	1163233
77	U	9006866	7025403	1163234
77	U	9006866	7025403	1163235
77	U	9006866	7025404	1163236
77	U	9006866	7025404	1163237
77	U	9006866	7025404	1163238
77	U	9006866	7025405	1163239
77	U	9006866	7025405	1163240
77	U	9006866	7025405	1163241
77	U	9006866	7025406	1163242
77	U	9006866	7025406	1163243
77	U	9006866	7025406	1163244
77	U	9006866	7025407	1163245
77	U	9006866	7025407	1163246
77	U	9006866	7025407	1163247
77	U	9006866	7025408	1163248
77	U	9006866	7025408	1163249
77	U	9006866	7025408	1163250
77	U	9006866	7025408	1163251
77	U	9006866	7025409	1163252
77	U	9006866	7025409	1163253
77	U	9006866	7025409	1163254
77	U	9006866	7025410	1163255
77	U	9006866	7025410	1163256
77	U	9006866	7025410	1163257
72	U	9006866	7025411	1163258
77	U	9006866	7025411	1163259
77	U	9006866	7025411	1163260
77	U	9006866	7025412	1163261
77	U	9006866	7025412	1163262
77	U	9006866	7025412	1163263
77	U	9006866	7025413	1163266
77	U	9006866	7025413	1163267
77	U	9006866	7025413	1163268
77	U	9006866	7025414	1163269
77	U	9006866	7025414	1163270
77	U	9006866	7025414	1163271
77	U	9006866	7025415	1163274
77	U	9006866	7025415	1163275
77	U	9006866	7025415	1163276
77	U	9006866	7025416	1163277
77	U	9006866	7025416	1163278
77	U	9006866	7025416	1163279
77	U	9006866	7025417	1163280
77	U	9006866	7025417	1163281
77	U	9006866	7025417	1163282
77	U	9006866	7025418	1163285
77	U	9006866	7025418	1163286
77	U	9006866	7025418	1163287
77	U	9006866	7025419	1163288
77	U	9006866	7025419	1163289
77	U	9006866	7025419	1163290
77	U	9006866	7025420	1163291
77	U	9006866	7025420	1163292
77	U	9006866	7025420	1163293
77	U	9006866	7025420	1163294
77	U	9006866	7025420	1163295
77	U	9006866	7025421	1163296
77	U	9006866	7025421	1163297
77	U	9006866	7025421	1163298
77	U	9006866	7025422	1163299
77	U	9006866	7025422	1163300
77	U	9006866	7025422	1163301
77	U	9006866	7025423	1163302
77	U	9006866	7025423	1163303
77	U	9006866	7025424	1163305
77	U	9006866	7025424	1163306
77	U	9006866	7025424	1163307
77	U	9006866	7025425	1163308
77	U	9006866	7025425	1163309
77	U	9006866	7025425	1163310
77	U	9006866	7025425	1163311
77	U	9006866	7025425	1163312
77	U	9006866	7025426	1163313
77	U	9006866	7025426	1163314
77	U	9006866	7025427	1163316
77	U	9006866	7025427	1163317
77	U	9006866	7025428	1163318
77	U	9006866	7025428	1163319
77	U	9006866	7025428	1163320
77	U	9006866	7025429	1163322
77	U	9006866	7025429	1163323
77	U	9006866	7025429	1163324
77	U	9006866	7025430	1163325
77	U	9006866	7025430	1163326
77	U	9006866	7025430	1163327
77	U	9006866	7025431	1163328
77	U	9006866	7025431	1163329
77	U	9006866	7025431	1163330
77	U	9006866	7025432	1163333
77	U	9006866	7025432	1163334
77	U	9006866	7025432	1163335
77	U	9006866	7025433	1163336
77	U	9006866	7025433	1163337
77	U	9006866	7025433	1163338
77	U	9006866	7025434	1163347
77	U	9006866	7025434	1163348
	U	2009007034	7006601	315016
	U	2009007034	7006603	315020
	U	2009007034	7006608	315030
	U	2009007034	7006619	315058
	U	2009007034	1000803	315069
	U	2009007034	7006643	315090
	U	2009007034	7006644	315092
	U	2009007034	7006638	315095
	U	2009007034	7006635	315098
	U	2009007034	1000569	315170
	U	2009007034	1009440	315171
	U	2009007034	1000661	315173
	U	2009007034	7003479	315285
	U	2009007034	7003482	315295
	U	2009007034	7012074	315680
	U	2009007034	7002841	316172
	U	2009007034	2000001	316215
	U	2009007034	2000002	316216
	U	2009007034	2000011	316225
	U	2009007034	2000013	316227
	U	2009007034	2000025	316239
	U	2009007034	2000031	316245
	U	2009007034	2000034	316248
	U	2009007034	2000035	316249
	U	2009007034	2000037	316251
	U	2009007034	2000041	316255
	U	2009007034	2000042	316256
	U	2009007034	2000045	316259
	U	2009007034	2000047	316261
	U	2009007034	2000048	316262
	U	2009007034	2000066	316280
	U	2009007034	2000093	316295
	U	2009007034	2000095	316297
	U	2009007034	2000105	316307
	U	2009007034	2000108	316310
	U	2009007034	2000112	316314
	U	2009007034	2000116	316318
	U	2009007034	2000128	316330
	U	2009007034	2000131	316333
	U	2009007034	2000132	316334
	U	2009007034	2000135	316337
	U	2009007034	2000155	316357
	U	2009007034	1002138	316382
	U	2009007034	1002298	316388
	U	2009007034	7014005	316397
	U	2009007034	1002706	316402
	U	2009007034	2000183	316431
	U	2009007034	2000189	316437
	U	2009007034	2000190	316438
	U	2009007034	2000191	316439
	U	2009007034	2000230	316478
	U	2009007034	2000235	316483
	U	2009007034	2000236	316484
	U	2009007034	2000242	316490
	U	2009007034	1002366	316503
	U	2009007034	1002538	316511
	U	2009007034	1002207	316515
	U	2009007034	1002582	316529
	U	2009007034	1002641	316532
	U	2009007034	2000265	316555
	U	2009007034	2000292	316582
	U	2009007034	2000299	316589
	U	2009007034	2000303	316593
	U	2009007034	2000304	316594
	U	2009007034	2000315	316605
	U	2009007034	2000318	316608
	U	2009007034	2000324	316614
	U	2009007034	2000331	316621
	U	2009007034	2000341	316631
	U	2009007034	2000351	316641
	U	2009007034	2000358	316648
	U	2009007034	2000366	316656
	U	2009007034	2000394	316684
	U	2009007034	2000409	316699
	U	2009007034	2000414	316704
	U	2009007034	2000418	316708
	U	2009007034	2000440	316730
	U	2009007034	1002648	316744
	U	2009007034	2000456	316750
	U	2009007034	2000462	316756
	U	2009007034	2000465	316759
	U	2009007034	2000484	316778
	U	2009007034	2000486	316780
	U	2009007034	1002605	316821
	U	2009007034	1002693	316833
	U	2009007034	1002698	316834
	U	2009007034	2000511	316864
	U	2009007034	2000523	316876
	U	2009007034	2000525	316878
	U	2009007034	2000528	316881
	U	2009007034	2000532	316885
	U	2009007034	2000533	316886
	U	2009007034	2000538	316891
	U	2009007034	1002640	316936
	U	2009007034	1002809	316945
	U	2009007034	2000543	316968
	U	2009007034	2000553	316978
	U	2009007034	2000557	316982
	U	2009007034	2000560	316985
	U	2009007034	2000563	316988
	U	2009007034	2000572	316997
	U	2009007034	2000574	316999
	U	2009007034	2000579	317004
	U	2009007034	2000581	317006
	U	2009007034	2000583	317008
	U	2009007034	2000584	317009
	U	2009007034	2000592	317017
	U	2009007034	2000594	317019
	U	2009007034	2000599	317024
	U	2009007034	2000603	317028
	U	2009007034	2000608	317033
	U	2009007034	2000613	317038
	U	2009007034	2000644	317069
	U	2009007034	2000647	317072
	U	2009007034	2000650	317075
	U	2009007034	2000652	317077
	U	2009007034	2000656	317081
	U	2009007034	2000669	317094
	U	2009007034	2000680	317105
	U	2009007034	2000698	317123
	U	2009007034	2000705	317130
	U	2009007034	2000708	317133
	U	2009007034	2000724	317149
	U	2009007034	2000728	317153
	U	2009007034	2000737	317162
	U	2009007034	2000744	317169
	U	2009007034	2000747	317172
	U	2009007034	2000751	317176
	U	2009007034	1002147	317190
	U	2009007034	1002354	317198
	U	2009007034	1002953	317219
	U	2009007034	2000765	317221
	U	2009007034	2000767	317223
	U	2009007034	2000770	317226
	U	2009007034	2000775	317231
	U	2009007034	2000809	317265
	U	2009007034	2000811	317267
	U	2009007034	2000824	317280
	U	2009007034	2000834	317290
	U	2009007034	2000840	317296
	U	2009007034	2000842	317298
	U	2009007034	2000846	317302
	U	2009007034	2000856	317312
	U	2009007034	2000862	317318
	U	2009007034	7020676	317321
	U	2009007034	2000872	317328
	U	2009007034	2000874	317330
	U	2009007034	2000895	317351
	U	2009007034	2000897	317353
	U	2009007034	2000910	317366
	U	2009007034	2000912	317368
	U	2009007034	2000913	317369
	U	2009007034	2000914	317370
	U	2009007034	2000917	317373
	U	2009007034	2000926	317382
	U	2009007034	1002182	317432
	U	2009007034	1002509	317441
	U	2009007034	1002540	317443
	U	2009007034	2000964	317480
	U	2009007034	2000971	317487
	U	2009007034	2000973	317489
	U	2009007034	2000979	317495
	U	2009007034	2000989	317505
	U	2009007034	2001011	317527
	U	2009007034	2001022	317538
	U	2009007034	2001033	317549
	U	2009007034	7021314	317551
	U	2009007034	2001036	317552
	U	2009007034	2001040	317556
	U	2009007034	2001044	317560
	U	2009007034	2001046	317562
	U	2009007034	2001062	317578
	U	2009007034	2001069	317585
	U	2009007034	2001073	317589
	U	2009007034	2001078	317594
	U	2009007034	2001085	317601
	U	2009007034	2001086	317602
	U	2009007034	2001092	317608
	U	2009007034	2001094	317610
	U	2009007034	2001095	317611
	U	2009007034	2001101	317617
	U	2009007034	2001128	317644
	U	2009007034	2001130	317646
	U	2009007034	2001139	317655
	U	2009007034	2001140	317656
	U	2009007034	2001153	317669
	U	2009007034	2001155	317671
	U	2009007034	2001159	317675
	U	2009007034	2001162	317678
	U	2009007034	1002133	317684
	U	2009007034	1002634	317697
	U	2009007034	1002888	317707
	U	2009007034	2001171	317712
	U	2009007034	2001176	317717
	U	2009007034	2001179	317720
	U	2009007034	2001188	317729
	U	2009007034	2001195	317736
	U	2009007034	2001201	317742
	U	2009007034	2001202	317743
	U	2009007034	2001208	317749
	U	2009007034	2001216	317757
	U	2009007034	2001222	317763
	U	2009007034	2001234	317775
	U	2009007034	2001252	317793
	U	2009007034	2001267	317807
	U	2009007034	2001278	317818
	U	2009007034	2001316	317856
	U	2009007034	2001360	317900
	U	2009007034	2001361	317901
	U	2009007034	2001362	317902
	U	2009007034	2001369	317909
	U	2009007034	2001374	317914
	U	2009007034	2001388	317928
	U	2009007034	2001410	317955
	U	2009007034	2001422	317970
	U	2009007034	1002232	317980
	U	2009007034	1002657	317986
	U	2009007034	7014090	317988
	U	2009007034	2001431	318000
	U	2009007034	2001440	318009
	U	2009007034	2001443	318012
	U	2009007034	2001444	318013
	U	2009007034	1002206	318033
	U	2009007034	1002472	318050
	U	2009007034	1002751	318064
	U	2009007034	1002814	318069
	U	2009007034	1002821	318070
	U	2009007034	7015817	318071
	U	2009007034	1002871	318074
	U	2009007034	1002873	318076
	U	2009007034	2001567	318103
	U	2009007034	2001569	318105
	U	2009007034	2001575	318111
	U	2009007034	2001596	318132
	U	2009007034	2001597	318133
	U	2009007034	2001599	318135
	U	2009007034	2001600	318136
	U	2009007034	1002156	318149
	U	2009007034	1002497	318180
	U	2009007034	1002662	318193
	U	2009007034	1002788	318200
	U	2009007034	1002917	318210
	U	2009007034	2001612	318223
	U	2009007034	2001630	318241
	U	2009007034	2001637	318248
	U	2009007034	2001647	318258
	U	2009007034	2001655	318266
	U	2009007034	2001665	318276
	U	2009007034	2001684	318295
	U	2009007034	2001687	318298
	U	2009007034	1002599	318314
	U	2009007034	1002699	318316
	U	2009007034	1002794	318317
	U	2009007034	1003044	318322
	U	2009007034	2001701	318324
	U	2009007034	2001711	318334
	U	2009007034	2001715	318338
	U	2009007034	2001722	318345
	U	2009007034	1002728	318351
	U	2009007034	2001470	318360
	U	2009007034	2001484	318374
	U	2009007034	2001496	318386
	U	2009007034	7014128	318388
	U	2009007034	7014021	318408
	U	2009007034	2001523	318413
	U	2009007034	2001532	318422
	U	2009007034	2001535	318425
	U	2009007034	2001536	318426
	U	2009007034	2001541	318431
169	U	9006866	7027813	1170760
169	U	9006866	7027814	1170761
169	U	9006866	7027814	1170762
169	U	9006866	7027815	1170763
169	U	9006866	7027815	1170764
169	U	9006866	7027816	1170765
169	U	9006866	7027816	1170766
169	U	9006866	7027817	1170767
169	U	9006866	7027817	1170768
169	U	9006866	7027818	1170772
169	U	9006866	7027818	1170773
169	U	9006866	7027819	1170774
169	U	9006866	7027819	1170775
169	U	9006866	7027820	1170776
169	U	9006866	7027820	1170777
169	U	9006866	7027820	1170778
169	U	9006866	7027820	1170779
169	U	9006866	7027821	1170780
169	U	9006866	7027821	1170781
169	U	9006866	7027821	1170782
169	U	9006866	7027821	1170783
169	U	9006866	7027822	1170784
169	U	9006866	7027822	1170785
169	U	9006866	7027823	1170786
169	U	9006866	7027823	1170787
169	U	9006866	7027824	1170791
169	U	9006866	7027824	1170792
169	U	9006866	7027824	1170793
169	U	9006866	7027825	1170794
169	U	9006866	7027825	1170795
169	U	9006866	7027825	1170797
169	U	9006866	7027826	1170798
169	U	9006866	7027826	1170799
169	U	9006866	7027826	1170800
169	U	9006866	7027827	1170802
169	U	9006866	7027827	1170803
169	U	9006866	7027828	1170804
169	U	9006866	7027828	1170805
169	U	9006866	7027828	1170806
169	U	9006866	7027828	1170807
169	U	9006866	7027829	1170808
169	U	9006866	7027830	1170814
169	U	9006866	7027830	1170815
169	U	9006866	7027830	1170816
169	U	9006866	7027830	1170817
169	U	9006866	7027831	1170818
169	U	9006866	7027831	1170819
169	U	9006866	7027832	1170820
169	U	9006866	7027832	1170821
169	U	9006866	7027833	1170822
169	U	9006866	7027833	1170823
169	U	9006866	7027834	1170824
169	U	9006866	7027834	1170825
169	U	9006866	7027834	1170826
169	U	9006866	7027834	1170827
169	U	9006866	7027834	1170829
169	U	9006866	7027835	1170830
169	U	9006866	7027835	1170831
169	U	9006866	7027835	1170832
169	U	9006866	7027835	1170833
169	U	9006866	7027836	1170834
169	U	9006866	7027836	1170835
169	U	9006866	7027836	1170836
170	U	9006866	7027837	1170837
170	U	9006866	7027837	1170838
170	U	9006866	7027838	1170843
170	U	9006866	7027838	1170844
170	U	9006866	7027838	1170845
170	U	9006866	7027839	1170848
170	U	9006866	7027839	1170849
170	U	9006866	7027840	1170850
170	U	9006866	7027840	1170851
170	U	9006866	7027841	1170852
170	U	9006866	7027841	1170853
170	U	9006866	7027841	1170854
170	U	9006866	7027842	1170856
170	U	9006866	7027842	1170857
170	U	9006866	7027843	1170858
170	U	9006866	7027843	1170859
170	U	9006866	7027844	1170860
170	U	9006866	7027844	1170861
170	U	9006866	7027845	1170862
170	U	9006866	7027845	1170863
170	U	9006866	7027845	1170864
170	U	9006866	7027845	1170865
170	U	9006866	7027845	1170866
170	U	9006866	7027845	1170867
170	U	9006866	7027846	1170868
170	U	9006866	7027846	1170869
170	U	9006866	7027847	1170870
170	U	9006866	7027847	1170871
170	U	9006866	7027848	1170872
170	U	9006866	7027848	1170873
170	U	9006866	7027849	1170874
170	U	9006866	7027849	1170875
170	U	9006866	7027849	1170876
170	U	9006866	7027850	1170877
170	U	9006866	7027850	1170878
170	U	9006866	7027851	1170881
170	U	9006866	7027851	1170882
170	U	9006866	7027852	1170883
170	U	9006866	7027852	1170884
170	U	9006866	7027852	1170885
170	U	9006866	7027853	1170886
170	U	9006866	7027853	1170887
170	U	9006866	7027853	1170888
170	U	9006866	7027854	1170889
170	U	9006866	7027854	1170890
170	U	9006866	7027854	1170891
170	U	9006866	7027855	1170893
170	U	9006866	7027855	1170894
170	U	9006866	7027856	1170895
170	U	9006866	7027856	1170896
170	U	9006866	7027856	1170897
170	U	9006866	7027856	1170898
170	U	9006866	7027856	1170899
170	U	9006866	7027857	1170900
170	U	9006866	7027857	1170901
170	U	9006866	7027858	1170902
170	U	9006866	7027858	1170903
170	U	9006866	7027858	1170904
170	U	9006866	7027858	1170905
170	U	9006866	7027859	1170906
170	U	9006866	7027859	1170907
170	U	9006866	7027860	1170909
170	U	9006866	7027860	1170910
170	U	9006866	7027861	1170911
170	U	9006866	7027861	1170912
170	U	9006866	7027861	1170913
170	U	9006866	7027861	1170914
170	U	9006866	7027862	1170915
170	U	9006866	7027862	1170916
170	U	9006866	7027863	1170917
170	U	9006866	7027863	1170918
170	U	9006866	7027864	1170919
170	U	9006866	7027864	1170920
170	U	9006866	7027864	1170921
170	U	9006866	7027865	1170922
170	U	9006866	7027865	1170923
170	U	9006866	7027865	1170924
170	U	9006866	7027866	1170925
170	U	9006866	7027866	1170926
170	U	9006866	7027867	1170930
170	U	9006866	7027867	1170931
170	U	9006866	7027868	1170932
170	U	9006866	7027868	1170933
170	U	9006866	7027868	1170934
170	U	9006866	7027869	1170935
170	U	9006866	7027869	1170936
170	U	9006866	7027869	1170937
170	U	9006866	7027870	1170938
170	U	9006866	7027870	1170939
170	U	9006866	7027870	1170940
170	U	9006866	7027871	1170941
170	U	9006866	7027871	1170942
170	U	9006866	7027872	1170944
170	U	9006866	7027872	1170945
170	U	9006866	7027873	1170947
170	U	9006866	7027873	1170948
170	U	9006866	7027874	1170949
170	U	9006866	7027874	1170950
170	U	9006866	7027875	1170951
170	U	9006866	7027875	1170952
170	U	9006866	7027876	1170953
170	U	9006866	7027876	1170954
170	U	9006866	7027877	1170956
170	U	9006866	7027877	1170957
170	U	9006866	7027878	1170958
170	U	9006866	7027878	1170959
170	U	9006866	7027878	1170960
170	U	9006866	7027879	1170962
170	U	9006866	7027879	1170963
170	U	9006866	7027879	1170964
170	U	9006866	7027880	1170965
170	U	9006866	7027880	1170966
170	U	9006866	7027881	1170967
170	U	9006866	7027881	1170968
170	U	9006866	7027882	1170969
170	U	9006866	7027882	1170970
170	U	9006866	7027882	1170971
170	U	9006866	7027883	1170975
170	U	9006866	7027883	1170976
170	U	9006866	7027884	1170977
170	U	9006866	7027884	1170978
170	U	9006866	7027884	1170979
170	U	9006866	7027885	1170980
170	U	9006866	7027885	1170981
170	U	9006866	7027886	1170982
170	U	9006866	7027886	1170983
170	U	9006866	7027887	1170984
170	U	9006866	7027887	1170985
170	U	9006866	7027887	1170986
170	U	9006866	7027888	1170990
170	U	9006866	7027888	1170991
170	U	9006866	7027889	1170993
170	U	9006866	7027889	1170994
170	U	9006866	7027889	1170995
170	U	9006866	7027890	1170996
170	U	9006866	7027890	1170997
170	U	9006866	7027890	1170998
170	U	9006866	7027890	1170999
170	U	9006866	7027891	1171000
170	U	9006866	7027891	1171001
170	U	9006866	7027891	1171002
170	U	9006866	7027891	1171003
170	U	9006866	7027892	1171004
170	U	9006866	7027892	1171005
170	U	9006866	7027892	1171006
171	U	9006866	7027893	1171008
171	U	9006866	7027893	1171009
171	U	9006866	7027893	1171010
171	U	9006866	7027893	1171011
171	U	9006866	7027893	1171012
171	U	9006866	7027894	1171013
171	U	9006866	7027894	1171014
171	U	9006866	7027895	1171018
171	U	9006866	7027895	1171019
171	U	9006866	7027896	1171023
171	U	9006866	7027896	1171024
171	U	9006866	7027896	1171025
171	U	9006866	7027897	1171027
171	U	9006866	7027897	1171028
171	U	9006866	7027898	1171029
171	U	9006866	7027898	1171030
171	U	9006866	7027898	1171031
171	U	9006866	7027899	1171032
171	U	9006866	7027899	1171033
171	U	9006866	7027900	1171034
171	U	9006866	7027900	1171035
171	U	9006866	7027900	1171036
171	U	9006866	7027900	1171037
171	U	9006866	7027901	1171043
171	U	9006866	7027901	1171044
171	U	9006866	7027901	1171045
171	U	9006866	7027902	1171048
171	U	9006866	7027902	1171049
171	U	9006866	7027902	1171050
171	U	9006866	7027902	1171051
171	U	9006866	7027902	1171052
171	U	9006866	7027903	1171053
171	U	9006866	7027903	1171054
171	U	9006866	7027904	1171055
	U	2009007034	7001001	182498
	U	2009007034	7001011	182518
	U	2009007034	7001012	182520
	U	2009007034	1001055	182535
	U	2009007034	1001127	182544
	U	2009007034	1001156	182545
	U	2009007034	7000419	182546
	U	2009007034	7001285	182548
	U	2009007034	1001287	182562
	U	2009007034	1001413	182577
	U	2009007034	1001517	182586
	U	2009007034	1001581	182593
	U	2009007034	1001591	182596
	U	2009007034	7004595	182721
	U	2009007034	7003127	182722
	U	2009007034	7005765	182724
	U	2009007034	1003442	182725
	U	2009007034	7003000	182732
	U	2009007034	7003128	182738
	U	2009007034	7005880	182753
	U	2009007034	7002994	182762
	U	2009007034	7003170	182766
	U	2009007034	1003505	182793
	U	2009007034	7002803	182841
	U	2009007034	7002816	182843
	U	2009007034	7002822	182845
	U	2009007034	7010420	182881
	U	2009007034	7014814	182981
	U	2009007034	7003437	182987
	U	2009007034	7000350	183410
	U	2009007034	1000783	183419
	U	2009007034	7001491	183565
	U	2009007034	1001359	183669
	U	2009007034	7001731	183784
	U	2009007034	2002201	186877
	U	2009007034	2002211	186887
	U	2009007034	2002217	186893
	U	2009007034	2002219	186895
	U	2009007034	7022201	186898
	U	2009007034	7022208	186901
	U	2009007034	7022216	186908
	U	2009007034	7022219	186911
	U	2009007034	2002500	187176
	U	2009007034	2003051	187727
	U	2009007034	2003063	187739
	U	2009007034	2003271	187947
	U	2009007034	2003523	188199
	U	2009007034	2003797	188473
	U	2009007034	2004474	189150
	U	2009007034	2004700	189376
	U	2009007034	2004780	189456
	U	2009007034	2004784	189460
	U	2009007034	2005215	189891
	U	2009007034	2005253	189929
	U	2009007034	2005570	190246
	U	2009007034	2005590	190266
	U	2009007034	2005666	190342
	U	2009007034	2006167	190843
	U	2009007034	2006258	190934
	U	2009007034	2006474	191150
	U	2009007034	2006626	191302
	U	2009007034	2006849	191525
	U	2009007034	2006958	191634
	U	2009007034	2007054	191730
	U	2009007034	2007377	192053
	U	2009007034	2008229	192905
	U	2009007034	2008471	193147
	U	2009007034	2009966	194642
	U	2009007034	2010060	194736
	U	2009007034	2010094	194770
	U	2009007034	2010187	194863
	U	2009007034	2010616	195292
	U	2009007034	2010623	195299
	U	2009007034	2010628	195304
	U	2009007034	2010816	195492
	U	2009007034	2011150	195826
	U	2009007034	2011200	195876
	U	2009007034	2011341	196017
	U	2009007034	2011344	196020
	U	2009007034	2011612	196288
	U	2009007034	2011832	196508
	U	2009007034	2011878	196554
	U	2009007034	2012037	196713
	U	2009007034	2012240	196916
	U	2009007034	2012262	196938
	U	2009007034	2012282	196958
	U	2009007034	2012318	196994
	U	2009007034	2012583	197259
	U	2009007034	2012622	197298
	U	2009007034	2012790	197466
	U	2009007034	2012893	197569
	U	2009007034	2013213	197889
	U	2009007034	2013298	197974
	U	2009007034	2013378	198054
	U	2009007034	2013537	198213
	U	2009007034	2013589	198265
	U	2009007034	2013631	198307
	U	2009007034	2013663	198339
	U	2009007034	2013827	198503
	U	2009007034	2013854	198530
	U	2009007034	2014134	198810
	U	2009007034	2014148	198824
	U	2009007034	2014197	198873
	U	2009007034	2014306	198982
	U	2009007034	2014428	199104
	U	2009007034	2014701	199377
	U	2009007034	2014711	199387
	U	2009007034	2014719	199395
	U	2009007034	2014891	199567
	U	2009007034	2014968	199644
	U	2009007034	2015395	200071
	U	2009007034	2015815	200491
	U	2009007034	2016046	200722
	U	2009007034	2016404	201080
	U	2009007034	2016516	201192
	U	2009007034	2016616	201292
	U	2009007034	2016619	201295
	U	2009007034	2016767	201443
	U	2009007034	2016993	201669
	U	2009007034	2017162	201838
	U	2009007034	2017194	201870
	U	2009007034	2017278	201954
	U	2009007034	2017301	201977
	U	2009007034	2017416	202092
	U	2009007034	2017485	202161
	U	2009007034	2017556	202232
	U	2009007034	2017595	202271
	U	2009007034	2017791	202467
	U	2009007034	2018234	202910
	U	2009007034	2018296	202972
	U	2009007034	2018607	203283
	U	2009007034	2018840	203516
	U	2009007034	2018870	203546
	U	2009007034	2018985	203661
	U	2009007034	2019107	203783
	U	2009007034	2019225	203901
	U	2009007034	2019350	204026
	U	2009007034	2019377	204053
	U	2009007034	2019437	204113
	U	2009007034	2019476	204152
	U	2009007034	2019507	204183
	U	2009007034	2019628	204304
	U	2009007034	2019642	204318
	U	2009007034	2020110	204786
	U	2009007034	2020119	204795
	U	2009007034	2020126	204802
	U	2009007034	2020135	204811
	U	2009007034	2020189	204865
	U	2009007034	2020287	204963
	U	2009007034	2020565	205241
	U	2009007034	2020958	205634
	U	2009007034	2021130	205806
	U	2009007034	2021747	206423
	U	2009007034	2021796	206472
	U	2009007034	2021818	206494
	U	2009007034	2022095	206771
	U	2009007034	2022927	207603
	U	2009007034	2023161	207837
	U	2009007034	2023370	208046
	U	2009007034	2023697	208373
	U	2009007034	2023922	208598
	U	2009007034	2023954	208630
	U	2009007034	2023965	208641
	U	2009007034	2024164	208840
	U	2009007034	2024183	208859
	U	2009007034	2024366	209042
	U	2009007034	2024526	209202
	U	2009007034	2024550	209226
	U	2009007034	2024592	209268
	U	2009007034	2025035	209711
	U	2009007034	2025077	209753
	U	2009007034	2025120	209796
	U	2009007034	2025125	209801
	U	2009007034	2025165	209841
	U	2009007034	2025200	209876
	U	2009007034	2025207	209883
	U	2009007034	2025290	209966
	U	2009007034	2025305	209981
	U	2009007034	2025332	210008
	U	2009007034	2025969	210645
	U	2009007034	2026062	210738
	U	2009007034	2026205	210881
	U	2009007034	2026365	211041
	U	2009007034	2026473	211149
	U	2009007034	2026566	211242
	U	2009007034	2026626	211302
	U	2009007034	2026662	211338
	U	2009007034	2026724	211400
	U	2009007034	2026779	211455
	U	2009007034	2026881	211557
	U	2009007034	2026900	211576
	U	2009007034	2026978	211654
	U	2009007034	2027244	211920
	U	2009007034	2027334	212010
	U	2009007034	2028378	213054
	U	2009007034	2028672	213348
	U	2009007034	2028772	213448
	U	2009007034	2028867	213543
	U	2009007034	2029006	213682
	U	2009007034	2029060	213736
	U	2009007034	2029078	213754
	U	2009007034	2029121	213797
	U	2009007034	2029178	213854
	U	2009007034	2029282	213958
	U	2009007034	2029368	214044
	U	2009007034	2029386	214062
	U	2009007034	2029399	214075
	U	2009007034	2029414	214090
	U	2009007034	2029476	214152
	U	2009007034	2029682	214358
	U	2009007034	2029961	214637
	U	2009007034	2029964	214640
	U	2009007034	2030066	214742
	U	2009007034	2030228	214904
	U	2009007034	2030269	214945
	U	2009007034	2030297	214973
	U	2009007034	2030315	214991
	U	2009007034	2030354	215030
	U	2009007034	2030572	215248
	U	2009007034	2030614	215290
	U	2009007034	2030966	215642
	U	2009007034	2031512	216188
	U	2009007034	2031643	216319
	U	2009007034	2031695	216371
	U	2009007034	2031925	216601
	U	2009007034	2032572	217248
	U	2009007034	2032588	217264
	U	2009007034	2033041	217717
	U	2009007034	2033059	217735
	U	2009007034	2033099	217775
	U	2009007034	2033224	217900
	U	2009007034	2033286	217962
	U	2009007034	2033874	218550
	U	2009007034	2034079	218755
	U	2009007034	2035053	219729
	U	2009007034	2035848	220524
	U	2009007034	2035882	220558
	U	2009007034	2036010	220686
	U	2009007034	2036053	220729
	U	2009007034	2036309	220985
	U	2009007034	2036485	221161
	U	2009007034	2036689	221365
	U	2009007034	2036701	221377
	U	2009007034	2036995	221671
	U	2009007034	2037734	222410
	U	2009007034	2037873	222549
	U	2009007034	2037938	222614
	U	2009007034	2038106	222782
	U	2009007034	2038648	223324
	U	2009007034	2038881	223557
	U	2009007034	2038939	223615
	U	2009007034	2038994	223670
	U	2009007034	2039297	223973
	U	2009007034	2039369	224045
	U	2009007034	2039576	224252
	U	2009007034	2039854	224530
	U	2009007034	2040135	224811
	U	2009007034	2040192	224868
	U	2009007034	2040797	225473
	U	2009007034	2041220	225896
	U	2009007034	2041358	226034
	U	2009007034	2041750	226426
	U	2009007034	2041887	226563
	U	2009007034	2041965	226641
	U	2009007034	2042096	226772
	U	2009007034	2043119	227795
	U	2009007034	2043132	227808
	U	2009007034	2043564	228240
	U	2009007034	2043688	228364
	U	2009007034	7006440	314767
	U	2009007034	1000665	314876
	U	2009007034	7006498	314896
	U	2009007034	7006514	314898
	U	2009007034	1000529	314933
	U	2009007034	1000565	314986
	U	2009007034	1000748	314994
	U	2009007034	7006609	315032
	U	2009007034	7006616	315046
	U	2009007034	1000739	315067
	U	2009007034	7008835	315701
	U	2009007034	4006049	315779
	U	2009007034	1000359	315810
	U	2009007034	1000443	315817
	U	2009007034	1000461	315820
	U	2009007034	1009176	316121
	U	2009007034	7002823	316173
	U	2009007034	2000032	316246
	U	2009007034	2000039	316253
	U	2009007034	2000044	316258
	U	2009007034	2000054	316268
	U	2009007034	2000064	316278
	U	2009007034	7019761	316281
	U	2009007034	2000082	316285
	U	2009007034	2000096	316298
	U	2009007034	2000099	316301
	U	2009007034	2000115	316317
	U	2009007034	2000120	316322
	U	2009007034	2000127	316329
	U	2009007034	2000138	316340
	U	2009007034	2000145	316347
	U	2009007034	2000148	316350
	U	2009007034	2000153	316355
	U	2009007034	2000158	316360
	U	2009007034	2000160	316362
	U	2009007034	2000168	316370
	U	2009007034	2000169	316371
	U	2009007034	2000170	316372
	U	2009007034	1002218	316385
	U	2009007034	1002350	316389
	U	2009007034	1002684	316401
	U	2009007034	1002857	316409
	U	2009007034	1002859	316411
	U	2009007034	7014475	316416
	U	2009007034	7014516	316420
	U	2009007034	1002915	316421
	U	2009007034	1002956	316423
	U	2009007034	1002972	316425
	U	2009007034	2000181	316429
	U	2009007034	2000184	316432
	U	2009007034	2000185	316433
	U	2009007034	2000207	316455
	U	2009007034	2000210	316458
	U	2009007034	2000211	316459
	U	2009007034	2000217	316465
	U	2009007034	2000221	316469
	U	2009007034	2000239	316487
	U	2009007034	2000243	316491
	U	2009007034	2000244	316492
	U	2009007034	2000252	316500
	U	2009007034	1002601	316505
	U	2009007034	1002289	316518
	U	2009007034	1002477	316525
	U	2009007034	1002870	316542
	U	2009007034	2000259	316549
	U	2009007034	2000269	316559
	U	2009007034	2000272	316562
	U	2009007034	2000275	316565
	U	2009007034	2000280	316570
	U	2009007034	2000282	316572
	U	2009007034	2000285	316575
	U	2009007034	2000286	316576
	U	2009007034	2000307	316597
	U	2009007034	2000313	316603
	U	2009007034	2000329	316619
	U	2009007034	2000333	316623
	U	2009007034	2000365	316655
	U	2009007034	2000371	316661
	U	2009007034	2000390	316680
	U	2009007034	2000395	316685
	U	2009007034	2000398	316688
	U	2009007034	2000403	316693
	U	2009007034	2000410	316700
	U	2009007034	2000424	316714
	U	2009007034	2000431	316721
	U	2009007034	2000432	316722
	U	2009007034	2000438	316728
	U	2009007034	2000443	316733
	U	2009007034	2000444	316734
	U	2009007034	2000448	316738
	U	2009007034	2000452	316746
	U	2009007034	2000453	316747
	U	2009007034	2000464	316758
	U	2009007034	2000468	316762
	U	2009007034	2000476	316770
	U	2009007034	1002186	316791
	U	2009007034	1002208	316793
	U	2009007034	1002349	316804
	U	2009007034	1002514	316812
	U	2009007034	1002532	316815
	U	2009007034	1002536	316816
	U	2009007034	1002562	316817
	U	2009007034	1002583	316819
	U	2009007034	7019015	316828
	U	2009007034	7016022	316838
	U	2009007034	2000512	316865
	U	2009007034	2000514	316867
	U	2009007034	2000515	316868
	U	2009007034	2000519	316872
	U	2009007034	2000539	316892
	U	2009007034	1002143	316894
	U	2009007034	1002209	316899
	U	2009007034	1002273	316902
	U	2009007034	1002320	316905
	U	2009007034	1002324	316906
	U	2009007034	1002370	316910
	U	2009007034	1002468	316920
	U	2009007034	1002557	316929
	U	2009007034	1002565	316931
	U	2009007034	1002579	316933
	U	2009007034	1002633	316935
	U	2009007034	1002798	316944
	U	2009007034	1002838	316948
	U	2009007034	1002919	316953
	U	2009007034	1002978	316958
	U	2009007034	1003010	316962
	U	2009007034	2000552	316977
	U	2009007034	2000566	316991
	U	2009007034	2000575	317000
	U	2009007034	2000590	317015
	U	2009007034	2000591	317016
	U	2009007034	2000615	317040
	U	2009007034	2000618	317043
	U	2009007034	2000637	317062
	U	2009007034	2000639	317064
	U	2009007034	2000641	317066
	U	2009007034	2000688	317113
	U	2009007034	2000700	317125
	U	2009007034	2000704	317129
	U	2009007034	2000712	317137
	U	2009007034	2000717	317142
	U	2009007034	2000721	317146
	U	2009007034	2000722	317147
	U	2009007034	2000741	317166
	U	2009007034	2000755	317180
	U	2009007034	2000757	317182
	U	2009007034	2000760	317185
	U	2009007034	2000761	317186
	U	2009007034	2000764	317189
	U	2009007034	1002417	317203
	U	2009007034	1002829	317215
	U	2009007034	2000778	317234
	U	2009007034	2000780	317236
	U	2009007034	2000789	317245
	U	2009007034	2000812	317268
	U	2009007034	2000814	317270
	U	2009007034	2000815	317271
	U	2009007034	2000818	317274
	U	2009007034	2000823	317279
	U	2009007034	2000838	317294
	U	2009007034	2000853	317309
	U	2009007034	2000861	317317
	U	2009007034	2000877	317333
	U	2009007034	2000891	317347
	U	2009007034	7020681	317357
	U	2009007034	2000903	317359
	U	2009007034	2000909	317365
	U	2009007034	2000929	317385
	U	2009007034	7016099	317391
	U	2009007034	7016098	317413
	U	2009007034	7013388	317417
	U	2009007034	1002923	317428
	U	2009007034	1003038	317429
	U	2009007034	1002140	317430
	U	2009007034	1002529	317442
	U	2009007034	1002760	317451
	U	2009007034	2000942	317458
	U	2009007034	2000946	317462
	U	2009007034	2000956	317472
	U	2009007034	2000974	317490
	U	2009007034	2000984	317500
	U	2009007034	2000987	317503
	U	2009007034	2000995	317511
	U	2009007034	2000999	317515
	U	2009007034	2001002	317518
	U	2009007034	2001004	317520
	U	2009007034	2001009	317525
	U	2009007034	2001012	317528
	U	2009007034	2001030	317546
	U	2009007034	2001032	317548
	U	2009007034	2001041	317557
	U	2009007034	2001048	317564
	U	2009007034	2001049	317565
	U	2009007034	2001054	317570
	U	2009007034	2001074	317590
	U	2009007034	2001080	317596
	U	2009007034	2001084	317600
	U	2009007034	2001112	317628
	U	2009007034	2001117	317633
	U	2009007034	2001119	317635
	U	2009007034	2001136	317652
	U	2009007034	2001160	317676
	U	2009007034	1002223	317687
	U	2009007034	1002619	317695
	U	2009007034	1002687	317700
	U	2009007034	1002984	317708
	U	2009007034	2001168	317709
	U	2009007034	2001175	317716
	U	2009007034	2001177	317718
	U	2009007034	2001184	317725
	U	2009007034	2001187	317728
	U	2009007034	2001189	317730
	U	2009007034	2001191	317732
	U	2009007034	2001199	317740
	U	2009007034	2001203	317744
	U	2009007034	2001204	317745
	U	2009007034	2001207	317748
	U	2009007034	2001209	317750
	U	2009007034	2001210	317751
	U	2009007034	2001219	317760
	U	2009007034	2001229	317770
	U	2009007034	2001241	317782
	U	2009007034	2001243	317784
	U	2009007034	2001244	317785
	U	2009007034	2001263	317803
	U	2009007034	2001275	317815
	U	2009007034	2001279	317819
	U	2009007034	2001317	317857
	U	2009007034	2001320	317860
	U	2009007034	2001325	317865
	U	2009007034	2001326	317866
	U	2009007034	2001344	317884
	U	2009007034	2001346	317886
	U	2009007034	2001351	317891
	U	2009007034	2001355	317895
	U	2009007034	2001359	317899
	U	2009007034	2001364	317904
	U	2009007034	2001368	317908
	U	2009007034	2001373	317913
	U	2009007034	2001377	317917
	U	2009007034	2001379	317919
	U	2009007034	2001381	317921
	U	2009007034	2001389	317929
	U	2009007034	2001395	317935
	U	2009007034	2001396	317936
	U	2009007034	2001405	317945
	U	2009007034	1002340	317949
	U	2009007034	2001418	317963
	U	2009007034	2001419	317964
	U	2009007034	1002300	317967
	U	2009007034	1002309	317981
	U	2009007034	1002410	317983
	U	2009007034	2001429	317998
	U	2009007034	2001435	318004
	U	2009007034	1002204	318032
	U	2009007034	7013941	318045
	U	2009007034	1002423	318048
	U	2009007034	1002440	318049
	U	2009007034	1002518	318051
	U	2009007034	1002604	318054
	U	2009007034	1002624	318055
	U	2009007034	7014287	318061
	U	2009007034	1002961	318084
	U	2009007034	2001563	318099
	U	2009007034	2001573	318109
	U	2009007034	2001578	318114
	U	2009007034	2001581	318117
	U	2009007034	2001582	318118
	U	2009007034	2001595	318131
161	U	9006866	1029654	1170137
82	U	9006866	1029658	30005
82	U	9006866	1029658	1164005
82	U	9006866	1029658	1164006
69	U	9006866	1029659	1162736
171	U	9006866	1029663	30010
171	U	9006866	1029663	1171152
171	U	9006866	1029663	1171153
53	U	9006866	1029664	30011
53	U	9006866	1029664	1161734
155	U	9006866	1029665	30012
155	U	9006866	1029665	1169787
101	U	9006866	1029667	1166051
102	U	9006866	1029670	30017
102	U	9006866	1029670	1166172
82	U	9006866	1029671	30018
82	U	9006866	1029671	1164025
82	U	9006866	1029671	1164026
43	U	9006866	1029680	1161520
172	U	9006866	1029690	30037
172	U	9006866	1029690	1171174
172	U	9006866	1029690	1171175
161	U	9006866	1029692	1170142
161	U	9006866	1029692	1170143
102	U	9006866	1029697	1166175
102	U	9006866	1029697	1166176
30	U	9006866	1029699	30046
30	U	9006866	1029699	1161406
30	U	9006866	1029699	1161407
148	U	9006866	1029703	30050
148	U	9006866	1029703	1169470
83	U	9006866	1029704	30051
83	U	9006866	1029704	1164036
83	U	9006866	1029704	1164037
161	U	9006866	1029716	30063
161	U	9006866	1029716	1170149
161	U	9006866	1029716	1170150
60	U	9006866	1029722	30069
60	U	9006866	1029722	1161847
60	U	9006866	1029722	1161848
140	U	9006866	1029724	30071
141	U	9006866	1029724	1169217
141	U	9006866	1029724	1169218
124	U	9006866	1029729	1168102
124	U	9006866	1029733	30080
124	U	9006866	1029733	1168099
83	U	9006866	1029735	1164052
83	U	9006866	1029735	1164053
131	U	9006866	1029736	30083
131	U	9006866	1029736	1168561
83	U	9006866	1029738	1164057
83	U	9006866	1029738	1164058
131	U	9006866	1029744	30092
131	U	9006866	1029744	1168568
161	U	9006866	1029748	30096
161	U	9006866	1029748	1170161
161	U	9006866	1029748	1170162
155	U	9006866	1029757	1169795
172	U	9006866	1029759	30107
172	U	9006866	1029759	1171216
172	U	9006866	1029759	1171217
172	U	9006866	1029760	350945
172	U	9006866	1029760	1171221
172	U	9006866	1029760	1171222
172	U	9006866	1029760	1171223
133	U	9006866	1029764	30112
133	U	9006866	1029764	1169017
49	U	9006866	1029771	30119
49	U	9006866	1029771	1161736
172	U	9006866	1029772	30120
172	U	9006866	1029772	1171224
172	U	9006866	1029772	1171225
53	U	9006866	1029773	1161737
36	U	9006866	1029777	30125
36	U	9006866	1029777	1161439
36	U	9006866	1029777	1161440
103	U	9006866	1029784	30132
103	U	9006866	1029784	1166261
103	U	9006866	1029784	1166262
148	U	9006866	1029786	30134
148	U	9006866	1029786	1169474
83	U	9006866	1029788	30136
83	U	9006866	1029788	1164079
83	U	9006866	1029788	1164080
83	U	9006866	1029788	1164081
124	U	9006866	1029790	1168105
43	U	9006866	1029794	30142
43	U	9006866	1029794	1161522
43	U	9006866	1029794	1161523
43	U	9006866	1029794	1161524
155	U	9006866	1029796	1169797
104	U	9006866	1029797	30145
104	U	9006866	1029797	1166497
104	U	9006866	1029797	1166498
104	U	9006866	1029797	1166499
104	U	9006866	1029797	1166500
172	U	9006866	1029798	30146
172	U	9006866	1029798	1171246
53	U	9006866	1029804	1161738
131	U	9006866	1029815	30163
131	U	9006866	1029815	1168590
148	U	9006866	1029818	30166
148	U	9006866	1029818	1169480
148	U	9006866	1029818	1169481
131	U	9006866	1029819	30167
131	U	9006866	1029819	1168591
131	U	9006866	1029819	1168592
148	U	9006866	1029825	1169484
155	U	9006866	1029827	30175
155	U	9006866	1029827	1169802
83	U	9006866	1029830	30178
83	U	9006866	1029830	1164092
83	U	9006866	1029830	1164093
124	U	9006866	1029846	1168114
136	U	9006866	1029849	30197
136	U	9006866	1029849	1168895
103	U	9006866	1029850	1166308
137	U	9006866	1029851	1169027
103	U	9006866	1029852	1166318
103	U	9006866	1029856	30204
103	U	9006866	1029856	1166270
53	U	9006866	1029857	1161740
141	U	9006866	1029859	1169249
141	U	9006866	1029859	1169250
141	U	9006866	1029861	1169276
103	U	9006866	1029863	30211
103	U	9006866	1029863	1166333
103	U	9006866	1029863	1166334
106	U	9006866	1029865	30213
106	U	9006866	1029865	1166688
106	U	9006866	1029865	1166689
106	U	9006866	1029866	30214
106	U	9006866	1029866	1166691
105	U	9006866	1029866	1166692
48	U	9006866	1029869	1161642
60	U	9006866	1029872	30220
60	U	9006866	1029872	1161959
60	U	9006866	1029872	1161960
43	U	9006866	1029880	30228
43	U	9006866	1029880	1161525
172	U	9006866	1029886	30234
172	U	9006866	1029886	1171292
148	U	9006866	1029888	30236
148	U	9006866	1029888	1169495
148	U	9006866	1029895	30243
103	U	9006866	1029899	30247
103	U	9006866	1029899	1166338
103	U	9006866	1029899	1166339
53	U	9006866	1029907	30255
53	U	9006866	1029907	1161763
53	U	9006866	1029907	1161764
148	U	9006866	1029916	1169496
162	U	9006866	1029922	30270
162	U	9006866	1029922	1170197
156	U	9006866	1029927	30275
156	U	9006866	1029927	1169805
113	U	9006866	1029928	30276
113	U	9006866	1029928	1167581
148	U	9006866	1029931	30279
148	U	9006866	1029931	1169497
124	U	9006866	1029932	30280
124	U	9006866	1029932	1168129
53	U	9006866	1029933	30281
53	U	9006866	1029933	1161741
148	U	9006866	1029934	30282
148	U	9006866	1029934	1169498
83	U	9006866	1029935	1164148
83	U	9006866	1029935	1164149
118	U	9006866	1029936	30284
118	U	9006866	1029936	1168130
84	U	9006866	1029941	30289
84	U	9006866	1029941	1164150
84	U	9006866	1029941	1164151
156	U	9006866	1029942	1169806
172	U	9006866	1029943	30291
172	U	9006866	1029943	1171303
172	U	9006866	1029943	1171304
172	U	9006866	1029943	1171305
156	U	9006866	1029947	30295
156	U	9006866	1029947	1169807
53	U	9006866	1029953	30301
53	U	9006866	1029953	1161743
172	U	9006866	1029957	30305
172	U	9006866	1029957	1171314
113	U	9006866	1029960	30308
113	U	9006866	1029960	1167582
53	U	9006866	1029962	1161744
104	U	9006866	1029970	30318
104	U	9006866	1029970	1166501
104	U	9006866	1029970	1166502
104	U	9006866	1029970	1166503
104	U	9006866	1029970	1166504
103	U	9006866	1029971	1166347
159	U	9006866	1029973	30321
162	U	9006866	1029973	1170198
172	U	9006866	1029978	1171325
162	U	9006866	1029980	30328
162	U	9006866	1029980	1170199
103	U	9006866	1029981	30329
103	U	9006866	1029981	1166349
113	U	9006866	1029989	1167583
103	U	9006866	1030001	30349
103	U	9006866	1030001	1166350
103	U	9006866	1030001	1166351
103	U	9006866	1030002	30350
103	U	9006866	1030002	1166352
103	U	9006866	1030002	1166353
103	U	9006866	1030002	1166354
70	U	9006866	1030005	1162783
162	U	9006866	1030012	30360
162	U	9006866	1030012	1170200
48	U	9006866	1030014	30362
48	U	9006866	1030014	1161645
48	U	9006866	1030014	1161646
156	U	9006866	1030017	30365
156	U	9006866	1030017	1169816
162	U	9006866	1030023	30371
162	U	9006866	1030023	1170204
148	U	9006866	1030032	30380
148	U	9006866	1030032	1169502
172	U	9006866	1030036	30384
172	U	9006866	1030036	1171340
172	U	9006866	1030037	348039
172	U	9006866	1030037	1171341
172	U	9006866	1030037	1171342
124	U	9006866	1030041	30389
124	U	9006866	1030041	1168144
53	U	9006866	1030042	1161747
70	U	9006866	1030044	1162789
70	U	9006866	1030044	1162790
53	U	9006866	1030052	30400
53	U	9006866	1030052	1161748
124	U	9006866	1030060	1168147
124	U	9006866	1030060	1168148
64	U	9006866	1030063	30411
64	U	9006866	1030063	1161977
64	U	9006866	1030063	1161978
48	U	9006866	1030066	348399
48	U	9006866	1030066	1161647
84	U	9006866	1030067	30415
84	U	9006866	1030067	1164204
84	U	9006866	1030067	1164205
84	U	9006866	1030067	1164206
113	U	9006866	1030070	348410
113	U	9006866	1030070	1167590
103	U	9006866	1030076	1166361
113	U	9006866	1030077	30425
	U	2009007034	2050341	235017
	U	2009007034	2050429	235105
	U	2009007034	2050584	235260
	U	2009007034	2050603	235279
	U	2009007034	2050720	235396
	U	2009007034	2050770	235446
	U	2009007034	2050782	235458
	U	2009007034	2050949	235625
	U	2009007034	2050991	235667
	U	2009007034	2051088	235764
	U	2009007034	2051513	236189
	U	2009007034	2051639	236315
	U	2009007034	2051971	236647
	U	2009007034	2052486	237162
	U	2009007034	2052598	237274
	U	2009007034	2052828	237504
	U	2009007034	2052916	237592
	U	2009007034	2053034	237710
	U	2009007034	2053157	237833
	U	2009007034	2053190	237866
	U	2009007034	2053227	237903
	U	2009007034	2053407	238083
	U	2009007034	2053516	238192
	U	2009007034	2053615	238291
	U	2009007034	2053858	238534
	U	2009007034	2053991	238667
	U	2009007034	2054692	239368
	U	2009007034	2054862	239538
	U	2009007034	2054937	239613
	U	2009007034	2055045	239721
	U	2009007034	2055236	239912
	U	2009007034	2055494	240170
	U	2009007034	2055845	240521
	U	2009007034	2056009	240685
	U	2009007034	2056175	240851
	U	2009007034	2057351	242027
	U	2009007034	2057705	242381
	U	2009007034	2058204	242880
	U	2009007034	2058413	243089
	U	2009007034	2058721	243397
	U	2009007034	2059209	243885
	U	2009007034	2060239	244915
	U	2009007034	2060367	245043
	U	2009007034	2060489	245165
	U	2009007034	2060625	245301
	U	2009007034	2060644	245320
	U	2009007034	2060863	245539
	U	2009007034	2062159	246835
	U	2009007034	2062575	247251
	U	2009007034	2063273	247949
	U	2009007034	2063380	248056
	U	2009007034	2063452	248128
	U	2009007034	2063569	248245
	U	2009007034	2063646	248322
	U	2009007034	2064002	248678
	U	2009007034	2064049	248725
	U	2009007034	2064424	249100
	U	2009007034	2064781	249457
	U	2009007034	2064789	249465
	U	2009007034	2064817	249493
	U	2009007034	2065055	249731
	U	2009007034	2065185	249861
	U	2009007034	2065269	249945
	U	2009007034	2065310	249986
	U	2009007034	2065338	250014
	U	2009007034	2065497	250173
	U	2009007034	2065521	250197
	U	2009007034	2065550	250226
	U	2009007034	2065632	250308
	U	2009007034	2065672	250348
	U	2009007034	2065846	250522
	U	2009007034	2066041	250717
	U	2009007034	2066081	250757
	U	2009007034	2066217	250893
	U	2009007034	2066265	250941
	U	2009007034	2066466	251142
	U	2009007034	2066481	251157
	U	2009007034	2066813	251489
	U	2009007034	2067815	252491
	U	2009007034	2067910	252586
	U	2009007034	2068332	253008
	U	2009007034	2068425	253101
	U	2009007034	2068659	253335
	U	2009007034	2068702	253378
	U	2009007034	2068824	253500
	U	2009007034	2069008	253684
	U	2009007034	2069138	253814
	U	2009007034	2069159	253835
	U	2009007034	2069335	254011
	U	2009007034	2069406	254082
	U	2009007034	2069584	254260
	U	2009007034	2069602	254278
	U	2009007034	2069768	254444
	U	2009007034	2069775	254451
	U	2009007034	2069809	254485
	U	2009007034	2069826	254502
	U	2009007034	2069919	254595
	U	2009007034	2069957	254633
	U	2009007034	2069999	254675
	U	2009007034	2070516	255192
	U	2009007034	2070681	255357
	U	2009007034	2071436	256112
	U	2009007034	2071491	256167
	U	2009007034	2071587	256263
	U	2009007034	2071714	256390
	U	2009007034	2071771	256447
	U	2009007034	2071949	256625
	U	2009007034	2072074	256750
	U	2009007034	2072131	256807
	U	2009007034	2072146	256822
	U	2009007034	2072213	256889
	U	2009007034	2072253	256929
	U	2009007034	2072260	256936
	U	2009007034	2072733	257409
	U	2009007034	2072763	257439
	U	2009007034	2072833	257509
	U	2009007034	2072891	257567
	U	2009007034	2072960	257636
	U	2009007034	2073308	257984
	U	2009007034	2073346	258022
	U	2009007034	2073442	258118
	U	2009007034	2073752	258428
	U	2009007034	2073874	258550
	U	2009007034	2074203	258879
	U	2009007034	2074212	258888
	U	2009007034	2074978	259654
	U	2009007034	2075096	259772
	U	2009007034	2075454	260130
	U	2009007034	2075536	260212
	U	2009007034	2075762	260438
	U	2009007034	2076373	261049
	U	2009007034	2076705	261381
	U	2009007034	2076773	261449
	U	2009007034	2077149	261825
	U	2009007034	2077263	261939
	U	2009007034	2077274	261950
	U	2009007034	2078134	262810
	U	2009007034	2078137	262813
	U	2009007034	2078816	263492
	U	2009007034	2079227	263903
	U	2009007034	2079447	264123
	U	2009007034	2079491	264167
	U	2009007034	2079505	264181
	U	2009007034	2079572	264248
	U	2009007034	2079676	264352
	U	2009007034	2079734	264410
	U	2009007034	2079787	264463
	U	2009007034	2080035	264711
	U	2009007034	2080094	264770
	U	2009007034	2080433	265109
	U	2009007034	2080462	265138
	U	2009007034	2080587	265263
	U	2009007034	2080709	265385
	U	2009007034	2080762	265438
	U	2009007034	2080849	265525
	U	2009007034	2080883	265559
	U	2009007034	2081002	265678
	U	2009007034	2081023	265699
	U	2009007034	2081104	265780
	U	2009007034	2081153	265829
	U	2009007034	2081360	266036
	U	2009007034	2081458	266134
	U	2009007034	2081547	266223
	U	2009007034	2081955	266631
	U	2009007034	2082206	266882
	U	2009007034	2082451	267127
	U	2009007034	2082486	267162
	U	2009007034	2082490	267166
	U	2009007034	2082622	267298
	U	2009007034	2083144	267820
	U	2009007034	2083611	268287
	U	2009007034	2084338	269014
	U	2009007034	2084759	269435
	U	2009007034	2084974	269650
	U	2009007034	2085274	269950
	U	2009007034	2085968	270644
	U	2009007034	2086047	270723
	U	2009007034	2086348	271024
	U	2009007034	2086472	271148
	U	2009007034	2086865	271541
	U	2009007034	2086961	271637
	U	2009007034	2087176	271852
	U	2009007034	2087182	271858
	U	2009007034	2087416	272092
	U	2009007034	2087443	272119
	U	2009007034	2087824	272500
	U	2009007034	2087864	272540
	U	2009007034	2087882	272558
	U	2009007034	2088021	272697
	U	2009007034	2088092	272768
	U	2009007034	2088505	273181
	U	2009007034	2088753	273429
	U	2009007034	2088951	273627
	U	2009007034	2089071	273747
	U	2009007034	2089107	273783
	U	2009007034	2089129	273805
	U	2009007034	2089186	273862
	U	2009007034	2089522	274198
	U	2009007034	2089549	274225
	U	2009007034	2089599	274275
	U	2009007034	2089759	274435
	U	2009007034	2090484	275160
	U	2009007034	2090647	275323
	U	2009007034	2090812	275488
	U	2009007034	2090870	275546
	U	2009007034	2090997	275673
	U	2009007034	2091067	275743
	U	2009007034	2091105	275781
	U	2009007034	2091220	275896
	U	2009007034	2091263	275939
	U	2009007034	2091275	275951
	U	2009007034	2091501	276177
	U	2009007034	2091514	276190
	U	2009007034	2091682	276358
	U	2009007034	2092145	276821
	U	2009007034	2092442	277118
	U	2009007034	2092468	277144
	U	2009007034	2092525	277201
	U	2009007034	2092730	277406
	U	2009007034	2092824	277500
	U	2009007034	2093003	277679
	U	2009007034	2093126	277802
	U	2009007034	2093142	277818
	U	2009007034	2093275	277951
	U	2009007034	2093280	277956
	U	2009007034	2093428	278104
	U	2009007034	2093450	278126
	U	2009007034	2093622	278298
	U	2009007034	2093631	278307
	U	2009007034	2093811	278487
	U	2009007034	2093840	278516
	U	2009007034	2094321	278997
	U	2009007034	2094398	279074
	U	2009007034	2094562	279238
	U	2009007034	2094883	279559
	U	2009007034	2094912	279588
	U	2009007034	2094949	279625
	U	2009007034	2094993	279669
	U	2009007034	2095017	279693
	U	2009007034	2095245	279921
	U	2009007034	2095305	279981
	U	2009007034	2095941	280617
	U	2009007034	2096296	280972
	U	2009007034	2096351	281027
	U	2009007034	2096436	281112
	U	2009007034	2096621	281297
	U	2009007034	2096813	281489
	U	2009007034	2096854	281530
	U	2009007034	2096938	281614
	U	2009007034	2096986	281662
	U	2009007034	2096993	281669
	U	2009007034	2097380	282056
	U	2009007034	2097691	282367
	U	2009007034	2098017	282693
	U	2009007034	2098616	283292
	U	2009007034	2098660	283336
	U	2009007034	2098757	283433
	U	2009007034	2099183	283859
	U	2009007034	2099422	284098
	U	2009007034	2099441	284117
	U	2009007034	2099521	284197
	U	2009007034	2099604	284280
	U	2009007034	2099734	284410
	U	2009007034	2100015	284691
	U	2009007034	2100118	284794
	U	2009007034	2100214	284890
	U	2009007034	2100267	284943
	U	2009007034	2100315	284991
	U	2009007034	2100565	285241
	U	2009007034	7025897	1165073
	U	2009007034	7019073	1165681
	U	2009007034	7011787	1169578
	U	2009007034	1005502	1169581
	U	2009007034	7028061	1171544
	U	2009007034	1004626	1001172123
	U	2009007034	7028503	1001173151
	U	2009007034	7029198	1001174867
	U	2009007034	7029200	1001174869
	U	2009007034	1012785	13056
	U	2009007034	1032898	33282
	U	2009007034	1058913	59482
	U	2009007034	1075809	76584
	U	2009007034	1099990	100955
	U	2009007034	1100463	101444
	U	2009007034	1101006	102007
	U	2009007034	1101908	102913
	U	2009007034	1102572	103580
	U	2009007034	1102888	103896
	U	2009007034	1103191	104199
	U	2009007034	1103217	104225
	U	2009007034	1107164	108228
	U	2009007034	1107412	108477
	U	2009007034	1111023	112174
	U	2009007034	1111617	112784
	U	2009007034	1112102	113271
	U	2009007034	1114195	115430
	U	2009007034	1115297	116557
	U	2009007034	1125728	127226
	U	2009007034	1126690	128237
	U	2009007034	1127397	128974
	U	2009007034	7000001	141156
	U	2009007034	7000006	141161
	U	2009007034	7000765	141162
	U	2009007034	7002417	141201
	U	2009007034	7000741	141204
	U	2009007034	7006476	141221
	U	2009007034	7000763	141223
	U	2009007034	7003165	141376
	U	2009007034	7001648	141466
	U	2009007034	1001573	141521
	U	2009007034	1001575	141522
	U	2009007034	1001405	141526
	U	2009007034	1001091	141534
	U	2009007034	1001110	141535
	U	2009007034	1001225	141540
	U	2009007034	1000848	141563
	U	2009007034	1001459	141571
	U	2009007034	1001461	141573
	U	2009007034	7000161	141585
	U	2009007034	1010338	141662
	U	2009007034	1000589	141667
	U	2009007034	1000688	141671
	U	2009007034	7001677	141674
	U	2009007034	1001912	141675
	U	2009007034	7001681	141691
	U	2009007034	1006594	141704
	U	2009007034	1001757	141732
	U	2009007034	1001658	141733
	U	2009007034	7000714	141789
	U	2009007034	3000572	142580
	U	2009007034	1001662	143094
	U	2009007034	1001689	143096
	U	2009007034	1001697	143097
	U	2009007034	1009804	143112
	U	2009007034	7001730	143120
	U	2009007034	7002171	143282
	U	2009007034	1001352	158458
	U	2009007034	1001613	158471
	U	2009007034	7000201	158510
	U	2009007034	7001555	158534
	U	2009007034	7002006	158664
	U	2009007034	1000974	158713
	U	2009007034	1000998	158721
	U	2009007034	1001031	158731
	U	2009007034	1001037	158735
	U	2009007034	6001195	166514
	U	2009007034	6001413	166732
	U	2009007034	6001531	166850
	U	2009007034	6002029	167348
	U	2009007034	6002066	167385
	U	2009007034	6002079	167398
	U	2009007034	6002108	167427
	U	2009007034	6002444	167763
	U	2009007034	6003520	168839
	U	2009007034	6005109	170428
	U	2009007034	6005598	170917
	U	2009007034	6005638	170957
	U	2009007034	6005963	171282
	U	2009007034	6006729	172048
	U	2009007034	6006732	172051
	U	2009007034	1001307	175146
	U	2009007034	7002018	175160
	U	2009007034	1000902	181353
	U	2009007034	1009319	181385
	U	2009007034	1001234	181449
	U	2009007034	1001741	181481
	U	2009007034	7000729	181570
	U	2009007034	1002095	181602
	U	2009007034	7001729	181748
	U	2009007034	1002067	181772
	U	2009007034	7000623	181826
	U	2009007034	7000626	181868
	U	2009007034	1000483	182021
	U	2009007034	1000876	182150
	U	2009007034	7000911	182315
	U	2009007034	7000918	182329
	U	2009007034	7000921	182335
	U	2009007034	7000922	182337
	U	2009007034	7000925	182344
	U	2009007034	7000956	182412
	U	2009007034	7000961	182421
	U	2009007034	7001013	182522
	U	2009007034	7001290	182539
	U	2009007034	1001242	182557
	U	2009007034	1001052	182565
	U	2009007034	1001363	182573
	U	2009007034	1001438	182578
	U	2009007034	1001471	182583
	U	2009007034	1001616	182598
	U	2009007034	1003440	182723
	U	2009007034	1001641	182726
	U	2009007034	1003450	182734
	U	2009007034	7004154	182748
	U	2009007034	7003143	182749
	U	2009007034	1003474	182754
	U	2009007034	7003013	182758
	U	2009007034	7003131	182764
	U	2009007034	7003132	182769
	U	2009007034	7002837	182837
	U	2009007034	7002834	182879
	U	2009007034	7002804	182885
	U	2009007034	7002839	182891
	U	2009007034	1001439	182914
	U	2009007034	7000107	183409
	U	2009007034	1000775	183415
	U	2009007034	7000392	183616
	U	2009007034	7000133	183679
	U	2009007034	1001638	183690
	U	2009007034	1001072	183837
	U	2009007034	7002283	184282
	U	2009007034	7002406	184468
	U	2009007034	2002205	186881
	U	2009007034	2002207	186883
	U	2009007034	2002208	186884
	U	2009007034	7022207	186900
	U	2009007034	7022211	186904
	U	2009007034	2002426	187102
	U	2009007034	2002518	187194
	U	2009007034	2003078	187754
	U	2009007034	2003451	188127
	U	2009007034	2003479	188155
	U	2009007034	2003665	188341
	U	2009007034	2003746	188422
	U	2009007034	2003774	188450
	U	2009007034	2003881	188557
	U	2009007034	2004188	188864
	U	2009007034	2004525	189201
	U	2009007034	2004806	189482
	U	2009007034	2004882	189558
	U	2009007034	2005041	189717
	U	2009007034	2005070	189746
	U	2009007034	2005449	190125
	U	2009007034	2005737	190413
	U	2009007034	2005855	190531
	U	2009007034	2006172	190848
	U	2009007034	2006266	190942
	U	2009007034	2006544	191220
	U	2009007034	2006560	191236
	U	2009007034	2006647	191323
	U	2009007034	2007245	191921
	U	2009007034	2007623	192299
	U	2009007034	2007685	192361
	U	2009007034	2008009	192685
	U	2009007034	2008152	192828
	U	2009007034	2008538	193214
	U	2009007034	2008581	193257
	U	2009007034	2008617	193293
	U	2009007034	2009068	193744
	U	2009007034	2009284	193960
	U	2009007034	2009423	194099
	U	2009007034	2009496	194172
	U	2009007034	2009622	194298
	U	2009007034	2009944	194620
	U	2009007034	2009972	194648
	U	2009007034	2010018	194694
	U	2009007034	2010024	194700
	U	2009007034	2010103	194779
	U	2009007034	2010193	194869
	U	2009007034	2010302	194978
	U	2009007034	2010345	195021
	U	2009007034	2010420	195096
	U	2009007034	2010757	195433
	U	2009007034	2010849	195525
	U	2009007034	2010926	195602
	U	2009007034	2010933	195609
	U	2009007034	2011047	195723
	U	2009007034	2011071	195747
	U	2009007034	2011196	195872
	U	2009007034	2011260	195936
	U	2009007034	2011276	195952
	U	2009007034	2011385	196061
	U	2009007034	2011415	196091
	U	2009007034	2011883	196559
	U	2009007034	2012053	196729
	U	2009007034	2012195	196871
	U	2009007034	2012485	197161
	U	2009007034	2012616	197292
	U	2009007034	2012813	197489
	U	2009007034	2012884	197560
	U	2009007034	2012970	197646
	U	2009007034	2012995	197671
	U	2009007034	2013068	197744
	U	2009007034	2013145	197821
	U	2009007034	2013551	198227
	U	2009007034	2013559	198235
	U	2009007034	2013800	198476
	U	2009007034	2013981	198657
	U	2009007034	2014031	198707
	U	2009007034	2014067	198743
	U	2009007034	2014490	199166
	U	2009007034	2014501	199177
	U	2009007034	2014792	199468
	U	2009007034	2014810	199486
	U	2009007034	2015056	199732
	U	2009007034	2015292	199968
	U	2009007034	2015450	200126
	U	2009007034	2015576	200252
	U	2009007034	2015856	200532
	U	2009007034	2016000	200676
	U	2009007034	2016295	200971
	U	2009007034	2016723	201399
	U	2009007034	2016873	201549
	U	2009007034	2016905	201581
	U	2009007034	2016928	201604
	U	2009007034	2017058	201734
	U	2009007034	2017220	201896
	U	2009007034	2017444	202120
	U	2009007034	2017473	202149
	U	2009007034	2017570	202246
	U	2009007034	2017677	202353
	U	2009007034	2017841	202517
	U	2009007034	2017879	202555
	U	2009007034	2017898	202574
	U	2009007034	2018176	202852
	U	2009007034	2018185	202861
	U	2009007034	2018275	202951
	U	2009007034	2018707	203383
	U	2009007034	2018878	203554
	U	2009007034	2019043	203719
	U	2009007034	2019083	203759
	U	2009007034	2019512	204188
	U	2009007034	2019515	204191
	U	2009007034	2019742	204418
	U	2009007034	2020163	204839
	U	2009007034	2020268	204944
	U	2009007034	2020278	204954
	U	2009007034	2020413	205089
	U	2009007034	2020741	205417
	U	2009007034	2020828	205504
	U	2009007034	2020913	205589
	U	2009007034	2021317	205993
	U	2009007034	2021640	206316
	U	2009007034	2021717	206393
	U	2009007034	2021853	206529
	U	2009007034	2022156	206832
	U	2009007034	2022166	206842
	U	2009007034	2022285	206961
129	U	9006866	7027013	1168444
129	U	9006866	7027013	1168445
129	U	9006866	7027014	1168446
129	U	9006866	7027014	1168447
129	U	9006866	7027015	1168448
129	U	9006866	7027015	1168449
129	U	9006866	7027016	1168450
129	U	9006866	7027016	1168451
129	U	9006866	7027017	1168452
129	U	9006866	7027017	1168453
129	U	9006866	7027018	1168454
129	U	9006866	7027018	1168455
129	U	9006866	7027019	1168456
129	U	9006866	7027019	1168457
129	U	9006866	7027020	1168458
129	U	9006866	7027020	1168459
129	U	9006866	7027022	159982
129	U	9006866	7027022	1168461
129	U	9006866	7027023	1168462
129	U	9006866	7027023	1168463
129	U	9006866	7027023	1168464
129	U	9006866	7027024	1168465
129	U	9006866	7027024	1168466
129	U	9006866	7027025	1168467
129	U	9006866	7027025	1168468
130	U	9006866	7027026	1168469
130	U	9006866	7027026	1168470
130	U	9006866	7027027	1168471
130	U	9006866	7027027	1168472
130	U	9006866	7027030	1168481
130	U	9006866	7027030	1168482
130	U	9006866	7027031	1168483
130	U	9006866	7027031	1168484
130	U	9006866	7027031	1168485
130	U	9006866	7027032	1168486
130	U	9006866	7027032	1168487
130	U	9006866	7027032	1168488
130	U	9006866	7027033	1168489
130	U	9006866	7027033	1168490
130	U	9006866	7027034	1168493
130	U	9006866	7027034	1168494
130	U	9006866	7027035	1168497
130	U	9006866	7027035	1168498
130	U	9006866	7027036	1168499
130	U	9006866	7027036	1168500
130	U	9006866	7027037	1168501
130	U	9006866	7027037	1168502
130	U	9006866	7027038	1168503
130	U	9006866	7027038	1168504
130	U	9006866	7027039	1168505
130	U	9006866	7027039	1168506
130	U	9006866	7027040	1168507
130	U	9006866	7027040	1168508
130	U	9006866	7027041	1168509
130	U	9006866	7027041	1168510
128	U	9006866	7027042	1168511
130	U	9006866	7027042	1168512
130	U	9006866	7027043	1168513
130	U	9006866	7027043	1168514
130	U	9006866	7027044	1168515
130	U	9006866	7027044	1168516
130	U	9006866	7027045	1168518
130	U	9006866	7027045	1168519
130	U	9006866	7027045	1168520
132	U	9006866	7027045	1168753
130	U	9006866	7027046	1168521
130	U	9006866	7027046	1168522
130	U	9006866	7027047	1168523
130	U	9006866	7027047	1168524
130	U	9006866	7027048	1168525
130	U	9006866	7027048	1168526
130	U	9006866	7027049	1168527
130	U	9006866	7027049	1168528
130	U	9006866	7027050	1168529
130	U	9006866	7027050	1168530
130	U	9006866	7027051	1168531
130	U	9006866	7027051	1168532
130	U	9006866	7027051	1168533
130	U	9006866	7027052	1168534
130	U	9006866	7027052	1168535
130	U	9006866	7027052	1168536
131	U	9006866	7027053	1168537
131	U	9006866	7027053	1168538
131	U	9006866	7027054	1168539
131	U	9006866	7027054	1168540
131	U	9006866	7027055	1168541
131	U	9006866	7027055	1168542
131	U	9006866	7027056	1168543
131	U	9006866	7027056	1168544
131	U	9006866	7027057	1168545
131	U	9006866	7027057	1168546
131	U	9006866	7027058	1168547
131	U	9006866	7027058	1168548
131	U	9006866	7027059	1168549
131	U	9006866	7027060	1168554
131	U	9006866	7027060	1168555
131	U	9006866	7027061	1168556
131	U	9006866	7027061	1168557
131	U	9006866	7027062	1168559
131	U	9006866	7027062	1168560
131	U	9006866	7027063	1168562
131	U	9006866	7027063	1168563
131	U	9006866	7027064	1168564
131	U	9006866	7027064	1168565
131	U	9006866	7027065	1168566
131	U	9006866	7027065	1168567
131	U	9006866	7027066	1168569
131	U	9006866	7027066	1168570
131	U	9006866	7027067	1168571
131	U	9006866	7027067	1168572
131	U	9006866	7027068	1168573
131	U	9006866	7027068	1168574
131	U	9006866	7027069	1168577
131	U	9006866	7027069	1168578
131	U	9006866	7027069	1168579
131	U	9006866	7027070	1168580
131	U	9006866	7027070	1168581
131	U	9006866	7027070	1168582
131	U	9006866	7027070	1168583
131	U	9006866	7027070	1168584
131	U	9006866	7027071	1168585
131	U	9006866	7027071	1168586
131	U	9006866	7027071	1168587
131	U	9006866	7027071	1168588
131	U	9006866	7027071	1168589
131	U	9006866	7027072	1168593
131	U	9006866	7027072	1168594
131	U	9006866	7027073	1168595
131	U	9006866	7027073	1168596
131	U	9006866	7027074	1168597
131	U	9006866	7027074	1168598
131	U	9006866	7027075	1168599
131	U	9006866	7027075	1168600
131	U	9006866	7027075	1168601
131	U	9006866	7027076	1168602
131	U	9006866	7027076	1168603
131	U	9006866	7027077	1168604
131	U	9006866	7027077	1168605
131	U	9006866	7027078	1168606
131	U	9006866	7027078	1168607
131	U	9006866	7027079	1168608
131	U	9006866	7027079	1168609
131	U	9006866	7027080	1168610
131	U	9006866	7027080	1168611
131	U	9006866	7027080	1168612
131	U	9006866	7027081	1168613
131	U	9006866	7027081	1168614
131	U	9006866	7027082	1168615
131	U	9006866	7027082	1168616
131	U	9006866	7027083	1168617
131	U	9006866	7027083	1168618
131	U	9006866	7027084	1168619
131	U	9006866	7027084	1168620
131	U	9006866	7027084	1168621
132	U	9006866	7027084	1168622
131	U	9006866	7027085	1168623
131	U	9006866	7027085	1168624
131	U	9006866	7027085	1168625
131	U	9006866	7027085	1168626
131	U	9006866	7027086	1168627
131	U	9006866	7027086	1168628
131	U	9006866	7027086	1168629
131	U	9006866	7027086	1168630
131	U	9006866	7027087	1168631
131	U	9006866	7027087	1168632
131	U	9006866	7027088	1168633
131	U	9006866	7027088	1168634
131	U	9006866	7027089	1168635
131	U	9006866	7027089	1168636
131	U	9006866	7027090	1168637
131	U	9006866	7027090	1168638
131	U	9006866	7027091	1168639
131	U	9006866	7027091	1168640
131	U	9006866	7027092	1168641
131	U	9006866	7027092	1168642
131	U	9006866	7027093	1168643
131	U	9006866	7027093	1168644
131	U	9006866	7027094	1168645
131	U	9006866	7027094	1168646
131	U	9006866	7027094	1168647
131	U	9006866	7027095	1168648
131	U	9006866	7027095	1168649
131	U	9006866	7027095	1168650
131	U	9006866	7027095	1168651
131	U	9006866	7027095	1168652
131	U	9006866	7027096	1168653
131	U	9006866	7027096	1168654
131	U	9006866	7027097	1168656
131	U	9006866	7027097	1168657
132	U	9006866	7027098	1168658
132	U	9006866	7027098	1168659
132	U	9006866	7027099	1168660
132	U	9006866	7027099	1168661
132	U	9006866	7027100	1168662
132	U	9006866	7027100	1168663
132	U	9006866	7027101	1168664
132	U	9006866	7027101	1168665
132	U	9006866	7027102	1168667
132	U	9006866	7027102	1168668
132	U	9006866	7027102	1168669
132	U	9006866	7027102	1168670
132	U	9006866	7027103	1168671
132	U	9006866	7027103	1168672
132	U	9006866	7027104	1168673
132	U	9006866	7027104	1168674
132	U	9006866	7027105	1168675
132	U	9006866	7027105	1168676
132	U	9006866	7027106	1168677
132	U	9006866	7027106	1168678
132	U	9006866	7027107	1168679
132	U	9006866	7027107	1168680
132	U	9006866	7027108	1168681
132	U	9006866	7027108	1168682
132	U	9006866	7027109	1168683
132	U	9006866	7027109	1168684
132	U	9006866	7027109	1168685
132	U	9006866	7027110	1168686
132	U	9006866	7027110	1168687
132	U	9006866	7027111	1168688
132	U	9006866	7027111	1168689
132	U	9006866	7027112	1168690
132	U	9006866	7027112	1168691
132	U	9006866	7027113	1168692
132	U	9006866	7027113	1168693
132	U	9006866	7027114	1168694
132	U	9006866	7027114	1168695
132	U	9006866	7027114	1168696
132	U	9006866	7027115	1168697
132	U	9006866	7027115	1168698
132	U	9006866	7027116	1168699
132	U	9006866	7027116	1168700
132	U	9006866	7027117	1168702
132	U	9006866	7027117	1168703
131	U	9006866	7027120	1168705
131	U	9006866	7027120	1168706
132	U	9006866	7027122	1168707
132	U	9006866	7027122	1168708
132	U	9006866	7027124	1168709
132	U	9006866	7027124	1168710
132	U	9006866	7027138	1168746
132	U	9006866	7027138	1168747
132	U	9006866	7027139	1168748
85	U	9006866	7025694	1164349
85	U	9006866	7025694	1164350
85	U	9006866	7025694	1164351
85	U	9006866	7025694	1164352
85	U	9006866	7025695	1164353
85	U	9006866	7025695	1164354
85	U	9006866	7025695	1164355
85	U	9006866	7025696	1164356
85	U	9006866	7025696	1164357
85	U	9006866	7025696	1164358
85	U	9006866	7025697	1164359
85	U	9006866	7025697	1164360
85	U	9006866	7025697	1164361
85	U	9006866	7025697	1164362
85	U	9006866	7025697	1164363
85	U	9006866	7025698	1164364
85	U	9006866	7025698	1164365
85	U	9006866	7025699	1164367
85	U	9006866	7025699	1164368
85	U	9006866	7025699	1164369
85	U	9006866	7025700	1164370
85	U	9006866	7025700	1164371
85	U	9006866	7025700	1164372
85	U	9006866	7025701	1164373
85	U	9006866	7025701	1164374
85	U	9006866	7025701	1164375
85	U	9006866	7025702	1164376
85	U	9006866	7025702	1164377
85	U	9006866	7025702	1164378
85	U	9006866	7025703	1164379
85	U	9006866	7025703	1164380
85	U	9006866	7025704	1164382
85	U	9006866	7025704	1164383
85	U	9006866	7025704	1164384
85	U	9006866	7025705	1164385
85	U	9006866	7025705	1164386
85	U	9006866	7025705	1164387
85	U	9006866	7025706	1164388
85	U	9006866	7025706	1164389
85	U	9006866	7025706	1164390
85	U	9006866	7025707	1164391
85	U	9006866	7025707	1164392
85	U	9006866	7025707	1164393
85	U	9006866	7025708	1164394
85	U	9006866	7025708	1164395
85	U	9006866	7025708	1164396
85	U	9006866	7025708	1164397
85	U	9006866	7025709	1164398
85	U	9006866	7025709	1164399
85	U	9006866	7025709	1164400
85	U	9006866	7025709	1164401
85	U	9006866	7025709	1164402
85	U	9006866	7025710	1164403
85	U	9006866	7025710	1164404
85	U	9006866	7025710	1164405
85	U	9006866	7025710	1164406
85	U	9006866	7025710	1164407
85	U	9006866	7025711	1164408
85	U	9006866	7025711	1164409
85	U	9006866	7025711	1164410
85	U	9006866	7025712	1164411
85	U	9006866	7025712	1164412
85	U	9006866	7025712	1164413
85	U	9006866	7025712	1164414
85	U	9006866	7025712	1164415
85	U	9006866	7025713	1164416
85	U	9006866	7025713	1164417
85	U	9006866	7025713	1164418
85	U	9006866	7025714	1164423
85	U	9006866	7025714	1164424
85	U	9006866	7025714	1164425
85	U	9006866	7025715	1164426
85	U	9006866	7025715	1164427
85	U	9006866	7025715	1164428
85	U	9006866	7025716	1164429
85	U	9006866	7025716	1164430
85	U	9006866	7025716	1164431
86	U	9006866	7025717	1164434
86	U	9006866	7025717	1164435
86	U	9006866	7025717	1164436
86	U	9006866	7025718	1164437
86	U	9006866	7025718	1164438
86	U	9006866	7025718	1164439
86	U	9006866	7025719	1164440
86	U	9006866	7025719	1164441
86	U	9006866	7025719	1164442
86	U	9006866	7025720	1164443
86	U	9006866	7025720	1164444
86	U	9006866	7025720	1164445
86	U	9006866	7025720	1164446
86	U	9006866	7025721	1164447
86	U	9006866	7025721	1164448
86	U	9006866	7025721	1164449
86	U	9006866	7025721	1164450
86	U	9006866	7025721	1164451
86	U	9006866	7025722	1164452
86	U	9006866	7025722	1164453
86	U	9006866	7025722	1164454
86	U	9006866	7025722	1164455
86	U	9006866	7025723	1164457
86	U	9006866	7025723	1164458
86	U	9006866	7025723	1164459
86	U	9006866	7025724	1164462
86	U	9006866	7025724	1164463
86	U	9006866	7025724	1164464
86	U	9006866	7025725	1164466
86	U	9006866	7025725	1164467
86	U	9006866	7025725	1164468
86	U	9006866	7025726	1164469
86	U	9006866	7025726	1164470
86	U	9006866	7025726	1164471
86	U	9006866	7025726	1164472
86	U	9006866	7025726	1164473
86	U	9006866	7025727	1164474
86	U	9006866	7025727	1164475
86	U	9006866	7025727	1164476
86	U	9006866	7025728	1164477
86	U	9006866	7025728	1164478
86	U	9006866	7025728	1164479
86	U	9006866	7025729	1164480
86	U	9006866	7025729	1164481
86	U	9006866	7025729	1164482
86	U	9006866	7025730	1164483
86	U	9006866	7025730	1164484
86	U	9006866	7025730	1164485
86	U	9006866	7025731	1164488
86	U	9006866	7025731	1164489
86	U	9006866	7025731	1164490
86	U	9006866	7025732	1164491
86	U	9006866	7025732	1164492
86	U	9006866	7025732	1164493
86	U	9006866	7025733	1164494
86	U	9006866	7025733	1164495
86	U	9006866	7025733	1164496
86	U	9006866	7025734	1164499
86	U	9006866	7025734	1164500
86	U	9006866	7025734	1164501
86	U	9006866	7025734	1164502
86	U	9006866	7025735	1164503
86	U	9006866	7025735	1164504
86	U	9006866	7025735	1164505
86	U	9006866	7025736	1164506
86	U	9006866	7025736	1164507
86	U	9006866	7025736	1164508
86	U	9006866	7025737	1164509
86	U	9006866	7025737	1164510
86	U	9006866	7025737	1164511
86	U	9006866	7025737	1164512
86	U	9006866	7025738	1164513
86	U	9006866	7025738	1164514
86	U	9006866	7025738	1164515
86	U	9006866	7025739	1164516
86	U	9006866	7025739	1164517
86	U	9006866	7025739	1164518
86	U	9006866	7025740	1164519
86	U	9006866	7025740	1164520
86	U	9006866	7025740	1164521
86	U	9006866	7025741	1164522
86	U	9006866	7025741	1164523
86	U	9006866	7025741	1164524
86	U	9006866	7025742	1164525
86	U	9006866	7025742	1164526
86	U	9006866	7025742	1164527
86	U	9006866	7025743	1164528
86	U	9006866	7025743	1164529
87	U	9006866	7025744	1164530
87	U	9006866	7025744	1164531
87	U	9006866	7025745	1164533
87	U	9006866	7025745	1164534
87	U	9006866	7025745	1164535
87	U	9006866	7025746	1164536
87	U	9006866	7025746	1164537
87	U	9006866	7025746	1164538
87	U	9006866	7025747	1164539
87	U	9006866	7025747	1164540
87	U	9006866	7025747	1164541
87	U	9006866	7025748	1164542
87	U	9006866	7025748	1164543
87	U	9006866	7025749	1164545
87	U	9006866	7025749	1164546
87	U	9006866	7025749	1164547
87	U	9006866	7025750	1164549
87	U	9006866	7025751	1164550
87	U	9006866	7025751	1164551
87	U	9006866	7025751	1164552
87	U	9006866	7025752	1164553
87	U	9006866	7025752	1164554
87	U	9006866	7025752	1164555
87	U	9006866	7025753	1164556
87	U	9006866	7025753	1164557
87	U	9006866	7025753	1164558
87	U	9006866	7025754	1164559
87	U	9006866	7025754	1164560
87	U	9006866	7025755	1164562
87	U	9006866	7025755	1164563
87	U	9006866	7025755	1164564
87	U	9006866	7025756	1164565
87	U	9006866	7025756	1164566
87	U	9006866	7025756	1164567
87	U	9006866	7025757	1164568
87	U	9006866	7025757	1164569
87	U	9006866	7025757	1164570
87	U	9006866	7025758	1164574
87	U	9006866	7025758	1164575
87	U	9006866	7025758	1164576
87	U	9006866	7025758	1164577
87	U	9006866	7025758	1164578
87	U	9006866	7025759	1164579
87	U	9006866	7025759	1164580
87	U	9006866	7025759	1164581
87	U	9006866	7025759	1164582
87	U	9006866	7025760	1164583
87	U	9006866	7025760	1164584
87	U	9006866	7025760	1164585
87	U	9006866	7025761	1164586
87	U	9006866	7025761	1164587
87	U	9006866	7025761	1164588
87	U	9006866	7025762	1164589
87	U	9006866	7025762	1164590
87	U	9006866	7025762	1164591
87	U	9006866	7025763	1164592
87	U	9006866	7025763	1164593
87	U	9006866	7025763	1164594
87	U	9006866	7025764	1164595
87	U	9006866	7025764	1164596
87	U	9006866	7025765	1164598
87	U	9006866	7025765	1164599
87	U	9006866	7025766	1164600
87	U	9006866	7025766	1164601
87	U	9006866	7025766	1164602
87	U	9006866	7025767	1164606
87	U	9006866	7025767	1164607
87	U	9006866	7025767	1164608
87	U	9006866	7025768	1164613
87	U	9006866	7025768	1164614
87	U	9006866	7025769	1164616
87	U	9006866	7025769	1164617
87	U	9006866	7025770	1164621
87	U	9006866	7025770	1164622
87	U	9006866	7025771	1164624
87	U	9006866	7025771	1164625
87	U	9006866	7025771	1164626
87	U	9006866	7025772	1164627
87	U	9006866	7025772	1164628
87	U	9006866	7025772	1164629
87	U	9006866	7025773	1164630
87	U	9006866	7025773	1164631
87	U	9006866	7025773	1164632
87	U	9006866	7025773	1164633
87	U	9006866	7025773	1164634
47	U	9006866	4005143	1161638
94	U	9006866	4005150	1165097
124	U	9006866	4005203	148628
124	U	9006866	4005203	1168087
172	U	9006866	4005316	148747
172	U	9006866	4005316	1171167
172	U	9006866	4005316	1171168
94	U	9006866	4005377	1165104
113	U	9006866	4005622	149057
113	U	9006866	4005622	1167531
141	U	9006866	4005655	149090
141	U	9006866	4005655	1169215
141	U	9006866	4005655	1169216
131	U	9006866	4005695	1168558
113	U	9006866	4005705	149140
113	U	9006866	4005705	1167540
113	U	9006866	4005705	1167551
103	U	9006866	4006084	149519
103	U	9006866	4006084	1166190
48	U	9006866	4006100	1161639
48	U	9006866	4006100	1161640
103	U	9006866	4006117	149552
103	U	9006866	4006117	1166263
155	U	9006866	4006258	149694
155	U	9006866	4006258	1169798
141	U	9006866	4006283	149719
141	U	9006866	4006283	1169219
43	U	9006866	4006439	149876
43	U	9006866	4006439	1161514
53	U	9006866	4006440	1161739
140	U	9006866	4006444	149881
141	U	9006866	4006444	1169185
141	U	9006866	4006444	1169186
141	U	9006866	4006444	1169187
103	U	9006866	4006449	1166332
60	U	9006866	4006639	150076
60	U	9006866	4006639	1161961
60	U	9006866	4006639	1161962
70	U	9006866	4006944	1162778
70	U	9006866	4006944	1162779
43	U	9006866	4007110	1161527
44	U	9006866	4007174	150617
44	U	9006866	4007174	1161529
131	U	9006866	4007281	150724
131	U	9006866	4007281	1168655
148	U	9006866	4007330	1169508
137	U	9006866	4007596	151042
137	U	9006866	4007596	1169046
132	U	9006866	4007597	151043
132	U	9006866	4007597	1168666
173	U	9006866	4007715	151161
173	U	9006866	4007715	1171367
124	U	9006866	4007752	151199
124	U	9006866	4007752	1168168
148	U	9006866	4007838	1169513
137	U	9006866	4007980	1169049
120	U	9006866	4008159	151612
120	U	9006866	4008159	1167861
168	U	9006866	4008160	151613
168	U	9006866	4008160	1170644
30	U	9006866	4008162	151615
30	U	9006866	4008162	1161411
48	U	9006866	4008282	1161648
48	U	9006866	4008282	1161649
48	U	9006866	4008282	1161650
48	U	9006866	4008282	1161651
60	U	9006866	4008526	151983
60	U	9006866	4008526	1161965
149	U	9006866	4008599	1169545
124	U	9006866	4008848	152308
124	U	9006866	4008848	1168206
124	U	9006866	4008848	1168207
124	U	9006866	4008848	1168208
37	U	9006866	4008993	152455
37	U	9006866	4008993	1166936
36	U	9006866	4008993	1166937
114	U	9006866	4009024	152486
114	U	9006866	4009024	1167654
48	U	9006866	4009100	1161652
149	U	9006866	4009151	152613
70	U	9006866	4009207	1162881
70	U	9006866	4009207	1162882
173	U	9006866	4009307	152769
173	U	9006866	4009307	1171512
173	U	9006866	4009307	1171513
104	U	9006866	4009315	1166487
104	U	9006866	4009315	1166488
104	U	9006866	4009315	1166489
104	U	9006866	4009315	1166490
174	U	9006866	4009474	1171528
149	U	9006866	4009497	1169570
114	U	9006866	4010098	153562
114	U	9006866	4010098	1167678
70	U	9006866	4010155	1162902
114	U	9006866	4010369	153835
114	U	9006866	4010369	1167681
114	U	9006866	4010369	1167682
114	U	9006866	4010369	1167683
114	U	9006866	4010369	1167684
48	U	9006866	4010387	1161655
48	U	9006866	4010387	1161656
114	U	9006866	4010551	154018
114	U	9006866	4010551	1167705
48	U	9006866	4010735	1161658
140	U	9006866	4010761	154232
141	U	9006866	4010761	1169188
141	U	9006866	4010761	1169189
141	U	9006866	4010761	1169190
96	U	9006866	4010790	154261
96	U	9006866	4010790	1165298
96	U	9006866	4010790	1165299
163	U	9006866	4010796	1170383
163	U	9006866	4010796	1170384
132	U	9006866	4010806	154277
132	U	9006866	4010806	1168763
115	U	9006866	4010807	154278
115	U	9006866	4010807	1167723
115	U	9006866	4010807	1167724
115	U	9006866	4010809	1167725
48	U	9006866	4010872	154343
48	U	9006866	4010872	1161659
71	U	9006866	4010885	154356
71	U	9006866	4010885	1162975
115	U	9006866	4010887	1167731
48	U	9006866	4010936	1161661
48	U	9006866	4010936	1161662
48	U	9006866	4010993	1161663
44	U	9006866	4011024	154497
44	U	9006866	4011024	1161540
105	U	9006866	4011142	1166629
105	U	9006866	4011142	1166630
149	U	9006866	4011166	154640
149	U	9006866	4011166	1169630
115	U	9006866	4011178	1167759
115	U	9006866	4011178	1167760
54	U	9006866	4011194	1161779
71	U	9006866	4011212	154686
71	U	9006866	4011212	1163008
125	U	9006866	4011215	154689
125	U	9006866	4011215	1168268
150	U	9006866	4011410	154884
150	U	9006866	4011410	1169638
71	U	9006866	4011505	1163020
71	U	9006866	4011505	1163021
44	U	9006866	4011516	1161526
141	U	9006866	4012071	155550
141	U	9006866	4012071	1169288
48	U	9006866	4012139	1161665
115	U	9006866	4012199	1167806
115	U	9006866	4012199	1167807
54	U	9006866	4012221	155700
54	U	9006866	4012221	1161788
96	U	9006866	4012232	155711
96	U	9006866	4012232	1165429
48	U	9006866	4012236	155715
48	U	9006866	4012236	1161667
106	U	9006866	4012243	1166716
106	U	9006866	4012243	1166717
115	U	9006866	4012275	155754
115	U	9006866	4012275	1167812
30	U	9006866	4012280	155759
30	U	9006866	4012280	1161421
30	U	9006866	4012280	1161422
44	U	9006866	4012303	155782
44	U	9006866	4012303	1161546
141	U	9006866	4012350	155829
141	U	9006866	4012350	1169299
44	U	9006866	4012379	1161549
132	U	9006866	4012416	1168863
35	U	9006866	5000168	159112
35	U	9006866	5000168	1166815
141	U	9006866	5000766	159906
141	U	9006866	5000766	1169173
141	U	9006866	5000766	1169174
69	U	9006866	5000775	159915
69	U	9006866	5000775	1162739
70	U	9006866	5000777	1162823
70	U	9006866	5000777	1162824
70	U	9006866	5000777	1162825
94	U	9006866	5000787	1165083
94	U	9006866	5000787	1165084
100	U	9006866	5000796	159937
100	U	9006866	5000796	1165500
100	U	9006866	5000796	1165501
100	U	9006866	5000796	1165502
112	U	9006866	5000801	1167390
115	U	9006866	5000809	159953
115	U	9006866	5000809	1167825
122	U	9006866	5000821	159966
122	U	9006866	5000821	1167857
122	U	9006866	5000822	159967
122	U	9006866	5000822	1167942
123	U	9006866	5000824	159969
123	U	9006866	5000824	1167983
123	U	9006866	5000824	1167984
125	U	9006866	5000828	1168265
129	U	9006866	5000832	159977
129	U	9006866	5000832	1168438
130	U	9006866	5000833	159978
130	U	9006866	5000833	1168473
130	U	9006866	5000834	159979
130	U	9006866	5000834	1168517
130	U	9006866	5000838	159983
130	U	9006866	5000838	1168492
169	U	9006866	5000842	351065
169	U	9006866	5000842	1170685
169	U	9006866	5000842	1170686
149	U	9006866	5000855	1169544
114	U	9006866	6004324	1167616
85	U	9006866	6005199	1164419
85	U	9006866	6005199	1164420
37	U	9006866	6006459	171778
37	U	9006866	6006459	1161450
115	U	9006866	7005008	31578
115	U	9006866	7005008	1167834
115	U	9006866	7005008	1167835
64	U	9006866	7008117	1165484
128	U	9006866	7008143	1168576
110	U	9006866	7008510	65203
115	U	9006866	7008510	1167849
115	U	9006866	7008510	1167850
132	U	9006866	7008511	65333
132	U	9006866	7008511	1168872
55	U	9006866	7008558	65395
55	U	9006866	7008558	1161802
55	U	9006866	7008558	1161803
168	U	9006866	7010361	28764
168	U	9006866	7010361	1170579
168	U	9006866	7010361	1170580
168	U	9006866	7010361	1170581
171	U	9006866	7010376	29752
171	U	9006866	7010376	1171026
174	U	9006866	7010377	1171600
155	U	9006866	7010393	30127
155	U	9006866	7010393	325740
155	U	9006866	7010396	29104
155	U	9006866	7010396	1169714
156	U	9006866	7010402	31438
156	U	9006866	7010402	1169901
156	U	9006866	7010403	28868
155	U	9006866	7010415	1169728
156	U	9006866	7010427	1169851
156	U	9006866	7010477	30306
156	U	9006866	7010477	1169808
156	U	9006866	7010478	30865
156	U	9006866	7010541	1169859
155	U	9006866	7010603	30527
30	U	9006866	7024988	1162172
30	U	9006866	7024989	1162174
30	U	9006866	7024990	1162175
30	U	9006866	7024990	1162176
30	U	9006866	7024991	1162177
30	U	9006866	7024991	1162178
30	U	9006866	7024992	1162179
30	U	9006866	7024992	1162180
30	U	9006866	7024993	1162182
30	U	9006866	7024994	1162184
30	U	9006866	7024995	1162185
30	U	9006866	7024995	1162186
30	U	9006866	7024996	1162187
30	U	9006866	7024996	1162188
30	U	9006866	7024997	1162190
30	U	9006866	7024998	1162191
30	U	9006866	7024998	1162192
30	U	9006866	7024999	1162194
30	U	9006866	7025000	1162195
30	U	9006866	7025001	1162197
30	U	9006866	7025001	1162198
30	U	9006866	7025002	1162200
30	U	9006866	7025002	1162201
30	U	9006866	7025003	1162202
30	U	9006866	7025003	1162203
30	U	9006866	7025004	1162204
30	U	9006866	7025004	1162205
42	U	9006866	7025006	1162208
42	U	9006866	7025006	1162209
42	U	9006866	7025007	1162210
42	U	9006866	7025007	1162211
42	U	9006866	7025008	1162213
42	U	9006866	7025017	1162224
42	U	9006866	7025018	1162225
42	U	9006866	7025018	1162226
42	U	9006866	7025018	1162227
42	U	9006866	7025019	1162228
42	U	9006866	7025019	1162229
42	U	9006866	7025019	1162230
42	U	9006866	7025020	1162231
42	U	9006866	7025020	1162232
42	U	9006866	7025020	1162233
42	U	9006866	7025021	1162235
42	U	9006866	7025022	1162237
42	U	9006866	7025023	1162238
42	U	9006866	7025023	1162239
42	U	9006866	7025024	1162240
42	U	9006866	7025024	1162241
42	U	9006866	7025025	1162242
42	U	9006866	7025025	1162243
42	U	9006866	7025026	1162245
42	U	9006866	7025027	1162247
42	U	9006866	7025028	1162248
42	U	9006866	7025028	1162249
42	U	9006866	7025030	1162253
42	U	9006866	7025031	1162254
42	U	9006866	7025031	1162255
42	U	9006866	7025032	1162256
42	U	9006866	7025032	1162257
42	U	9006866	7025032	1162258
42	U	9006866	7025033	1162260
42	U	9006866	7025034	1162262
42	U	9006866	7025035	1162263
42	U	9006866	7025035	1162264
42	U	9006866	7025036	1162265
42	U	9006866	7025036	1162266
42	U	9006866	7025036	1162267
43	U	9006866	7025037	1162268
43	U	9006866	7025037	1162269
43	U	9006866	7025038	1162271
42	U	9006866	7025038	1162272
43	U	9006866	7025039	1162273
43	U	9006866	7025039	1162274
43	U	9006866	7025039	1162275
43	U	9006866	7025040	1162277
43	U	9006866	7025042	1162280
43	U	9006866	7025043	1162282
43	U	9006866	7025044	1162283
43	U	9006866	7025044	1162284
43	U	9006866	7025045	1162285
43	U	9006866	7025045	1162286
43	U	9006866	7025046	1162287
43	U	9006866	7025046	1162288
43	U	9006866	7025047	1162289
43	U	9006866	7025047	1162290
43	U	9006866	7025048	1162291
43	U	9006866	7025048	1162292
43	U	9006866	7025050	1162297
43	U	9006866	7025050	1162298
43	U	9006866	7025051	1162299
43	U	9006866	7025051	1162300
43	U	9006866	7025052	1162301
43	U	9006866	7025052	1162302
43	U	9006866	7025053	1162303
43	U	9006866	7025053	1162304
43	U	9006866	7025054	1162305
43	U	9006866	7025054	1162306
43	U	9006866	7025055	1162307
43	U	9006866	7025055	1162308
43	U	9006866	7025056	1162309
43	U	9006866	7025056	1162310
43	U	9006866	7025056	1162311
43	U	9006866	7025057	1162312
43	U	9006866	7025057	1162313
43	U	9006866	7025057	1162314
43	U	9006866	7025058	1162315
43	U	9006866	7025058	1162316
43	U	9006866	7025059	1162317
43	U	9006866	7025059	1162318
43	U	9006866	7025060	1162319
43	U	9006866	7025060	1162320
43	U	9006866	7025060	1162321
43	U	9006866	7025061	1162322
43	U	9006866	7025061	1162323
43	U	9006866	7025061	1162324
43	U	9006866	7025062	1162325
43	U	9006866	7025062	1162326
43	U	9006866	7025063	1162328
43	U	9006866	7025063	1162329
43	U	9006866	7025064	1162331
43	U	9006866	7025064	1162332
43	U	9006866	7025064	1162333
43	U	9006866	7025064	1162334
43	U	9006866	7025065	1162335
43	U	9006866	7025065	1162336
43	U	9006866	7025066	1162337
43	U	9006866	7025066	1162338
43	U	9006866	7025067	1162339
43	U	9006866	7025067	1162340
43	U	9006866	7025068	1162341
43	U	9006866	7025068	1162342
43	U	9006866	7025069	1162343
43	U	9006866	7025069	1162344
43	U	9006866	7025069	1162345
43	U	9006866	7025070	1162346
43	U	9006866	7025070	1162347
43	U	9006866	7025070	1162348
43	U	9006866	7025071	1162349
43	U	9006866	7025071	1162350
43	U	9006866	7025071	1162351
43	U	9006866	7025072	1162352
43	U	9006866	7025072	1162353
43	U	9006866	7025073	1162355
43	U	9006866	7025073	1162356
43	U	9006866	7025074	1162357
43	U	9006866	7025074	1162358
43	U	9006866	7025074	1162359
43	U	9006866	7025075	1162360
43	U	9006866	7025075	1162361
43	U	9006866	7025076	1162363
43	U	9006866	7025076	1162364
43	U	9006866	7025077	1162365
43	U	9006866	7025077	1162366
43	U	9006866	7025078	1162367
43	U	9006866	7025078	1162368
43	U	9006866	7025078	1162369
43	U	9006866	7025079	1162370
43	U	9006866	7025079	1162371
43	U	9006866	7025080	1162372
43	U	9006866	7025080	1162373
43	U	9006866	7025081	1162374
43	U	9006866	7025081	1162375
43	U	9006866	7025081	1162376
43	U	9006866	7025082	1162377
43	U	9006866	7025082	1162379
43	U	9006866	7025082	1162380
43	U	9006866	7025083	1162381
43	U	9006866	7025083	1162382
43	U	9006866	7025084	1162384
43	U	9006866	7025084	1162385
44	U	9006866	7025085	1162386
44	U	9006866	7025085	1162387
44	U	9006866	7025086	1162388
44	U	9006866	7025086	1162389
44	U	9006866	7025087	1162390
44	U	9006866	7025087	1162391
44	U	9006866	7025088	1162392
44	U	9006866	7025088	1162393
44	U	9006866	7025089	1162394
44	U	9006866	7025089	1162395
44	U	9006866	7025090	1162396
44	U	9006866	7025090	1162397
44	U	9006866	7025090	1162398
44	U	9006866	7025091	1162399
44	U	9006866	7025091	1162400
44	U	9006866	7025092	1162402
44	U	9006866	7025092	1162403
44	U	9006866	7025093	1162404
44	U	9006866	7025093	1162405
44	U	9006866	7025094	1162406
44	U	9006866	7025094	1162407
44	U	9006866	7025095	1162408
44	U	9006866	7025095	1162409
44	U	9006866	7025096	1162410
44	U	9006866	7025096	1162411
44	U	9006866	7025097	1162412
44	U	9006866	7025097	1162413
44	U	9006866	7025098	1162414
44	U	9006866	7025098	1162415
44	U	9006866	7025098	1162416
44	U	9006866	7025099	1162417
44	U	9006866	7025099	1162418
44	U	9006866	7025100	1162420
44	U	9006866	7025100	1162421
44	U	9006866	7025100	1162422
44	U	9006866	7025101	1162423
44	U	9006866	7025101	1162424
44	U	9006866	7025102	1162426
44	U	9006866	7025102	1162427
44	U	9006866	7025103	1162428
44	U	9006866	7025103	1162429
44	U	9006866	7025104	1162430
44	U	9006866	7025104	1162431
44	U	9006866	7025105	1162432
44	U	9006866	7025105	1162433
44	U	9006866	7025106	1162434
44	U	9006866	7025106	1162435
44	U	9006866	7025107	1162436
44	U	9006866	7025107	1162437
44	U	9006866	7025108	1162438
44	U	9006866	7025108	1162439
44	U	9006866	7025108	1162440
44	U	9006866	7025108	1162441
43	U	9006866	7025108	1162442
44	U	9006866	7025109	1162443
44	U	9006866	7025109	1162444
44	U	9006866	7025110	1162445
44	U	9006866	7025110	1162446
44	U	9006866	7025111	1162447
44	U	9006866	7025111	1162448
44	U	9006866	7025112	1162449
44	U	9006866	7025112	1162450
44	U	9006866	7025113	1162451
44	U	9006866	7025113	1162452
44	U	9006866	7025114	1162453
44	U	9006866	7025114	1162454
44	U	9006866	7025115	1162455
44	U	9006866	7025115	1162456
44	U	9006866	7025115	1162457
44	U	9006866	7025116	1162458
44	U	9006866	7025116	1162459
44	U	9006866	7025117	1162461
44	U	9006866	7025117	1162462
44	U	9006866	7025118	1162463
44	U	9006866	7025118	1162464
44	U	9006866	7025118	1162465
44	U	9006866	7025119	1162467
44	U	9006866	7025119	1162468
44	U	9006866	7025120	1162469
44	U	9006866	7025120	1162470
	U	2009007034	7024161	1157872
	U	2009007034	7024163	1157877
	U	2009007034	7024173	1157897
	U	2009007034	7024181	1157913
	U	2009007034	7024182	1157916
	U	2009007034	7024186	1157925
	U	2009007034	7024190	1157935
	U	2009007034	7024741	1161159
	U	2009007034	7025667	1164249
	U	2009007034	7025903	1165092
	U	2009007034	7025929	1165182
	U	2009007034	7026349	1166610
	U	2009007034	7026957	1168311
	U	2009007034	7027149	1168781
	U	2009007034	4001020	1168913
	U	2009007034	1030964	1001171948
	U	2009007034	7028158	1001171844
	U	2009007034	1000758	879
	U	2009007034	1099689	100634
	U	2009007034	1100027	100993
	U	2009007034	1102684	103692
	U	2009007034	1102746	103754
	U	2009007034	1102955	103963
	U	2009007034	1102958	103966
	U	2009007034	1105430	106475
	U	2009007034	1109073	110183
	U	2009007034	1109075	110185
	U	2009007034	1109638	110765
	U	2009007034	1111010	112160
	U	2009007034	1111920	113088
	U	2009007034	1111946	113114
	U	2009007034	1112093	113262
	U	2009007034	1136057	137840
	U	2009007034	1136111	137895
	U	2009007034	7000000	141153
	U	2009007034	7000002	141157
	U	2009007034	7000003	141158
	U	2009007034	7000767	141164
	U	2009007034	7000732	141196
	U	2009007034	7002446	141207
	U	2009007034	7000750	141212
	U	2009007034	7000742	141218
	U	2009007034	7004544	141227
	U	2009007034	7001963	141229
	U	2009007034	7001628	141321
	U	2009007034	7003164	141374
	U	2009007034	1003473	141375
	U	2009007034	7001661	141500
	U	2009007034	1001105	141524
	U	2009007034	1001079	141530
	U	2009007034	1000934	141577
	U	2009007034	1001838	141677
	U	2009007034	1010247	141708
	U	2009007034	7001710	141798
	U	2009007034	7003721	142268
	U	2009007034	1001627	143092
	U	2009007034	1001685	143095
	U	2009007034	1001711	143099
	U	2009007034	7001732	143127
	U	2009007034	1001131	143179
	U	2009007034	7000691	143238
	U	2009007034	7002161	143284
	U	2009007034	7014666	158447
	U	2009007034	1002052	158596
	U	2009007034	7000694	158607
	U	2009007034	7000272	158710
	U	2009007034	1000976	158715
	U	2009007034	1001014	158726
	U	2009007034	1001024	158730
	U	2009007034	7002206	158743
	U	2009007034	7002007	158750
	U	2009007034	7017648	158818
	U	2009007034	5000362	159323
	U	2009007034	7002013	165317
	U	2009007034	6000327	165646
	U	2009007034	6000899	166218
	U	2009007034	6002340	167659
	U	2009007034	6002578	167897
	U	2009007034	6004392	169711
	U	2009007034	6004475	169794
	U	2009007034	6005207	170526
	U	2009007034	6006008	171327
	U	2009007034	6006092	171411
	U	2009007034	6006498	171817
	U	2009007034	6006728	172047
	U	2009007034	1000868	174682
	U	2009007034	7016720	175117
	U	2009007034	1000812	181341
	U	2009007034	1000940	181352
	U	2009007034	7002026	181384
	U	2009007034	1001563	181429
	U	2009007034	1001246	181440
	U	2009007034	1001355	181443
	U	2009007034	1001157	181459
	U	2009007034	1001691	181482
	U	2009007034	1010307	181585
	U	2009007034	1002097	181779
	U	2009007034	1002082	181784
	U	2009007034	7004547	181891
	U	2009007034	1000587	182031
	U	2009007034	1000585	182054
	U	2009007034	7000784	182070
	U	2009007034	7000786	182083
	U	2009007034	7000794	182101
	U	2009007034	1000917	182136
	U	2009007034	1000889	182152
	U	2009007034	7000881	182261
	U	2009007034	7000909	182310
	U	2009007034	7000916	182325
	U	2009007034	7000917	182327
	U	2009007034	7000931	182356
	U	2009007034	7000934	182362
	U	2009007034	7000949	182398
	U	2009007034	7000959	182419
	U	2009007034	7001003	182502
	U	2009007034	7004300	182510
	U	2009007034	7001014	182524
	U	2009007034	7000999	182525
	U	2009007034	7002513	182534
	U	2009007034	1001101	182537
	U	2009007034	1001044	182549
	U	2009007034	1001045	182550
	U	2009007034	1001262	182558
	U	2009007034	1001256	182560
	U	2009007034	7002782	182567
	U	2009007034	1001437	182580
	U	2009007034	1001442	182582
	U	2009007034	1001510	182588
	U	2009007034	7001044	182641
	U	2009007034	1003430	182714
	U	2009007034	1003432	182715
	U	2009007034	1003444	182728
	U	2009007034	1003447	182731
	U	2009007034	7005852	182733
	U	2009007034	7005869	182735
	U	2009007034	7005126	182736
	U	2009007034	7003135	182742
	U	2009007034	7003142	182743
	U	2009007034	1003459	182744
	U	2009007034	1003468	182751
	U	2009007034	7003150	182756
	U	2009007034	1003484	182768
	U	2009007034	7002995	182778
	U	2009007034	1003510	182796
	U	2009007034	7002826	182855
	U	2009007034	7002818	182908
	U	2009007034	7003469	182988
	U	2009007034	1000534	183389
	U	2009007034	1000596	183390
	U	2009007034	1000668	183402
	U	2009007034	1000779	183416
	U	2009007034	1000781	183417
	U	2009007034	7001625	183654
	U	2009007034	7001647	183682
	U	2009007034	7002138	183742
	U	2009007034	7001733	183786
	U	2009007034	1001099	183834
	U	2009007034	7002071	184075
	U	2009007034	1000913	184096
	U	2009007034	7002151	184160
	U	2009007034	7000840	184566
	U	2009007034	7002618	184665
	U	2009007034	2002210	186886
	U	2009007034	2002218	186894
	U	2009007034	2002462	187138
	U	2009007034	2002533	187209
	U	2009007034	2002678	187354
	U	2009007034	2002824	187500
	U	2009007034	2003199	187875
	U	2009007034	2003327	188003
	U	2009007034	2003461	188137
	U	2009007034	2003887	188563
	U	2009007034	2003905	188581
	U	2009007034	2005341	190017
	U	2009007034	2005380	190056
	U	2009007034	2005497	190173
	U	2009007034	2005534	190210
	U	2009007034	2005733	190409
	U	2009007034	2006351	191027
	U	2009007034	2006519	191195
	U	2009007034	2007118	191794
	U	2009007034	2007197	191873
	U	2009007034	2007407	192083
	U	2009007034	2007503	192179
	U	2009007034	2007721	192397
	U	2009007034	2007781	192457
	U	2009007034	2008401	193077
	U	2009007034	2008720	193396
	U	2009007034	2009166	193842
	U	2009007034	2010044	194720
	U	2009007034	2010322	194998
	U	2009007034	2010555	195231
	U	2009007034	2010659	195335
	U	2009007034	2010712	195388
	U	2009007034	2010809	195485
	U	2009007034	2010952	195628
	U	2009007034	2011228	195904
	U	2009007034	2011360	196036
	U	2009007034	2011710	196386
	U	2009007034	2011760	196436
	U	2009007034	2011844	196520
	U	2009007034	2011951	196627
	U	2009007034	2012062	196738
	U	2009007034	2012131	196807
	U	2009007034	2012552	197228
	U	2009007034	2012672	197348
	U	2009007034	2012914	197590
	U	2009007034	2012960	197636
	U	2009007034	2013176	197852
	U	2009007034	2013248	197924
	U	2009007034	2013508	198184
	U	2009007034	2013516	198192
	U	2009007034	2013545	198221
	U	2009007034	2013795	198471
	U	2009007034	2013846	198522
	U	2009007034	2013928	198604
	U	2009007034	2014051	198727
	U	2009007034	2014057	198733
	U	2009007034	2014179	198855
	U	2009007034	2014345	199021
	U	2009007034	2014367	199043
	U	2009007034	2014602	199278
	U	2009007034	2014723	199399
	U	2009007034	2014927	199603
	U	2009007034	2015064	199740
	U	2009007034	2015137	199813
	U	2009007034	2015511	200187
	U	2009007034	2015552	200228
	U	2009007034	2015572	200248
	U	2009007034	2015657	200333
	U	2009007034	2015913	200589
	U	2009007034	2016511	201187
	U	2009007034	2016524	201200
	U	2009007034	2016531	201207
	U	2009007034	2016549	201225
	U	2009007034	2016749	201425
	U	2009007034	2016952	201628
	U	2009007034	2017002	201678
	U	2009007034	2017062	201738
	U	2009007034	2017070	201746
	U	2009007034	2017353	202029
	U	2009007034	2017395	202071
	U	2009007034	2017403	202079
	U	2009007034	2017412	202088
	U	2009007034	2017664	202340
	U	2009007034	2017805	202481
	U	2009007034	2017811	202487
	U	2009007034	2018021	202697
	U	2009007034	2018101	202777
	U	2009007034	2018251	202927
	U	2009007034	2018516	203192
	U	2009007034	2018615	203291
	U	2009007034	2018715	203391
	U	2009007034	2019068	203744
	U	2009007034	2019365	204041
	U	2009007034	2019535	204211
	U	2009007034	2019661	204337
	U	2009007034	2019948	204624
	U	2009007034	2019962	204638
	U	2009007034	2020131	204807
	U	2009007034	2020159	204835
	U	2009007034	2020326	205002
	U	2009007034	2020388	205064
	U	2009007034	2020528	205204
	U	2009007034	2020555	205231
	U	2009007034	2020591	205267
	U	2009007034	2020782	205458
	U	2009007034	2020887	205563
160	U	9006866	7027510	1169906
160	U	9006866	7027511	1169907
160	U	9006866	7027511	1169908
160	U	9006866	7027512	1169911
160	U	9006866	7027512	1169912
160	U	9006866	7027512	1169913
160	U	9006866	7027513	1169914
160	U	9006866	7027513	1169915
160	U	9006866	7027513	1169916
160	U	9006866	7027514	1169917
160	U	9006866	7027514	1169918
160	U	9006866	7027514	1169919
160	U	9006866	7027515	1169923
160	U	9006866	7027515	1169924
160	U	9006866	7027516	1169925
160	U	9006866	7027516	1169926
160	U	9006866	7027517	1169927
160	U	9006866	7027517	1169928
160	U	9006866	7027518	1169929
160	U	9006866	7027518	1169930
160	U	9006866	7027518	1169931
160	U	9006866	7027519	1169932
160	U	9006866	7027519	1169933
160	U	9006866	7027520	1169934
160	U	9006866	7027520	1169935
160	U	9006866	7027520	1169936
160	U	9006866	7027521	1169937
160	U	9006866	7027521	1169938
160	U	9006866	7027522	1169939
160	U	9006866	7027522	1169940
160	U	9006866	7027523	1169941
160	U	9006866	7027523	1169942
160	U	9006866	7027524	1169943
160	U	9006866	7027524	1169944
160	U	9006866	7027525	1169946
160	U	9006866	7027525	1169947
160	U	9006866	7027526	1169948
160	U	9006866	7027526	1169949
160	U	9006866	7027527	1169952
160	U	9006866	7027527	1169953
160	U	9006866	7027528	1169956
160	U	9006866	7027528	1169957
160	U	9006866	7027528	1169958
160	U	9006866	7027529	1169960
160	U	9006866	7027529	1169961
160	U	9006866	7027529	1169962
160	U	9006866	7027529	1169963
160	U	9006866	7027530	1169967
160	U	9006866	7027530	1169968
160	U	9006866	7027531	1169969
160	U	9006866	7027531	1169970
160	U	9006866	7027532	1169971
160	U	9006866	7027532	1169972
160	U	9006866	7027533	1169973
160	U	9006866	7027533	1169974
160	U	9006866	7027533	1169975
160	U	9006866	7027533	1169976
160	U	9006866	7027533	1169977
160	U	9006866	7027534	1169978
160	U	9006866	7027534	1169979
160	U	9006866	7027534	1169980
160	U	9006866	7027535	1169981
160	U	9006866	7027535	1169982
160	U	9006866	7027536	1169983
160	U	9006866	7027536	1169984
160	U	9006866	7027537	1169985
160	U	9006866	7027537	1169986
160	U	9006866	7027537	1169987
160	U	9006866	7027538	1169988
160	U	9006866	7027538	1169989
160	U	9006866	7027539	1169990
160	U	9006866	7027539	1169991
160	U	9006866	7027539	1169992
160	U	9006866	7027540	1169993
160	U	9006866	7027540	1169994
160	U	9006866	7027541	1169995
160	U	9006866	7027541	1169996
160	U	9006866	7027542	1169997
160	U	9006866	7027542	1169998
160	U	9006866	7027542	1169999
160	U	9006866	7027543	1170002
160	U	9006866	7027543	1170003
160	U	9006866	7027544	1170004
160	U	9006866	7027544	1170005
160	U	9006866	7027545	1170006
160	U	9006866	7027545	1170007
160	U	9006866	7027546	1170008
160	U	9006866	7027546	1170009
160	U	9006866	7027547	1170010
160	U	9006866	7027547	1170011
160	U	9006866	7027548	1170012
160	U	9006866	7027548	1170013
160	U	9006866	7027549	1170014
160	U	9006866	7027549	1170015
160	U	9006866	7027550	1170016
160	U	9006866	7027550	1170017
160	U	9006866	7027551	1170018
160	U	9006866	7027551	1170019
160	U	9006866	7027551	1170020
160	U	9006866	7027552	1170021
160	U	9006866	7027552	1170022
160	U	9006866	7027553	1170024
160	U	9006866	7027553	1170025
160	U	9006866	7027554	1170026
160	U	9006866	7027554	1170027
160	U	9006866	7027555	1170028
160	U	9006866	7027555	1170029
160	U	9006866	7027555	1170030
160	U	9006866	7027556	1170031
160	U	9006866	7027556	1170032
160	U	9006866	7027556	1170033
160	U	9006866	7027557	1170036
160	U	9006866	7027557	1170037
160	U	9006866	7027558	1170038
160	U	9006866	7027558	1170039
160	U	9006866	7027559	1170040
160	U	9006866	7027559	1170041
160	U	9006866	7027560	1170042
160	U	9006866	7027560	1170043
161	U	9006866	7027561	1170045
160	U	9006866	7027561	1170046
161	U	9006866	7027561	1170047
161	U	9006866	7027561	1170048
161	U	9006866	7027562	1170049
161	U	9006866	7027562	1170050
161	U	9006866	7027563	1170051
161	U	9006866	7027563	1170052
161	U	9006866	7027563	1170053
161	U	9006866	7027564	1170054
161	U	9006866	7027564	1170055
161	U	9006866	7027565	1170058
161	U	9006866	7027565	1170059
161	U	9006866	7027566	1170061
161	U	9006866	7027566	1170062
161	U	9006866	7027566	1170063
161	U	9006866	7027567	1170064
161	U	9006866	7027567	1170065
161	U	9006866	7027567	1170066
161	U	9006866	7027568	1170067
161	U	9006866	7027568	1170068
161	U	9006866	7027569	1170069
161	U	9006866	7027569	1170070
161	U	9006866	7027569	1170071
161	U	9006866	7027570	1170072
161	U	9006866	7027570	1170073
161	U	9006866	7027570	1170074
161	U	9006866	7027571	1170075
161	U	9006866	7027571	1170076
161	U	9006866	7027571	1170077
161	U	9006866	7027572	1170078
161	U	9006866	7027572	1170079
161	U	9006866	7027573	1170080
161	U	9006866	7027573	1170081
161	U	9006866	7027574	1170082
161	U	9006866	7027574	1170083
161	U	9006866	7027575	1170084
161	U	9006866	7027575	1170085
161	U	9006866	7027575	1170086
161	U	9006866	7027576	1170087
161	U	9006866	7027576	1170088
161	U	9006866	7027577	1170089
161	U	9006866	7027577	1170090
161	U	9006866	7027578	1170091
161	U	9006866	7027578	1170092
161	U	9006866	7027579	1170093
161	U	9006866	7027579	1170094
161	U	9006866	7027580	1170095
161	U	9006866	7027580	1170096
161	U	9006866	7027581	1170097
161	U	9006866	7027581	1170098
161	U	9006866	7027581	1170099
161	U	9006866	7027582	1170100
161	U	9006866	7027582	1170101
161	U	9006866	7027583	1170102
161	U	9006866	7027583	1170103
161	U	9006866	7027584	1170104
161	U	9006866	7027584	1170105
161	U	9006866	7027584	1170106
161	U	9006866	7027585	1170107
161	U	9006866	7027585	1170108
161	U	9006866	7027586	1170109
161	U	9006866	7027586	1170110
161	U	9006866	7027587	1170111
161	U	9006866	7027587	1170112
161	U	9006866	7027588	1170114
161	U	9006866	7027588	1170115
161	U	9006866	7027589	1170116
161	U	9006866	7027589	1170117
161	U	9006866	7027590	1170118
161	U	9006866	7027590	1170119
161	U	9006866	7027591	1170120
161	U	9006866	7027591	1170121
161	U	9006866	7027591	1170122
161	U	9006866	7027592	1170123
161	U	9006866	7027592	1170124
161	U	9006866	7027592	1170125
161	U	9006866	7027593	1170126
161	U	9006866	7027593	1170127
161	U	9006866	7027594	1170129
161	U	9006866	7027594	1170130
161	U	9006866	7027595	1170132
161	U	9006866	7027595	1170133
161	U	9006866	7027596	1170134
161	U	9006866	7027596	1170135
161	U	9006866	7027596	1170136
158	U	9006866	7027597	1170138
161	U	9006866	7027597	1170139
161	U	9006866	7027597	1170140
161	U	9006866	7027598	1170144
161	U	9006866	7027598	1170145
161	U	9006866	7027599	1170146
161	U	9006866	7027599	1170148
161	U	9006866	7027600	1170151
161	U	9006866	7027600	1170152
161	U	9006866	7027601	1170153
161	U	9006866	7027601	1170154
161	U	9006866	7027602	1170155
161	U	9006866	7027602	1170156
161	U	9006866	7027603	1170158
161	U	9006866	7027603	1170159
161	U	9006866	7027603	1170160
161	U	9006866	7027604	1170163
161	U	9006866	7027604	1170164
161	U	9006866	7027604	1170165
161	U	9006866	7027605	1170166
161	U	9006866	7027605	1170167
161	U	9006866	7027606	1170168
161	U	9006866	7027606	1170170
161	U	9006866	7027606	1170171
161	U	9006866	7027607	1170172
161	U	9006866	7027607	1170173
161	U	9006866	7027607	1170174
161	U	9006866	7027608	1170175
161	U	9006866	7027608	1170176
161	U	9006866	7027609	1170177
161	U	9006866	7027609	1170178
161	U	9006866	7027610	1170180
161	U	9006866	7027610	1170181
161	U	9006866	7027611	1170182
161	U	9006866	7027611	1170183
161	U	9006866	7027612	1170184
161	U	9006866	7027612	1170185
101	U	9006866	7026169	1165959
101	U	9006866	7026170	1165960
101	U	9006866	7026170	1165961
101	U	9006866	7026171	1165964
101	U	9006866	7026171	1165965
101	U	9006866	7026172	1165966
101	U	9006866	7026172	1165967
101	U	9006866	7026173	1165969
101	U	9006866	7026173	1165970
101	U	9006866	7026174	1165972
101	U	9006866	7026174	1165973
101	U	9006866	7026175	1165977
101	U	9006866	7026175	1165978
101	U	9006866	7026176	1165979
101	U	9006866	7026176	1165980
101	U	9006866	7026177	1165981
101	U	9006866	7026177	1165982
101	U	9006866	7026178	1165983
101	U	9006866	7026178	1165984
101	U	9006866	7026178	1165985
101	U	9006866	7026179	1165986
101	U	9006866	7026179	1165987
101	U	9006866	7026179	1165988
101	U	9006866	7026180	1165991
101	U	9006866	7026180	1165992
101	U	9006866	7026181	1165999
101	U	9006866	7026181	1166000
101	U	9006866	7026181	1166001
101	U	9006866	7026183	1166011
101	U	9006866	7026183	1166012
101	U	9006866	7026184	1166014
101	U	9006866	7026184	1166015
101	U	9006866	7026184	1166016
101	U	9006866	7026185	1166017
101	U	9006866	7026185	1166018
101	U	9006866	7026186	1166020
101	U	9006866	7026186	1166021
101	U	9006866	7026186	1166022
101	U	9006866	7026186	1166024
101	U	9006866	7026187	1166027
101	U	9006866	7026187	1166028
101	U	9006866	7026187	1166029
101	U	9006866	7026187	1166030
101	U	9006866	7026187	1166031
101	U	9006866	7026188	1166032
101	U	9006866	7026188	1166033
101	U	9006866	7026188	1166034
101	U	9006866	7026188	1166035
101	U	9006866	7026188	1166036
101	U	9006866	7026189	1166038
101	U	9006866	7026189	1166039
101	U	9006866	7026189	1166040
102	U	9006866	7026190	1166041
102	U	9006866	7026190	1166042
102	U	9006866	7026191	1166044
102	U	9006866	7026191	1166045
102	U	9006866	7026191	1166046
102	U	9006866	7026194	1166062
102	U	9006866	7026194	1166063
102	U	9006866	7026194	1166064
102	U	9006866	7026195	1166065
102	U	9006866	7026195	1166066
102	U	9006866	7026196	1166070
102	U	9006866	7026196	1166071
102	U	9006866	7026196	1166072
102	U	9006866	7026197	1166075
102	U	9006866	7026197	1166076
102	U	9006866	7026197	1166077
102	U	9006866	7026198	1166080
102	U	9006866	7026198	1166081
102	U	9006866	7026198	1166082
102	U	9006866	7026199	1166083
102	U	9006866	7026199	1166084
102	U	9006866	7026199	1166085
102	U	9006866	7026200	1166086
102	U	9006866	7026200	1166087
102	U	9006866	7026201	1166089
102	U	9006866	7026201	1166090
102	U	9006866	7026202	1166091
102	U	9006866	7026202	1166092
102	U	9006866	7026203	1166093
102	U	9006866	7026203	1166094
102	U	9006866	7026204	1166095
102	U	9006866	7026204	1166096
102	U	9006866	7026205	1166100
102	U	9006866	7026205	1166101
102	U	9006866	7026205	1166102
102	U	9006866	7026205	1166103
102	U	9006866	7026205	1166104
102	U	9006866	7026206	1166105
102	U	9006866	7026206	1166106
102	U	9006866	7026206	1166107
102	U	9006866	7026207	1166108
102	U	9006866	7026207	1166109
102	U	9006866	7026207	1166110
102	U	9006866	7026207	1166111
102	U	9006866	7026207	1166112
102	U	9006866	7026208	1166126
102	U	9006866	7026208	1166127
102	U	9006866	7026208	1166128
102	U	9006866	7026209	1166129
102	U	9006866	7026209	1166130
102	U	9006866	7026209	1166131
102	U	9006866	7026210	1166132
102	U	9006866	7026210	1166133
102	U	9006866	7026211	1166135
102	U	9006866	7026212	1166138
102	U	9006866	7026212	1166139
102	U	9006866	7026212	1166140
102	U	9006866	7026212	1166141
102	U	9006866	7026213	1166144
102	U	9006866	7026213	1166145
102	U	9006866	7026214	1166149
102	U	9006866	7026214	1166150
102	U	9006866	7026214	1166151
102	U	9006866	7026215	1166152
102	U	9006866	7026215	1166153
102	U	9006866	7026215	1166154
102	U	9006866	7026216	1166155
102	U	9006866	7026216	1166156
102	U	9006866	7026216	1166157
102	U	9006866	7026221	1166167
102	U	9006866	7026221	1166168
103	U	9006866	7026222	1166177
103	U	9006866	7026222	1166178
103	U	9006866	7026222	1166179
79	U	9006866	7026223	1166181
79	U	9006866	7026223	1166182
79	U	9006866	7026223	1166183
79	U	9006866	7026224	1166184
79	U	9006866	7026224	1166185
79	U	9006866	7026224	1166186
103	U	9006866	7026225	1166187
103	U	9006866	7026225	1166188
42	U	9006866	7026226	1166191
42	U	9006866	7026226	1166192
42	U	9006866	7026226	1166193
42	U	9006866	7026226	1166194
42	U	9006866	7026227	1166195
42	U	9006866	7026227	1166196
42	U	9006866	7026227	1166197
43	U	9006866	7026228	1166199
42	U	9006866	7026228	1166200
42	U	9006866	7026228	1166201
43	U	9006866	7026229	1166203
42	U	9006866	7026229	1166204
43	U	9006866	7026230	1166207
42	U	9006866	7026230	1166208
42	U	9006866	7026230	1166209
43	U	9006866	7026231	1166211
42	U	9006866	7026231	1166212
44	U	9006866	7026232	1166216
44	U	9006866	7026232	1166217
44	U	9006866	7026232	1166218
44	U	9006866	7026233	1166220
44	U	9006866	7026233	1166221
44	U	9006866	7026234	1166224
44	U	9006866	7026234	1166225
44	U	9006866	7026235	1166228
44	U	9006866	7026235	1166229
44	U	9006866	7026235	1166230
44	U	9006866	7026236	1166232
44	U	9006866	7026236	1166233
44	U	9006866	7026237	1166235
44	U	9006866	7026237	1166236
44	U	9006866	7026238	1166238
44	U	9006866	7026238	1166239
44	U	9006866	7026239	1166241
44	U	9006866	7026239	1166242
44	U	9006866	7026239	1166243
44	U	9006866	7026240	1166244
44	U	9006866	7026240	1166245
44	U	9006866	7026241	1166247
44	U	9006866	7026241	1166248
44	U	9006866	7026241	1166249
35	U	9006866	7026245	1161426
35	U	9006866	7026245	1166255
33	U	9006866	7026246	1166256
35	U	9006866	7026246	1166794
35	U	9006866	7026246	1166795
35	U	9006866	7026246	1166796
37	U	9006866	7026247	1166257
37	U	9006866	7026247	1166988
37	U	9006866	7026248	1167021
103	U	9006866	7026250	1166264
103	U	9006866	7026250	1166265
103	U	9006866	7026250	1166266
103	U	9006866	7026250	1166267
103	U	9006866	7026250	1166268
103	U	9006866	7026251	1166272
103	U	9006866	7026251	1166273
103	U	9006866	7026251	1166274
103	U	9006866	7026252	1166277
103	U	9006866	7026252	1166278
103	U	9006866	7026252	1166279
103	U	9006866	7026253	1166282
103	U	9006866	7026253	1166283
103	U	9006866	7026253	1166284
103	U	9006866	7026254	1166285
103	U	9006866	7026254	1166286
103	U	9006866	7026254	1166287
103	U	9006866	7026255	1166289
103	U	9006866	7026255	1166290
103	U	9006866	7026255	1166291
103	U	9006866	7026256	1166292
103	U	9006866	7026256	1166293
103	U	9006866	7026256	1166294
103	U	9006866	7026257	1166295
103	U	9006866	7026257	1166296
103	U	9006866	7026257	1166297
103	U	9006866	7026258	1166298
103	U	9006866	7026258	1166299
103	U	9006866	7026258	1166300
103	U	9006866	7026259	1166303
103	U	9006866	7026259	1166304
103	U	9006866	7026260	1166309
103	U	9006866	7026260	1166310
103	U	9006866	7026260	1166311
103	U	9006866	7026261	1166312
103	U	9006866	7026261	1166313
103	U	9006866	7026261	1166314
103	U	9006866	7026262	1166315
103	U	9006866	7026262	1166316
103	U	9006866	7026262	1166317
103	U	9006866	7026263	1166319
103	U	9006866	7026263	1166320
103	U	9006866	7026263	1166321
103	U	9006866	7026264	1166322
103	U	9006866	7026264	1166323
103	U	9006866	7026264	1166324
103	U	9006866	7026264	1166325
103	U	9006866	7026265	1166326
103	U	9006866	7026265	1166327
103	U	9006866	7026265	1166328
103	U	9006866	7026266	1166329
103	U	9006866	7026266	1166330
103	U	9006866	7026266	1166331
103	U	9006866	7026267	1166335
103	U	9006866	7026267	1166336
103	U	9006866	7026268	1166343
103	U	9006866	7026268	1166344
103	U	9006866	7026268	1166345
103	U	9006866	7026268	1166346
103	U	9006866	7026269	1166355
113	U	9006866	7026670	1167536
113	U	9006866	7026670	1167537
113	U	9006866	7026671	1167538
113	U	9006866	7026671	1167539
113	U	9006866	7026672	1167541
113	U	9006866	7026672	1167542
113	U	9006866	7026673	1167543
113	U	9006866	7026673	1167544
113	U	9006866	7026674	1167546
113	U	9006866	7026674	1167547
113	U	9006866	7026674	1167548
113	U	9006866	7026675	1167549
113	U	9006866	7026675	1167550
113	U	9006866	7026676	1167552
113	U	9006866	7026676	1167553
113	U	9006866	7026676	1167554
113	U	9006866	7026677	1167555
113	U	9006866	7026677	1167556
113	U	9006866	7026677	1167557
113	U	9006866	7026678	1167558
113	U	9006866	7026678	1167559
113	U	9006866	7026679	1167560
113	U	9006866	7026679	1167561
113	U	9006866	7026679	1167562
113	U	9006866	7026680	1167564
113	U	9006866	7026680	1167565
113	U	9006866	7026681	1167566
113	U	9006866	7026681	1167567
113	U	9006866	7026682	1167568
113	U	9006866	7026682	1167569
113	U	9006866	7026683	1167570
113	U	9006866	7026683	1167571
113	U	9006866	7026684	1167572
113	U	9006866	7026684	1167573
113	U	9006866	7026684	1167574
113	U	9006866	7026685	1167575
113	U	9006866	7026685	1167576
113	U	9006866	7026686	1167578
113	U	9006866	7026686	1167579
113	U	9006866	7026686	1167580
113	U	9006866	7026687	1167584
113	U	9006866	7026687	1167585
113	U	9006866	7026688	1167586
113	U	9006866	7026688	1167587
113	U	9006866	7026689	1167588
113	U	9006866	7026689	1167589
113	U	9006866	7026690	1167591
113	U	9006866	7026690	1167592
113	U	9006866	7026691	1167594
113	U	9006866	7026692	1167597
113	U	9006866	7026692	1167598
113	U	9006866	7026693	1167599
113	U	9006866	7026693	1167600
113	U	9006866	7026693	1167601
113	U	9006866	7026694	1167602
113	U	9006866	7026694	1167603
113	U	9006866	7026695	1167606
113	U	9006866	7026695	1167607
114	U	9006866	7026696	1167610
114	U	9006866	7026696	1167611
114	U	9006866	7026697	1167613
114	U	9006866	7026697	1167614
114	U	9006866	7026698	1167617
114	U	9006866	7026698	1167618
114	U	9006866	7026699	1167619
114	U	9006866	7026699	1167620
114	U	9006866	7026700	1167621
114	U	9006866	7026700	1167622
114	U	9006866	7026701	1167623
114	U	9006866	7026701	1167624
114	U	9006866	7026702	1167625
114	U	9006866	7026702	1167626
114	U	9006866	7026703	1167627
114	U	9006866	7026703	1167628
114	U	9006866	7026704	1167629
114	U	9006866	7026704	1167630
114	U	9006866	7026705	1167631
114	U	9006866	7026705	1167632
114	U	9006866	7026706	1167633
114	U	9006866	7026706	1167634
114	U	9006866	7026707	1167636
114	U	9006866	7026707	1167637
114	U	9006866	7026708	1167638
114	U	9006866	7026708	1167639
114	U	9006866	7026709	1167640
114	U	9006866	7026709	1167641
114	U	9006866	7026710	1167642
114	U	9006866	7026710	1167643
114	U	9006866	7026711	1167644
114	U	9006866	7026711	1167645
114	U	9006866	7026712	1167646
114	U	9006866	7026712	1167647
114	U	9006866	7026712	1167648
114	U	9006866	7026713	1167649
114	U	9006866	7026713	1167650
114	U	9006866	7026714	1167652
114	U	9006866	7026714	1167653
114	U	9006866	7026715	1167655
114	U	9006866	7026715	1167656
114	U	9006866	7026716	1167657
114	U	9006866	7026716	1167658
114	U	9006866	7026717	1167659
114	U	9006866	7026717	1167660
114	U	9006866	7026717	1167661
114	U	9006866	7026718	1167662
114	U	9006866	7026718	1167663
114	U	9006866	7026719	1167664
114	U	9006866	7026719	1167665
114	U	9006866	7026720	1167666
114	U	9006866	7026720	1167667
114	U	9006866	7026721	1167668
114	U	9006866	7026721	1167669
114	U	9006866	7026722	1167670
114	U	9006866	7026722	1167671
114	U	9006866	7026723	1167672
114	U	9006866	7026723	1167673
114	U	9006866	7026724	1167674
114	U	9006866	7026724	1167675
114	U	9006866	7026725	1167676
114	U	9006866	7026725	1167677
114	U	9006866	7026726	1167679
114	U	9006866	7026726	1167680
114	U	9006866	7026727	1167685
114	U	9006866	7026727	1167686
114	U	9006866	7026728	1167687
114	U	9006866	7026728	1167688
114	U	9006866	7026729	1167689
114	U	9006866	7026729	1167690
114	U	9006866	7026729	1167691
114	U	9006866	7026730	1167692
114	U	9006866	7026730	1167693
114	U	9006866	7026730	1167694
114	U	9006866	7026731	1167695
114	U	9006866	7026731	1167696
114	U	9006866	7026731	1167697
114	U	9006866	7026732	1167698
114	U	9006866	7026732	1167699
114	U	9006866	7026732	1167700
114	U	9006866	7026733	1167701
114	U	9006866	7026733	1167702
114	U	9006866	7026734	1167703
114	U	9006866	7026734	1167704
114	U	9006866	7026735	1167706
114	U	9006866	7026735	1167707
114	U	9006866	7026736	1167708
114	U	9006866	7026736	1167709
114	U	9006866	7026737	1167711
114	U	9006866	7026737	1167712
114	U	9006866	7026738	1167713
114	U	9006866	7026738	1167714
114	U	9006866	7026739	1167715
114	U	9006866	7026739	1167716
114	U	9006866	7026740	1167717
114	U	9006866	7026740	1167718
115	U	9006866	7026741	1167719
115	U	9006866	7026741	1167720
115	U	9006866	7026742	1167721
115	U	9006866	7026742	1167722
115	U	9006866	7026743	1167732
115	U	9006866	7026743	1167733
115	U	9006866	7026744	1167734
115	U	9006866	7026744	1167735
115	U	9006866	7026745	1167736
115	U	9006866	7026745	1167737
115	U	9006866	7026746	1167738
115	U	9006866	7026746	1167739
115	U	9006866	7026746	1167740
115	U	9006866	7026747	1167741
115	U	9006866	7026747	1167742
115	U	9006866	7026747	1167743
115	U	9006866	7026748	1167744
115	U	9006866	7026748	1167745
115	U	9006866	7026749	1167746
115	U	9006866	7026749	1167747
115	U	9006866	7026750	1167749
115	U	9006866	7026750	1167750
115	U	9006866	7026751	1167755
115	U	9006866	7026751	1167756
115	U	9006866	7026752	1167757
115	U	9006866	7026752	1167758
115	U	9006866	7026753	1167761
115	U	9006866	7026753	1167762
115	U	9006866	7026754	1167763
115	U	9006866	7026754	1167764
115	U	9006866	7026755	1167765
115	U	9006866	7026755	1167766
115	U	9006866	7026755	1167767
115	U	9006866	7026756	1167768
115	U	9006866	7026756	1167769
115	U	9006866	7026757	1167770
115	U	9006866	7026757	1167771
115	U	9006866	7026758	1167772
115	U	9006866	7026758	1167773
115	U	9006866	7026759	1167774
115	U	9006866	7026759	1167775
115	U	9006866	7026760	1167776
115	U	9006866	7026760	1167777
115	U	9006866	7026760	1167778
115	U	9006866	7026761	1167779
115	U	9006866	7026761	1167780
115	U	9006866	7026762	1167781
115	U	9006866	7026762	1167782
115	U	9006866	7026763	1167783
115	U	9006866	7026763	1167784
115	U	9006866	7026764	1167785
115	U	9006866	7026764	1167786
115	U	9006866	7026765	1167787
115	U	9006866	7026765	1167788
115	U	9006866	7026766	1167789
115	U	9006866	7026766	1167790
115	U	9006866	7026766	1167791
115	U	9006866	7026767	1167792
115	U	9006866	7026767	1167793
115	U	9006866	7026767	1167794
115	U	9006866	7026768	1167796
115	U	9006866	7026768	1167797
115	U	9006866	7026768	1167798
115	U	9006866	7026769	1167802
115	U	9006866	7026769	1167803
115	U	9006866	7026770	1167804
115	U	9006866	7026770	1167805
115	U	9006866	7026771	1167808
115	U	9006866	7026771	1167809
115	U	9006866	7026772	1167810
115	U	9006866	7026772	1167811
115	U	9006866	7026773	1167816
115	U	9006866	7026773	1167817
115	U	9006866	7026774	1167818
115	U	9006866	7026774	1167819
115	U	9006866	7026775	1167820
115	U	9006866	7026775	1167821
115	U	9006866	7026775	1167822
115	U	9006866	7026776	1167823
115	U	9006866	7026776	1167824
115	U	9006866	7026777	1167828
115	U	9006866	7026777	1167829
115	U	9006866	7026778	1167830
115	U	9006866	7026778	1167831
115	U	9006866	7026779	1167832
115	U	9006866	7026779	1167833
115	U	9006866	7026780	1167836
115	U	9006866	7026780	1167837
77	U	9006866	7025434	1163349
78	U	9006866	7025435	1163350
78	U	9006866	7025435	1163351
78	U	9006866	7025435	1163352
78	U	9006866	7025436	1163353
78	U	9006866	7025436	1163354
78	U	9006866	7025436	1163355
78	U	9006866	7025437	1163360
78	U	9006866	7025437	1163361
78	U	9006866	7025437	1163363
78	U	9006866	7025438	1163364
78	U	9006866	7025438	1163365
78	U	9006866	7025439	1163367
78	U	9006866	7025439	1163368
78	U	9006866	7025439	1163369
78	U	9006866	7025439	1163370
78	U	9006866	7025439	1163371
78	U	9006866	7025440	1163372
78	U	9006866	7025440	1163373
78	U	9006866	7025441	1163376
78	U	9006866	7025441	1163377
78	U	9006866	7025441	1163378
78	U	9006866	7025442	1163381
78	U	9006866	7025442	1163382
78	U	9006866	7025442	1163383
78	U	9006866	7025442	1163384
78	U	9006866	7025442	1163385
76	U	9006866	7025442	1163386
78	U	9006866	7025442	1163387
78	U	9006866	7025443	1163388
78	U	9006866	7025443	1163389
78	U	9006866	7025443	1163390
78	U	9006866	7025444	1163391
78	U	9006866	7025444	1163393
78	U	9006866	7025444	1163394
78	U	9006866	7025445	1163395
78	U	9006866	7025445	1163396
78	U	9006866	7025445	1163397
78	U	9006866	7025445	1163398
78	U	9006866	7025446	1163399
78	U	9006866	7025446	1163400
78	U	9006866	7025446	1163401
78	U	9006866	7025446	1163402
76	U	9006866	7025446	1163403
78	U	9006866	7025447	1163406
78	U	9006866	7025447	1163407
78	U	9006866	7025447	1163408
78	U	9006866	7025448	1163409
78	U	9006866	7025448	1163410
78	U	9006866	7025448	1163411
78	U	9006866	7025449	1163412
78	U	9006866	7025449	1163413
78	U	9006866	7025449	1163414
78	U	9006866	7025450	1163417
78	U	9006866	7025450	1163418
78	U	9006866	7025450	1163419
78	U	9006866	7025451	1163420
78	U	9006866	7025451	1163421
78	U	9006866	7025451	1163422
78	U	9006866	7025452	1163423
78	U	9006866	7025452	1163424
78	U	9006866	7025452	1163425
78	U	9006866	7025453	1163426
78	U	9006866	7025453	1163427
78	U	9006866	7025453	1163428
78	U	9006866	7025453	1163429
78	U	9006866	7025453	1163430
78	U	9006866	7025454	1163431
78	U	9006866	7025454	1163432
78	U	9006866	7025454	1163433
78	U	9006866	7025454	1163434
78	U	9006866	7025454	1163435
78	U	9006866	7025455	1163438
78	U	9006866	7025455	1163439
78	U	9006866	7025455	1163440
78	U	9006866	7025455	1163441
78	U	9006866	7025455	1163442
78	U	9006866	7025456	1163443
78	U	9006866	7025456	1163444
78	U	9006866	7025456	1163445
78	U	9006866	7025457	1163446
78	U	9006866	7025457	1163447
78	U	9006866	7025457	1163448
78	U	9006866	7025458	1163449
78	U	9006866	7025458	1163450
78	U	9006866	7025458	1163451
78	U	9006866	7025458	1163452
78	U	9006866	7025459	1163453
78	U	9006866	7025459	1163454
78	U	9006866	7025459	1163455
78	U	9006866	7025460	1163457
78	U	9006866	7025460	1163458
78	U	9006866	7025460	1163459
78	U	9006866	7025461	1163460
78	U	9006866	7025461	1163461
78	U	9006866	7025461	1163462
78	U	9006866	7025462	1163465
78	U	9006866	7025462	1163466
78	U	9006866	7025462	1163467
78	U	9006866	7025463	1163468
78	U	9006866	7025463	1163469
78	U	9006866	7025463	1163470
78	U	9006866	7025464	1163471
78	U	9006866	7025464	1163472
78	U	9006866	7025464	1163473
78	U	9006866	7025465	1163474
78	U	9006866	7025465	1163475
78	U	9006866	7025465	1163476
78	U	9006866	7025465	1163477
78	U	9006866	7025465	1163478
78	U	9006866	7025466	1163479
78	U	9006866	7025466	1163480
78	U	9006866	7025466	1163481
78	U	9006866	7025467	1163482
78	U	9006866	7025467	1163483
78	U	9006866	7025468	1163485
78	U	9006866	7025468	1163486
79	U	9006866	7025469	1163488
79	U	9006866	7025469	1163489
79	U	9006866	7025469	1163490
79	U	9006866	7025470	1163491
79	U	9006866	7025470	1163492
79	U	9006866	7025470	1163493
79	U	9006866	7025471	1163494
79	U	9006866	7025471	1163495
79	U	9006866	7025471	1163496
79	U	9006866	7025472	1163497
79	U	9006866	7025472	1163498
79	U	9006866	7025472	1163499
79	U	9006866	7025472	1163500
79	U	9006866	7025472	1163501
79	U	9006866	7025473	1163502
79	U	9006866	7025473	1163503
79	U	9006866	7025473	1163504
79	U	9006866	7025474	1163505
79	U	9006866	7025474	1163506
79	U	9006866	7025474	1163507
79	U	9006866	7025475	1163508
79	U	9006866	7025475	1163509
79	U	9006866	7025475	1163510
79	U	9006866	7025476	1163511
79	U	9006866	7025476	1163512
79	U	9006866	7025476	1163513
79	U	9006866	7025477	1163514
79	U	9006866	7025477	1163515
79	U	9006866	7025477	1163516
79	U	9006866	7025478	1163517
79	U	9006866	7025478	1163518
79	U	9006866	7025478	1163519
79	U	9006866	7025479	1163520
79	U	9006866	7025479	1163521
79	U	9006866	7025479	1163522
79	U	9006866	7025479	1163523
79	U	9006866	7025479	1163524
79	U	9006866	7025480	1163525
79	U	9006866	7025480	1163526
79	U	9006866	7025480	1163527
79	U	9006866	7025481	1163528
79	U	9006866	7025481	1163529
79	U	9006866	7025481	1163530
79	U	9006866	7025482	1163531
79	U	9006866	7025482	1163532
79	U	9006866	7025482	1163533
79	U	9006866	7025483	1163534
79	U	9006866	7025483	1163535
79	U	9006866	7025483	1163536
79	U	9006866	7025484	1163537
79	U	9006866	7025484	1163538
79	U	9006866	7025484	1163539
79	U	9006866	7025485	1163540
79	U	9006866	7025485	1163541
79	U	9006866	7025485	1163542
79	U	9006866	7025486	1163543
79	U	9006866	7025486	1163544
79	U	9006866	7025486	1163545
79	U	9006866	7025487	1163548
79	U	9006866	7025487	1163549
79	U	9006866	7025487	1163550
79	U	9006866	7025488	1163551
79	U	9006866	7025488	1163552
79	U	9006866	7025488	1163553
79	U	9006866	7025489	1163554
79	U	9006866	7025489	1163555
79	U	9006866	7025489	1163556
79	U	9006866	7025490	1163559
79	U	9006866	7025490	1163560
79	U	9006866	7025490	1163561
79	U	9006866	7025490	1163562
79	U	9006866	7025490	1163563
79	U	9006866	7025491	1163566
79	U	9006866	7025491	1163567
79	U	9006866	7025492	1163569
79	U	9006866	7025492	1163570
79	U	9006866	7025493	1163573
79	U	9006866	7025493	1163574
79	U	9006866	7025494	1163579
79	U	9006866	7025494	1163580
79	U	9006866	7025494	1163581
79	U	9006866	7025495	1163582
79	U	9006866	7025495	1163583
79	U	9006866	7025495	1163584
79	U	9006866	7025496	1163585
79	U	9006866	7025496	1163586
79	U	9006866	7025496	1163587
79	U	9006866	7025497	1163588
79	U	9006866	7025497	1163589
79	U	9006866	7025497	1163590
79	U	9006866	7025497	1163591
79	U	9006866	7025498	1163592
79	U	9006866	7025498	1163593
79	U	9006866	7025498	1163594
79	U	9006866	7025499	1163595
79	U	9006866	7025499	1163596
79	U	9006866	7025499	1163597
79	U	9006866	7025500	1163598
79	U	9006866	7025500	1163599
79	U	9006866	7025501	1163602
79	U	9006866	7025501	1163603
79	U	9006866	7025501	1163604
79	U	9006866	7025502	1163605
79	U	9006866	7025502	1163606
79	U	9006866	7025502	1163607
79	U	9006866	7025503	1163608
79	U	9006866	7025503	1163609
79	U	9006866	7025503	1163610
79	U	9006866	7025504	1163616
79	U	9006866	7025504	1163617
79	U	9006866	7025504	1163618
80	U	9006866	7025507	1163626
80	U	9006866	7025507	1163627
80	U	9006866	7025507	1163628
80	U	9006866	7025508	1163629
80	U	9006866	7025508	1163630
80	U	9006866	7025508	1163631
80	U	9006866	7025509	1163632
80	U	9006866	7025509	1163633
80	U	9006866	7025509	1163634
80	U	9006866	7025510	1163635
80	U	9006866	7025510	1163636
80	U	9006866	7025510	1163637
79	U	9006866	7025511	1163619
79	U	9006866	7025511	1163620
79	U	9006866	7025511	1163621
80	U	9006866	7025512	1163638
80	U	9006866	7025512	1163639
80	U	9006866	7025512	1163640
80	U	9006866	7025512	1163641
80	U	9006866	7025513	1163642
80	U	9006866	7025513	1163643
80	U	9006866	7025513	1163644
	U	2009007034	7013272	318448
	U	2009007034	1002217	318456
	U	2009007034	1002278	318463
	U	2009007034	1002330	318469
	U	2009007034	1002378	318473
	U	2009007034	1002581	318483
	U	2009007034	1002612	318485
	U	2009007034	1002613	318486
	U	2009007034	1002692	318493
	U	2009007034	1002779	318496
	U	2009007034	7013677	318538
	U	2009007034	2001745	318540
	U	2009007034	2001762	318557
	U	2009007034	2001765	318560
	U	2009007034	2001775	318570
	U	2009007034	2001781	318576
	U	2009007034	2001784	318579
	U	2009007034	2001799	318594
	U	2009007034	2001801	318596
	U	2009007034	2001811	318606
	U	2009007034	2001824	318619
	U	2009007034	2001835	318630
	U	2009007034	2001836	318631
	U	2009007034	2001838	318633
	U	2009007034	2001842	318637
	U	2009007034	2001845	318640
	U	2009007034	2001847	318642
	U	2009007034	2001850	318645
	U	2009007034	2001854	318649
	U	2009007034	2001858	318653
	U	2009007034	2001859	318654
	U	2009007034	2001864	318659
	U	2009007034	2001869	318664
	U	2009007034	2001873	318668
	U	2009007034	2001881	318676
	U	2009007034	2001892	318687
	U	2009007034	2001905	318700
	U	2009007034	2001913	318708
	U	2009007034	2001922	318717
	U	2009007034	1002191	318732
	U	2009007034	1002484	318765
	U	2009007034	1002526	318770
	U	2009007034	1002626	318778
	U	2009007034	1002703	318785
	U	2009007034	1002795	318789
	U	2009007034	1002939	318797
	U	2009007034	1002975	318804
	U	2009007034	1003019	318808
	U	2009007034	1003026	318809
	U	2009007034	1003034	318811
	U	2009007034	2001935	318815
	U	2009007034	2001943	318823
	U	2009007034	2001945	318825
	U	2009007034	2001948	318828
	U	2009007034	2001952	318832
	U	2009007034	2001955	318835
	U	2009007034	2001957	318837
	U	2009007034	2001965	318845
	U	2009007034	2001974	318854
	U	2009007034	2001977	318857
	U	2009007034	2001980	318860
	U	2009007034	2001984	318864
	U	2009007034	2001992	318872
	U	2009007034	2002003	318883
	U	2009007034	2002036	318916
	U	2009007034	2002051	318931
	U	2009007034	2002052	318932
	U	2009007034	2002064	318944
	U	2009007034	2002069	318949
	U	2009007034	2002071	318951
	U	2009007034	2002093	318973
	U	2009007034	2002096	318976
	U	2009007034	2002098	318978
	U	2009007034	2002106	318986
	U	2009007034	2002112	318992
	U	2009007034	2002118	318998
	U	2009007034	2002123	319003
	U	2009007034	2002130	319017
	U	2009007034	1002132	319024
	U	2009007034	7014160	319030
	U	2009007034	7015770	319041
	U	2009007034	2002139	319060
	U	2009007034	2002150	319071
	U	2009007034	2002164	319085
	U	2009007034	2002176	319097
	U	2009007034	2002189	319110
	U	2009007034	1002305	319121
	U	2009007034	1002505	319123
	U	2009007034	1002554	319128
	U	2009007034	1002645	319130
	U	2009007034	1003042	319141
	U	2009007034	2002243	319147
	U	2009007034	2002248	319152
	U	2009007034	2002252	319156
	U	2009007034	1002316	319157
	U	2009007034	1002766	319163
	U	2009007034	1003002	319168
	U	2009007034	2002314	319178
	U	2009007034	2002334	319198
	U	2009007034	2002355	319219
	U	2009007034	2002365	319229
	U	2009007034	2002370	319234
	U	2009007034	2002371	319235
	U	2009007034	2002372	319236
	U	2009007034	2002376	319240
	U	2009007034	2002258	319260
	U	2009007034	2002260	319262
	U	2009007034	2002263	319265
	U	2009007034	2002274	319276
	U	2009007034	2002276	319278
	U	2009007034	2002280	319282
	U	2009007034	2002286	319288
	U	2009007034	2002293	319295
	U	2009007034	7010401	319353
	U	2009007034	7010439	319380
	U	2009007034	7010463	319393
	U	2009007034	7010595	319421
	U	2009007034	7010757	319590
	U	2009007034	7010886	319648
	U	2009007034	7011190	319760
	U	2009007034	7011161	319834
	U	2009007034	7011164	319840
	U	2009007034	7011234	319951
	U	2009007034	7011237	319955
	U	2009007034	7011776	320324
	U	2009007034	7011838	320372
	U	2009007034	7011650	320478
	U	2009007034	7011024	320530
	U	2009007034	7002719	320536
	U	2009007034	7002726	320545
	U	2009007034	7012061	320567
	U	2009007034	7012062	320568
	U	2009007034	1003396	320679
	U	2009007034	7016777	320711
	U	2009007034	1003391	320741
	U	2009007034	7012212	320779
	U	2009007034	7012255	320832
	U	2009007034	7011450	320968
	U	2009007034	1003143	320997
	U	2009007034	1003090	321058
	U	2009007034	1003127	321066
	U	2009007034	7003678	321070
	U	2009007034	7012972	321102
	U	2009007034	7012941	321115
	U	2009007034	7013018	321133
	U	2009007034	7013176	321233
	U	2009007034	1008364	321288
	U	2009007034	7013378	321538
	U	2009007034	7013379	321539
	U	2009007034	7013395	321585
	U	2009007034	7013469	321690
	U	2009007034	7013668	321818
	U	2009007034	7013735	321868
	U	2009007034	7013747	321878
	U	2009007034	7013782	321913
	U	2009007034	7013882	321939
	U	2009007034	7013883	321940
	U	2009007034	7013896	321943
	U	2009007034	7014006	322010
	U	2009007034	7014169	322050
	U	2009007034	7014777	322333
	U	2009007034	1003379	322424
	U	2009007034	7011584	322437
	U	2009007034	7011585	322439
	U	2009007034	7014830	322495
	U	2009007034	7014839	322525
	U	2009007034	7014853	322559
	U	2009007034	1001173	322586
	U	2009007034	1001488	322595
	U	2009007034	1000567	322620
	U	2009007034	7014896	322655
	U	2009007034	7014953	322735
	U	2009007034	7014961	322751
	U	2009007034	7014962	322753
	U	2009007034	6004412	322765
	U	2009007034	1003399	322769
	U	2009007034	7013412	322770
	U	2009007034	7014991	322829
	U	2009007034	7015013	322846
	U	2009007034	7015060	322924
	U	2009007034	7015064	322932
	U	2009007034	7015068	322940
	U	2009007034	7015076	322957
	U	2009007034	7015088	322969
	U	2009007034	7015092	322977
	U	2009007034	7015094	322981
	U	2009007034	7015100	322993
	U	2009007034	7015110	323013
	U	2009007034	7015123	323039
	U	2009007034	7015124	323041
	U	2009007034	7015127	323047
	U	2009007034	7015138	323069
	U	2009007034	7015142	323077
	U	2009007034	7015146	323085
	U	2009007034	7015152	323104
	U	2009007034	7015200	323250
	U	2009007034	7015201	323252
	U	2009007034	7015213	323276
	U	2009007034	7015225	323300
	U	2009007034	7015228	323306
	U	2009007034	7015243	323336
	U	2009007034	7015244	323338
	U	2009007034	7015245	323340
	U	2009007034	7015247	323344
	U	2009007034	7015248	323346
	U	2009007034	7015250	323350
	U	2009007034	7015289	323424
	U	2009007034	7015293	323432
	U	2009007034	7015474	323533
	U	2009007034	7015477	323534
	U	2009007034	7015509	323572
	U	2009007034	7015580	323690
	U	2009007034	7015658	323830
	U	2009007034	7015684	323888
	U	2009007034	7015865	324503
	U	2009007034	7015902	324539
	U	2009007034	7016093	324676
	U	2009007034	7016108	324692
	U	2009007034	7016153	324773
	U	2009007034	7016161	324798
	U	2009007034	7016164	324805
	U	2009007034	7015579	324895
	U	2009007034	7016477	324906
	U	2009007034	7016488	324917
	U	2009007034	7016491	324927
	U	2009007034	7016520	324940
	U	2009007034	7016526	324942
	U	2009007034	1122641	325033
	U	2009007034	7016931	325159
	U	2009007034	7016940	325162
	U	2009007034	1007893	325262
	U	2009007034	1009546	325267
	U	2009007034	7017064	325361
	U	2009007034	7017096	325411
	U	2009007034	7003719	325535
	U	2009007034	7003732	325537
	U	2009007034	7017207	325618
	U	2009007034	7009083	325850
	U	2009007034	7017323	325942
	U	2009007034	7017331	325960
	U	2009007034	7017337	325972
	U	2009007034	7017342	325980
	U	2009007034	7017343	325982
	U	2009007034	7017346	325988
	U	2009007034	7017350	325996
	U	2009007034	7017362	326020
	U	2009007034	7017552	326413
	U	2009007034	7017757	326699
	U	2009007034	7017855	326751
	U	2009007034	7017862	326758
	U	2009007034	7017863	326759
	U	2009007034	7017871	326771
	U	2009007034	7017906	326806
	U	2009007034	7017666	326827
	U	2009007034	7017980	326856
	U	2009007034	7018164	326994
	U	2009007034	7018172	327048
	U	2009007034	7000830	327282
	U	2009007034	7018260	327319
	U	2009007034	7018262	327323
	U	2009007034	7018267	327333
	U	2009007034	7018273	327345
	U	2009007034	7018274	327347
	U	2009007034	1001736	327368
	U	2009007034	7018284	327384
	U	2009007034	1006440	327426
	U	2009007034	7018316	327428
	U	2009007034	1001993	327433
	U	2009007034	7018386	327520
171	U	9006866	7027904	1171056
171	U	9006866	7027905	1171057
171	U	9006866	7027905	1171058
171	U	9006866	7027906	1171059
171	U	9006866	7027906	1171060
171	U	9006866	7027907	1171061
171	U	9006866	7027907	1171062
171	U	9006866	7027908	1171063
171	U	9006866	7027908	1171064
171	U	9006866	7027909	1171065
171	U	9006866	7027909	1171066
171	U	9006866	7027910	1171068
171	U	9006866	7027910	1171069
171	U	9006866	7027911	1171070
171	U	9006866	7027911	1171071
171	U	9006866	7027912	1171072
171	U	9006866	7027912	1171073
171	U	9006866	7027913	1171074
171	U	9006866	7027913	1171075
171	U	9006866	7027913	1171076
171	U	9006866	7027914	1171077
171	U	9006866	7027914	1171078
171	U	9006866	7027915	1171079
171	U	9006866	7027915	1171080
171	U	9006866	7027916	1171085
171	U	9006866	7027916	1171086
171	U	9006866	7027917	1171088
171	U	9006866	7027917	1171089
171	U	9006866	7027917	1171090
171	U	9006866	7027918	1171091
171	U	9006866	7027918	1171092
171	U	9006866	7027919	1171093
171	U	9006866	7027919	1171094
171	U	9006866	7027920	1171104
171	U	9006866	7027920	1171105
171	U	9006866	7027921	1171106
171	U	9006866	7027921	1171107
171	U	9006866	7027921	1171108
171	U	9006866	7027922	1171109
171	U	9006866	7027922	1171110
171	U	9006866	7027922	1171111
171	U	9006866	7027923	1171112
171	U	9006866	7027923	1171113
171	U	9006866	7027923	1171114
171	U	9006866	7027923	1171115
171	U	9006866	7027923	1171116
171	U	9006866	7027924	1171117
171	U	9006866	7027924	1171118
171	U	9006866	7027924	1171119
171	U	9006866	7027925	1171122
171	U	9006866	7027925	1171123
171	U	9006866	7027926	1171126
171	U	9006866	7027926	1171127
171	U	9006866	7027926	1171128
171	U	9006866	7027927	1171129
171	U	9006866	7027927	1171130
171	U	9006866	7027927	1171131
171	U	9006866	7027928	1171132
171	U	9006866	7027928	1171133
171	U	9006866	7027928	1171134
171	U	9006866	7027928	1171135
171	U	9006866	7027928	1171136
171	U	9006866	7027929	1171137
171	U	9006866	7027929	1171138
171	U	9006866	7027929	1171139
171	U	9006866	7027930	1171140
171	U	9006866	7027930	1171141
171	U	9006866	7027931	1171143
171	U	9006866	7027931	1171144
171	U	9006866	7027932	1171145
171	U	9006866	7027932	1171146
171	U	9006866	7027933	1171147
171	U	9006866	7027933	1171148
171	U	9006866	7027934	1171149
171	U	9006866	7027934	1171150
171	U	9006866	7027934	1171151
171	U	9006866	7027935	1171154
171	U	9006866	7027935	1171155
171	U	9006866	7027935	1171156
171	U	9006866	7027936	1171159
171	U	9006866	7027936	1171160
171	U	9006866	7027936	1171161
172	U	9006866	7027937	1171164
172	U	9006866	7027937	1171165
172	U	9006866	7027937	1171166
172	U	9006866	7027938	1171169
172	U	9006866	7027938	1171170
172	U	9006866	7027938	1171171
172	U	9006866	7027938	1171172
172	U	9006866	7027939	1171176
172	U	9006866	7027939	1171177
172	U	9006866	7027940	1171180
172	U	9006866	7027940	1171181
172	U	9006866	7027940	1171182
172	U	9006866	7027941	1171183
172	U	9006866	7027941	1171184
172	U	9006866	7027941	1171185
172	U	9006866	7027941	1171186
172	U	9006866	7027942	1171187
172	U	9006866	7027942	1171188
172	U	9006866	7027943	1171189
172	U	9006866	7027943	1171190
172	U	9006866	7027944	1171191
171	U	9006866	7027944	1171192
172	U	9006866	7027944	1171193
172	U	9006866	7027944	1171194
172	U	9006866	7027945	1171195
171	U	9006866	7027945	1171196
172	U	9006866	7027945	1171197
172	U	9006866	7027945	1171198
172	U	9006866	7027946	1171199
172	U	9006866	7027946	1171200
172	U	9006866	7027947	1171201
172	U	9006866	7027947	1171202
172	U	9006866	7027948	1171203
172	U	9006866	7027948	1171204
172	U	9006866	7027948	1171205
172	U	9006866	7027949	1171206
172	U	9006866	7027949	1171207
172	U	9006866	7027949	1171208
172	U	9006866	7027950	1171209
172	U	9006866	7027950	1171210
172	U	9006866	7027951	1171212
171	U	9006866	7027951	1171213
172	U	9006866	7027952	1171214
172	U	9006866	7027952	1171215
172	U	9006866	7027953	1171218
172	U	9006866	7027953	1171219
172	U	9006866	7027954	1171226
172	U	9006866	7027954	1171227
172	U	9006866	7027955	1171228
172	U	9006866	7027955	1171229
172	U	9006866	7027956	1171230
172	U	9006866	7027956	1171231
172	U	9006866	7027957	1171232
172	U	9006866	7027957	1171233
172	U	9006866	7027958	1171234
172	U	9006866	7027958	1171235
172	U	9006866	7027958	1171236
172	U	9006866	7027958	1171237
172	U	9006866	7027958	1171238
172	U	9006866	7027959	1171239
172	U	9006866	7027959	1171240
172	U	9006866	7027960	1171244
172	U	9006866	7027961	1171247
172	U	9006866	7027961	1171248
172	U	9006866	7027961	1171249
172	U	9006866	7027962	1171250
172	U	9006866	7027962	1171251
172	U	9006866	7027963	1171252
172	U	9006866	7027963	1171253
172	U	9006866	7027964	1171254
172	U	9006866	7027964	1171255
172	U	9006866	7027964	1171256
172	U	9006866	7027965	1171257
172	U	9006866	7027965	1171258
172	U	9006866	7027966	1171261
172	U	9006866	7027966	1171262
172	U	9006866	7027967	1171263
172	U	9006866	7027967	1171264
172	U	9006866	7027968	1171265
172	U	9006866	7027968	1171266
172	U	9006866	7027968	1171267
172	U	9006866	7027969	1171268
172	U	9006866	7027969	1171269
172	U	9006866	7027970	1171270
172	U	9006866	7027970	1171271
172	U	9006866	7027971	1171272
172	U	9006866	7027971	1171273
172	U	9006866	7027971	1171274
172	U	9006866	7027971	1171275
172	U	9006866	7027972	1171276
172	U	9006866	7027972	1171277
172	U	9006866	7027973	1171284
172	U	9006866	7027973	1171285
172	U	9006866	7027974	1171286
172	U	9006866	7027974	1171287
172	U	9006866	7027974	1171288
172	U	9006866	7027975	1171289
172	U	9006866	7027975	1171290
172	U	9006866	7027975	1171291
172	U	9006866	7027976	1171295
172	U	9006866	7027976	1171296
172	U	9006866	7027977	1171297
171	U	9006866	7027977	1171298
172	U	9006866	7027978	1171299
172	U	9006866	7027978	1171300
172	U	9006866	7027979	1171301
172	U	9006866	7027979	1171302
172	U	9006866	7027980	1171306
172	U	9006866	7027980	1171307
172	U	9006866	7027981	1171308
172	U	9006866	7027981	1171309
172	U	9006866	7027982	1171310
172	U	9006866	7027982	1171311
172	U	9006866	7027982	1171312
172	U	9006866	7027982	1171313
172	U	9006866	7027983	1171315
172	U	9006866	7027983	1171316
172	U	9006866	7027983	1171317
172	U	9006866	7027984	1171318
172	U	9006866	7027984	1171319
172	U	9006866	7027985	1171320
172	U	9006866	7027985	1171321
172	U	9006866	7027986	1171322
172	U	9006866	7027986	1171323
172	U	9006866	7027986	1171324
172	U	9006866	7027987	1171326
172	U	9006866	7027987	1171327
172	U	9006866	7027988	1171328
172	U	9006866	7027988	1171329
172	U	9006866	7027988	1171330
172	U	9006866	7027988	1171331
172	U	9006866	7027989	1171332
172	U	9006866	7027989	1171333
172	U	9006866	7027990	1171334
172	U	9006866	7027990	1171335
172	U	9006866	7027991	1171336
172	U	9006866	7027991	1171337
172	U	9006866	7027992	1171338
171	U	9006866	7027992	1171339
172	U	9006866	7027993	1171343
172	U	9006866	7027993	1171344
172	U	9006866	7027994	1171345
172	U	9006866	7027994	1171346
172	U	9006866	7027995	1171347
172	U	9006866	7027995	1171348
172	U	9006866	7027995	1171349
172	U	9006866	7027996	1171350
172	U	9006866	7027996	1171351
173	U	9006866	7027997	1171353
173	U	9006866	7027997	1171354
173	U	9006866	7027997	1171355
173	U	9006866	7027998	1171356
173	U	9006866	7027998	1171357
173	U	9006866	7027998	1171358
173	U	9006866	7027999	1171359
173	U	9006866	7027999	1171360
173	U	9006866	7028000	1171362
173	U	9006866	7028000	1171363
173	U	9006866	7028001	1171364
173	U	9006866	7028001	1171365
	U	2009007034	2043822	228498
	U	2009007034	2043953	228629
	U	2009007034	2044413	229089
	U	2009007034	2044426	229102
	U	2009007034	2044541	229217
	U	2009007034	2044556	229232
	U	2009007034	2044667	229343
	U	2009007034	2045021	229697
	U	2009007034	2045058	229734
	U	2009007034	2045165	229841
	U	2009007034	2045326	230002
	U	2009007034	2045443	230119
	U	2009007034	2046565	231241
	U	2009007034	2046626	231302
	U	2009007034	2047127	231803
	U	2009007034	2047232	231908
	U	2009007034	2047248	231924
	U	2009007034	2047317	231993
	U	2009007034	2047354	232030
	U	2009007034	2047760	232436
	U	2009007034	2047921	232597
	U	2009007034	2047969	232645
	U	2009007034	2048048	232724
	U	2009007034	2048121	232797
	U	2009007034	2048157	232833
	U	2009007034	2048709	233385
	U	2009007034	2048784	233460
	U	2009007034	2048902	233578
	U	2009007034	2049062	233738
	U	2009007034	2049305	233981
	U	2009007034	2049404	234080
	U	2009007034	2049597	234273
	U	2009007034	2049620	234296
	U	2009007034	2049683	234359
	U	2009007034	2049713	234389
	U	2009007034	2049859	234535
	U	2009007034	2049863	234539
	U	2009007034	2049886	234562
	U	2009007034	2049921	234597
	U	2009007034	2049936	234612
	U	2009007034	2050007	234683
	U	2009007034	2050073	234749
	U	2009007034	2050096	234772
	U	2009007034	2050103	234779
	U	2009007034	2050273	234949
	U	2009007034	2050852	235528
	U	2009007034	2050871	235547
	U	2009007034	2050978	235654
	U	2009007034	2051094	235770
	U	2009007034	2051109	235785
	U	2009007034	2051201	235877
	U	2009007034	2051689	236365
	U	2009007034	2052290	236966
	U	2009007034	2052377	237053
	U	2009007034	2052528	237204
	U	2009007034	2053041	237717
	U	2009007034	2053163	237839
	U	2009007034	2053430	238106
	U	2009007034	2053534	238210
	U	2009007034	2053794	238470
	U	2009007034	2053982	238658
	U	2009007034	2054220	238896
	U	2009007034	2054526	239202
	U	2009007034	2054696	239372
	U	2009007034	2055324	240000
	U	2009007034	2055398	240074
	U	2009007034	2055677	240353
	U	2009007034	2056087	240763
	U	2009007034	2056205	240881
	U	2009007034	2056530	241206
	U	2009007034	2056548	241224
	U	2009007034	2056749	241425
	U	2009007034	2056957	241633
	U	2009007034	2057653	242329
	U	2009007034	2058552	243228
	U	2009007034	2058785	243461
	U	2009007034	2058940	243616
	U	2009007034	2059009	243685
	U	2009007034	2059229	243905
	U	2009007034	2059273	243949
	U	2009007034	2059447	244123
	U	2009007034	2059702	244378
	U	2009007034	2060144	244820
	U	2009007034	2060444	245120
	U	2009007034	2060714	245390
	U	2009007034	2060831	245507
	U	2009007034	2062220	246896
	U	2009007034	2062330	247006
	U	2009007034	2062443	247119
	U	2009007034	2062470	247146
	U	2009007034	2062882	247558
	U	2009007034	2063137	247813
	U	2009007034	2063282	247958
	U	2009007034	2063538	248214
	U	2009007034	2063621	248297
	U	2009007034	2063980	248656
	U	2009007034	2063992	248668
	U	2009007034	2064093	248769
	U	2009007034	2064106	248782
	U	2009007034	2064202	248878
	U	2009007034	2064262	248938
	U	2009007034	2064298	248974
	U	2009007034	2064617	249293
	U	2009007034	2064647	249323
	U	2009007034	2064674	249350
	U	2009007034	2064770	249446
	U	2009007034	2064928	249604
	U	2009007034	2065008	249684
	U	2009007034	2065043	249719
	U	2009007034	2065144	249820
	U	2009007034	2065215	249891
	U	2009007034	2065443	250119
	U	2009007034	2065508	250184
	U	2009007034	2065561	250237
	U	2009007034	2065569	250245
	U	2009007034	2065666	250342
	U	2009007034	2065676	250352
	U	2009007034	2065709	250385
	U	2009007034	2065910	250586
	U	2009007034	2066044	250720
	U	2009007034	2066161	250837
	U	2009007034	2066256	250932
	U	2009007034	2066379	251055
	U	2009007034	2066424	251100
	U	2009007034	2066435	251111
	U	2009007034	2066442	251118
	U	2009007034	2066452	251128
	U	2009007034	2066490	251166
	U	2009007034	2066509	251185
	U	2009007034	2066667	251343
	U	2009007034	2067802	252478
	U	2009007034	2067952	252628
	U	2009007034	2068198	252874
	U	2009007034	2068352	253028
	U	2009007034	2068577	253253
	U	2009007034	2068604	253280
	U	2009007034	2068614	253290
	U	2009007034	2068865	253541
	U	2009007034	2068920	253596
	U	2009007034	2069082	253758
	U	2009007034	2069114	253790
	U	2009007034	2069354	254030
	U	2009007034	2069489	254165
	U	2009007034	2069705	254381
	U	2009007034	2069816	254492
	U	2009007034	2069832	254508
	U	2009007034	2069988	254664
	U	2009007034	2070078	254754
	U	2009007034	2070084	254760
	U	2009007034	2070250	254926
	U	2009007034	2070379	255055
	U	2009007034	2070670	255346
	U	2009007034	2070758	255434
	U	2009007034	2071248	255924
	U	2009007034	2071283	255959
	U	2009007034	2071372	256048
	U	2009007034	2071567	256243
	U	2009007034	2071831	256507
	U	2009007034	2071842	256518
	U	2009007034	2071870	256546
	U	2009007034	2071887	256563
	U	2009007034	2071933	256609
	U	2009007034	2071991	256667
	U	2009007034	2072330	257006
	U	2009007034	7014548	257258
	U	2009007034	2072773	257449
	U	2009007034	2072926	257602
	U	2009007034	2072969	257645
	U	2009007034	2072984	257660
	U	2009007034	2072997	257673
	U	2009007034	2073034	257710
	U	2009007034	2073159	257835
	U	2009007034	2073198	257874
	U	2009007034	2073224	257900
	U	2009007034	2073757	258433
	U	2009007034	2074576	259252
	U	2009007034	2075180	259856
	U	2009007034	2075886	260562
	U	2009007034	2076488	261164
	U	2009007034	2076843	261519
	U	2009007034	2076914	261590
	U	2009007034	2078215	262891
	U	2009007034	2078283	262959
	U	2009007034	2078598	263274
	U	2009007034	2078785	263461
	U	2009007034	2079612	264288
	U	2009007034	2079833	264509
	U	2009007034	2080602	265278
	U	2009007034	2080620	265296
	U	2009007034	2080626	265302
	U	2009007034	2080660	265336
	U	2009007034	2080703	265379
	U	2009007034	2081187	265863
	U	2009007034	2081219	265895
	U	2009007034	2081836	266512
	U	2009007034	2081937	266613
	U	2009007034	2081963	266639
	U	2009007034	2082142	266818
	U	2009007034	2082289	266965
	U	2009007034	2082315	266991
	U	2009007034	2082743	267419
	U	2009007034	2083991	268667
	U	2009007034	2084285	268961
	U	2009007034	2084324	269000
	U	2009007034	2084857	269533
	U	2009007034	2084989	269665
	U	2009007034	2085025	269701
	U	2009007034	2085224	269900
	U	2009007034	2085382	270058
	U	2009007034	2085441	270117
	U	2009007034	2085474	270150
	U	2009007034	2085480	270156
	U	2009007034	2085562	270238
	U	2009007034	2085701	270377
	U	2009007034	2085769	270445
	U	2009007034	2085791	270467
	U	2009007034	2085998	270674
	U	2009007034	2086386	271062
	U	2009007034	2086521	271197
	U	2009007034	2086762	271438
	U	2009007034	2086909	271585
	U	2009007034	2086984	271660
	U	2009007034	2087017	271693
	U	2009007034	2087403	272079
	U	2009007034	2087527	272203
	U	2009007034	2087729	272405
	U	2009007034	2087827	272503
	U	2009007034	2087900	272576
	U	2009007034	2088105	272781
	U	2009007034	2088193	272869
	U	2009007034	2088219	272895
	U	2009007034	2088307	272983
	U	2009007034	2088847	273523
	U	2009007034	2089037	273713
	U	2009007034	2089098	273774
	U	2009007034	2089498	274174
	U	2009007034	2090091	274767
	U	2009007034	2090158	274834
	U	2009007034	2090192	274868
	U	2009007034	2090891	275567
	U	2009007034	2091161	275837
	U	2009007034	2091209	275885
	U	2009007034	2091311	275987
	U	2009007034	2091365	276041
	U	2009007034	2091392	276068
	U	2009007034	2091422	276098
	U	2009007034	2091454	276130
	U	2009007034	2091915	276591
	U	2009007034	2092073	276749
	U	2009007034	2092097	276773
	U	2009007034	2092115	276791
	U	2009007034	2092199	276875
	U	2009007034	2092211	276887
	U	2009007034	2092259	276935
	U	2009007034	2092337	277013
	U	2009007034	2092970	277646
	U	2009007034	2093093	277769
	U	2009007034	2093200	277876
	U	2009007034	2093497	278173
	U	2009007034	2093565	278241
	U	2009007034	2093594	278270
	U	2009007034	2093710	278386
	U	2009007034	2093824	278500
	U	2009007034	2094349	279025
	U	2009007034	2094356	279032
	U	2009007034	2094370	279046
	U	2009007034	2094966	279642
	U	2009007034	2095072	279748
	U	2009007034	2095107	279783
208	N	9006943	7012943	1001171694
index 196	U	9006868	1027030	1168740
plate 36	U	9006868	1086387	1163838
I-28	U	9006868	7024833	1161851
plate 75	U	9006868	7024835	1161854
plate 77	U	9006868	7024841	1161862
plate 77	U	9006868	7024842	1161863
plate 75	U	9006868	7024843	1161867
plate 75	U	9006868	7024844	1161869
plate 75	U	9006868	7024845	1161871
I-15	U	9006868	7024859	1161887
I-15	U	9006868	7024859	1161888
I-21	U	9006868	7024860	1161889
I-54	U	9006868	7024861	1161890
I-110	U	9006868	7024862	1161891
plate 75	U	9006868	7024862	1161892
I-142	U	9006868	7024863	1161893
I-203	U	9006868	7024864	1161894
I-171	U	9006868	7024865	1161895
I-70	U	9006868	7024866	1161896
I-49	U	9006868	7024867	1161897
I-7	U	9006868	7024868	1161898
I-91	U	9006868	7024869	1161899
I-50	U	9006868	7024870	1161901
plate 77	U	9006868	7024870	1161902
I-154	U	9006868	7024871	1161903
plate 77	U	9006868	7024871	1161904
I-148	U	9006868	7024872	1161905
I-164	U	9006868	7024873	1161906
I-172	U	9006868	7024874	1161907
I-168	U	9006868	7024876	1161908
plate 77	U	9006868	7024876	1161909
I-171	U	9006868	7024891	1161930
I-66	U	9006868	7024892	1161931
plate 77	U	9006868	7024892	1161932
I-41	U	9006868	7024893	1161933
I-113	U	9006868	7024894	1161934
I-113	U	9006868	7024894	1161935
plate 77	U	9006868	7024895	1161936
I-111	U	9006868	7024895	1161937
I-63	U	9006868	7024896	1161939
I-198	U	9006868	7024897	1161940
I-203	U	9006868	7024898	1161941
I-151	U	9006868	7024899	1161942
I-155	U	9006868	7024900	1161943
plate 75	U	9006868	7024902	1161945
I-145	U	9006868	7024902	1161947
I-71	U	9006868	7024905	1161949
I-50	U	9006868	7024906	1161952
I-64	U	9006868	7024907	1161954
I-69	U	9006868	7024908	1161955
I-220	U	9006868	7024909	1161956
65	U	9006868	7026140	1165893
65	U	9006868	7026140	1165894
index 33	U	9006868	7027126	1168711
index 33	U	9006868	7027126	1168712
pl. 63	U	9006868	7027127	1168714
plate 63	U	9006868	7027127	1168715
plate 63	U	9006868	7027128	1168717
plate 63	U	9006868	7027128	1168718
plate 63	U	9006868	7027129	1168720
plate 63	U	9006868	7027129	1168721
plate 63	U	9006868	7027130	1168723
plate 63	U	9006868	7027130	1168724
plate 63	U	9006868	7027131	1168726
plate 63	U	9006868	7027131	1168727
plate 63	U	9006868	7027132	1168729
plate 63	U	9006868	7027132	1168730
plate 63	U	9006868	7027133	1168732
plate 63	U	9006868	7027133	1168733
pl. 63; index 130	U	9006868	7027136	1168474
plate 62	P	9006868	7028110	1001171690
208	N	9006868	7012943	1001171693
208	P	9006868	7012943	1001171692
208	N	9006868	7012943	320115
155	U	9006866	1003949	346073
155	U	9006866	1003949	1169695
146	U	9006866	1004064	4240
146	U	9006866	1004064	1169333
147	U	9006866	1004265	4441
147	U	9006866	1004265	1169380
147	U	9006866	1004330	4506
147	U	9006866	1004330	1169397
147	U	9006866	1004427	4603
147	U	9006866	1004427	1169418
102	U	9006866	1004722	4898
102	U	9006866	1004722	1166171
148	U	9006866	1004849	5025
148	U	9006866	1004849	1169471
155	U	9006866	1004872	1169794
155	U	9006866	1004884	5060
155	U	9006866	1004884	1169796
148	U	9006866	1004965	1169483
148	U	9006866	1005223	5401
148	U	9006866	1005223	1169519
148	U	9006866	1005223	1169520
104	U	9006866	1005225	1166429
104	U	9006866	1005225	1166430
104	U	9006866	1005225	1166431
149	U	9006866	1005279	5457
149	U	9006866	1005279	1169539
149	U	9006866	1005279	1169540
104	U	9006866	1005408	1166470
104	U	9006866	1005408	1166471
104	U	9006866	1005408	1166472
104	U	9006866	1005408	1166473
149	U	9006866	1005502	1169576
156	U	9006866	1005648	5828
156	U	9006866	1005648	1169872
106	U	9006866	1005894	1166698
156	U	9006866	1005898	347561
156	U	9006866	1005898	1169897
156	U	9006866	1005898	1169898
106	U	9006866	1005902	347583
106	U	9006866	1005902	1166701
150	U	9006866	1005910	1169656
103	U	9006866	1008392	8603
104	U	9006866	1008392	1166378
104	U	9006866	1008392	1166379
84	U	9006866	1012203	12473
100; 104	U	9006866	1028249	345535
100	U	9006866	1028249	1165494
136	U	9006866	1028252	345540
136	U	9006866	1028252	1168886
111	U	9006866	1028261	1167116
136	U	9006866	1028276	345951
136	U	9006866	1028276	1168890
35	U	9006866	1028280	28627
35	U	9006866	1028280	1161424
35	U	9006866	1028280	1161425
168	U	9006866	1028283	28630
168	U	9006866	1028283	1158596
68	U	9006866	1028284	28631
68	U	9006866	1028284	1162484
68	U	9006866	1028287	1162488
76	U	9006866	1028293	346148
76	U	9006866	1028293	1163098
76	U	9006866	1028293	1163099
52	U	9006866	1028294	1161697
111	U	9006866	1028302	28649
111	U	9006866	1028302	1167129
29	U	9006866	1028309	1161383
160	U	9006866	1028315	346311
160	U	9006866	1028315	1169909
160	U	9006866	1028315	1169910
76	U	9006866	1028317	28664
76	U	9006866	1028317	1163114
76	U	9006866	1028317	1163115
52	U	9006866	1028318	1161699
29	U	9006866	1028321	1161384
29	U	9006866	1028321	1161385
29	U	9006866	1028321	1161386
160	U	9006866	1028329	346608
160	U	9006866	1028329	1169920
160	U	9006866	1028329	1169921
68	U	9006866	1028331	28678
68	U	9006866	1028331	1162494
76	U	9006866	1028332	28679
76	U	9006866	1028332	1163134
76	U	9006866	1028332	1163135
160	U	9006866	1028333	28680
160	U	9006866	1028333	1169922
146	U	9006866	1028335	28682
146	U	9006866	1028335	1169323
100	U	9006866	1028336	346623
100	U	9006866	1028336	1165517
76	U	9006866	1028345	346724
76	U	9006866	1028345	1163165
76	U	9006866	1028345	1163166
42	U	9006866	1028354	1161502
68	U	9006866	1028355	1162505
68	U	9006866	1028355	1162506
100	U	9006866	1028367	346876
100	U	9006866	1028367	1165518
100	U	9006866	1028367	1165519
100	U	9006866	1028367	1165520
76	U	9006866	1028370	28717
76	U	9006866	1028370	1163175
76	U	9006866	1028370	1163176
76	U	9006866	1028370	1163177
76	U	9006866	1028370	1163178
76	U	9006866	1028370	1163179
76	U	9006866	1028371	347060
76	U	9006866	1028371	1163180
76	U	9006866	1028371	1163181
146	U	9006866	1028373	347061
146	U	9006866	1028373	1169324
168	U	9006866	1028399	28746
168	U	9006866	1028399	1170549
168	U	9006866	1028404	347360
168	U	9006866	1028404	1170570
168	U	9006866	1028404	1170571
168	U	9006866	1028404	1170572
29	U	9006866	1028415	1161387
29	U	9006866	1028415	1161388
160	U	9006866	1028418	347520
160	U	9006866	1028418	1169945
68	U	9006866	1028421	1162521
47	U	9006866	1028423	1161614
136	U	9006866	1028432	347616
136	U	9006866	1028432	1168922
100; 104	U	9006866	1028438	347658
100	U	9006866	1028438	1165535
93	U	9006866	1028463	347881
93	U	9006866	1028463	1164870
93	U	9006866	1028463	1164871
136	U	9006866	1028466	28813
136	U	9006866	1028466	1168929
136	U	9006866	1028466	1168930
77	U	9006866	1028481	28828
77	U	9006866	1028481	1163272
77	U	9006866	1028481	1163273
29	U	9006866	1028484	28831
29	U	9006866	1028484	1161389
29	U	9006866	1028484	1161390
160	U	9006866	1028486	1169951
146	U	9006866	1028499	1169346
160	U	9006866	1028501	348044
160	U	9006866	1028501	1169954
160	U	9006866	1028501	1169955
111	U	9006866	1028505	28852
111	U	9006866	1028505	1167183
111	U	9006866	1028505	1167184
129	U	9006866	1028508	1168414
129	U	9006866	1028508	1168415
77	U	9006866	1028510	348131
77	U	9006866	1028510	1163283
77	U	9006866	1028510	1163284
122	U	9006866	1028511	1167902
160	U	9006866	1028515	28862
160	U	9006866	1028515	1169959
146	U	9006866	1028527	1169349
100	U	9006866	1028537	348360
100	U	9006866	1028537	1165759
68	U	9006866	1028544	1162533
155	U	9006866	1028549	348431
155	U	9006866	1028549	1169705
155	U	9006866	1028552	1169706
113	U	9006866	1030077	1167593
53	U	9006866	1030078	1161749
84	U	9006866	1030079	30427
84	U	9006866	1030079	1164210
84	U	9006866	1030079	1164211
84	U	9006866	1030079	1164212
84	U	9006866	1030079	1164213
53	U	9006866	1030080	30428
53	U	9006866	1030080	1161750
103	U	9006866	1030085	30433
103	U	9006866	1030085	1166362
113	U	9006866	1030086	30434
113	U	9006866	1030086	1167596
84	U	9006866	1030087	30435
84	U	9006866	1030087	1164233
84	U	9006866	1030087	1164234
84	U	9006866	1030087	1164235
70	U	9006866	1030093	30441
70	U	9006866	1030093	1162808
124	U	9006866	1030097	30445
124	U	9006866	1030097	1168160
124	U	9006866	1030097	1168161
53	U	9006866	1030100	1161751
103	U	9006866	1030102	1166348
103	U	9006866	1030119	30467
103	U	9006866	1030119	1166371
103	U	9006866	1030119	1166372
103	U	9006866	1030119	1166373
103	U	9006866	1030119	1166374
53	U	9006866	1030125	30473
53	U	9006866	1030125	1161753
53	U	9006866	1030127	30475
53	U	9006866	1030127	1161755
124	U	9006866	1030129	350838
124	U	9006866	1030129	1168169
173	U	9006866	1030132	30480
173	U	9006866	1030132	1171368
173	U	9006866	1030132	1171369
148	U	9006866	1030133	30481
148	U	9006866	1030133	1169512
103	U	9006866	1030135	30483
103	U	9006866	1030135	1166376
120	U	9006866	1030136	30484
120	U	9006866	1030136	1167862
113	U	9006866	1030160	30508
113	U	9006866	1030160	1167605
148	U	9006866	1030165	30513
148	U	9006866	1030165	1169514
114	U	9006866	1030168	30516
114	U	9006866	1030168	1167609
44	U	9006866	1030178	1161536
126	U	9006866	1030183	30531
126	U	9006866	1030183	1168360
100	U	9006866	1030188	1165734
174	U	9006866	1030196	1171656
84	U	9006866	1030198	30546
84	U	9006866	1030198	1164278
84	U	9006866	1030198	1164279
84	U	9006866	1030198	1164280
84	U	9006866	1030198	1164281
104	U	9006866	1030201	30549
104	U	9006866	1030201	1166383
104	U	9006866	1030201	1166384
114	U	9006866	1030209	30557
114	U	9006866	1030209	1167615
53	U	9006866	1030211	30559
53	U	9006866	1030211	1161756
53	U	9006866	1030211	1161757
162	U	9006866	1030223	30571
162	U	9006866	1030223	1170228
149	U	9006866	1030230	1169535
53	U	9006866	1030235	1161759
38	U	9006866	1030236	30584
44	U	9006866	1030236	1161537
95	U	9006866	1030246	30594
95	U	9006866	1030246	1165210
149	U	9006866	1030250	30598
149	U	9006866	1030250	1169542
149	U	9006866	1030251	30599
149	U	9006866	1030251	1169543
124	U	9006866	1030263	1168191
70	U	9006866	1030264	1162848
70	U	9006866	1030264	1162849
124	U	9006866	1030266	30614
124	U	9006866	1030266	1168190
84	U	9006866	1030274	30622
84	U	9006866	1030274	1164299
84	U	9006866	1030274	1164300
37	U	9006866	1030277	30625
37	U	9006866	1030277	1161443
37	U	9006866	1030277	1161444
53	U	9006866	1030319	30667
53	U	9006866	1030319	1161762
95	U	9006866	1030320	1165218
173	U	9006866	1030322	30670
173	U	9006866	1030322	1171450
173	U	9006866	1030322	1171451
85	U	9006866	1030324	1164335
85	U	9006866	1030324	1164336
104	U	9006866	1030328	30676
104	U	9006866	1030328	1166459
85	U	9006866	1030334	30682
85	U	9006866	1030334	1164337
85	U	9006866	1030334	1164338
85	U	9006866	1030335	1164340
85	U	9006866	1030335	1164341
30	U	9006866	1030359	1161412
156	U	9006866	1030360	30708
156	U	9006866	1030360	1169847
156	U	9006866	1030360	1169848
60	U	9006866	1030361	30709
61	U	9006866	1030361	1161966
60	U	9006866	1030361	1161967
156	U	9006866	1030364	30712
156	U	9006866	1030364	1169850
44	U	9006866	1030371	30719
44	U	9006866	1030371	1161533
44	U	9006866	1030371	1161534
61	U	9006866	1030373	30721
61	U	9006866	1030373	1161968
61	U	9006866	1030373	1161969
53	U	9006866	1030375	1161765
104	U	9006866	1030381	30729
104	U	9006866	1030381	1166465
53	U	9006866	1030387	30735
53	U	9006866	1030387	1161766
156	U	9006866	1030388	1169854
104	U	9006866	1030401	30749
104	U	9006866	1030401	1166474
104	U	9006866	1030401	1166475
104	U	9006866	1030403	1166476
104	U	9006866	1030411	30759
104	U	9006866	1030411	1166477
104	U	9006866	1030411	1166478
137	U	9006866	1030415	30763
137	U	9006866	1030415	1169065
104	U	9006866	1030423	30771
104	U	9006866	1030423	1166481
104	U	9006866	1030423	1166482
154	U	9006866	1030428	30776
156	U	9006866	1030428	1169857
137	U	9006866	1030431	1169069
125	U	9006866	1030435	30783
125	U	9006866	1030435	1168214
132	U	9006866	1030456	30804
132	U	9006866	1030456	1168704
53	U	9006866	1030457	30805
53	U	9006866	1030457	1161767
104	U	9006866	1030467	1166511
104	U	9006866	1030474	1166512
174	U	9006866	1030476	30824
174	U	9006866	1030476	1171536
174	U	9006866	1030476	1171537
149	U	9006866	1030480	1169571
61	U	9006866	1030502	30850
60	U	9006866	1030502	1161972
149	U	9006866	1030504	30852
149	U	9006866	1030504	1169573
149	U	9006866	1030504	1169575
85	U	9006866	1030525	30873
85	U	9006866	1030525	1164421
85	U	9006866	1030525	1164422
49	U	9006866	1030526	30874
54	U	9006866	1030526	1161768
54	U	9006866	1030526	1161769
126	U	9006866	1030531	30879
126	U	9006866	1030531	1168365
138	U	9006866	1030532	30880
138	U	9006866	1030532	1169086
54	U	9006866	1030537	1161770
48	U	9006866	1030539	30887
48	U	9006866	1030539	1161653
48	U	9006866	1030539	1161654
174	U	9006866	1030544	1171565
174	U	9006866	1030544	1171566
174	U	9006866	1030544	1171567
174	U	9006866	1030550	30898
174	U	9006866	1030550	1171581
174	U	9006866	1030550	1171582
149	U	9006866	1030559	30907
149	U	9006866	1030559	1169586
156	U	9006866	1030569	1169864
126	U	9006866	1030581	30929
126	U	9006866	1030581	1168370
30	U	9006866	1030583	30931
30	U	9006866	1030583	1161413
30	U	9006866	1030583	1161414
54	U	9006866	1030584	30932
54	U	9006866	1030584	1161771
105	U	9006866	1030590	1166527
105	U	9006866	1030590	1166528
105	U	9006866	1030591	30939
105	U	9006866	1030591	1166529
138	U	9006866	1030592	30940
138	U	9006866	1030592	1169088
138	U	9006866	1030592	1169089
138	U	9006866	1030592	1169090
162	U	9006866	1030594	30942
162	U	9006866	1030594	1170335
162	U	9006866	1030594	1170336
125	U	9006866	1030598	30946
125	U	9006866	1030598	1168227
125	U	9006866	1030598	1168229
105	U	9006866	1030617	1166530
54	U	9006866	1030623	30971
54	U	9006866	1030623	1161772
649	U	9006866	1030626	1166950
105	U	9006866	1030627	30975
105	U	9006866	1030627	1166533
105	U	9006866	1030627	1166534
105	U	9006866	1030627	1166535
54	U	9006866	1030628	1161773
86	U	9006866	1030636	30984
86	U	9006866	1030636	1164465
174	U	9006866	1030642	30990
174	U	9006866	1030642	1171618
156	U	9006866	1030643	30991
156	U	9006866	1030643	1169869
149	U	9006866	1030658	31006
149	U	9006866	1030658	1169601
48	U	9006866	1030659	31007
48	U	9006866	1030659	1161657
141	U	9006866	1030663	31011
141	U	9006866	1030663	1169258
86	U	9006866	1030667	1164486
86	U	9006866	1030667	1164487
123	U	9006866	1030674	1168060
123	U	9006866	1030674	1168061
123	U	9006866	1030674	1168062
86	U	9006866	1030678	1164497
86	U	9006866	1030678	1164498
104	U	9006866	1030681	31029
104	U	9006866	1030681	1166432
104	U	9006866	1030681	1166433
104	U	9006866	1030681	1166434
149	U	9006866	1030693	1169602
156	U	9006866	1030714	1169873
96	U	9006866	1030716	31064
96	U	9006866	1030716	1165292
138	U	9006866	1030723	31071
138	U	9006866	1030723	1169091
105	U	9006866	1030724	1166560
105	U	9006866	1030724	1166561
138	U	9006866	1030730	31078
138	U	9006866	1030730	1169092
149	U	9006866	1030731	1169608
149	U	9006866	1030731	1169609
105	U	9006866	1030732	1166562
	U	2009007034	2100580	285256
	U	2009007034	2100831	285507
	U	2009007034	2101432	286108
	U	2009007034	2101620	286296
	U	2009007034	2102235	286911
	U	2009007034	2102468	287144
	U	2009007034	2102529	287205
	U	2009007034	2102609	287285
	U	2009007034	2102890	287566
	U	2009007034	2102930	287606
	U	2009007034	2102936	287612
	U	2009007034	2103043	287719
	U	2009007034	2103082	287758
	U	2009007034	2103234	287910
	U	2009007034	2103244	287920
	U	2009007034	2103395	288071
	U	2009007034	2103429	288105
	U	2009007034	2103593	288269
	U	2009007034	2103752	288428
	U	2009007034	2103886	288562
	U	2009007034	2103902	288578
	U	2009007034	2104064	288740
	U	2009007034	2104396	289072
	U	2009007034	2104881	289557
	U	2009007034	2105121	289797
	U	2009007034	2105539	290215
	U	2009007034	2105823	290499
	U	2009007034	2106027	290703
	U	2009007034	2106077	290753
	U	2009007034	2106168	290844
	U	2009007034	2106259	290935
	U	2009007034	2106618	291294
	U	2009007034	2106755	291431
	U	2009007034	2106823	291499
	U	2009007034	2107173	291849
	U	2009007034	2107191	291867
	U	2009007034	2107360	292036
	U	2009007034	2107945	292621
	U	2009007034	2107960	292636
	U	2009007034	2108144	292820
	U	2009007034	2108298	292974
	U	2009007034	2108416	293092
	U	2009007034	2108946	293622
	U	2009007034	2109469	294145
	U	2009007034	2109848	294524
	U	2009007034	2110038	294714
	U	2009007034	2110174	294850
	U	2009007034	2110474	295150
	U	2009007034	2110712	295388
	U	2009007034	2111073	295749
	U	2009007034	2111300	295976
	U	2009007034	2111391	296067
	U	2009007034	2111534	296210
	U	2009007034	2111683	296359
	U	2009007034	2111954	296630
	U	2009007034	2111996	296672
	U	2009007034	2112171	296847
	U	2009007034	2112438	297114
	U	2009007034	2112928	297604
	U	2009007034	2113220	297896
	U	2009007034	2113233	297909
	U	2009007034	2115475	300151
	U	2009007034	2115486	300162
	U	2009007034	2115691	300367
	U	2009007034	2115750	300426
	U	2009007034	2115829	300505
	U	2009007034	2115854	300530
	U	2009007034	2116080	300756
	U	2009007034	2116185	300861
	U	2009007034	2116195	300871
	U	2009007034	2116271	300947
	U	2009007034	2116451	301127
	U	2009007034	2116481	301157
	U	2009007034	2116486	301162
	U	2009007034	2116595	301271
	U	2009007034	2116619	301295
	U	2009007034	2116706	301382
	U	2009007034	2116766	301442
	U	2009007034	2117353	302029
	U	2009007034	2117490	302166
	U	2009007034	2117517	302193
	U	2009007034	2117540	302216
	U	2009007034	2117668	302344
	U	2009007034	2117703	302379
	U	2009007034	2117890	302566
	U	2009007034	2119273	303949
	U	2009007034	2119297	303973
	U	2009007034	2119332	304008
	U	2009007034	2119526	304202
	U	2009007034	2119698	304374
	U	2009007034	2119872	304548
	U	2009007034	2120314	304990
	U	2009007034	2120331	305007
	U	2009007034	2120359	305035
	U	2009007034	2120973	305649
	U	2009007034	2121049	305725
	U	2009007034	2121308	305984
	U	2009007034	2121550	306226
	U	2009007034	2121822	306498
	U	2009007034	2121937	306613
	U	2009007034	2122050	306726
	U	2009007034	2122157	306833
	U	2009007034	2122251	306927
	U	2009007034	2122493	307169
	U	2009007034	2122506	307182
	U	2009007034	2122543	307219
	U	2009007034	2122798	307474
	U	2009007034	2122847	307523
	U	2009007034	2122971	307647
	U	2009007034	7003355	312500
	U	2009007034	7003627	312562
	U	2009007034	7003672	312600
	U	2009007034	7003742	312631
	U	2009007034	1000810	312765
	U	2009007034	7003823	312774
	U	2009007034	7003825	312778
	U	2009007034	7000682	312821
	U	2009007034	7003955	312885
	U	2009007034	7004010	312905
	U	2009007034	7004077	312928
	U	2009007034	7004182	312953
	U	2009007034	7004299	312994
	U	2009007034	7004345	313084
	U	2009007034	7004352	313113
	U	2009007034	7004362	313148
	U	2009007034	7000845	313212
	U	2009007034	7004386	313234
	U	2009007034	7004388	313239
	U	2009007034	7000853	313314
	U	2009007034	7000817	313316
	U	2009007034	7000824	313320
	U	2009007034	7000833	313335
	U	2009007034	7000825	313341
	U	2009007034	1001170	313347
	U	2009007034	7004841	313385
	U	2009007034	7001031	313403
	U	2009007034	7016598	313466
	U	2009007034	1001768	313471
	U	2009007034	7005114	313494
	U	2009007034	7005194	313563
	U	2009007034	7005223	313601
	U	2009007034	1001847	313802
	U	2009007034	1001837	313803
	U	2009007034	7005415	313859
	U	2009007034	7005417	313864
	U	2009007034	7005418	313867
	U	2009007034	7005421	313873
	U	2009007034	7005466	313905
	U	2009007034	7005468	313907
	U	2009007034	7005584	314043
	U	2009007034	1001893	314046
	U	2009007034	7005591	314047
	U	2009007034	7005592	314048
	U	2009007034	7005593	314049
	U	2009007034	7005594	314050
	U	2009007034	1008910	314111
	U	2009007034	7005666	314120
	U	2009007034	7005701	314172
	U	2009007034	7005709	314182
	U	2009007034	7005730	314209
	U	2009007034	7002642	314267
	U	2009007034	7002640	314270
	U	2009007034	1000767	314276
	U	2009007034	1007728	314333
	U	2009007034	1009394	314338
	U	2009007034	1001093	314342
	U	2009007034	1000528	314355
	U	2009007034	1000653	314357
	U	2009007034	7006127	314400
	U	2009007034	1000600	314477
	U	2009007034	7006279	314590
	U	2009007034	7006425	314734
	U	2009007034	7006449	314786
	U	2009007034	7006488	314871
	U	2009007034	1000584	314872
	U	2009007034	7006489	314875
	U	2009007034	7006490	314880
	U	2009007034	7006495	314890
	U	2009007034	7006517	314928
	U	2009007034	7006557	314957
	U	2009007034	7006558	314959
	U	2009007034	7006568	314979
	U	2009007034	1000639	314989
	U	2009007034	7006604	315022
	U	2009007034	7006605	315024
	U	2009007034	7006613	315040
	U	2009007034	7006615	315044
	U	2009007034	7007092	315210
	U	2009007034	7007226	315271
	U	2009007034	7016644	315272
	U	2009007034	7007701	315424
	U	2009007034	7008284	315541
	U	2009007034	7008404	315569
	U	2009007034	1000336	315800
	U	2009007034	7002704	315807
	U	2009007034	1000392	315813
	U	2009007034	1000423	315815
	U	2009007034	7004126	315885
	U	2009007034	7009877	316003
	U	2009007034	2000007	316221
	U	2009007034	2000018	316232
	U	2009007034	2000020	316234
	U	2009007034	2000027	316241
	U	2009007034	2000030	316244
	U	2009007034	2000053	316267
	U	2009007034	2000058	316272
	U	2009007034	2000062	316276
	U	2009007034	2000086	316288
	U	2009007034	2000090	316292
	U	2009007034	2000092	316294
	U	2009007034	2000098	316300
	U	2009007034	2000101	316303
	U	2009007034	2000106	316308
	U	2009007034	2000111	316313
	U	2009007034	2000151	316353
	U	2009007034	2000152	316354
	U	2009007034	2000165	316367
	U	2009007034	2000171	316373
	U	2009007034	1002392	316390
	U	2009007034	1002748	316404
	U	2009007034	1002869	316417
	U	2009007034	1002901	316419
	U	2009007034	1003050	316427
	U	2009007034	2000187	316435
	U	2009007034	2000200	316448
	U	2009007034	2000201	316449
	U	2009007034	2000213	316461
	U	2009007034	2000215	316463
	U	2009007034	2000216	316464
	U	2009007034	2000218	316466
	U	2009007034	2000234	316482
	U	2009007034	2000251	316499
	U	2009007034	2000253	316501
	U	2009007034	1002712	316507
	U	2009007034	1002269	316517
	U	2009007034	1002466	316523
	U	2009007034	1002479	316526
	U	2009007034	1002500	316527
	U	2009007034	1002756	316536
	U	2009007034	2000256	316546
	U	2009007034	2000264	316554
	U	2009007034	2000270	316560
	U	2009007034	2000271	316561
	U	2009007034	2000274	316564
	U	2009007034	2000277	316567
	U	2009007034	2000283	316573
	U	2009007034	2000320	316610
	U	2009007034	2000321	316611
	U	2009007034	2000325	316615
	U	2009007034	2000328	316618
	U	2009007034	7013517	316624
	U	2009007034	2000337	316627
	U	2009007034	2000352	316642
	U	2009007034	2000353	316643
	U	2009007034	2000368	316658
	U	2009007034	2000374	316664
	U	2009007034	2000381	316671
	U	2009007034	2000382	316672
	U	2009007034	2000386	316676
	U	2009007034	2000399	316689
	U	2009007034	2000400	316690
	U	2009007034	2000401	316691
	U	2009007034	2000416	316706
	U	2009007034	7014543	316709
	U	2009007034	2000420	316710
	U	2009007034	2000439	316729
	U	2009007034	1002534	316743
	U	2009007034	7023902	316745
	U	2009007034	2000459	316753
	U	2009007034	2022621	207297
	U	2009007034	2022644	207320
	U	2009007034	2023444	208120
	U	2009007034	2023665	208341
	U	2009007034	2023676	208352
	U	2009007034	2023733	208409
	U	2009007034	2023851	208527
	U	2009007034	2024099	208775
	U	2009007034	2024123	208799
	U	2009007034	2024564	209240
	U	2009007034	2024617	209293
	U	2009007034	2024656	209332
	U	2009007034	2024854	209530
	U	2009007034	2024871	209547
	U	2009007034	2025117	209793
	U	2009007034	2025221	209897
	U	2009007034	2025275	209951
	U	2009007034	2025963	210639
	U	2009007034	2026019	210695
	U	2009007034	2026430	211106
	U	2009007034	2026638	211314
	U	2009007034	2026653	211329
	U	2009007034	2027151	211827
	U	2009007034	2027222	211898
	U	2009007034	2027338	212014
	U	2009007034	2027582	212258
	U	2009007034	2027960	212636
	U	2009007034	2028021	212697
	U	2009007034	2028180	212856
	U	2009007034	2028186	212862
	U	2009007034	2028210	212886
	U	2009007034	2028270	212946
	U	2009007034	2028453	213129
	U	2009007034	2028502	213178
	U	2009007034	2028620	213296
	U	2009007034	2028623	213299
	U	2009007034	2028638	213314
	U	2009007034	2028998	213674
	U	2009007034	2029124	213800
	U	2009007034	2029210	213886
	U	2009007034	2029317	213993
	U	2009007034	2029332	214008
	U	2009007034	2029363	214039
	U	2009007034	2029579	214255
	U	2009007034	2029763	214439
	U	2009007034	2029781	214457
	U	2009007034	2029942	214618
	U	2009007034	2030400	215076
	U	2009007034	2031080	215756
	U	2009007034	2031310	215986
	U	2009007034	2031472	216148
	U	2009007034	2031481	216157
	U	2009007034	2031566	216242
	U	2009007034	2031843	216519
	U	2009007034	2031922	216598
	U	2009007034	2032519	217195
	U	2009007034	2032638	217314
	U	2009007034	2033915	218591
	U	2009007034	2033984	218660
	U	2009007034	2034009	218685
	U	2009007034	2034266	218942
	U	2009007034	2035313	219989
	U	2009007034	2035399	220075
	U	2009007034	2035802	220478
	U	2009007034	2036546	221222
	U	2009007034	2036556	221232
	U	2009007034	2036666	221342
	U	2009007034	2036680	221356
	U	2009007034	2036807	221483
	U	2009007034	2037091	221767
	U	2009007034	2037130	221806
	U	2009007034	2038809	223485
	U	2009007034	2039048	223724
	U	2009007034	2039109	223785
	U	2009007034	2039214	223890
	U	2009007034	2039246	223922
	U	2009007034	2039331	224007
	U	2009007034	2039398	224074
	U	2009007034	2039765	224441
	U	2009007034	2039823	224499
	U	2009007034	2039994	224670
	U	2009007034	2040225	224901
	U	2009007034	2040236	224912
	U	2009007034	2040993	225669
	U	2009007034	2041268	225944
	U	2009007034	2042296	226972
	U	2009007034	2042666	227342
	U	2009007034	2042809	227485
	U	2009007034	2042952	227628
	U	2009007034	2042961	227637
	U	2009007034	2043169	227845
	U	2009007034	2043792	228468
	U	2009007034	2043902	228578
	U	2009007034	2044041	228717
	U	2009007034	2044145	228821
	U	2009007034	2044190	228866
	U	2009007034	2044798	229474
	U	2009007034	2045010	229686
	U	2009007034	2045093	229769
	U	2009007034	2045158	229834
	U	2009007034	2045337	230013
	U	2009007034	2045371	230047
	U	2009007034	2045675	230351
	U	2009007034	2045808	230484
	U	2009007034	2045926	230602
	U	2009007034	2045989	230665
	U	2009007034	2046055	230731
	U	2009007034	2046153	230829
	U	2009007034	2046421	231097
	U	2009007034	2046663	231339
	U	2009007034	2046812	231488
	U	2009007034	2046833	231509
	U	2009007034	2047044	231720
	U	2009007034	2047221	231897
	U	2009007034	2047523	232199
	U	2009007034	2047530	232206
	U	2009007034	2047537	232213
	U	2009007034	2047621	232297
	U	2009007034	2047652	232328
	U	2009007034	2047660	232336
	U	2009007034	2047973	232649
	U	2009007034	2048005	232681
	U	2009007034	2048116	232792
	U	2009007034	2048216	232892
	U	2009007034	2048400	233076
	U	2009007034	2048410	233086
	U	2009007034	2048466	233142
	U	2009007034	2048505	233181
	U	2009007034	2048914	233590
	U	2009007034	2049130	233806
	U	2009007034	2049252	233928
	U	2009007034	2049298	233974
	U	2009007034	2049521	234197
	U	2009007034	2049536	234212
	U	2009007034	2049677	234353
	U	2009007034	2049848	234524
	U	2009007034	2050053	234729
	U	2009007034	2050063	234739
	U	2009007034	2050067	234743
	U	2009007034	2050178	234854
	U	2009007034	2050206	234882
	U	2009007034	2050212	234888
	U	2009007034	2050283	234959
	U	2009007034	2050334	235010
	U	2009007034	2050397	235073
	U	2009007034	2050470	235146
	U	2009007034	2050477	235153
	U	2009007034	2050551	235227
	U	2009007034	2050678	235354
	U	2009007034	2050713	235389
	U	2009007034	2050744	235420
	U	2009007034	2050859	235535
	U	2009007034	2050929	235605
	U	2009007034	2051011	235687
	U	2009007034	2051235	235911
	U	2009007034	2051422	236098
	U	2009007034	2051658	236334
	U	2009007034	2051873	236549
	U	2009007034	2051884	236560
	U	2009007034	2052853	237529
	U	2009007034	2052951	237627
	U	2009007034	2052961	237637
	U	2009007034	2053013	237689
	U	2009007034	2053362	238038
	U	2009007034	2053436	238112
	U	2009007034	2053716	238392
	U	2009007034	2054195	238871
	U	2009007034	2054404	239080
	U	2009007034	2054649	239325
	U	2009007034	2054818	239494
	U	2009007034	2055293	239969
	U	2009007034	2055407	240083
	U	2009007034	2055476	240152
	U	2009007034	2055770	240446
	U	2009007034	2055788	240464
	U	2009007034	2056026	240702
	U	2009007034	2056584	241260
	U	2009007034	2057156	241832
	U	2009007034	2057593	242269
	U	2009007034	2057610	242286
	U	2009007034	2057915	242591
	U	2009007034	2058016	242692
	U	2009007034	2058302	242978
	U	2009007034	2058557	243233
	U	2009007034	2058759	243435
	U	2009007034	2058904	243580
	U	2009007034	2058953	243629
	U	2009007034	2059349	244025
	U	2009007034	2059720	244396
	U	2009007034	2059766	244442
	U	2009007034	2060088	244764
	U	2009007034	2060266	244942
	U	2009007034	2060355	245031
	U	2009007034	2060553	245229
	U	2009007034	2061368	246044
	U	2009007034	2061921	246597
	U	2009007034	2061951	246627
	U	2009007034	2062923	247599
	U	2009007034	2063201	247877
	U	2009007034	2063434	248110
	U	2009007034	2063549	248225
	U	2009007034	2063757	248433
	U	2009007034	2063839	248515
	U	2009007034	2064088	248764
	U	2009007034	2064158	248834
	U	2009007034	2064282	248958
	U	2009007034	2064399	249075
	U	2009007034	2064453	249129
	U	2009007034	2064535	249211
	U	2009007034	2064612	249288
	U	2009007034	2064689	249365
	U	2009007034	2064720	249396
	U	2009007034	2064758	249434
	U	2009007034	2064902	249578
	U	2009007034	2064982	249658
	U	2009007034	2065211	249887
	U	2009007034	2065373	250049
	U	2009007034	2065437	250113
	U	2009007034	2065648	250324
	U	2009007034	2065726	250402
	U	2009007034	7016194	250411
	U	2009007034	2065795	250471
	U	2009007034	2065858	250534
	U	2009007034	2065898	250574
	U	2009007034	2065932	250608
	U	2009007034	2066025	250701
	U	2009007034	2066078	250754
	U	2009007034	2066157	250833
	U	2009007034	2066320	250996
	U	2009007034	2066363	251039
	U	2009007034	2066498	251174
	U	2009007034	2066628	251304
	U	2009007034	2066706	251382
	U	2009007034	2066775	251451
	U	2009007034	2066939	251615
	U	2009007034	2066949	251625
	U	2009007034	2066979	251655
	U	2009007034	2067093	251769
	U	2009007034	2067119	251795
	U	2009007034	2067151	251827
	U	2009007034	2067421	252097
	U	2009007034	2067511	252187
	U	2009007034	2067632	252308
	U	2009007034	2067848	252524
	U	2009007034	2067881	252557
	U	2009007034	2067981	252657
	U	2009007034	2068171	252847
	U	2009007034	2068210	252886
	U	2009007034	2068280	252956
	U	2009007034	2068390	253066
	U	2009007034	2068670	253346
	U	2009007034	2068726	253402
	U	2009007034	2068741	253417
	U	2009007034	2068773	253449
	U	2009007034	2068839	253515
	U	2009007034	2068929	253605
	U	2009007034	2068951	253627
	U	2009007034	2069329	254005
	U	2009007034	2069423	254099
	U	2009007034	2069443	254119
	U	2009007034	2069466	254142
	U	2009007034	2069469	254145
	U	2009007034	2069484	254160
	U	2009007034	2069792	254468
	U	2009007034	2070037	254713
	U	2009007034	2070116	254792
	U	2009007034	2070161	254837
	U	2009007034	2070386	255062
	U	2009007034	2070464	255140
132	U	9006866	7027139	1168749
132	U	9006866	7027140	1168754
132	U	9006866	7027140	1168755
132	U	9006866	7027141	1168756
132	U	9006866	7027141	1168757
132	U	9006866	7027142	1168758
132	U	9006866	7027142	1168759
132	U	9006866	7027142	1168760
132	U	9006866	7027143	1168761
132	U	9006866	7027143	1168762
132	U	9006866	7027144	1168764
132	U	9006866	7027144	1168765
132	U	9006866	7027145	1168766
132	U	9006866	7027145	1168767
132	U	9006866	7027146	1168768
132	U	9006866	7027146	1168769
132	U	9006866	7027147	1168770
132	U	9006866	7027147	1168771
132	U	9006866	7027148	1168772
132	U	9006866	7027148	1168773
132	U	9006866	7027148	1168775
132	U	9006866	7027148	1168776
132	U	9006866	7027149	1168777
132	U	9006866	7027149	1168778
132	U	9006866	7027149	1168779
132	U	9006866	7027149	1168780
132	U	9006866	7027150	1168782
132	U	9006866	7027150	1168783
132	U	9006866	7027151	1168784
132	U	9006866	7027151	1168785
132	U	9006866	7027151	1168786
132	U	9006866	7027152	1168787
132	U	9006866	7027152	1168788
132	U	9006866	7027152	1168789
132	U	9006866	7027152	1168790
132	U	9006866	7027153	1168791
132	U	9006866	7027153	1168792
132	U	9006866	7027154	1168793
132	U	9006866	7027154	1168794
132	U	9006866	7027155	1168795
132	U	9006866	7027155	1168796
132	U	9006866	7027155	1168797
132	U	9006866	7027156	1168798
132	U	9006866	7027156	1168799
132	U	9006866	7027157	1168800
132	U	9006866	7027157	1168801
132	U	9006866	7027158	1168802
132	U	9006866	7027158	1168803
132	U	9006866	7027159	1168804
132	U	9006866	7027159	1168805
132	U	9006866	7027160	1168806
132	U	9006866	7027160	1168807
132	U	9006866	7027161	1168809
132	U	9006866	7027161	1168810
132	U	9006866	7027162	1168811
132	U	9006866	7027162	1168812
132	U	9006866	7027163	1168813
132	U	9006866	7027163	1168814
132	U	9006866	7027164	1168816
132	U	9006866	7027164	1168817
132	U	9006866	7027165	1168818
132	U	9006866	7027165	1168819
132	U	9006866	7027166	1168820
132	U	9006866	7027167	1168822
132	U	9006866	7027167	1168823
132	U	9006866	7027168	1168824
132	U	9006866	7027168	1168825
132	U	9006866	7027168	1168826
132	U	9006866	7027169	1168827
132	U	9006866	7027169	1168828
132	U	9006866	7027170	1168831
132	U	9006866	7027170	1168832
132	U	9006866	7027171	1168833
132	U	9006866	7027171	1168834
132	U	9006866	7027172	1168835
132	U	9006866	7027172	1168836
132	U	9006866	7027173	1168837
132	U	9006866	7027173	1168838
132	U	9006866	7027173	1168839
132	U	9006866	7027174	1168840
132	U	9006866	7027174	1168841
132	U	9006866	7027175	1168842
132	U	9006866	7027175	1168843
132	U	9006866	7027176	1168844
132	U	9006866	7027176	1168846
132	U	9006866	7027177	1168847
132	U	9006866	7027177	1168848
132	U	9006866	7027177	1168849
132	U	9006866	7027178	1168850
132	U	9006866	7027178	1168851
132	U	9006866	7027179	1168852
132	U	9006866	7027179	1168853
132	U	9006866	7027179	1168854
132	U	9006866	7027180	1168855
132	U	9006866	7027180	1168856
132	U	9006866	7027180	1168857
132	U	9006866	7027180	1168858
132	U	9006866	7027180	1168859
132	U	9006866	7027181	1168860
132	U	9006866	7027181	1168861
132	U	9006866	7027182	1168864
132	U	9006866	7027182	1168865
132	U	9006866	7027183	1168866
132	U	9006866	7027183	1168867
132	U	9006866	7027184	1168868
132	U	9006866	7027184	1168869
132	U	9006866	7027185	1168870
132	U	9006866	7027185	1168871
132	U	9006866	7027186	1168873
132	U	9006866	7027186	1168874
132	U	9006866	7027187	1168875
132	U	9006866	7027187	1168876
132	U	9006866	7027187	1168877
136	U	9006866	7027190	1168887
136	U	9006866	7027190	1168888
136	U	9006866	7027192	1168892
136	U	9006866	7027192	1168893
136	U	9006866	7027193	1168896
136	U	9006866	7027193	1168897
136	U	9006866	7027193	1168899
136	U	9006866	7027194	1168900
136	U	9006866	7027194	1168901
135	U	9006866	7027195	1168904
136	U	9006866	7027195	1168905
136	U	9006866	7027195	1168906
136	U	9006866	7027196	1168907
136	U	9006866	7027196	1168908
136	U	9006866	7027197	1168909
136	U	9006866	7027197	1168910
136	U	9006866	7027198	1168917
136	U	9006866	7027198	1168918
136	U	9006866	7027198	1168919
136	U	9006866	7027199	1168920
136	U	9006866	7027199	1168921
136	U	9006866	7027200	1168923
136	U	9006866	7027200	1168924
136	U	9006866	7027201	1168925
136	U	9006866	7027201	1168926
136	U	9006866	7027201	1168938
136	U	9006866	7027202	1168927
136	U	9006866	7027202	1168928
136	U	9006866	7027203	1168932
136	U	9006866	7027203	1168933
136	U	9006866	7027204	1168934
136	U	9006866	7027204	1168935
136	U	9006866	7027204	1168936
136	U	9006866	7027204	1168937
136	U	9006866	7027206	1168941
136	U	9006866	7027206	1168942
136	U	9006866	7027207	1168948
136	U	9006866	7027207	1168949
136	U	9006866	7027208	1168950
136	U	9006866	7027208	1168951
136	U	9006866	7027210	1168952
136	U	9006866	7027210	1168953
137	U	9006866	7027211	1168956
137	U	9006866	7027211	1168957
137	U	9006866	7027212	1168958
137	U	9006866	7027213	1168960
137	U	9006866	7027213	1168961
137	U	9006866	7027214	1168962
137	U	9006866	7027214	1168963
137	U	9006866	7027215	1168964
137	U	9006866	7027215	1168965
137	U	9006866	7027216	1168966
137	U	9006866	7027216	1168967
137	U	9006866	7027217	1168968
137	U	9006866	7027217	1168969
137	U	9006866	7027218	1168970
137	U	9006866	7027218	1168971
137	U	9006866	7027219	1168972
137	U	9006866	7027219	1168973
137	U	9006866	7027220	1168975
137	U	9006866	7027220	1168976
137	U	9006866	7027221	1168977
137	U	9006866	7027221	1168978
137	U	9006866	7027222	1168980
137	U	9006866	7027222	1168981
137	U	9006866	7027223	1168982
137	U	9006866	7027223	1168983
137	U	9006866	7027224	1168991
137	U	9006866	7027224	1168992
137	U	9006866	7027224	1168993
137	U	9006866	7027225	1168994
137	U	9006866	7027225	1168995
137	U	9006866	7027225	1168996
137	U	9006866	7027225	1168997
137	U	9006866	7027226	1169003
137	U	9006866	7027226	1169004
137	U	9006866	7027226	1169005
137	U	9006866	7027227	1169006
137	U	9006866	7027227	1169007
137	U	9006866	7027227	1169008
137	U	9006866	7027228	1169009
137	U	9006866	7027228	1169010
137	U	9006866	7027229	1169011
137	U	9006866	7027229	1169012
137	U	9006866	7027230	1169014
137	U	9006866	7027230	1169015
137	U	9006866	7027231	1169018
137	U	9006866	7027231	1169019
137	U	9006866	7027232	1169021
137	U	9006866	7027232	1169022
137	U	9006866	7027232	1169023
137	U	9006866	7027233	1169024
137	U	9006866	7027233	1169025
137	U	9006866	7027233	1169026
137	U	9006866	7027234	1169028
137	U	9006866	7027234	1169029
137	U	9006866	7027235	1169030
137	U	9006866	7027235	1169031
137	U	9006866	7027236	1169032
137	U	9006866	7027236	1169033
137	U	9006866	7027237	1169034
137	U	9006866	7027237	1169035
137	U	9006866	7027238	1169036
137	U	9006866	7027238	1169037
137	U	9006866	7027239	1169038
137	U	9006866	7027239	1169039
137	U	9006866	7027239	1169040
137	U	9006866	7027240	1169041
137	U	9006866	7027240	1169042
137	U	9006866	7027240	1169043
137	U	9006866	7027241	1169044
137	U	9006866	7027241	1169045
137	U	9006866	7027242	1169047
137	U	9006866	7027242	1169048
137	U	9006866	7027243	1169050
137	U	9006866	7027243	1169051
137	U	9006866	7027244	1169053
137	U	9006866	7027244	1169054
137	U	9006866	7027245	1169055
137	U	9006866	7027245	1169056
137	U	9006866	7027246	1169057
137	U	9006866	7027246	1169058
137	U	9006866	7027247	1169059
137	U	9006866	7027247	1169060
137	U	9006866	7027248	1169061
137	U	9006866	7027248	1169062
137	U	9006866	7027249	1169063
137	U	9006866	7027249	1169064
137	U	9006866	7027250	1169066
87	U	9006866	7025774	1164635
87	U	9006866	7025774	1164636
87	U	9006866	7025775	1164638
87	U	9006866	7025775	1164639
88	U	9006866	7025776	1164641
88	U	9006866	7025776	1164642
88	U	9006866	7025776	1164643
88	U	9006866	7025777	1164644
88	U	9006866	7025777	1164645
88	U	9006866	7025777	1164646
88	U	9006866	7025778	1164647
88	U	9006866	7025778	1164648
88	U	9006866	7025778	1164649
88	U	9006866	7025779	1164650
88	U	9006866	7025779	1164651
88	U	9006866	7025779	1164652
88	U	9006866	7025779	1164653
88	U	9006866	7025780	1164654
88	U	9006866	7025780	1164655
88	U	9006866	7025780	1164656
88	U	9006866	7025781	1164657
88	U	9006866	7025781	1164658
88	U	9006866	7025781	1164659
88	U	9006866	7025781	1164660
88	U	9006866	7025782	1164661
88	U	9006866	7025782	1164662
88	U	9006866	7025782	1164663
88	U	9006866	7025783	1164664
88	U	9006866	7025783	1164665
88	U	9006866	7025783	1164666
88	U	9006866	7025784	1164667
88	U	9006866	7025784	1164668
88	U	9006866	7025784	1164669
88	U	9006866	7025784	1164670
88	U	9006866	7025785	1164671
88	U	9006866	7025785	1164672
88	U	9006866	7025785	1164673
88	U	9006866	7025786	1164674
88	U	9006866	7025786	1164675
88	U	9006866	7025787	1164677
88	U	9006866	7025787	1164678
88	U	9006866	7025788	1164679
88	U	9006866	7025788	1164680
88	U	9006866	7025788	1164681
88	U	9006866	7025788	1164682
88	U	9006866	7025788	1164683
88	U	9006866	7025788	1164684
88	U	9006866	7025788	1164685
88	U	9006866	7025788	1164686
88	U	9006866	7025788	1164687
88	U	9006866	7025788	1164688
88	U	9006866	7025789	1164689
88	U	9006866	7025789	1164690
88	U	9006866	7025789	1164691
88	U	9006866	7025789	1164692
88	U	9006866	7025789	1164693
88	U	9006866	7025789	1164694
88	U	9006866	7025790	1164695
88	U	9006866	7025790	1164696
88	U	9006866	7025790	1164697
88	U	9006866	7025791	1164698
88	U	9006866	7025791	1164699
88	U	9006866	7025791	1164700
88	U	9006866	7025792	1164701
88	U	9006866	7025792	1164702
88	U	9006866	7025793	1164704
88	U	9006866	7025793	1164705
88	U	9006866	7025793	1164706
88	U	9006866	7025794	1164707
88	U	9006866	7025794	1164708
88	U	9006866	7025794	1164709
88	U	9006866	7025795	1164711
88	U	9006866	7025795	1164712
88	U	9006866	7025796	1164713
88	U	9006866	7025796	1164714
88	U	9006866	7025797	1164716
88	U	9006866	7025797	1164717
88	U	9006866	7025797	1164718
88	U	9006866	7025798	1164719
88	U	9006866	7025798	1164720
88	U	9006866	7025798	1164721
88	U	9006866	7025799	1164722
88	U	9006866	7025799	1164723
88	U	9006866	7025799	1164724
88	U	9006866	7025800	1164725
88	U	9006866	7025800	1164726
88	U	9006866	7025801	1164728
88	U	9006866	7025801	1164729
88	U	9006866	7025801	1164730
88	U	9006866	7025802	1164733
88	U	9006866	7025802	1164734
88	U	9006866	7025802	1164735
88	U	9006866	7025803	1164736
88	U	9006866	7025803	1164737
88	U	9006866	7025803	1164738
88	U	9006866	7025804	1164739
88	U	9006866	7025804	1164741
88	U	9006866	7025804	1164742
88	U	9006866	7025805	1164746
88	U	9006866	7025805	1164747
88	U	9006866	7025806	1164750
88	U	9006866	7025806	1164751
88	U	9006866	7025806	1164752
88	U	9006866	7025807	1164754
88	U	9006866	7025807	1164755
88	U	9006866	7025807	1164756
88	U	9006866	7025808	1164758
88	U	9006866	7025808	1164759
88	U	9006866	7025808	1164760
88	U	9006866	7025809	1164761
88	U	9006866	7025809	1164763
88	U	9006866	7025810	1164764
88	U	9006866	7025810	1164765
88	U	9006866	7025811	1164766
88	U	9006866	7025811	1164767
88	U	9006866	7025811	1164768
88	U	9006866	7025812	1164771
88	U	9006866	7025812	1164772
88	U	9006866	7025812	1164773
88	U	9006866	7025812	1164774
88	U	9006866	7025812	1164775
88	U	9006866	7025813	1164778
88	U	9006866	7025813	1164779
88	U	9006866	7025813	1164780
82	U	9006866	7025814	1164782
82	U	9006866	7025814	1164783
82	U	9006866	7025814	1164784
80	U	9006866	7025815	1164785
80	U	9006866	7025815	1164786
80	U	9006866	7025815	1164787
80	U	9006866	7025816	1164788
80	U	9006866	7025816	1164789
82	U	9006866	7025817	1164791
82	U	9006866	7025817	1164792
84	U	9006866	7025818	1164794
84	U	9006866	7025818	1164795
84	U	9006866	7025818	1164796
84	U	9006866	7025819	1164797
84	U	9006866	7025819	1164798
84	U	9006866	7025819	1164799
93	U	9006866	7025820	1164800
93	U	9006866	7025820	1164801
93	U	9006866	7025820	1164802
93	U	9006866	7025821	1164803
93	U	9006866	7025821	1164804
93	U	9006866	7025821	1164805
93	U	9006866	7025821	1164806
93	U	9006866	7025821	1164807
93	U	9006866	7025822	1164808
93	U	9006866	7025822	1164809
93	U	9006866	7025822	1164810
93	U	9006866	7025823	1164811
93	U	9006866	7025823	1164812
93	U	9006866	7025831	1164854
93	U	9006866	7025831	1164855
93	U	9006866	7025832	1164857
93	U	9006866	7025832	1164858
93	U	9006866	7025832	1164859
93	U	9006866	7025833	1164860
93	U	9006866	7025833	1164861
93	U	9006866	7025833	1164862
93	U	9006866	7025834	1164863
93	U	9006866	7025834	1164864
93	U	9006866	7025835	1164866
93	U	9006866	7025835	1164867
93	U	9006866	7025835	1164868
93	U	9006866	7025836	1164872
93	U	9006866	7025836	1164873
93	U	9006866	7025837	1164875
93	U	9006866	7025837	1164876
93	U	9006866	7025837	1164877
93	U	9006866	7025837	1164878
93	U	9006866	7025837	1164879
93	U	9006866	7025837	1164880
93	U	9006866	7025838	1164881
93	U	9006866	7025838	1164882
93	U	9006866	7025838	1164883
93	U	9006866	7025839	1164884
93	U	9006866	7025839	1164885
93	U	9006866	7025839	1164886
93	U	9006866	7025839	1164887
93	U	9006866	7025840	1164888
93	U	9006866	7025840	1164889
93	U	9006866	7025841	1164891
93	U	9006866	7025841	1164892
93	U	9006866	7025842	1164894
93	U	9006866	7025842	1164895
93	U	9006866	7025843	1164897
93	U	9006866	7025843	1164898
93	U	9006866	7025845	1164901
93	U	9006866	7025845	1164902
93	U	9006866	7025846	1164904
93	U	9006866	7025846	1164905
93	U	9006866	7025847	1164906
93	U	9006866	7025847	1164907
93	U	9006866	7025847	1164908
93	U	9006866	7025848	1164911
93	U	9006866	7025848	1164912
93	U	9006866	7025849	1164915
93	U	9006866	7025849	1164916
93	U	9006866	7025850	1164918
93	U	9006866	7025850	1164919
93	U	9006866	7025851	1164921
93	U	9006866	7025851	1164922
93	U	9006866	7025852	1164924
93	U	9006866	7025852	1164925
93	U	9006866	7025853	1164926
93	U	9006866	7025853	1164927
93	U	9006866	7025853	1164928
93	U	9006866	7025854	1164929
93	U	9006866	7025854	1164930
93	U	9006866	7025855	1164932
93	U	9006866	7025855	1164933
93	U	9006866	7025856	1164935
93	U	9006866	7025856	1164936
93	U	9006866	7025856	1164937
93	U	9006866	7025857	1164938
93	U	9006866	7025857	1164939
93	U	9006866	7025858	1164941
93	U	9006866	7025858	1164942
93	U	9006866	7025860	1164947
93	U	9006866	7025860	1164948
93	U	9006866	7025860	1164949
93	U	9006866	7025860	1164950
93	U	9006866	7025861	1164951
93	U	9006866	7025861	1164952
93	U	9006866	7025861	1164953
93	U	9006866	7025862	1164956
93	U	9006866	7025862	1164957
93	U	9006866	7025862	1164958
93	U	9006866	7025863	1164959
93	U	9006866	7025863	1164960
93	U	9006866	7025864	1164962
93	U	9006866	7025864	1164963
93	U	9006866	7025865	1164966
93	U	9006866	7025865	1164967
93	U	9006866	7025865	1164968
93	U	9006866	7025866	1164969
93	U	9006866	7025866	1164970
93	U	9006866	7025867	1164972
93	U	9006866	7025867	1164973
93	U	9006866	7025867	1164974
93	U	9006866	7025868	1164975
93	U	9006866	7025868	1164976
93	U	9006866	7025868	1164977
93	U	9006866	7025869	1164978
93	U	9006866	7025869	1164979
93	U	9006866	7025869	1164980
93	U	9006866	7025869	1164981
93	U	9006866	7025870	1164982
156	U	9006866	7010603	1169835
52	U	9006866	7010627	1161700
51	U	9006866	7010630	30292
53	U	9006866	7010630	1161742
53	U	9006866	7010631	29658
53	U	9006866	7010631	1161722
53	U	9006866	7010632	29901
53	U	9006866	7010632	1161732
53	U	9006866	7010634	1161725
52	U	9006866	7010638	1161702
53	U	9006866	7010639	29636
53	U	9006866	7010639	1161721
53	U	9006866	7010640	30562
53	U	9006866	7010640	1161758
52	U	9006866	7010646	346695
52	U	9006866	7010646	1161701
54	U	9006866	7010647	31429
54	U	9006866	7010647	1161787
54	U	9006866	7010648	345752
54	U	9006866	7010648	1161777
54	U	9006866	7010648	1161778
49	U	9006866	7010652	30474
53	U	9006866	7010652	1161754
53	U	9006866	7010663	30464
53	U	9006866	7010663	1161752
69	U	9006866	7010684	29389
70	U	9006866	7010685	30363
70	U	9006866	7010685	1162786
68	U	9006866	7010689	28732
68	U	9006866	7010689	1162509
69	U	9006866	7010690	1162612
71	U	9006866	7010691	348187
71	U	9006866	7010691	1163047
172	U	9006866	7010723	30183
172	U	9006866	7010723	1171259
172	U	9006866	7010723	1171260
165	U	9006866	7010724	30248
172	U	9006866	7010724	1171293
172	U	9006866	7010724	1171294
171	U	9006866	7010725	29950
171	U	9006866	7010725	1171124
171	U	9006866	7010725	1171125
171	U	9006866	7010728	29854
171	U	9006866	7010728	1171087
168	U	9006866	7010737	28917
168	U	9006866	7010737	1170653
170	U	9006866	7010740	29610
170	U	9006866	7010740	1170927
170	U	9006866	7010740	1170928
170	U	9006866	7010740	1170929
170	U	9006866	7010741	29701
170	U	9006866	7010741	1170987
170	U	9006866	7010741	1170988
170	U	9006866	7010741	1170989
170	U	9006866	7010746	319583
170	U	9006866	7010746	1170946
173	U	9006866	7010749	319585
173	U	9006866	7010749	1171404
48	U	9006866	7010819	1161669
48	U	9006866	7010819	1161670
48	U	9006866	7010829	30316
48	U	9006866	7010829	1161643
48	U	9006866	7010829	1161644
141	U	9006866	7010830	30888
141	U	9006866	7010830	1169255
48	U	9006866	7010831	31519
48	U	9006866	7010831	1161671
47	U	9006866	7010852	176813
47	U	9006866	7010852	1161634
48	U	9006866	7010853	31364
48	U	9006866	7010853	1161664
47	U	9006866	7010857	1161612
47	U	9006866	7010857	1161613
47	U	9006866	7010860	29665
47	U	9006866	7010860	1161633
47	U	9006866	7010873	1161616
47	U	9006866	7010873	1161617
47	U	9006866	7010873	1161618
47	U	9006866	7010874	1161619
47	U	9006866	7010874	1161620
48	U	9006866	7010877	344973
48	U	9006866	7010877	1161660
140	U	9006866	7010885	28948
140	U	9006866	7010885	1169141
140	U	9006866	7010887	29023
140	U	9006866	7010887	1169147
141	U	9006866	7010888	29678
141	U	9006866	7010888	1169193
141	U	9006866	7010890	29986
141	U	9006866	7010890	1169213
141	U	9006866	7010890	1169214
161	U	9006866	7010948	30159
161	U	9006866	7010948	1170179
161	U	9006866	7010949	30246
161	U	9006866	7010949	1170188
161	U	9006866	7010949	1170189
162	U	9006866	7010952	30978
162	U	9006866	7010952	1170339
162	U	9006866	7010952	1170340
162	U	9006866	7010952	1170341
130	U	9006866	7011091	29875
130	U	9006866	7011096	29453
130	U	9006866	7011096	1168496
128	U	9006866	7011111	30151
128	U	9006866	7011111	1168575
129	U	9006866	7011115	176882
132	U	9006866	7011115	1168829
132	U	9006866	7011115	1168830
111	U	9006866	7011126	28879
111	U	9006866	7011126	1167192
112	U	9006866	7011127	1167339
113	U	9006866	7011128	29671
113	U	9006866	7011128	1167455
115	U	9006866	7011131	345524
115	U	9006866	7011131	1167751
115	U	9006866	7011131	1167752
115	U	9006866	7011131	1167753
115	U	9006866	7011144	31499
115	U	9006866	7011144	1167813
115	U	9006866	7011144	1167814
115	U	9006866	7011144	1167815
115	U	9006866	7011145	159954
115	U	9006866	7011145	1167826
115	U	9006866	7011145	1167827
111	U	9006866	7011148	28812
111	U	9006866	7011148	1167179
114	U	9006866	7011152	30624
114	U	9006866	7011152	1167635
115	U	9006866	7011153	31110
115	U	9006866	7011153	1167726
112	U	9006866	7011154	29186
112	U	9006866	7011154	1167332
109	U	9006866	7011155	29450
109	U	9006866	7011155	1167404
109	U	9006866	7011155	1167405
112	U	9006866	7011156	1167432
113	U	9006866	7011157	30149
113	U	9006866	7011157	1167545
109	U	9006866	7011159	31120
115	U	9006866	7011159	1167728
109	U	9006866	7011159	1167729
114	U	9006866	7011160	31017
114	U	9006866	7011160	1167710
112	U	9006866	7011192	29158
112	U	9006866	7011192	1167327
111	U	9006866	7011201	28637
111	U	9006866	7011201	1167128
115	U	9006866	7011206	345718
115	U	9006866	7011206	1167754
95	U	9006866	7011276	30927
95	U	9006866	7011276	1165263
95	U	9006866	7011277	30945
95	U	9006866	7011277	1165267
96	U	9006866	7011278	348107
96	U	9006866	7011278	1165433
96	U	9006866	7011278	1165434
95	U	9006866	7011283	1165232
93	U	9006866	7011284	347124
93	U	9006866	7011284	1165014
93	U	9006866	7011284	1165015
93	U	9006866	7011285	28600
93	U	9006866	7011285	1161825
93	U	9006866	7011285	1164781
93	U	9006866	7011287	1164944
94	U	9006866	7011288	30296
94	U	9006866	7011288	1165157
96	U	9006866	7011289	31348
96	U	9006866	7011289	1165414
94	U	9006866	7011290	31409
94	U	9006866	7011290	1165150
94	U	9006866	7011290	1165151
89	U	9006866	7011291	347648
89	U	9006866	7011291	1164869
94	U	9006866	7011292	30278
94	U	9006866	7011292	1165152
94	U	9006866	7011292	1165153
96	U	9006866	7011294	1165483
95	U	9006866	7011295	8865
95	U	9006866	7011295	1165228
86	U	9006866	7011303	30977
86	U	9006866	7011303	1164460
86	U	9006866	7011303	1164461
87	U	9006866	7011304	346237
87	U	9006866	7011304	1164609
87	U	9006866	7011304	1164610
87	U	9006866	7011304	1164611
87	U	9006866	7011304	1164612
85	U	9006866	7011307	30910
85	U	9006866	7011307	1164432
85	U	9006866	7011307	1164433
76	U	9006866	7011309	28754
76	U	9006866	7011309	1163219
76	U	9006866	7011309	1163220
76	U	9006866	7011309	1163221
76	U	9006866	7011309	1163222
81	U	9006866	7011310	29628
81	U	9006866	7011310	1163801
81	U	9006866	7011310	1163802
82	U	9006866	7011311	29942
82	U	9006866	7011311	1163976
82	U	9006866	7011311	1163977
84	U	9006866	7011312	30604
84	U	9006866	7011312	1164297
84	U	9006866	7011312	1164298
75	U	9006866	7011314	346169
75	U	9006866	7011314	1164605
80	U	9006866	7011315	29317
80	U	9006866	7011315	1163647
80	U	9006866	7011315	1163648
80	U	9006866	7011315	1163649
88	U	9006866	7011316	31543
88	U	9006866	7011316	1164743
88	U	9006866	7011316	1164744
73	U	9006866	7011322	30272
83	U	9006866	7011322	1164143
83	U	9006866	7011322	1164144
83	U	9006866	7011322	1164145
83	U	9006866	7011322	1164146
83	U	9006866	7011322	1164147
87	U	9006866	7011323	345380
87	U	9006866	7011323	1164572
87	U	9006866	7011323	1164573
84	U	9006866	7011325	30579
84	U	9006866	7011325	1164292
84	U	9006866	7011325	1164293
60	U	9006866	7011332	30621
60	U	9006866	7011332	1161963
60	U	9006866	7011332	1161964
60	U	9006866	7011334	30193
60	U	9006866	7011334	1161958
60	U	9006866	7011335	1161849
60	U	9006866	7011335	1161850
59	U	9006866	7011337	28886
59	U	9006866	7011337	1161823
123	U	9006866	7011376	1168014
125	U	9006866	7011378	159972
125	U	9006866	7011378	1168255
125	U	9006866	7011379	31467
125	U	9006866	7011379	1168295
125	U	9006866	7011385	1168246
125	U	9006866	7011385	1168247
122	U	9006866	7011390	1167903
123	U	9006866	7011391	1167982
123	U	9006866	7011392	29783
123	U	9006866	7011392	1168046
123	U	9006866	7011392	1168047
125	U	9006866	7011394	30803
125	U	9006866	7011394	325863
119	U	9006866	7011395	30918
44	U	9006866	7025121	1162471
44	U	9006866	7025121	1162472
44	U	9006866	7025122	1162473
44	U	9006866	7025122	1162474
44	U	9006866	7025123	1162475
44	U	9006866	7025123	1162476
44	U	9006866	7025123	1162477
44	U	9006866	7025124	1162478
44	U	9006866	7025124	1162479
44	U	9006866	7025125	1162480
44	U	9006866	7025125	1162481
68	U	9006866	7025126	1162482
68	U	9006866	7025126	1162483
68	U	9006866	7025128	1162486
68	U	9006866	7025128	1162487
68	U	9006866	7025129	1162489
68	U	9006866	7025129	1162490
68	U	9006866	7025129	1162493
68	U	9006866	7025130	1162491
68	U	9006866	7025130	1162492
68	U	9006866	7025131	1162495
68	U	9006866	7025131	1162497
68	U	9006866	7025131	1162498
68	U	9006866	7025132	1162499
68	U	9006866	7025132	1162500
68	U	9006866	7025133	1162501
68	U	9006866	7025133	1162502
68	U	9006866	7025134	1162503
68	U	9006866	7025134	1162504
68	U	9006866	7025135	1162507
68	U	9006866	7025135	1162508
68	U	9006866	7025136	1162511
68	U	9006866	7025136	1162512
68	U	9006866	7025137	1162513
68	U	9006866	7025137	1162514
68	U	9006866	7025138	1162515
68	U	9006866	7025138	1162516
68	U	9006866	7025139	1162517
68	U	9006866	7025139	1162518
68	U	9006866	7025139	1162519
68	U	9006866	7025139	1162520
68	U	9006866	7025140	1162522
68	U	9006866	7025140	1162523
68	U	9006866	7025141	1162524
68	U	9006866	7025141	1162525
68	U	9006866	7025142	1162526
68	U	9006866	7025142	1162527
68	U	9006866	7025142	1162528
68	U	9006866	7025143	1162529
68	U	9006866	7025143	1162530
68	U	9006866	7025144	1162531
68	U	9006866	7025144	1162532
68	U	9006866	7025145	1162534
68	U	9006866	7025145	1162535
68	U	9006866	7025146	1162536
68	U	9006866	7025146	1162537
68	U	9006866	7025146	1162538
68	U	9006866	7025147	1162539
68	U	9006866	7025147	1162540
68	U	9006866	7025148	1162541
68	U	9006866	7025148	1162542
68	U	9006866	7025149	1162543
68	U	9006866	7025149	1162544
68	U	9006866	7025150	1162545
68	U	9006866	7025150	1162546
68	U	9006866	7025151	1162547
68	U	9006866	7025151	1162548
68	U	9006866	7025152	1162549
68	U	9006866	7025152	1162550
68	U	9006866	7025153	1162551
68	U	9006866	7025153	1162552
68	U	9006866	7025153	1162553
68	U	9006866	7025154	1162554
68	U	9006866	7025154	1162555
68	U	9006866	7025155	1162556
68	U	9006866	7025155	1162557
68	U	9006866	7025156	1162561
68	U	9006866	7025156	1162562
68	U	9006866	7025157	1162564
68	U	9006866	7025157	1162565
68	U	9006866	7025158	1162566
68	U	9006866	7025158	1162567
68	U	9006866	7025159	1162568
68	U	9006866	7025159	1162569
68	U	9006866	7025159	1162570
68	U	9006866	7025160	1162571
68	U	9006866	7025160	1162572
68	U	9006866	7025161	1162573
68	U	9006866	7025161	1162574
68	U	9006866	7025162	1162576
68	U	9006866	7025162	1162577
68	U	9006866	7025163	1162579
68	U	9006866	7025163	1162581
68	U	9006866	7025164	1162585
68	U	9006866	7025164	1162586
68	U	9006866	7025165	1162589
68	U	9006866	7025165	1162590
68	U	9006866	7025166	1162591
68	U	9006866	7025166	1162592
68	U	9006866	7025167	1162594
68	U	9006866	7025167	1162595
68	U	9006866	7025168	1162597
68	U	9006866	7025168	1162598
68	U	9006866	7025169	1162599
68	U	9006866	7025169	1162600
68	U	9006866	7025169	1162601
68	U	9006866	7025170	1162602
68	U	9006866	7025170	1162604
68	U	9006866	7025170	1162605
69	U	9006866	7025171	1162606
69	U	9006866	7025171	1162607
69	U	9006866	7025172	1162608
69	U	9006866	7025172	1162609
69	U	9006866	7025173	1162610
69	U	9006866	7025173	1162611
69	U	9006866	7025174	1162613
69	U	9006866	7025174	1162614
69	U	9006866	7025175	1162615
69	U	9006866	7025175	1162616
69	U	9006866	7025176	1162617
69	U	9006866	7025176	1162618
69	U	9006866	7025176	1162619
69	U	9006866	7025177	1162620
69	U	9006866	7025177	1162621
69	U	9006866	7025178	1162622
69	U	9006866	7025178	1162623
69	U	9006866	7025179	1162624
69	U	9006866	7025179	1162625
69	U	9006866	7025180	1162627
69	U	9006866	7025180	1162628
69	U	9006866	7025180	1162629
69	U	9006866	7025181	1162631
69	U	9006866	7025181	1162632
69	U	9006866	7025182	1162634
69	U	9006866	7025182	1162635
69	U	9006866	7025183	1162637
69	U	9006866	7025183	1162638
69	U	9006866	7025184	1162639
69	U	9006866	7025184	1162640
69	U	9006866	7025184	1162641
69	U	9006866	7025185	1162642
69	U	9006866	7025185	1162643
69	U	9006866	7025186	1162644
69	U	9006866	7025186	1162645
69	U	9006866	7025187	1162646
69	U	9006866	7025187	1162647
69	U	9006866	7025188	1162648
69	U	9006866	7025188	1162649
69	U	9006866	7025189	1162650
69	U	9006866	7025189	1162651
69	U	9006866	7025190	1162653
69	U	9006866	7025190	1162654
69	U	9006866	7025191	1162655
69	U	9006866	7025191	1162656
69	U	9006866	7025192	1162657
69	U	9006866	7025192	1162658
69	U	9006866	7025193	1162659
69	U	9006866	7025193	1162660
69	U	9006866	7025194	1162661
69	U	9006866	7025194	1162662
69	U	9006866	7025195	1162663
69	U	9006866	7025195	1162664
69	U	9006866	7025196	1162665
69	U	9006866	7025196	1162666
69	U	9006866	7025197	1162668
69	U	9006866	7025197	1162669
69	U	9006866	7025198	1162671
69	U	9006866	7025198	1162672
69	U	9006866	7025198	1162673
69	U	9006866	7025199	1162674
69	U	9006866	7025199	1162675
69	U	9006866	7025199	1162676
69	U	9006866	7025200	1162677
69	U	9006866	7025200	1162678
69	U	9006866	7025200	1162679
69	U	9006866	7025201	1162680
69	U	9006866	7025201	1162681
69	U	9006866	7025201	1162682
69	U	9006866	7025202	1162683
69	U	9006866	7025202	1162684
69	U	9006866	7025203	1162685
69	U	9006866	7025203	1162686
69	U	9006866	7025204	1162687
69	U	9006866	7025204	1162688
69	U	9006866	7025204	1162689
69	U	9006866	7025205	1162690
69	U	9006866	7025205	1162691
69	U	9006866	7025206	1162692
69	U	9006866	7025206	1162693
69	U	9006866	7025207	1162694
69	U	9006866	7025207	1162695
69	U	9006866	7025208	1162697
69	U	9006866	7025208	1162698
69	U	9006866	7025208	1162699
69	U	9006866	7025209	1162701
69	U	9006866	7025209	1162702
69	U	9006866	7025211	1162704
69	U	9006866	7025211	1162705
69	U	9006866	7025212	1162706
69	U	9006866	7025212	1162707
69	U	9006866	7025213	1162708
69	U	9006866	7025213	1162709
69	U	9006866	7025213	1162710
69	U	9006866	7025214	1162711
69	U	9006866	7025214	1162712
69	U	9006866	7025215	1162713
69	U	9006866	7025215	1162714
69	U	9006866	7025216	1162715
69	U	9006866	7025216	1162716
69	U	9006866	7025217	1162717
69	U	9006866	7025217	1162718
69	U	9006866	7025218	1162719
69	U	9006866	7025218	1162720
69	U	9006866	7025219	1162721
69	U	9006866	7025219	1162722
69	U	9006866	7025220	1162723
69	U	9006866	7025220	1162724
69	U	9006866	7025220	1162725
69	U	9006866	7025221	1162726
69	U	9006866	7025221	1162727
69	U	9006866	7025221	1162728
69	U	9006866	7025222	1162729
69	U	9006866	7025222	1162730
69	U	9006866	7025223	1162731
69	U	9006866	7025223	1162732
69	U	9006866	7025224	1162734
69	U	9006866	7025224	1162735
69	U	9006866	7025225	1162737
69	U	9006866	7025225	1162738
69	U	9006866	7025226	1162740
69	U	9006866	7025226	1162741
69	U	9006866	7025227	1162743
69	U	9006866	7025227	1162744
69	U	9006866	7025228	1162745
69	U	9006866	7025228	1162746
69	U	9006866	7025229	1162747
69	U	9006866	7025229	1162748
69	U	9006866	7025230	1162749
69	U	9006866	7025230	1162750
69	U	9006866	7025231	1162751
69	U	9006866	7025231	1162752
69	U	9006866	7025232	1162753
69	U	9006866	7025232	1162754
69	U	9006866	7025233	1162755
69	U	9006866	7025233	1162756
69	U	9006866	7025234	1162757
69	U	9006866	7025234	1162758
69	U	9006866	7025235	1162759
69	U	9006866	7025235	1162760
70	U	9006866	7025237	1162763
	U	2009007034	2021075	205751
	U	2009007034	2021243	205919
	U	2009007034	2021337	206013
	U	2009007034	2021361	206037
	U	2009007034	2021370	206046
	U	2009007034	2021530	206206
	U	2009007034	2021758	206434
	U	2009007034	2021887	206563
	U	2009007034	2022569	207245
	U	2009007034	2022684	207360
	U	2009007034	2022728	207404
	U	2009007034	2023618	208294
	U	2009007034	2024035	208711
	U	2009007034	2024103	208779
	U	2009007034	2024126	208802
	U	2009007034	2024308	208984
	U	2009007034	2024718	209394
	U	2009007034	2024751	209427
	U	2009007034	2024867	209543
	U	2009007034	2024900	209576
	U	2009007034	2025046	209722
	U	2009007034	2025104	209780
	U	2009007034	2026008	210684
	U	2009007034	2026034	210710
	U	2009007034	2026200	210876
	U	2009007034	2026264	210940
	U	2009007034	2026531	211207
	U	2009007034	2026631	211307
	U	2009007034	2026832	211508
	U	2009007034	2027173	211849
	U	2009007034	2027608	212284
	U	2009007034	2027760	212436
	U	2009007034	2027783	212459
	U	2009007034	2027870	212546
	U	2009007034	2027932	212608
	U	2009007034	2028153	212829
	U	2009007034	2028236	212912
	U	2009007034	2028338	213014
	U	2009007034	2028347	213023
	U	2009007034	2028613	213289
	U	2009007034	2028631	213307
	U	2009007034	2029155	213831
	U	2009007034	2029347	214023
	U	2009007034	2029612	214288
	U	2009007034	2029640	214316
	U	2009007034	2029906	214582
	U	2009007034	2030082	214758
	U	2009007034	2030154	214830
	U	2009007034	2030166	214842
	U	2009007034	2030260	214936
	U	2009007034	2030376	215052
	U	2009007034	2030465	215141
	U	2009007034	2030598	215274
	U	2009007034	2030684	215360
	U	2009007034	2030773	215449
	U	2009007034	2030801	215477
	U	2009007034	2031282	215958
	U	2009007034	2031321	215997
	U	2009007034	2031491	216167
	U	2009007034	2031659	216335
	U	2009007034	2031668	216344
	U	2009007034	2031840	216516
	U	2009007034	2032197	216873
	U	2009007034	2032395	217071
	U	2009007034	2032658	217334
	U	2009007034	2033158	217834
	U	2009007034	2033347	218023
	U	2009007034	2033567	218243
	U	2009007034	2034138	218814
	U	2009007034	2034466	219142
	U	2009007034	2034528	219204
	U	2009007034	2035193	219869
	U	2009007034	2035208	219884
	U	2009007034	2035611	220287
	U	2009007034	2035660	220336
	U	2009007034	2036332	221008
	U	2009007034	2037765	222441
	U	2009007034	2038571	223247
	U	2009007034	2038654	223330
	U	2009007034	2038840	223516
	U	2009007034	2038915	223591
	U	2009007034	2039172	223848
	U	2009007034	2039257	223933
	U	2009007034	2039386	224062
	U	2009007034	2039414	224090
	U	2009007034	2039513	224189
	U	2009007034	2039847	224523
	U	2009007034	2040092	224768
	U	2009007034	2040287	224963
	U	2009007034	2040364	225040
	U	2009007034	2040497	225173
	U	2009007034	2040657	225333
	U	2009007034	2040774	225450
	U	2009007034	2040834	225510
	U	2009007034	2040952	225628
	U	2009007034	2041225	225901
	U	2009007034	2041913	226589
	U	2009007034	2042197	226873
	U	2009007034	2043190	227866
	U	2009007034	2043426	228102
	U	2009007034	2043695	228371
	U	2009007034	2043758	228434
	U	2009007034	2043863	228539
	U	2009007034	2043965	228641
	U	2009007034	2044284	228960
	U	2009007034	2044612	229288
	U	2009007034	2044827	229503
	U	2009007034	2044876	229552
	U	2009007034	2045030	229706
	U	2009007034	2045413	230089
	U	2009007034	2045771	230447
	U	2009007034	2046278	230954
	U	2009007034	2046443	231119
	U	2009007034	2046569	231245
	U	2009007034	2046968	231644
	U	2009007034	2046978	231654
	U	2009007034	2047069	231745
	U	2009007034	2047098	231774
	U	2009007034	2047163	231839
	U	2009007034	2047259	231935
	U	2009007034	2047343	232019
	U	2009007034	2047945	232621
	U	2009007034	2047963	232639
	U	2009007034	2048281	232957
	U	2009007034	2048337	233013
	U	2009007034	2048415	233091
	U	2009007034	2048476	233152
	U	2009007034	2048498	233174
	U	2009007034	2049080	233756
	U	2009007034	2049139	233815
	U	2009007034	2049423	234099
	U	2009007034	2049430	234106
	U	2009007034	2049567	234243
	U	2009007034	2049649	234325
	U	2009007034	2049725	234401
	U	2009007034	2049800	234476
	U	2009007034	2049982	234658
	U	2009007034	2050030	234706
	U	2009007034	2050047	234723
	U	2009007034	2050234	234910
	U	2009007034	2050247	234923
	U	2009007034	2050406	235082
	U	2009007034	2050419	235095
	U	2009007034	2050447	235123
	U	2009007034	2050541	235217
	U	2009007034	2050644	235320
	U	2009007034	2050736	235412
	U	2009007034	2050796	235472
	U	2009007034	2050827	235503
	U	2009007034	2051098	235774
	U	2009007034	2051335	236011
	U	2009007034	2051626	236302
	U	2009007034	2051814	236490
	U	2009007034	2052122	236798
	U	2009007034	2052135	236811
	U	2009007034	2052152	236828
	U	2009007034	2052414	237090
	U	2009007034	2052501	237177
	U	2009007034	2052629	237305
	U	2009007034	2052759	237435
	U	2009007034	2052954	237630
	U	2009007034	2053173	237849
	U	2009007034	2053293	237969
	U	2009007034	2053522	238198
	U	2009007034	2053668	238344
	U	2009007034	2053681	238357
	U	2009007034	2054210	238886
	U	2009007034	2054246	238922
	U	2009007034	2054282	238958
	U	2009007034	2054319	238995
	U	2009007034	2054330	239006
	U	2009007034	2054346	239022
	U	2009007034	2054592	239268
	U	2009007034	2054644	239320
	U	2009007034	2054716	239392
	U	2009007034	2055370	240046
	U	2009007034	2055752	240428
	U	2009007034	2056163	240839
	U	2009007034	2056377	241053
	U	2009007034	2057066	241742
	U	2009007034	2057220	241896
	U	2009007034	2057360	242036
	U	2009007034	2057842	242518
	U	2009007034	2058471	243147
	U	2009007034	2059656	244332
	U	2009007034	2060009	244685
	U	2009007034	2060123	244799
	U	2009007034	2060349	245025
	U	2009007034	2060402	245078
	U	2009007034	2060493	245169
	U	2009007034	2060762	245438
	U	2009007034	2061079	245755
	U	2009007034	2061099	245775
	U	2009007034	2061187	245863
	U	2009007034	2061398	246074
	U	2009007034	2061940	246616
	U	2009007034	2063302	247978
	U	2009007034	2063315	247991
	U	2009007034	2063359	248035
	U	2009007034	2063417	248093
	U	2009007034	2063726	248402
	U	2009007034	2063773	248449
	U	2009007034	2063944	248620
	U	2009007034	2064035	248711
	U	2009007034	2064103	248779
	U	2009007034	2064126	248802
	U	2009007034	2064293	248969
	U	2009007034	2064311	248987
	U	2009007034	2064317	248993
	U	2009007034	2064532	249208
	U	2009007034	2064603	249279
	U	2009007034	2064871	249547
	U	2009007034	2064938	249614
	U	2009007034	2064944	249620
	U	2009007034	2064948	249624
	U	2009007034	2064987	249663
	U	2009007034	2065171	249847
	U	2009007034	2065240	249916
	U	2009007034	2065360	250036
	U	2009007034	2065406	250082
	U	2009007034	2065427	250103
	U	2009007034	2065434	250110
	U	2009007034	2065698	250374
	U	2009007034	2065744	250420
	U	2009007034	2065777	250453
	U	2009007034	2065999	250675
	U	2009007034	2066014	250690
	U	2009007034	2066353	251029
	U	2009007034	2066477	251153
	U	2009007034	2066502	251178
	U	2009007034	2066521	251197
	U	2009007034	2066885	251561
	U	2009007034	2066983	251659
	U	2009007034	2067351	252027
	U	2009007034	2067729	252405
	U	2009007034	2067962	252638
	U	2009007034	2068155	252831
	U	2009007034	2068309	252985
	U	2009007034	2068492	253168
	U	2009007034	2068970	253646
	U	2009007034	2069075	253751
	U	2009007034	2069134	253810
	U	2009007034	2069698	254374
	U	2009007034	2069861	254537
	U	2009007034	2070346	255022
	U	2009007034	2070450	255126
	U	2009007034	2070458	255134
	U	2009007034	2070665	255341
	U	2009007034	2070704	255380
	U	2009007034	2070737	255413
	U	2009007034	2070775	255451
	U	2009007034	2071356	256032
	U	2009007034	2071605	256281
	U	2009007034	2072092	256768
	U	2009007034	2072151	256827
	U	2009007034	2072645	257321
	U	2009007034	2073131	257807
	U	2009007034	2073667	258343
	U	2009007034	2073769	258445
	U	2009007034	2073940	258616
	U	2009007034	2074371	259047
	U	2009007034	2074467	259143
	U	2009007034	2074738	259414
	U	2009007034	2074782	259458
	U	2009007034	2075051	259727
	U	2009007034	2075302	259978
	U	2009007034	2075468	260144
	U	2009007034	2076018	260694
	U	2009007034	2077054	261730
161	U	9006866	7027613	1170186
161	U	9006866	7027613	1170187
161	U	9006866	7027614	1170190
161	U	9006866	7027614	1170191
161	U	9006866	7027614	1170192
161	U	9006866	7027614	1170193
162	U	9006866	7027615	1170201
162	U	9006866	7027615	1170202
162	U	9006866	7027615	1170203
162	U	9006866	7027616	1170205
162	U	9006866	7027616	1170206
162	U	9006866	7027616	1170207
162	U	9006866	7027616	1170210
162	U	9006866	7027617	1170211
162	U	9006866	7027617	1170212
162	U	9006866	7027618	1170214
162	U	9006866	7027618	1170215
162	U	9006866	7027619	1170216
162	U	9006866	7027619	1170217
162	U	9006866	7027620	1170218
162	U	9006866	7027620	1170219
162	U	9006866	7027621	1170220
162	U	9006866	7027621	1170221
162	U	9006866	7027621	1170222
162	U	9006866	7027622	1170223
162	U	9006866	7027622	1170224
162	U	9006866	7027623	1170225
162	U	9006866	7027623	1170226
162	U	9006866	7027623	1170227
162	U	9006866	7027624	1170229
162	U	9006866	7027624	1170230
162	U	9006866	7027625	1170231
162	U	9006866	7027625	1170232
162	U	9006866	7027626	1170233
162	U	9006866	7027626	1170234
162	U	9006866	7027627	1170236
162	U	9006866	7027627	1170237
162	U	9006866	7027628	1170238
162	U	9006866	7027628	1170239
162	U	9006866	7027629	1170240
162	U	9006866	7027629	1170241
162	U	9006866	7027630	1170242
162	U	9006866	7027630	1170243
162	U	9006866	7027631	1170244
162	U	9006866	7027631	1170245
162	U	9006866	7027632	1170246
162	U	9006866	7027632	1170247
162	U	9006866	7027633	1170248
162	U	9006866	7027633	1170249
162	U	9006866	7027634	1170263
162	U	9006866	7027634	1170264
162	U	9006866	7027635	1170265
162	U	9006866	7027635	1170266
162	U	9006866	7027636	1170267
162	U	9006866	7027636	1170268
162	U	9006866	7027637	1170269
162	U	9006866	7027637	1170270
162	U	9006866	7027637	1170271
162	U	9006866	7027638	1170272
162	U	9006866	7027638	1170273
162	U	9006866	7027639	1170274
162	U	9006866	7027639	1170275
162	U	9006866	7027640	1170276
162	U	9006866	7027640	1170277
162	U	9006866	7027640	1170278
162	U	9006866	7027641	1170279
162	U	9006866	7027641	1170280
162	U	9006866	7027642	1170281
162	U	9006866	7027642	1170282
162	U	9006866	7027642	1170283
162	U	9006866	7027643	1170284
162	U	9006866	7027643	1170285
162	U	9006866	7027644	1170286
162	U	9006866	7027644	1170287
162	U	9006866	7027645	1170288
162	U	9006866	7027645	1170289
162	U	9006866	7027646	1170290
162	U	9006866	7027646	1170291
162	U	9006866	7027647	1170292
162	U	9006866	7027647	1170293
162	U	9006866	7027647	1170294
162	U	9006866	7027648	1170295
162	U	9006866	7027648	1170296
162	U	9006866	7027649	1170297
162	U	9006866	7027649	1170298
162	U	9006866	7027649	1170299
162	U	9006866	7027650	1170300
162	U	9006866	7027650	1170301
162	U	9006866	7027651	1170303
162	U	9006866	7027651	1170304
162	U	9006866	7027651	1170305
162	U	9006866	7027652	1170306
162	U	9006866	7027652	1170307
162	U	9006866	7027653	1170308
162	U	9006866	7027653	1170309
162	U	9006866	7027654	1170310
162	U	9006866	7027654	1170311
162	U	9006866	7027655	1170312
162	U	9006866	7027655	1170313
162	U	9006866	7027656	1170314
162	U	9006866	7027656	1170315
162	U	9006866	7027657	1170316
162	U	9006866	7027657	1170317
162	U	9006866	7027657	1170318
162	U	9006866	7027658	1170319
162	U	9006866	7027658	1170320
162	U	9006866	7027658	1170321
162	U	9006866	7027659	1170322
162	U	9006866	7027659	1170323
162	U	9006866	7027660	1170325
162	U	9006866	7027660	1170326
162	U	9006866	7027660	1170327
162	U	9006866	7027660	1170328
162	U	9006866	7027661	1170329
162	U	9006866	7027661	1170330
162	U	9006866	7027662	1170331
162	U	9006866	7027662	1170332
162	U	9006866	7027663	1170333
162	U	9006866	7027663	1170334
162	U	9006866	7027664	1170337
162	U	9006866	7027664	1170338
162	U	9006866	7027665	1170342
162	U	9006866	7027665	1170343
162	U	9006866	7027666	1170344
162	U	9006866	7027666	1170345
162	U	9006866	7027666	1170346
163	U	9006866	7027667	1170348
163	U	9006866	7027667	1170349
163	U	9006866	7027667	1170350
163	U	9006866	7027667	1170351
163	U	9006866	7027668	1170352
163	U	9006866	7027668	1170353
163	U	9006866	7027669	1170356
163	U	9006866	7027669	1170357
163	U	9006866	7027670	1170358
163	U	9006866	7027670	1170359
163	U	9006866	7027670	1170360
163	U	9006866	7027670	1170361
163	U	9006866	7027670	1170362
163	U	9006866	7027671	1170364
163	U	9006866	7027671	1170365
163	U	9006866	7027671	1170366
163	U	9006866	7027672	1170367
163	U	9006866	7027672	1170368
163	U	9006866	7027673	1170370
163	U	9006866	7027673	1170371
163	U	9006866	7027674	1170372
163	U	9006866	7027674	1170373
163	U	9006866	7027675	1170374
163	U	9006866	7027675	1170375
163	U	9006866	7027676	1170376
163	U	9006866	7027676	1170378
163	U	9006866	7027676	1170379
163	U	9006866	7027677	1170385
163	U	9006866	7027677	1170386
163	U	9006866	7027678	1170387
163	U	9006866	7027678	1170388
163	U	9006866	7027679	1170389
163	U	9006866	7027679	1170390
163	U	9006866	7027680	1170391
163	U	9006866	7027680	1170392
163	U	9006866	7027680	1170393
163	U	9006866	7027681	1170394
163	U	9006866	7027681	1170395
163	U	9006866	7027682	1170396
163	U	9006866	7027682	1170397
163	U	9006866	7027682	1170398
163	U	9006866	7027683	1170399
163	U	9006866	7027683	1170400
163	U	9006866	7027684	1170401
163	U	9006866	7027684	1170402
163	U	9006866	7027685	1170403
163	U	9006866	7027685	1170404
163	U	9006866	7027686	1170405
163	U	9006866	7027686	1170406
163	U	9006866	7027686	1170407
163	U	9006866	7027686	1170408
163	U	9006866	7027687	1170410
163	U	9006866	7027687	1170411
163	U	9006866	7027687	1170412
163	U	9006866	7027687	1170413
163	U	9006866	7027688	1170414
163	U	9006866	7027688	1170415
163	U	9006866	7027689	1170416
163	U	9006866	7027689	1170417
163	U	9006866	7027690	1170418
163	U	9006866	7027690	1170419
163	U	9006866	7027691	1170420
163	U	9006866	7027691	1170421
163	U	9006866	7027692	1170422
163	U	9006866	7027692	1170423
163	U	9006866	7027692	1170424
163	U	9006866	7027693	1170425
163	U	9006866	7027693	1170426
163	U	9006866	7027693	1170427
163	U	9006866	7027694	1170428
163	U	9006866	7027694	1170429
163	U	9006866	7027695	1170431
163	U	9006866	7027695	1170432
163	U	9006866	7027696	1170433
163	U	9006866	7027696	1170434
163	U	9006866	7027697	1170435
163	U	9006866	7027697	1170436
163	U	9006866	7027697	1170437
163	U	9006866	7027698	1170438
163	U	9006866	7027698	1170439
163	U	9006866	7027699	1170440
163	U	9006866	7027699	1170441
163	U	9006866	7027699	1170442
163	U	9006866	7027700	1170443
163	U	9006866	7027700	1170444
163	U	9006866	7027701	1170445
163	U	9006866	7027701	1170446
163	U	9006866	7027702	1170448
163	U	9006866	7027702	1170449
163	U	9006866	7027703	1170450
163	U	9006866	7027703	1170451
163	U	9006866	7027704	1170452
163	U	9006866	7027704	1170453
163	U	9006866	7027705	1170454
163	U	9006866	7027705	1170455
163	U	9006866	7027706	1170456
163	U	9006866	7027706	1170457
163	U	9006866	7027706	1170458
163	U	9006866	7027706	1170459
163	U	9006866	7027707	1170461
163	U	9006866	7027707	1170462
163	U	9006866	7027708	1170463
163	U	9006866	7027708	1170464
163	U	9006866	7027709	1170465
163	U	9006866	7027709	1170466
163	U	9006866	7027709	1170467
163	U	9006866	7027710	1170468
163	U	9006866	7027710	1170469
163	U	9006866	7027710	1170470
163	U	9006866	7027710	1170471
163	U	9006866	7027711	1170472
163	U	9006866	7027711	1170473
163	U	9006866	7027712	1170474
163	U	9006866	7027712	1170475
163	U	9006866	7027713	1170476
163	U	9006866	7027713	1170477
103	U	9006866	7026269	1166356
103	U	9006866	7026270	1166358
103	U	9006866	7026270	1166359
103	U	9006866	7026270	1166360
103	U	9006866	7026271	1166363
103	U	9006866	7026271	1166364
103	U	9006866	7026272	1166366
103	U	9006866	7026272	1166367
103	U	9006866	7026272	1166368
104	U	9006866	7026273	1166380
104	U	9006866	7026273	1166381
104	U	9006866	7026274	1166385
104	U	9006866	7026274	1166386
104	U	9006866	7026275	1166387
104	U	9006866	7026275	1166388
104	U	9006866	7026275	1166389
104	U	9006866	7026276	1166390
104	U	9006866	7026276	1166391
104	U	9006866	7026276	1166392
55	U	9006866	7026279	1166394
55	U	9006866	7026279	1166395
55	U	9006866	7026280	1166396
55	U	9006866	7026280	1166397
55	U	9006866	7026281	1166398
55	U	9006866	7026281	1166399
55	U	9006866	7026282	1166400
55	U	9006866	7026282	1166401
55	U	9006866	7026283	1166402
55	U	9006866	7026283	1166403
55	U	9006866	7026284	1166404
55	U	9006866	7026284	1166405
55	U	9006866	7026285	1166406
55	U	9006866	7026285	1166407
55	U	9006866	7026286	1166408
55	U	9006866	7026287	1166410
55	U	9006866	7026287	1166411
55	U	9006866	7026288	1166412
55	U	9006866	7026288	1166413
55	U	9006866	7026289	1166414
55	U	9006866	7026289	1166415
55	U	9006866	7026290	1166416
55	U	9006866	7026290	1166417
55	U	9006866	7026290	1166418
55	U	9006866	7026291	1166419
55	U	9006866	7026291	1166420
55	U	9006866	7026292	1166421
55	U	9006866	7026292	1166422
55	U	9006866	7026293	1166423
55	U	9006866	7026293	1166424
55	U	9006866	7026294	1166425
55	U	9006866	7026294	1166426
55	U	9006866	7026295	1166427
55	U	9006866	7026295	1166428
104	U	9006866	7026298	1166438
104	U	9006866	7026298	1166439
104	U	9006866	7026298	1166440
104	U	9006866	7026299	1166441
104	U	9006866	7026299	1166442
104	U	9006866	7026300	1166446
104	U	9006866	7026300	1166447
104	U	9006866	7026300	1166448
104	U	9006866	7026301	1166449
104	U	9006866	7026301	1166450
104	U	9006866	7026301	1166451
104	U	9006866	7026301	1166452
104	U	9006866	7026302	1166453
104	U	9006866	7026302	1166454
104	U	9006866	7026303	1166456
104	U	9006866	7026303	1166457
104	U	9006866	7026304	1166463
104	U	9006866	7026304	1166464
104	U	9006866	7026305	1166466
104	U	9006866	7026305	1166467
104	U	9006866	7026306	1166468
104	U	9006866	7026306	1166469
104	U	9006866	7026307	1166479
104	U	9006866	7026307	1166480
104	U	9006866	7026308	1166483
104	U	9006866	7026308	1166484
104	U	9006866	7026309	1166485
104	U	9006866	7026309	1166486
104	U	9006866	7026310	1166492
104	U	9006866	7026310	1166493
104	U	9006866	7026310	1166494
104	U	9006866	7026310	1166495
104	U	9006866	7026310	1166496
104	U	9006866	7026312	1166505
104	U	9006866	7026312	1166506
104	U	9006866	7026312	1166507
104	U	9006866	7026312	1166508
104	U	9006866	7026312	1166509
104	U	9006866	7026313	1166514
104	U	9006866	7026313	1166515
104	U	9006866	7026313	1166516
105	U	9006866	7026314	1166519
105	U	9006866	7026314	1166520
105	U	9006866	7026314	1166521
105	U	9006866	7026315	1166522
105	U	9006866	7026315	1166523
105	U	9006866	7026316	1166525
105	U	9006866	7026316	1166526
105	U	9006866	7026317	1166531
105	U	9006866	7026317	1166532
105	U	9006866	7026318	1166536
105	U	9006866	7026318	1166537
105	U	9006866	7026319	1166542
105	U	9006866	7026324	1166549
105	U	9006866	7026324	1166550
105	U	9006866	7026325	1166551
105	U	9006866	7026325	1166552
105	U	9006866	7026325	1166553
105	U	9006866	7026326	1166543
105	U	9006866	7026326	1166544
102	U	9006866	7026327	1166117
102; 105	U	9006866	7026327	1166546
105	U	9006866	7026327	1166547
105	U	9006866	7026328	1166554
105	U	9006866	7026328	1166555
105	U	9006866	7026328	1166556
105	U	9006866	7026329	1166557
105	U	9006866	7026329	1166558
105	U	9006866	7026330	1166563
105	U	9006866	7026330	1166564
105	U	9006866	7026331	1166570
105	U	9006866	7026331	1166571
105	U	9006866	7026331	1166572
105	U	9006866	7026332	1166573
105	U	9006866	7026332	1166574
105	U	9006866	7026333	1166576
105	U	9006866	7026333	1166577
105	U	9006866	7026333	1166578
105	U	9006866	7026334	1166579
105	U	9006866	7026334	1166580
105	U	9006866	7026335	1166585
105	U	9006866	7026335	1166586
105	U	9006866	7026336	1166588
105	U	9006866	7026336	1166589
105	U	9006866	7026351	1166613
105	U	9006866	7026351	1166614
105	U	9006866	7026352	1166615
105	U	9006866	7026352	1166616
105	U	9006866	7026352	1166617
105	U	9006866	7026353	1166618
105	U	9006866	7026353	1166619
105	U	9006866	7026353	1166620
105	U	9006866	7026354	1166621
105	U	9006866	7026354	1166622
105	U	9006866	7026355	1166624
105	U	9006866	7026355	1166625
105	U	9006866	7026356	1166631
105	U	9006866	7026356	1166632
105	U	9006866	7026356	1166633
105	U	9006866	7026357	1166634
105	U	9006866	7026357	1166635
105	U	9006866	7026358	1166651
105	U	9006866	7026358	1166652
105	U	9006866	7026359	1166654
105	U	9006866	7026360	1166657
105	U	9006866	7026360	1166658
106	U	9006866	7026361	1166660
106	U	9006866	7026361	1166661
105	U	9006866	7026361	1166662
106	U	9006866	7026362	1166663
106	U	9006866	7026362	1166664
105	U	9006866	7026362	1166665
106	U	9006866	7026362	1166666
106	U	9006866	7026363	1166667
106	U	9006866	7026363	1166668
105	U	9006866	7026363	1166669
106	U	9006866	7026364	1166672
106	U	9006866	7026364	1166673
105	U	9006866	7026364	1166674
106	U	9006866	7026365	1166675
106	U	9006866	7026365	1166676
106	U	9006866	7026366	1166678
106	U	9006866	7026366	1166679
106	U	9006866	7026367	1166680
106	U	9006866	7026367	1166681
106	U	9006866	7026367	1166682
106	U	9006866	7026367	1166683
106	U	9006866	7026368	1166684
106	U	9006866	7026368	1166685
106	U	9006866	7026369	1166696
106	U	9006866	7026369	1166697
106	U	9006866	7026371	347671
106	U	9006866	7026371	1166703
106	U	9006866	7026371	1166704
106	U	9006866	7026372	1166705
106	U	9006866	7026372	1166706
106	U	9006866	7026372	1166707
106	U	9006866	7026373	1166711
106	U	9006866	7026373	1166712
106	U	9006866	7026373	1166713
106	U	9006866	7026373	1166715
106	U	9006866	7026374	1166718
106	U	9006866	7026374	1166719
106	U	9006866	7026374	1166720
106	U	9006866	7026375	1166721
106	U	9006866	7026375	1166722
106	U	9006866	7026375	1166723
106	U	9006866	7026376	1166727
106	U	9006866	7026376	1166728
106	U	9006866	7026377	1166731
106	U	9006866	7026377	1166732
106	U	9006866	7026378	1166737
106	U	9006866	7026378	1166738
106	U	9006866	7026379	1166740
106	U	9006866	7026379	1166741
106	U	9006866	7026380	1166747
106	U	9006866	7026380	1166748
106	U	9006866	7026380	1166749
106	U	9006866	7026380	1166750
106	U	9006866	7026381	1166751
106	U	9006866	7026381	1166752
106	U	9006866	7026381	1166753
106	U	9006866	7026381	1166754
35	U	9006866	7026383	1166756
35	U	9006866	7026383	1166757
35	U	9006866	7026386	1166758
35	U	9006866	7026386	1166759
35	U	9006866	7026387	1166762
35	U	9006866	7026387	1166763
35	U	9006866	7026388	1166764
35	U	9006866	7026388	1166765
35	U	9006866	7026388	1166766
35	U	9006866	7026389	1166767
35	U	9006866	7026389	1166768
35	U	9006866	7026390	1166770
35	U	9006866	7026390	1166771
35	U	9006866	7026391	1166773
35	U	9006866	7026391	1166774
35	U	9006866	7026392	1166776
35	U	9006866	7026392	1166777
35	U	9006866	7026393	1166778
35	U	9006866	7026393	1166779
35	U	9006866	7026394	1166780
35	U	9006866	7026394	1166781
35	U	9006866	7026395	1166783
35	U	9006866	7026395	1166784
35	U	9006866	7026396	1166785
35	U	9006866	7026396	1166786
35	U	9006866	7026397	1166788
35	U	9006866	7026397	1166789
35	U	9006866	7026397	1166790
	U	2009007034	2001771	318566
	U	2009007034	2001787	318582
	U	2009007034	2001797	318592
	U	2009007034	2001800	318595
	U	2009007034	2001819	318614
	U	2009007034	2001821	318616
	U	2009007034	2001826	318621
	U	2009007034	2001866	318661
	U	2009007034	2001884	318679
	U	2009007034	2001898	318693
	U	2009007034	2001902	318697
	U	2009007034	2001903	318698
	U	2009007034	2001909	318704
	U	2009007034	2001911	318706
	U	2009007034	2001919	318714
	U	2009007034	2001924	318719
	U	2009007034	2001926	318721
	U	2009007034	1002199	318734
	U	2009007034	1002230	318737
	U	2009007034	1002478	318764
	U	2009007034	1002492	318768
	U	2009007034	1002578	318773
	U	2009007034	1002670	318782
	U	2009007034	1002691	318783
	U	2009007034	1002769	318787
	U	2009007034	1002948	318798
	U	2009007034	2001937	318817
	U	2009007034	2001940	318820
	U	2009007034	2001951	318831
	U	2009007034	2001954	318834
	U	2009007034	2001966	318846
	U	2009007034	2001975	318855
	U	2009007034	2001976	318856
	U	2009007034	2001978	318858
	U	2009007034	2001988	318868
	U	2009007034	2001991	318871
	U	2009007034	2001994	318874
	U	2009007034	2001999	318879
	U	2009007034	2002002	318882
	U	2009007034	2002004	318884
	U	2009007034	2002007	318887
	U	2009007034	2002016	318896
	U	2009007034	2002018	318898
	U	2009007034	2000107	316309
	U	2009007034	2000109	316311
	U	2009007034	2000125	316327
	U	2009007034	2000129	316331
	U	2009007034	2000130	316332
	U	2009007034	2000136	316338
	U	2009007034	2000137	316339
	U	2009007034	2000140	316342
	U	2009007034	2000142	316344
	U	2009007034	2000146	316348
	U	2009007034	2000154	316356
	U	2009007034	2000156	316358
	U	2009007034	2000166	316368
	U	2009007034	2000172	316374
	U	2009007034	2000173	316375
	U	2009007034	2000178	316380
	U	2009007034	1002545	316392
	U	2009007034	1002550	316393
	U	2009007034	1002608	316395
	U	2009007034	1002656	316399
	U	2009007034	1002675	316400
	U	2009007034	7014097	316460
	U	2009007034	2000224	316472
	U	2009007034	2000226	316474
	U	2009007034	2000228	316476
	U	2009007034	2000237	316485
	U	2009007034	2000247	316495
	U	2009007034	1002461	316504
	U	2009007034	1002949	316509
	U	2009007034	1002452	316522
	U	2009007034	1002473	316524
	U	2009007034	1002567	316528
	U	2009007034	2000263	316553
	U	2009007034	2000276	316566
	U	2009007034	2000281	316571
	U	2009007034	2000288	316578
	U	2009007034	2000290	316580
	U	2009007034	2000296	316586
	U	2009007034	2000309	316599
	U	2009007034	2000312	316602
	U	2009007034	2000317	316607
	U	2009007034	2000323	316613
	U	2009007034	2000326	316616
	U	2009007034	2000330	316620
	U	2009007034	2000338	316628
	U	2009007034	2000345	316635
	U	2009007034	2000354	316644
	U	2009007034	2000356	316646
	U	2009007034	2000373	316663
	U	2009007034	2000375	316665
	U	2009007034	2000376	316666
	U	2009007034	2000377	316667
	U	2009007034	2000378	316668
	U	2009007034	2000387	316677
	U	2009007034	2000392	316682
	U	2009007034	2000407	316697
	U	2009007034	2000412	316702
	U	2009007034	2000421	316711
	U	2009007034	2000422	316712
	U	2009007034	2000430	316720
	U	2009007034	2000441	316731
	U	2009007034	2000442	316732
	U	2009007034	2000454	316748
	U	2009007034	2000455	316749
	U	2009007034	2000472	316766
	U	2009007034	2000474	316768
	U	2009007034	2000477	316771
	U	2009007034	2000481	316775
	U	2009007034	2000482	316776
	U	2009007034	2000491	316785
	U	2009007034	2000492	316786
	U	2009007034	1002281	316799
	U	2009007034	1002531	316814
	U	2009007034	1002620	316823
	U	2009007034	1002639	316826
	U	2009007034	1002643	316827
	U	2009007034	1003003	316845
	U	2009007034	1003030	316847
	U	2009007034	2000498	316851
	U	2009007034	2000500	316853
	U	2009007034	2000501	316854
	U	2009007034	2000502	316855
	U	2009007034	2000505	316858
	U	2009007034	2000508	316861
	U	2009007034	2000509	316862
	U	2009007034	2000526	316879
	U	2009007034	2000536	316889
	U	2009007034	1002327	316908
	U	2009007034	1002381	316913
	U	2009007034	1002447	316917
	U	2009007034	1002508	316923
	U	2009007034	1002525	316928
	U	2009007034	1002818	316946
	U	2009007034	1002962	316957
	U	2009007034	2000550	316975
	U	2009007034	2000555	316980
	U	2009007034	2000567	316992
	U	2009007034	2000570	316995
	U	2009007034	2000577	317002
	U	2009007034	2000596	317021
	U	2009007034	2000598	317023
	U	2009007034	2000601	317026
	U	2009007034	2000606	317031
	U	2009007034	2000626	317051
	U	2009007034	2000628	317053
	U	2009007034	2000633	317058
	U	2009007034	7019181	317059
	U	2009007034	2000635	317060
	U	2009007034	2000649	317074
	U	2009007034	2000653	317078
	U	2009007034	2000655	317080
	U	2009007034	2000663	317088
	U	2009007034	2000667	317092
	U	2009007034	2000676	317101
	U	2009007034	2000694	317119
	U	2009007034	2000695	317120
	U	2009007034	2000702	317127
	U	2009007034	2000706	317131
	U	2009007034	2000716	317141
	U	2009007034	2000719	317144
	U	2009007034	2000720	317145
	U	2009007034	2000727	317152
	U	2009007034	2000732	317157
	U	2009007034	2000735	317160
	U	2009007034	1002193	317194
	U	2009007034	1002231	317195
	U	2009007034	1002237	317196
	U	2009007034	1002382	317201
	U	2009007034	1002426	317204
	U	2009007034	1002469	317206
	U	2009007034	1002516	317207
	U	2009007034	1002763	317213
	U	2009007034	2000790	317246
	U	2009007034	2000793	317249
	U	2009007034	2000798	317254
	U	2009007034	2000805	317261
	U	2009007034	2000808	317264
	U	2009007034	2000810	317266
	U	2009007034	2000828	317284
	U	2009007034	2000839	317295
	U	2009007034	2000875	317331
	U	2009007034	2000876	317332
	U	2009007034	2000878	317334
	U	2009007034	2000883	317339
	U	2009007034	2000885	317341
	U	2009007034	2000887	317343
	U	2009007034	2000888	317344
	U	2009007034	2000892	317348
	U	2009007034	2000902	317358
	U	2009007034	2000911	317367
	U	2009007034	2000915	317371
	U	2009007034	2000924	317380
	U	2009007034	2000927	317383
	U	2009007034	7016100	317396
	U	2009007034	1002539	317401
	U	2009007034	1002201	317418
	U	2009007034	1002166	317431
	U	2009007034	2000951	317467
	U	2009007034	2000953	317469
	U	2009007034	2000954	317470
	U	2009007034	2000955	317471
	U	2009007034	2000959	317475
	U	2009007034	2000961	317477
	U	2009007034	2000977	317493
	U	2009007034	2000991	317507
	U	2009007034	2001001	317517
	U	2009007034	2001013	317529
	U	2009007034	2001019	317535
	U	2009007034	2001020	317536
	U	2009007034	2001039	317555
	U	2009007034	2001052	317568
	U	2009007034	2001061	317577
	U	2009007034	2001079	317595
	U	2009007034	2001087	317603
	U	2009007034	2001089	317605
	U	2009007034	2001103	317619
	U	2009007034	2001110	317626
	U	2009007034	2001113	317629
	U	2009007034	2001120	317636
	U	2009007034	2001133	317649
	U	2009007034	2001141	317657
	U	2009007034	2001164	317680
	U	2009007034	1002190	317686
	U	2009007034	7016166	317705
	U	2009007034	2001172	317713
	U	2009007034	2001181	317722
	U	2009007034	2001183	317724
	U	2009007034	2001185	317726
	U	2009007034	2001192	317733
	U	2009007034	7021844	317735
	U	2009007034	2001217	317758
	U	2009007034	2001232	317773
	U	2009007034	2001237	317778
	U	2009007034	2001240	317781
	U	2009007034	2001247	317788
	U	2009007034	2001248	317789
	U	2009007034	2001255	317796
	U	2009007034	2001277	317817
	U	2009007034	2001327	317867
	U	2009007034	2001331	317871
	U	2009007034	2001337	317877
	U	2009007034	2001383	317923
	U	2009007034	2001385	317925
	U	2009007034	2001398	317938
	U	2009007034	2001411	317956
	U	2009007034	2001413	317958
	U	2009007034	2001423	317971
	U	2009007034	2001425	317973
	U	2009007034	1002178	317977
	U	2009007034	7014449	317992
	U	2009007034	1002963	317995
	U	2009007034	1002985	317996
	U	2009007034	2001438	318007
	U	2009007034	1002715	318059
	U	2009007034	1002833	318072
	U	2009007034	7016021	318073
	U	2009007034	1002993	318086
	U	2009007034	1003040	318089
	U	2009007034	1003045	318090
	U	2009007034	2001566	318102
	U	2009007034	2001587	318123
	U	2009007034	2001602	318138
	U	2009007034	2001604	318140
	U	2009007034	2001605	318141
	U	2009007034	1002175	318151
	U	2009007034	1002216	318153
	U	2009007034	2027601	212277
	U	2009007034	2028029	212705
	U	2009007034	2028225	212901
	U	2009007034	2028479	213155
	U	2009007034	2028687	213363
	U	2009007034	2028785	213461
	U	2009007034	2028884	213560
	U	2009007034	2028907	213583
	U	2009007034	2028928	213604
	U	2009007034	2029225	213901
	U	2009007034	2029441	214117
	U	2009007034	2029530	214206
	U	2009007034	2029545	214221
	U	2009007034	2029584	214260
	U	2009007034	2029842	214518
	U	2009007034	2030175	214851
	U	2009007034	2030484	215160
	U	2009007034	2030498	215174
	U	2009007034	2030528	215204
	U	2009007034	2030587	215263
	U	2009007034	2030601	215277
	U	2009007034	2030659	215335
	U	2009007034	2030675	215351
	U	2009007034	2030734	215410
	U	2009007034	2030795	215471
	U	2009007034	2030798	215474
	U	2009007034	2030806	215482
	U	2009007034	2030892	215568
	U	2009007034	2031131	215807
	U	2009007034	2031699	216375
	U	2009007034	2031714	216390
	U	2009007034	2032475	217151
	U	2009007034	2032818	217494
	U	2009007034	2032976	217652
	U	2009007034	2033003	217679
	U	2009007034	2033559	218235
	U	2009007034	2033631	218307
	U	2009007034	2033708	218384
	U	2009007034	2033744	218420
	U	2009007034	2034423	219099
	U	2009007034	2036398	221074
	U	2009007034	2037338	222014
	U	2009007034	2037517	222193
	U	2009007034	2038730	223406
	U	2009007034	2038869	223545
	U	9006428	4005361	156510
	U	9006428	4005364	156513
	U	9006428	7022231	156533
	U	9006428	7017998	156544
	U	9006428	7002448	156548
	U	9006428	7008854	156570
	U	9006428	7024416	156585
	U	9006428	4011753	156620
	U	9006428	7003514	156650
	U	9006428	7015448	156680
	U	9006428	7009077	156705
	U	9006428	4000440	156708
	U	9006428	7001105	156713
	U	9006428	4000475	156722
	U	9006428	4000506	156723
	U	9006428	4000643	156733
	U	9006428	7002735	156751
	U	9006428	4000918	156759
	U	9006428	7017524	156763
	U	9006428	4001064	156783
	U	9006428	7012383	156811
	U	9006428	4001178	156815
	U	9006428	7007844	156844
	U	9006428	7001403	156848
	U	9006428	7006532	156854
	U	9006428	7006977	156869
	U	9006428	7007634	156876
	U	9006428	4001923	156879
	U	9006428	7011429	156880
	U	9006428	4001945	156882
	U	9006428	4001992	156888
	U	9006428	7008886	156906
	U	9006428	7002575	156948
	U	9006428	7002470	156952
	U	9006428	7005615	156975
	U	9006428	7000350	156981
	U	9006428	7010122	157002
	U	9006428	4003525	157059
	U	9006428	4003694	157078
	U	9006428	4003850	157095
	U	9006428	7010473	157100
	U	9006428	7001932	157103
	U	9006428	4003988	157109
	U	9006428	7003408	157121
	U	9006428	7001391	157128
	U	9006428	4004412	157145
	U	9006428	7017920	157147
	U	9006428	7010851	157169
	U	9006428	7017285	157216
	U	9006428	7011486	157217
	U	9006428	7011466	157228
	U	9006428	4005112	157233
	U	9006428	4005122	157234
	U	9006428	7001383	157247
	U	9006428	4005250	157280
	U	9006428	4005264	157282
	U	9006428	7008913	157287
	U	9006428	7011508	157350
	U	9006428	4005659	157379
	U	9006428	4005761	157393
	U	9006428	4005891	157431
	U	9006428	7007659	157459
	U	9006428	7009263	157473
	U	9006428	4006002	157480
	U	9006428	4006009	157485
	U	9006428	7008869	157491
	U	9006428	7009280	157514
	U	9006428	7007398	157543
	U	9006428	4006443	157562
	U	9006428	4006600	157582
	U	9006428	4006618	157583
	U	9006428	4006693	157592
	U	9006428	7002296	157623
	U	9006428	7002601	157640
	U	9006428	7001352	157641
	U	9006428	7011708	157647
	U	9006428	4007204	157648
	U	9006428	7010491	157653
	U	9006428	7010196	157660
	U	9006428	4007571	157683
	U	9006428	7002603	157686
	U	9006428	7003012	157696
	U	9006428	4007983	157735
	U	9006428	7002608	157759
	U	9006428	7001267	157776
	U	9006428	4008561	157793
	U	9006428	7003681	157798
	U	9006428	4008661	157801
	U	9006428	7010257	157815
	U	9006428	7010257	157816
	U	9006428	7007118	157844
	U	9006428	4009026	157858
	U	9006428	7017461	157863
	U	9006428	7003682	157888
	U	9006428	7012611	157891
	U	9006428	4009428	157910
	U	9006428	7011752	157916
	U	9006428	4009556	157921
	U	9006428	4009600	157934
	U	9006428	4009810	157946
	U	9006428	7008573	157953
	U	9006428	4009933	157955
	U	9006428	7011368	157986
	U	9006428	7004082	157988
	U	9006428	4010564	158033
	U	9006428	4010927	158083
	U	9006428	7011809	158125
	U	9006428	7001319	158127
	U	9006428	7010311	158167
	U	9006428	7017041	158185
	U	9006428	4011582	158189
	U	9006428	4011617	158200
	U	9006428	4011808	158226
	U	9006428	7011813	158242
	U	9006428	4011966	158243
	U	9006428	7008094	158260
	U	9006428	7012772	158262
	U	9006428	7002634	158279
	U	9006428	7011083	158283
	U	9006428	7008821	158295
	U	9006428	4012512	158296
	U	9006428	4012762	158394
	U	9006428	4005666	183492
	U	9006428	1000122	184189
	U	9006428	7008104	315537
	U	9006428	7013231	321340
	U	9006428	7006301	323621
	U	9006428	7018177	327055
	U	9006428	7018177	327057
	U	9006428	7002312	343440
	U	9006428	4000225	143609
	U	9006428	4003415	146826
	U	9006428	4005363	148796
	U	9006428	4012120	155599
	U	9006428	4001142	156421
	U	9006428	7013648	156453
	U	9006428	7018638	156458
	U	9006428	7002270	156463
	U	9006428	7007649	156464
	U	9006428	4003761	156476
	U	9006428	4004038	156484
	U	9006428	4004039	156485
	U	9006428	4004088	156486
	U	9006428	7000250	156487
	U	9006428	4004315	156493
	U	9006428	4005365	156514
	U	9006428	7006478	156519
	U	9006428	7012591	156527
	U	9006428	7016735	156529
	U	9006428	7016544	156537
	U	9006428	7014393	156560
	U	9006428	7009707	156587
	U	9006428	7005738	156588
	U	9006428	7001247	156590
	U	9006428	4011430	156610
	U	9006428	4000298	156682
	U	9006428	7001354	156702
	U	9006428	4000453	156711
	U	9006428	7008388	156766
	U	9006428	7024409	156774
	U	9006428	7004721	156785
	U	9006428	7007315	156801
	U	9006428	7005475	156802
	U	9006428	7007597	156859
	U	9006428	4001791	156871
	U	9006428	4002050	156893
	U	9006428	7010803	156898
	U	9006428	4002106	156899
	U	9006428	7007039	156929
	U	9006428	4002766	156968
	U	9006428	7001093	156984
	U	9006428	4003040	156996
	U	9006428	7001355	157008
	U	9006428	4003297	157029
	U	9006428	7011929	157035
	U	9006428	7009572	157061
	U	9006428	7009572	157062
	U	9006428	7000250	157125
	U	9006428	7003619	157131
	U	9006428	4004320	157137
	U	9006428	7007697	157138
	U	9006428	4004747	157194
	U	9006428	7002882	157202
	U	9006428	4004968	157215
	U	9006428	7011510	157355
	U	9006428	4005605	157373
	U	9006428	4005665	157383
	U	9006428	4005665	157384
	U	9006428	4005701	157387
	U	9006428	7011527	157394
	U	9006428	7017398	157435
	U	9006428	7017152	157445
	U	9006428	4005997	157477
	U	9006428	7017202	157481
	U	9006428	4006118	157493
	U	9006428	7011687	157527
	U	9006428	7003270	157528
	U	9006428	4006441	157560
	U	9006428	4006442	157561
	U	9006428	7005880	157615
	U	9006428	4006917	157620
	U	9006428	4007004	157627
	U	9006428	7003012	157695
	U	9006428	7003676	157718
	U	9006428	4007975	157732
	U	9006428	7002608	157760
	U	9006428	7002608	157762
	U	9006428	4008601	157794
	U	9006428	7010251	157795
	U	9006428	4008867	157827
	U	9006428	7017074	157829
	U	9006428	4008952	157837
	U	9006428	4008961	157838
	U	9006428	4009050	157865
	U	9006428	7012115	157872
	U	9006428	4009369	157901
	U	9006428	7015531	157913
	U	9006428	4009719	157941
	U	9006428	4009891	157952
	U	9006428	7007653	157956
	U	9006428	7003506	157968
	U	9006428	7009673	157977
	U	9006428	7004082	157989
	U	9006428	4010301	157992
	U	9006428	7001367	158001
	U	9006428	7015499	158038
	U	9006428	4010639	158040
	U	9006428	4010681	158050
	U	9006428	4010707	158057
	U	9006428	4010761	158063
	U	9006428	7010292	158079
	U	9006428	4010955	158085
	U	2009007034	1002295	318159
	U	2009007034	1002304	318160
	U	2009007034	1002317	318163
	U	2009007034	1002326	318164
	U	2009007034	1002398	318169
	U	2009007034	1002432	318172
	U	2009007034	1002627	318189
	U	2009007034	1002865	318206
	U	2009007034	1002877	318207
	U	2009007034	1002883	318208
	U	2009007034	1003039	318220
	U	2009007034	2001623	318234
	U	2009007034	2001627	318238
	U	2009007034	2001635	318246
	U	2009007034	2001648	318259
	U	2009007034	2001656	318267
	U	2009007034	2001662	318273
	U	2009007034	2001671	318282
	U	2009007034	2001673	318284
	U	2009007034	2001681	318292
	U	2009007034	2001691	318302
	U	2009007034	1002270	318311
	U	2009007034	7013349	318323
	U	2009007034	2001712	318335
	U	2009007034	2001717	318340
	U	2009007034	2001721	318344
	U	2009007034	2001723	318346
	U	2009007034	1002403	318349
	U	2009007034	7013368	318359
	U	2009007034	2001497	318387
	U	2009007034	2001500	318390
	U	2009007034	2001501	318391
	U	2009007034	2001507	318397
	U	2009007034	2001508	318398
	U	2009007034	2001513	318403
	U	2009007034	2001519	318409
	U	2009007034	2001522	318412
	U	2009007034	2001542	318432
	U	2009007034	1002185	318453
	U	2009007034	1002249	318460
	U	2009007034	1002286	318464
	U	2009007034	1002399	318475
	U	2009007034	1002528	318479
	U	2009007034	2001450	1155471
	U	2009007034	2001312	1155487
	U	2009007034	2124105	1155490
	U	2009007034	7020792	1155494
	U	2009007034	2110473	1156000
	U	2009007034	7024039	1157404
	U	2009007034	7024117	1157711
	U	2009007034	7024118	1157714
	U	2009007034	7024121	1157723
	U	2009007034	1002093	1157812
	U	2009007034	1000556	1157831
	U	2009007034	1000708	1157839
	U	2009007034	7024157	1157863
	U	2009007034	7024158	1157865
	U	2009007034	7024160	1157869
	U	2009007034	7024166	1157883
	U	2009007034	7024168	1157887
	U	2009007034	7024174	1157899
	U	2009007034	7024177	1157902
	U	2009007034	7024183	1157919
	U	2009007034	7024196	1157994
	U	2009007034	7000163	1158052
	U	2009007034	7006665	1159313
	U	2009007034	7001632	1159318
	U	2009007034	1000078	1159386
	U	2009007034	7024644	1160559
	U	2009007034	7025620	1164066
	U	2009007034	7026054	1165609
	U	2009007034	7026544	1167137
	U	2009007034	7028251	1001172179
	U	2009007034	7028339	1001172512
	U	2009007034	1029541	1001172962
	U	2009007034	7028158	1001171843
	U	2009007034	1001766	1915
	U	2009007034	1001776	1926
	U	2009007034	1007460	7655
	U	2009007034	1029604	29951
	U	2009007034	1036040	36429
	U	2009007034	1048403	48931
	U	2009007034	1075483	76258
	U	2009007034	1099990	100956
	U	2009007034	1100075	101041
	U	2009007034	1100446	101426
	U	2009007034	1100452	101433
	U	2009007034	1100469	101450
	U	2009007034	1100491	101472
	U	2009007034	1100821	101821
	U	2009007034	1100900	101900
	U	2009007034	1101819	102824
	U	2009007034	1103148	104156
	U	2009007034	1104868	105906
	U	2009007034	1105426	106471
	U	2009007034	1108335	109408
	U	2009007034	1108942	110047
	U	2009007034	1109103	110213
	U	2009007034	1109476	110596
	U	2009007034	1110377	111522
	U	2009007034	1110404	111549
	U	2009007034	1110939	112087
	U	2009007034	1111601	112768
	U	2009007034	1111797	112964
	U	2009007034	1115242	116498
	U	2009007034	1118850	120143
	U	2009007034	1119464	120767
	U	2009007034	1120764	122072
	U	2009007034	1121256	122585
	U	2009007034	7015952	131678
	U	2009007034	1131759	133509
	U	2009007034	1132037	133795
	U	2009007034	7005484	141166
	U	2009007034	7000024	141179
	U	2009007034	7000739	141198
	U	2009007034	7000745	141208
	U	2009007034	7000759	141219
	U	2009007034	7006938	141228
	U	2009007034	7000725	141231
	U	2009007034	7003163	141372
	U	2009007034	7001645	141451
	U	2009007034	7001643	141478
	U	2009007034	7001659	141487
	U	2009007034	1000484	141527
	U	2009007034	1001123	141538
	U	2009007034	7000124	141545
	U	2009007034	7001665	141556
	U	2009007034	1000911	141568
	U	2009007034	1000912	141570
	U	2009007034	1000948	141581
	U	2009007034	1000883	141590
	U	2009007034	7016041	141620
	U	2009007034	7018781	141651
	U	2009007034	1000706	141666
	U	2009007034	1001879	141678
	U	2009007034	1007561	141714
	U	2009007034	1009514	141715
	U	2009007034	7001688	141716
	U	2009007034	7000710	141720
	U	2009007034	3000550	142558
	U	2009007034	1001400	143147
	U	2009007034	7001736	143153
	U	2009007034	7000179	143160
	U	2009007034	1001249	143183
	U	2009007034	7000717	143270
	U	2009007034	7000208	158411
	U	2009007034	1003222	158495
	U	2009007034	7000693	158550
	U	2009007034	1000939	158561
	U	2009007034	1002074	158591
	U	2009007034	1002060	158599
	U	2009007034	7003886	158645
	U	2009007034	7000273	158711
	U	2009007034	1001039	158736
	U	2009007034	7018057	158834
	U	2009007034	6000394	165713
	U	2009007034	6000443	165762
	U	2009007034	6000802	166121
	U	2009007034	6001994	167313
	U	2009007034	6002068	167387
	U	2009007034	6002332	167651
	U	2009007034	6002346	167665
	U	2009007034	6002438	167757
	U	2009007034	6003989	169308
	U	2009007034	6004131	169450
	U	2009007034	6004618	169937
	U	2009007034	6004625	169944
	U	2009007034	6005629	170948
	U	2009007034	6006574	171893
	U	2009007034	6006727	172046
	U	2009007034	6001443	172690
	U	2009007034	6001715	172783
	U	2009007034	6006765	174644
	U	2009007034	7016744	175118
	U	2009007034	1008161	175119
	U	2009007034	1008314	175120
	U	2009007034	1008503	175121
	U	2009007034	1000821	181351
	U	2009007034	1000869	181354
	U	2009007034	1000893	181356
	U	2009007034	1001501	181444
	U	2009007034	1001149	181446
	U	2009007034	1001303	181458
	U	2009007034	1001874	181537
	U	2009007034	1001188	181576
	U	2009007034	1002098	181775
	U	2009007034	1002078	181776
	U	2009007034	7001680	181935
	U	2009007034	1000487	182022
	U	2009007034	1000531	182024
	U	2009007034	1000786	182044
	U	2009007034	1000658	182067
	U	2009007034	7000785	182078
	U	2009007034	7000789	182096
	U	2009007034	7000814	182124
	U	2009007034	1000916	182135
	U	2009007034	7000867	182247
	U	2009007034	7000883	182263
	U	2009007034	7000928	182350
	U	2009007034	7000929	182352
	U	2009007034	7000935	182364
	U	2009007034	7000943	182383
	U	2009007034	7000946	182392
	U	2009007034	7000958	182417
	U	2009007034	7000967	182436
	U	2009007034	7000971	182442
	U	2009007034	7001002	182500
	U	2009007034	7001004	182504
	U	2009007034	7001006	182508
	U	2009007034	7001009	182514
	U	2009007034	1001060	182533
	U	2009007034	1001236	182554
	U	2009007034	7016655	182556
	U	2009007034	1001053	182566
	U	2009007034	1001349	182569
	U	2009007034	1001334	182570
	U	2009007034	1001410	182576
	U	2009007034	1001643	182727
	U	2009007034	7003011	182729
	U	2009007034	1003455	182741
	U	2009007034	7003157	182755
	U	2009007034	1001724	182760
	U	2009007034	7003152	182785
	U	2009007034	1003500	182786
	U	2009007034	7003006	182795
	U	2009007034	7003007	182797
	U	2009007034	7003139	182799
	U	2009007034	7008911	182836
	U	2009007034	7002842	182859
	U	2009007034	7002811	182873
	U	2009007034	7002835	182889
	U	2009007034	7002848	182897
	U	2009007034	7001122	182902
	U	2009007034	7003434	182986
	U	2009007034	7003399	182989
	U	2009007034	1000652	183400
	U	2009007034	1000693	183403
	U	2009007034	1000703	183405
	U	2009007034	1000798	183420
	U	2009007034	7001435	183466
	U	2009007034	1001311	183840
	U	2009007034	7001824	183852
	U	2009007034	7002017	183981
	U	2009007034	7002048	184007
	U	2009007034	7002072	184076
	U	2009007034	7002269	184280
	U	2009007034	7016633	184299
	U	2009007034	7002517	184572
	U	2009007034	2002197	186873
	U	2009007034	2002200	186876
	U	2009007034	2002206	186882
	U	2009007034	2002214	186890
	U	2009007034	2002216	186892
	U	2009007034	2002220	186896
	U	2009007034	2002221	186897
	U	2009007034	7022210	186902
	U	2009007034	2002227	186903
	U	2009007034	2002438	187114
	U	2009007034	2003221	187897
	U	2009007034	2003928	188604
	U	2009007034	2004035	188711
	U	2009007034	2004237	188913
	U	2009007034	2004292	188968
	U	2009007034	2004352	189028
	U	2009007034	2004428	189104
	U	2009007034	2005249	189925
	U	2009007034	2005463	190139
	U	2009007034	2005577	190253
	U	9006428	7004128	158091
	U	9006428	7010522	158103
	U	9006428	7002507	158117
	U	9006428	4011200	158134
	U	9006428	7008015	158141
	U	9006428	7010306	158143
	U	9006428	7002630	158145
	U	9006428	7011810	158158
	U	9006428	7007816	158164
	U	9006428	4011401	158165
	U	9006428	7007081	158166
	U	9006428	7009733	158229
	U	9006428	7007494	158232
	U	9006428	7011819	158245
	U	9006428	7011290	158258
	U	9006428	7007837	158264
	U	9006428	4012460	158290
	U	9006428	7001389	158302
	U	9006428	4012542	158306
	U	9006428	4012564	158314
	U	9006428	4012566	158315
	U	9006428	4012657	158351
	U	9006428	4012742	158380
	U	9006428	7013472	158392
	U	9006428	7001403	183381
	U	9006428	4005666	183489
	U	9006428	7005739	314218
	U	9006428	4003911	315993
	U	9006428	7017076	319671
	U	9006428	7016642	320213
	U	9006428	4012841	321879
	U	9006428	7024433	1158713
	U	9006428	7004544	143510
	U	9006428	7008696	146353
	U	9006428	7007661	146988
	U	9006428	4004310	147728
	U	9006428	4000058	156340
	U	9006428	4000060	156341
	U	9006428	7002675	156404
	U	9006428	7004538	156415
	U	9006428	7011636	156422
	U	9006428	7016540	156436
	U	9006428	7007845	156441
	U	9006428	7002470	156450
	U	9006428	7002632	156468
	U	9006428	7002499	156469
	U	9006428	4003759	156474
	N	2009007395	7031417	1001183821
	U	2009007034	2038912	223588
	U	2009007034	2038918	223594
	U	2009007034	2040025	224701
	U	2009007034	2040643	225319
	U	2009007034	2041654	226330
	U	2009007034	2041906	226582
	U	2009007034	2041999	226675
	U	2009007034	2042123	226799
	U	2009007034	2042169	226845
	U	2009007034	2042200	226876
	U	2009007034	2042502	227178
	U	2009007034	2042534	227210
	U	2009007034	2042646	227322
	U	2009007034	2042656	227332
	U	2009007034	2042753	227429
	U	2009007034	2042906	227582
	U	2009007034	2043092	227768
	U	2009007034	2043416	228092
	U	2009007034	2043436	228112
	U	2009007034	2043483	228159
	U	2009007034	2043507	228183
	U	2009007034	2043635	228311
	U	2009007034	2043846	228522
	U	2009007034	2044246	228922
	U	2009007034	2044345	229021
	U	2009007034	2044497	229173
	U	2009007034	2044856	229532
	U	2009007034	2045473	230149
	U	2009007034	2045546	230222
	U	2009007034	2046401	231077
	U	2009007034	2046463	231139
	U	2009007034	2046505	231181
	U	2009007034	2046609	231285
	U	2009007034	2046682	231358
	U	2009007034	2046720	231396
	U	2009007034	2046926	231602
	U	2009007034	2046941	231617
	U	2009007034	2046993	231669
	U	2009007034	2047138	231814
	U	2009007034	2047487	232163
	U	2009007034	2047573	232249
	U	2009007034	2047582	232258
	U	2009007034	2047936	232612
	U	2009007034	2047996	232672
	U	2009007034	2048012	232688
	U	2009007034	2048201	232877
	U	2009007034	2048355	233031
	U	2009007034	2048473	233149
	U	2009007034	2048485	233161
	U	2009007034	2048685	233361
	U	2009007034	2048801	233477
	U	2009007034	2048822	233498
	U	2009007034	2049159	233835
	U	2009007034	2049324	234000
	U	2009007034	2049502	234178
	U	2009007034	2049583	234259
	U	2009007034	2049793	234469
	U	2009007034	2049818	234494
	U	2009007034	2049952	234628
	U	2009007034	2050134	234810
	U	2009007034	2050215	234891
	U	2009007034	2050349	235025
	U	2009007034	2050569	235245
	U	2009007034	2050626	235302
	U	2009007034	2050707	235383
	U	2009007034	2051121	235797
	U	2009007034	2051128	235804
	U	2009007034	2051166	235842
	U	2009007034	2051547	236223
	U	2009007034	2051577	236253
	U	2009007034	2051760	236436
	U	2009007034	2051888	236564
	U	2009007034	2052274	236950
	U	2009007034	2052316	236992
	U	2009007034	2052343	237019
	U	2009007034	2052400	237076
	U	2009007034	2052866	237542
	U	2009007034	2053075	237751
	U	2009007034	2053263	237939
	U	2009007034	2053358	238034
	U	2009007034	2053475	238151
	U	2009007034	2053634	238310
	U	2009007034	2053802	238478
	U	2009007034	2054185	238861
	U	2009007034	2054352	239028
	U	2009007034	2054421	239097
	U	2009007034	2054494	239170
	U	2009007034	2055172	239848
	U	2009007034	2055364	240040
	U	2009007034	2055508	240184
	U	2009007034	2055964	240640
	U	2009007034	2056303	240979
	U	2009007034	2056827	241503
	U	2009007034	2057025	241701
	U	2009007034	2057172	241848
	U	2009007034	2057456	242132
	U	2009007034	2057690	242366
	U	2009007034	2058756	243432
	U	2009007034	2059050	243726
	U	2009007034	2059252	243928
	U	2009007034	2059392	244068
	U	2009007034	2059894	244570
	U	2009007034	2059912	244588
	U	2009007034	2060243	244919
	U	2009007034	2061069	245745
	U	2009007034	2061125	245801
	U	2009007034	2061447	246123
	U	2009007034	2062537	247213
	U	2009007034	2062962	247638
	U	2009007034	2063296	247972
	U	2009007034	2063330	248006
	U	2009007034	2063365	248041
	U	2009007034	2063514	248190
	U	2009007034	2063565	248241
	U	2009007034	2063713	248389
	U	2009007034	2063801	248477
	U	2009007034	2063933	248609
	U	2009007034	2064039	248715
	U	2009007034	2064115	248791
	U	2009007034	2064132	248808
	U	2009007034	2064225	248901
	U	2009007034	2064419	249095
	U	2009007034	2064429	249105
	U	2009007034	2064458	249134
	U	2009007034	2064487	249163
	U	2009007034	2064575	249251
	U	2009007034	2064609	249285
	U	2009007034	2064665	249341
	U	2009007034	2064671	249347
	U	2009007034	2064827	249503
	U	2009007034	2064832	249508
	U	2009007034	2064907	249583
	U	2009007034	2064913	249589
	U	2009007034	2065095	249771
	U	2009007034	2065284	249960
	U	2009007034	2065370	250046
	U	2009007034	2065417	250093
	U	2009007034	2065448	250124
	U	2009007034	2065455	250131
	U	2009007034	2065472	250148
	U	2009007034	2065516	250192
	U	2009007034	2065617	250293
	U	2009007034	2065635	250311
	U	2009007034	2065783	250459
	U	2009007034	2065863	250539
	U	2009007034	2065869	250545
	U	2009007034	2065892	250568
	U	2009007034	2065966	250642
	U	2009007034	2066075	250751
	U	2009007034	2066108	250784
	U	2009007034	2066130	250806
	U	2009007034	2066144	250820
	U	2009007034	2066148	250824
	U	2009007034	2066203	250879
	U	2009007034	2066309	250985
	U	2009007034	2066326	251002
	U	2009007034	2066399	251075
	U	2009007034	2066420	251096
	U	2009007034	2066461	251137
	U	2009007034	2066541	251217
	U	2009007034	2066544	251220
	U	2009007034	2066786	251462
	U	2009007034	2067431	252107
	U	2009007034	2067462	252138
	U	2009007034	2067555	252231
	U	2009007034	2067793	252469
	U	2009007034	2067913	252589
	U	2009007034	2067916	252592
	U	2009007034	2067972	252648
	U	2009007034	2067990	252666
	U	2009007034	2068406	253082
	U	2009007034	2068418	253094
	U	2009007034	2068721	253397
	U	2009007034	2069567	254243
	U	2009007034	2069737	254413
	U	2009007034	2069846	254522
	U	2009007034	2069892	254568
	U	2009007034	2070026	254702
	U	2009007034	2070130	254806
	U	2009007034	2070135	254811
	U	2009007034	2071329	256005
	U	2009007034	2071481	256157
	U	2009007034	2071504	256180
	U	2009007034	2071508	256184
	U	2009007034	2071690	256366
	U	2009007034	2071736	256412
	U	2009007034	2071753	256429
	U	2009007034	2071953	256629
	U	2009007034	2072110	256786
	U	2009007034	2072373	257049
	U	2009007034	2072468	257144
	U	2009007034	2072504	257180
	U	2009007034	2072852	257528
	U	2009007034	2073055	257731
	U	2009007034	2073170	257846
	U	2009007034	2073254	257930
	U	2009007034	2073383	258059
	U	2009007034	2073986	258662
	U	2009007034	2074192	258868
	U	2009007034	2074495	259171
	U	2009007034	2074658	259334
	U	2009007034	2074819	259495
	U	2009007034	2075074	259750
	U	2009007034	2075255	259931
	U	2009007034	2076350	261026
	U	2009007034	2076453	261129
	U	2009007034	2077199	261875
	U	2009007034	2077730	262406
	U	2009007034	2078185	262861
	U	2009007034	2078569	263245
	U	2009007034	2079284	263960
	U	2009007034	2079496	264172
	U	2009007034	2079516	264192
	U	2009007034	2079536	264212
	U	2009007034	2079684	264360
	U	2009007034	2079762	264438
	U	2009007034	2079861	264537
	U	2009007034	2080192	264868
	U	2009007034	2080952	265628
	U	2009007034	2081075	265751
	U	2009007034	2081123	265799
	U	2009007034	2081133	265809
	U	2009007034	2081383	266059
	U	2009007034	2081589	266265
	U	2009007034	2081849	266525
	U	2009007034	2081989	266665
	U	2009007034	2082500	267176
	U	2009007034	2083004	267680
	U	2009007034	2084235	268911
	U	2009007034	2084254	268930
	U	2009007034	2084836	269512
	U	2009007034	2085128	269804
	U	2009007034	2085185	269861
	U	2009007034	2085290	269966
	U	2009007034	2085493	270169
	U	2009007034	2085905	270581
	U	2009007034	2085936	270612
	U	2009007034	2086367	271043
	U	2009007034	2086794	271470
	U	2009007034	2086811	271487
	U	2009007034	2086916	271592
	U	2009007034	2087044	271720
	U	2009007034	2087252	271928
	U	2009007034	2087813	272489
	U	2009007034	2087956	272632
	U	2009007034	2087989	272665
	U	2009007034	2088051	272727
	U	2009007034	2088134	272810
	U	2009007034	2088674	273350
	U	2009007034	2088699	273375
	U	2009007034	2088737	273413
	U	2009007034	2088768	273444
	U	2009007034	2088803	273479
	U	2009007034	2089088	273764
	U	2009007034	2089149	273825
	U	2009007034	2089349	274025
	U	2009007034	2089629	274305
	U	2009007034	2089737	274413
	U	2009007034	2090233	274909
	U	2009007034	2090351	275027
	U	2009007034	2090915	275591
	U	2009007034	2090988	275664
	U	2009007034	2091017	275693
	U	2009007034	2091185	275861
	U	2009007034	2091258	275934
	U	2009007034	2091299	275975
	U	2009007034	2091318	275994
	U	2009007034	2091380	276056
	U	2009007034	2091435	276111
	U	2009007034	2005618	190294
	U	2009007034	2006616	191292
	U	2009007034	2006723	191399
	U	2009007034	2006954	191630
	U	2009007034	2007215	191891
	U	2009007034	2007673	192349
	U	2009007034	2007878	192554
	U	2009007034	2008042	192718
	U	2009007034	2008826	193502
	U	2009007034	2008859	193535
	U	2009007034	2008976	193652
	U	2009007034	2009783	194459
	U	2009007034	2009996	194672
	U	2009007034	2010011	194687
	U	2009007034	2010014	194690
	U	2009007034	2010120	194796
	U	2009007034	2010290	194966
	U	2009007034	2010392	195068
	U	2009007034	2010584	195260
	U	2009007034	2010773	195449
	U	2009007034	2010941	195617
	U	2009007034	2011182	195858
	U	2009007034	2011186	195862
	U	2009007034	2011288	195964
	U	2009007034	2011321	195997
	U	2009007034	2011422	196098
	U	2009007034	2011440	196116
	U	2009007034	2011465	196141
	U	2009007034	2011496	196172
	U	2009007034	2011609	196285
	U	2009007034	2011864	196540
	U	2009007034	2011918	196594
	U	2009007034	2011956	196632
	U	2009007034	2011989	196665
	U	2009007034	2012084	196760
	U	2009007034	2012141	196817
	U	2009007034	2012323	196999
	U	2009007034	2012667	197343
	U	2009007034	2012781	197457
	U	2009007034	2012848	197524
	U	2009007034	2013186	197862
	U	2009007034	2013217	197893
	U	2009007034	2013255	197931
	U	2009007034	1002586	318484
	U	2009007034	1002782	318497
	U	2009007034	1002876	318500
	U	2009007034	1002995	318509
	U	2009007034	2001730	318525
	U	2009007034	2001763	318558
	U	2009007034	2001767	318562
	U	2009007034	2001772	318567
	U	2009007034	2001778	318573
	U	2009007034	2001779	318574
	U	2009007034	2001794	318589
	U	2009007034	2001808	318603
	U	2009007034	2001812	318607
	U	2009007034	2001815	318610
	U	2009007034	2001817	318612
	U	2009007034	2001820	318615
	U	2009007034	2001827	318622
	U	2009007034	2001830	318625
	U	2009007034	2001833	318628
	U	2009007034	2001839	318634
	U	2009007034	2001843	318638
	U	2009007034	2001846	318641
	U	2009007034	2001855	318650
	U	2009007034	2001856	318651
	U	2009007034	2001860	318655
	U	2009007034	2001862	318657
	U	2009007034	2001871	318666
	U	2009007034	2001875	318670
	U	2009007034	7015666	318672
	U	2009007034	2001906	318701
	U	2009007034	2001910	318705
	U	2009007034	1002148	318727
	U	2009007034	1002168	318730
	U	2009007034	1002174	318731
	U	2009007034	1002379	318750
	U	2009007034	1002427	318756
	U	2009007034	1002454	318759
	U	2009007034	1002460	318761
	U	2009007034	1002535	318772
	U	2009007034	1002597	318777
	U	2009007034	2001932	318812
	U	2009007034	2001934	318814
	U	2009007034	2001936	318816
	U	2009007034	2001938	318818
	U	2009007034	2001949	318829
	U	2009007034	2001983	318863
	U	2009007034	2001990	318870
	U	2009007034	2001993	318873
	U	2009007034	2002011	318891
	U	2009007034	2002020	318900
	U	2009007034	2002021	318901
	U	2009007034	2002034	318914
	U	2009007034	2002049	318929
	U	2009007034	2002053	318933
	U	2009007034	2002067	318947
	U	2009007034	2002073	318953
	U	2009007034	2002075	318955
	U	2009007034	2002088	318968
	U	2009007034	2002090	318970
	U	2009007034	2002109	318989
	U	2009007034	1002753	319014
	U	2009007034	2002133	319020
	U	2009007034	2002135	319022
	U	2009007034	2002136	319023
	U	2009007034	1002362	319029
	U	2009007034	1002647	319042
	U	2009007034	1002667	319043
	U	2009007034	1002911	319051
	U	2009007034	1002931	319054
	U	2009007034	1003048	319057
	U	2009007034	2002137	319058
	U	2009007034	2002149	319070
	U	2009007034	2002152	319073
	U	2009007034	2002153	319074
	U	2009007034	2002156	319077
	U	2009007034	2002160	319081
	U	2009007034	2002166	319087
	U	2009007034	2002168	319089
	U	2009007034	2002170	319091
	U	2009007034	2002179	319100
	U	2009007034	2002188	319109
	U	2009007034	2002190	319111
	U	2009007034	2002194	319115
	U	2009007034	2002195	319116
	U	2009007034	1002275	319120
	U	2009007034	1002421	319159
	U	2009007034	2002308	319172
	U	2009007034	2002319	319183
	U	2009007034	2002320	319184
	U	2009007034	2002326	319190
	U	2009007034	2002331	319195
	U	2009007034	2002336	319200
	U	2009007034	2002342	319206
	U	2009007034	2002345	319209
	U	2009007034	2002346	319210
	U	2009007034	2002361	319225
	U	2009007034	2002362	319226
	U	2009007034	2002363	319227
	U	2009007034	2002378	319242
	U	2009007034	2002380	319244
	U	2009007034	2002256	319258
	U	2009007034	2002266	319268
	U	2009007034	2002277	319279
	U	2009007034	2002294	319296
	U	2009007034	2002299	319301
	U	2009007034	7010412	319359
	U	2009007034	7010425	319368
	U	2009007034	7010438	319379
	U	2009007034	1000362	319401
	U	2009007034	7010610	319431
	U	2009007034	7010633	319453
	U	2009007034	7010688	319508
	U	2009007034	7002845	319613
	U	2009007034	7012056	319665
	U	2009007034	7002716	319850
	U	2009007034	7002743	319860
	U	2009007034	7011244	319958
	U	2009007034	1006126	319967
	U	2009007034	7011054	319979
	U	2009007034	7011273	319980
	U	2009007034	7011779	320330
	U	2009007034	7011874	320397
	U	2009007034	7011897	320400
	U	2009007034	7002690	320532
	U	2009007034	7002710	320533
	U	2009007034	7011052	320552
	U	2009007034	7002752	320553
	U	2009007034	7011666	320564
	U	2009007034	7012065	320571
	U	2009007034	7012097	320641
	U	2009007034	7006641	320645
	U	2009007034	7012101	320647
	U	2009007034	1003410	320724
	U	2009007034	1003357	320742
	U	2009007034	7012175	320745
	U	2009007034	7011629	320763
	U	2009007034	7011479	320769
	U	2009007034	7012219	320798
	U	2009007034	7011457	320960
	U	2009007034	7011459	321015
	U	2009007034	7011458	321016
	U	2009007034	7011462	321024
	U	2009007034	1003416	321040
	U	2009007034	1003362	321072
	U	2009007034	7012262	321121
	U	2009007034	7013109	321184
	U	2009007034	1002197	321269
	U	2009007034	7013205	321295
	U	2009007034	1002450	321402
	U	2009007034	7013336	321472
	U	2009007034	7013408	321613
	U	2009007034	7013743	321875
	U	2009007034	7013756	321890
	U	2009007034	7013769	321900
	U	2009007034	7014554	322170
	U	2009007034	7014668	322206
	U	2009007034	7014732	322300
	U	2009007034	1001525	322512
	U	2009007034	7014840	322529
	U	2009007034	7014852	322557
	U	2009007034	7014855	322563
	U	2009007034	1001424	322593
	U	2009007034	1001208	322618
	U	2009007034	7014898	322661
	U	2009007034	7014929	322707
	U	2009007034	7014960	322749
	U	2009007034	7014967	322763
	U	2009007034	1003417	322787
	U	2009007034	7011604	322788
	U	2009007034	7014990	322827
	U	2009007034	7015026	322869
	U	2009007034	7015038	322893
	U	2009007034	7015093	322979
	U	2009007034	7015103	322999
	U	2009007034	7015104	323001
	U	2009007034	7015106	323005
	U	2009007034	7015113	323019
	U	2009007034	7015125	323043
	U	2009007034	7015130	323053
	U	2009007034	7015139	323071
	U	2009007034	7015141	323075
	U	2009007034	7015181	323211
	U	2009007034	7015182	323213
	U	2009007034	7015187	323223
	U	2009007034	7015191	323238
	U	2009007034	7015204	323258
	U	2009007034	7015207	323264
	U	2009007034	7015227	323304
	U	2009007034	7015235	323320
	U	2009007034	7015240	323330
	U	2009007034	7015242	323334
	U	2009007034	7015253	323356
	U	2009007034	7015294	323434
	U	2009007034	7015301	323449
	U	2009007034	7015313	323450
	U	2009007034	7015327	323456
	U	2009007034	7015375	323464
	U	2009007034	7015461	323524
	U	2009007034	7015588	323707
	U	2009007034	7015611	323763
	U	2009007034	7015669	323851
	U	2009007034	7015754	324441
	U	2009007034	7015962	324620
	U	2009007034	7015964	324622
	U	2009007034	7016016	324626
	U	2009007034	7016087	324668
	U	2009007034	7016123	324721
	U	2009007034	7016416	324851
	U	2009007034	7016417	324852
	U	2009007034	7016419	324855
	U	2009007034	7016492	324928
	U	2009007034	7016496	324930
	U	2009007034	7016539	324960
	U	2009007034	7016864	325101
	U	2009007034	7016890	325113
	U	2009007034	7016899	325129
	U	2009007034	7001029	325148
	U	2009007034	7016928	325157
	U	2009007034	7016930	325158
	U	2009007034	7016944	325163
	U	2009007034	7016991	325187
	U	2009007034	7017009	325249
	U	2009007034	7017049	325327
	U	2009007034	7017077	325377
	U	2009007034	7002677	325394
	U	2009007034	7017168	325546
	U	9006428	7010411	156500
	U	9006428	7016879	156507
	U	9006428	7001371	156515
	U	9006428	7009940	156557
	U	9006428	4008750	156564
	U	9006428	7007480	156580
	U	9006428	4010660	156594
	U	9006428	7010321	156622
	U	9006428	7007559	156668
	U	9006428	7016711	156679
	U	9006428	7011344	156681
	U	9006428	7003536	156687
	U	9006428	7006843	156698
	U	9006428	7007103	156706
	U	9006428	7002344	156735
	U	9006428	7002354	156739
	U	9006428	7001111	156758
	U	9006428	7005196	156769
	U	9006428	4000987	156771
	U	9006428	7007385	156782
	U	9006428	7005477	156798
	U	9006428	4001260	156822
	U	9006428	4001336	156830
	U	9006428	4001362	156838
	U	9006428	7006532	156853
	U	9006428	7001364	156917
	U	9006428	7007039	156930
	U	9006428	4002462	156933
	U	9006428	4002474	156935
	U	9006428	4002707	156957
	U	9006428	4002766	156967
	U	9006428	4002993	156991
	U	9006428	7016543	156992
	U	9006428	7002495	157028
	U	9006428	7011448	157034
	U	9006428	7004167	157090
	U	9006428	4004028	157112
	U	9006428	4004147	157118
	U	9006428	4004536	157162
	U	9006428	7008138	157171
	U	9006428	4004655	157179
	U	9006428	4004710	157190
	U	9006428	4004779	157197
	U	9006428	7006837	157219
	U	9006428	4005128	157242
	U	9006428	7001363	157244
	U	9006428	4005133	157251
	U	9006428	7011490	157258
	U	9006428	7001448	157272
	U	9006428	7001448	157275
	U	9006428	7001338	157290
	U	9006428	7001406	157310
	U	9006428	7011502	157313
	U	9006428	7014782	157331
	U	9006428	7004195	157334
	U	9006428	7001037	157337
	U	9006428	7010883	157338
	U	9006428	4005607	157374
	U	9006428	7002557	157375
	U	9006428	7010844	157385
	U	9006428	7010870	157396
	U	9006428	7002341	157410
	U	9006428	7017398	157436
	U	9006428	7009252	157442
	U	9006428	4005944	157443
	U	9006428	7007905	157462
	U	9006428	7005499	157472
	U	9006428	4006008	157484
	U	9006428	7010417	157496
	U	9006428	7008927	157509
	U	9006428	4006234	157518
	U	9006428	7008205	157519
	U	9006428	7009290	157538
	U	9006428	7011695	157557
	U	9006428	4006450	157565
	U	9006428	7007932	157576
	U	9006428	7007848	157597
	U	9006428	7007951	157599
	U	9006428	4006938	157621
	U	9006428	7016296	157625
	U	9006428	7006865	157643
	U	9006428	7010926	157654
	U	9006428	7004396	157655
	U	9006428	7004396	157656
	U	9006428	7009566	157664
	U	9006428	7011711	157677
	U	9006428	7007962	157684
	U	9006428	7003012	157694
	U	9006428	7011715	157720
	U	9006428	7004399	157745
	U	9006428	7006833	157753
	U	9006428	7004540	157782
	U	9006428	7011725	157808
	U	9006428	7010257	157817
	U	9006428	7010262	157841
	U	9006428	7007118	157843
	U	9006428	7017461	157859
	U	9006428	7003587	157868
	U	9006428	7011747	157870
	U	9006428	7011591	157897
	U	9006428	4009556	157920
	U	9006428	7003420	157925
	U	9006428	7006626	157930
	U	9006428	4010086	157972
	U	9006428	7004783	158016
	U	9006428	7015491	158055
	U	9006428	4010846	158070
	U	9006428	7004128	158090
	U	9006428	7018835	158097
	U	9006428	7010522	158102
	U	9006428	7011806	158112
	U	9006428	7011182	158123
	U	9006428	7005603	158147
	U	9006428	7011810	158157
	U	9006428	7005773	158169
	U	9006428	7007487	158177
	U	9006428	7008551	158206
	U	9006428	7009875	158218
	U	9006428	7002849	158237
	U	9006428	7002683	158239
	U	9006428	4011996	158249
	U	9006428	4012019	158253
	U	9006428	4012151	158256
	U	9006428	4012175	158259
	U	9006428	7007841	158292
	U	9006428	4012512	158297
	U	9006428	4012742	158382
	U	9006428	7001403	183379
	U	9006428	4005666	183491
	U	9006428	7011731	312665
	U	9006428	7008653	315656
	U	9006428	7015540	323649
	U	9006428	7016683	325018
	U	9006428	4001836	325614
	U	9006428	7011724	336650
	U	9006428	7015391	340062
	U	9006428	4000001	143385
	U	9006428	4000068	143452
	U	9006428	7016898	143576
	U	9006428	4001645	145042
	U	9006428	4002378	145780
	U	9006428	4002437	145839
	U	9006428	7014598	155538
	U	9006428	4000001	156331
	U	9006428	7000765	156395
	U	9006428	4000332	156402
	U	9006428	4000727	156413
	U	9006428	7024409	156419
	U	9006428	7006470	156428
	U	9006428	7004569	156440
	U	9006428	7005236	156448
	U	9006428	7006834	156462
	U	9006428	4003757	156472
	U	9006428	7013245	156573
	U	9006428	7024413	156581
	U	9006428	7016881	156583
	U	9006428	7001360	156586
	U	9006428	4010555	156591
	U	9006428	7016893	156592
	U	9006428	7016546	156601
	U	9006428	7011019	156665
	U	9006428	4000299	156683
	U	9006428	4000453	156709
	U	9006428	7001105	156714
	U	9006428	4000520	156724
	U	9006428	7001900	156726
	U	9006428	7014741	156750
	U	9006428	4001045	156779
	U	9006428	7005629	156790
	U	9006428	7004985	156799
	U	9006428	7003052	156808
	U	9006428	7001196	156824
	U	9006428	7001758	156833
	U	9006428	7006657	156839
	U	9006428	4001905	156878
	U	9006428	7016465	156889
	U	9006428	4002116	156900
	U	9006428	7006301	156922
	U	9006428	7005236	156940
	U	9006428	4002572	156943
	U	9006428	7010934	156979
	U	9006428	7008539	156982
	U	9006428	7010815	156989
	U	9006428	7011404	156990
	U	9006428	4003032	156995
	U	9006428	7010739	156999
	U	9006428	7010122	157000
	U	9006428	7012913	157012
	U	9006428	4003215	157020
	U	9006428	4003280	157027
	U	9006428	4003310	157032
	U	9006428	4003488	157057
	U	9006428	4003678	157076
	U	9006428	7004167	157091
	U	9006428	4003850	157094
	U	9006428	7004973	157101
	U	9006428	7003408	157120
	U	9006428	7006755	157143
	U	9006428	4004539	157163
	U	9006428	4004545	157168
	U	9006428	7005498	157177
	U	9006428	4004712	157191
	U	9006428	4004901	157208
	U	9006428	7006625	157226
	U	9006428	7013713	157231
	U	9006428	7001383	157246
	U	9006428	7017020	157277
	U	9006428	4005247	157278
	U	9006428	7010826	157283
	U	9006428	7007787	157285
	U	9006428	7011608	157317
	U	9006428	7014782	157333
	U	9006428	7010485	157391
	U	9006428	7018694	157392
	U	9006428	7017250	157458
	U	9006428	7009256	157460
	U	9006428	7009270	157501
	U	9006428	7009291	157539
	U	9006428	4006440	157559
	U	9006428	4006449	157564
	U	9006428	7011697	157581
	U	9006428	7002281	157596
	U	9006428	7007848	157598
	U	9006428	7010192	157610
	U	9006428	4007174	157645
	U	9006428	7011710	157657
	U	9006428	7010357	157670
	U	9006428	7009362	157671
	U	9006428	4007725	157707
	U	9006428	7011715	157721
	U	9006428	4007961	157730
	U	9006428	7015813	157740
	U	9006428	7002608	157761
	U	9006428	4008254	157767
	U	9006428	4008379	157777
	U	9006428	7004705	157818
	U	9006428	7006196	157825
	U	9006428	7011283	157842
	U	9006428	7017394	157846
	U	9006428	7001663	157851
	U	9006428	7017461	157861
	U	9006428	7012115	157873
	U	9006428	4009169	157880
	U	9006428	7009474	157900
	U	9006428	7007978	157904
	U	9006428	7016452	157914
	U	9006428	4009511	157915
	U	9006428	7008081	157918
	U	9006428	7003835	157922
	U	9006428	7003420	157926
	U	9006428	7003420	157928
	U	9006428	7003420	157929
	U	9006428	7010091	157937
	U	9006428	7007300	157944
	U	9006428	4009879	157950
	U	9006428	4010052	157969
	U	9006428	7008643	157971
	U	9006428	7007480	157975
	U	9006428	7017234	157976
	U	9006428	7001171	157978
	U	9006428	7009099	157980
	U	9006428	7001367	157999
	U	9006428	4010468	158014
	U	9006428	4010816	158067
	U	9006428	4010963	158087
	U	9006428	7001319	158126
	U	9006428	7001319	158128
	U	9006428	7001319	158129
	U	9006428	7009076	158136
	U	9006428	7007831	158148
	U	9006428	7010645	158172
	U	9006428	4011486	158178
	U	9006428	4011515	158181
	U	9006428	4011616	158199
	U	9006428	4011617	158201
	U	9006428	4011766	158224
	U	9006428	4011832	158227
	U	9006428	4011916	158238
	U	9006428	4012405	158275
	U	2009007034	7017281	325875
	U	2009007034	7017329	325954
	U	2009007034	7017348	325992
	U	2009007034	7017349	325994
	U	2009007034	7017358	326012
	U	2009007034	7017365	326026
	U	2009007034	7017371	326040
	U	2009007034	7017384	326111
	U	2009007034	7017501	326308
	U	2009007034	7017578	326462
	U	2009007034	7017725	326673
	U	2009007034	7017858	326754
	U	2009007034	7017859	326755
	U	2009007034	7017875	326774
	U	2009007034	7017698	326800
	U	2009007034	7017973	326802
	U	2009007034	7017913	326809
	U	2009007034	7017975	326822
	U	2009007034	7017682	326831
	U	2009007034	7017711	326846
	U	2009007034	1000501	326891
	U	2009007034	1000680	326895
	U	2009007034	7018188	327064
	U	2009007034	7018190	327068
	U	2009007034	1007085	327074
	U	2009007034	7018206	327109
	U	2009007034	7018219	327220
	U	2009007034	7018221	327225
	U	2009007034	7018223	327231
	U	2009007034	7018225	327235
	U	2009007034	7016783	327278
	U	2009007034	7018246	327290
	U	2009007034	7018268	327335
	U	2009007034	7018279	327357
	U	2009007034	7018310	327417
	U	2009007034	7018317	327431
	U	2009007034	7018462	327660
	U	2009007034	1000919	327672
	U	2009007034	7016808	327834
	U	2009007034	1000122	329868
	U	2009007034	7018700	346622
	U	2009007034	7018705	346638
	U	2009007034	7018749	347182
	U	2009007034	2002024	318904
	U	2009007034	2002025	318905
	U	2009007034	2002029	318909
	U	2009007034	2002030	318910
	U	2009007034	2002038	318918
	U	2009007034	2002043	318923
	U	2009007034	2002056	318936
	U	2009007034	2002058	318938
	U	2009007034	2002076	318956
	U	2009007034	2002085	318965
	U	2009007034	2002094	318974
	U	2009007034	2002100	318980
	U	2009007034	2002108	318988
	U	2009007034	2002115	318995
	U	2009007034	2002121	319001
	U	2009007034	2002129	319009
	U	2009007034	2002132	319019
	U	2009007034	7014334	319050
	U	2009007034	2002144	319065
	U	2009007034	2002154	319075
	U	2009007034	2002158	319079
	U	2009007034	2002159	319080
	U	2009007034	2002165	319086
	U	2009007034	2002172	319093
	U	2009007034	2002175	319096
	U	2009007034	2002183	319104
	U	2009007034	1002521	319124
	U	2009007034	1002552	319126
	U	2009007034	1002553	319127
	U	2009007034	1002594	319129
	U	2009007034	1002742	319131
	U	2009007034	7014510	319135
	U	2009007034	2002239	319143
	U	2009007034	2002241	319145
	U	2009007034	2002242	319146
	U	2009007034	2002249	319153
	U	2009007034	1002998	319167
	U	2009007034	2002305	319169
	U	2009007034	2002307	319171
	U	2009007034	2002309	319173
	U	2009007034	2002318	319182
	U	2009007034	2002324	319188
	U	2009007034	2002325	319189
	U	2009007034	2002340	319204
	U	2009007034	2002344	319208
	U	2009007034	2002348	319212
	U	2009007034	2002351	319215
	U	2009007034	2002356	319220
	U	2009007034	2002373	319237
	U	2009007034	1002205	319252
	U	2009007034	1002449	319253
	U	2009007034	1002741	319254
	U	2009007034	2002281	319283
	U	2009007034	2002288	319290
	U	2009007034	7018474	319324
	U	2009007034	7010374	319336
	U	2009007034	7010426	319369
	U	2009007034	7010434	319375
	U	2009007034	7010437	319378
	U	2009007034	7010496	319397
	U	2009007034	7010867	319635
	U	2009007034	7002711	319656
	U	2009007034	7011266	319748
	U	2009007034	7002689	319849
	U	2009007034	7011170	319856
	U	2009007034	4003963	319867
	U	2009007034	7002683	319868
	U	2009007034	7011171	319875
	U	2009007034	7011178	319879
	U	2009007034	1007580	319970
	U	2009007034	3000929	319984
	U	2009007034	7010346	320183
	U	2009007034	1007519	320323
	U	2009007034	1006217	320344
	U	2009007034	7011845	320388
	U	2009007034	7011667	320477
	U	2009007034	7011999	320481
	U	2009007034	7002730	320547
	U	2009007034	7002731	320548
	U	2009007034	7002755	320556
	U	2009007034	7012066	320572
	U	2009007034	7011670	320658
	U	2009007034	1003394	320780
	U	2009007034	1003267	320996
	U	2009007034	1002333	321059
	U	2009007034	1003279	321069
	U	2009007034	7013132	321188
	U	2009007034	7013230	321338
	U	2009007034	7013251	321382
	U	2009007034	7013479	321709
	U	2009007034	7013737	321869
	U	2009007034	7013746	321877
	U	2009007034	7013759	321893
	U	2009007034	7013774	321910
	U	2009007034	7013789	321916
	U	2009007034	7013921	321945
	U	2009007034	7014400	322095
	U	2009007034	7014727	322295
	U	2009007034	1003377	322421
	U	2009007034	7011589	322440
	U	2009007034	7014846	322543
	U	2009007034	7014847	322547
	U	2009007034	7014868	322580
	U	2009007034	1001397	322619
	U	2009007034	1000650	322621
	U	2009007034	7014956	322741
	U	2009007034	7014958	322745
	U	2009007034	7014971	322804
	U	2009007034	7014972	322806
	U	2009007034	7014975	322811
	U	2009007034	7014996	322839
	U	2009007034	7015014	322847
	U	2009007034	7015032	322881
	U	2009007034	7015037	322891
	U	2009007034	7015039	322898
	U	2009007034	1001862	322915
	U	2009007034	7015062	322928
	U	2009007034	7015065	322934
	U	2009007034	7015072	322949
	U	2009007034	7015081	322963
	U	2009007034	7015087	322967
	U	2009007034	7015117	323027
	U	2009007034	7015131	323055
	U	2009007034	7015132	323057
	U	2009007034	7015135	323063
	U	2009007034	7015145	323083
	U	2009007034	7012067	323145
	U	2009007034	7015177	323203
	U	2009007034	7015179	323207
	U	2009007034	7015186	323221
	U	2009007034	7015188	323225
	U	2009007034	7015190	323229
	U	2009007034	7015193	323241
	U	2009007034	7015211	323272
	U	2009007034	7015214	323278
	U	2009007034	7015216	323282
	U	2009007034	7015239	323328
	U	2009007034	7015246	323342
	U	2009007034	7015256	323362
	U	2009007034	7015273	323396
	U	2009007034	7015280	323408
	U	2009007034	7015284	323414
	U	2009007034	7015287	323420
	U	2009007034	7015326	323455
	U	2009007034	7015493	323563
	U	2009007034	7015510	323573
	U	2009007034	7015538	323646
	U	2009007034	7015655	323817
	U	2009007034	7015744	324430
	U	2009007034	7015781	324478
	U	2009007034	7015787	324482
	U	2009007034	7015807	324493
	U	2009007034	7015908	324553
	U	2009007034	7015965	324623
	U	2009007034	7016145	324763
	U	2009007034	7016151	324764
	U	2009007034	7016409	324845
	U	2009007034	7016437	324862
	U	2009007034	7016801	325046
	U	2009007034	7016935	325161
	U	2009007034	7016989	325183
	U	2009007034	7016990	325186
	U	2009007034	7017001	325217
	U	2009007034	7017120	325412
	U	2009007034	7003724	325534
	U	2009007034	7003728	325538
	U	2009007034	7004716	325540
	U	2009007034	7017313	325920
	U	2009007034	7017336	325970
	U	2009007034	7017338	325974
	U	2009007034	7017353	326002
	U	2009007034	7017357	326010
	U	2009007034	7017382	326107
	U	2009007034	7017383	326109
	U	2009007034	7017448	326216
	U	2009007034	7017476	326257
	U	2009007034	7017596	326517
	U	2009007034	7017723	326668
	U	2009007034	7017866	326765
	U	2009007034	7017868	326768
	U	2009007034	7017700	326798
	U	2009007034	7017912	326808
	U	2009007034	7017976	326836
	U	2009007034	7017883	326843
	U	2009007034	7017922	326864
	U	2009007034	1000726	326896
	U	2009007034	7017193	326933
	U	2009007034	7017841	327020
	U	2009007034	7018201	327104
	U	2009007034	7018227	327241
	U	2009007034	7018242	327274
	U	2009007034	7018270	327339
	U	2009007034	7018275	327349
	U	2009007034	7018276	327351
	U	2009007034	7018280	327359
	U	2009007034	7018282	327363
	U	2009007034	7018416	327560
	U	2009007034	7000509	327584
	U	2009007034	7000684	327610
	U	2009007034	7018459	327654
	U	2009007034	7018469	327669
	U	2009007034	7017505	327684
	U	2009007034	7017507	327686
	U	2009007034	7018476	327696
	U	2009007034	7018478	327700
	U	2009007034	7018481	327706
	U	2009007034	7018511	327764
	U	2009007034	1000987	327825
	U	2009007034	7018569	327887
	U	2009007034	7018589	327912
	U	2009007034	7018620	328081
	U	2009007034	7011581	340074
	U	2009007034	7018736	346739
	U	2009007034	1018699	351285
	U	2009007034	1032898	351938
	U	2009007034	1075483	358659
	U	2009007034	2022070	397245
	U	2009007034	2110587	397262
	U	2009007034	2068308	397283
	U	2009007034	2015333	397297
	U	2009007034	2015386	397306
	U	2009007034	2103969	397343
	U	2009007034	2104063	397348
	U	2009007034	2064688	397349
	U	2009007034	2047129	397371
	U	2009007034	2042808	397372
	U	9006428	7010328	158286
	U	9006428	7016798	158287
	U	9006428	7006897	158300
	U	9006428	4012539	158304
	U	9006428	7003396	312517
	U	9006428	7005004	313430
	U	9006428	7007142	315221
	U	9006428	4003565	315718
	U	9006428	4004856	322169
	U	9006428	7024097	1157118
	N	2009007119	7003978	1001175952
	N	2009007120	1111839	1001175954
	N	2009007051	7018359	1001174506
accessed 12/06/2000	U	9006883	6000856	166175
accessed 12/06/2000	U	9006883	6001204	166523
accessed 12/06/2000	U	9006883	6001603	1164065
accessed 12/06/2000	U	9006883	6001678	1164063
accessed 01/03/2001	U	9006884	1110757	1164853
accessed 01/03/2001	U	9006884	6003508	1164846
accessed 01/03/2001	U	9006884	6003819	1164848
accessed 01/03/2001	U	9006884	6004291	169610
accessed 01/03/2001	U	9006884	6004344	169663
accessed 01/03/2001	U	9006884	6005710	171029
accessed 01/03/2001	U	9006884	6005847	171166
accessed 01/03/2001	U	9006884	6005871	1164849
accessed 01/03/2001	U	9006884	6005871	1164850
accessed 01/03/2001	U	9006884	6005950	171269
accessed 01/03/2001	U	9006884	7025827	1164845
accessed 12/03/2001	U	9006884	7025828	365845
	U	9006971	7026342	1166602
accessed 27 September 2004	N	9006971	7008924	1001179757
	U	2009007034	2001598	318134
	U	2009007034	2001601	318137
	U	2009007034	1002307	318161
	U	2009007034	1002329	318165
	U	2009007034	1002372	318167
	U	2009007034	1002596	318184
	U	2009007034	1002607	318186
	U	2009007034	1002611	318187
	U	2009007034	1002654	318191
	U	2009007034	1002697	318195
	U	2009007034	1002784	318199
	U	2009007034	1002811	318203
	U	2009007034	1003007	318217
	U	2009007034	2001611	318222
	U	2009007034	2001641	318252
	U	2009007034	2001659	318270
	U	2009007034	2001666	318277
	U	2009007034	2001670	318281
	U	2009007034	2001676	318287
	U	2009007034	2001678	318289
	U	2009007034	2001686	318297
	U	2009007034	2001690	318301
	U	2009007034	2001714	318337
	U	2009007034	2001464	318354
	U	2009007034	2001471	318361
	U	2009007034	2001483	318373
	U	2009007034	2001490	318380
	U	2009007034	2001510	318400
	U	2009007034	2001520	318410
	U	2009007034	2001521	318411
	U	2009007034	2001524	318414
	U	2009007034	2001533	318423
	U	2009007034	2001543	318433
	U	2009007034	2001544	318434
	U	2009007034	1002229	318458
	U	2009007034	1002358	318471
	U	2009007034	1002690	318492
	U	2009007034	1002904	318502
	U	2009007034	1002945	318505
	U	2009007034	1002988	318508
	U	2009007034	1003017	318511
	U	2009007034	2001731	318526
	U	2009007034	2001742	318537
	U	2009007034	2001748	318543
	U	2009007034	2001752	318547
	U	2009007034	2001759	318554
	U	2009007034	2001760	318555
	U	2009007034	2001780	318575
	U	2009007034	2001782	318577
	U	2009007034	2001788	318583
	U	2009007034	2001790	318585
	U	2009007034	2001792	318587
	U	2009007034	2001795	318590
	U	2009007034	2001798	318593
	U	2009007034	2001802	318597
	U	2009007034	2001804	318599
	U	2009007034	2001807	318602
	U	2009007034	2001832	318627
	U	2009007034	2001851	318646
	U	2009007034	2001861	318656
	U	2009007034	2001865	318660
	U	2009007034	2001882	318677
	U	2009007034	2001887	318682
	U	2009007034	7022544	318686
	U	2009007034	2001896	318691
	U	2009007034	2001897	318692
	U	2009007034	2001900	318695
	U	2009007034	2001920	318715
	U	2009007034	2001923	318718
	U	2009007034	2001930	318725
	U	2009007034	2001931	318726
	U	2009007034	1002220	318736
	U	2009007034	1002388	318751
	U	2009007034	1002414	318755
	U	2009007034	1002429	318757
	U	2009007034	1002463	318762
	U	2009007034	1002464	318763
	U	2009007034	1002533	318771
	U	2009007034	1002696	318784
	U	2009007034	1002771	318788
	U	2009007034	1002954	318800
	U	2009007034	1002981	318806
	U	2009007034	1003031	318810
	U	2009007034	2001942	318822
	U	2009007034	2001944	318824
	U	2009007034	2001956	318836
	U	2009007034	2001962	318842
	U	2009007034	2001964	318844
	U	2009007034	2001971	318851
	U	2009007034	2001972	318852
	U	2009007034	2001987	318867
	U	2009007034	2001997	318877
	U	2009007034	2002014	318894
	U	2009007034	2002017	318897
	U	2009007034	2002028	318908
	U	2009007034	2002032	318912
	U	2009007034	2002039	318919
	U	2009007034	2002055	318935
	U	2009007034	2002059	318939
	U	2009007034	2002060	318940
	U	2009007034	2002063	318943
	U	2009007034	2002068	318948
	U	2009007034	2002078	318958
	U	2009007034	2002082	318962
	U	2009007034	2002091	318971
	U	2009007034	2002099	318979
	U	2009007034	2002110	318990
	U	2009007034	2002114	318994
	U	2009007034	2002117	318997
	U	2009007034	2002134	319021
	U	2009007034	1002235	319026
	U	2009007034	1002368	319031
	U	2009007034	2002140	319061
	U	2009007034	2002146	319067
	U	2009007034	2002147	319068
	U	2009007034	2002169	319090
	U	2009007034	2002171	319092
	U	2009007034	2002184	319105
	U	2009007034	2002186	319107
	U	2009007034	2002196	319117
	U	2009007034	1002899	319137
	U	2009007034	2002240	319144
	U	2009007034	2002247	319151
	U	2009007034	2002250	319154
	U	2009007034	1002815	319164
	U	2009007034	1002982	319166
	U	2009007034	2002313	319177
	U	2009007034	2002315	319179
	U	2009007034	2002321	319185
	U	2009007034	7020939	319186
	U	2009007034	2002328	319192
	U	2009007034	2002330	319194
	U	2009007034	2002338	319202
	U	2009007034	2002339	319203
	U	2009007034	2002343	319207
	U	2009007034	2002357	319221
	U	2009007034	2002358	319222
	U	2009007034	2002359	319223
	U	2009007034	2002377	319241
	U	2009007034	2002383	319247
	U	2009007034	2002384	319248
	U	2009007034	2002269	319271
	U	2009007034	2002279	319281
	U	2009007034	2002282	319284
	U	2009007034	2002283	319285
	U	2009007034	2002287	319289
	U	2009007034	2002296	319298
	U	2009007034	2002297	319299
	U	2009007034	7010432	319373
	U	2009007034	7010452	319389
	U	2009007034	7010455	319392
	U	2009007034	7010505	319398
	U	2009007034	7011138	319811
	U	2009007034	7011168	319846
	U	2009007034	7002739	319858
	U	2009007034	7011233	319950
	U	2009007034	7011191	319974
	U	2009007034	4012807	319986
	U	2009007034	7011381	320073
	U	2009007034	7011533	320166
	U	2009007034	7011681	320299
	U	2009007034	7002712	320334
	U	2009007034	7002706	320348
	U	2009007034	7011802	320349
	U	2009007034	7011664	320476
	U	2009007034	7002707	320519
	U	2009007034	1008677	320520
	U	2009007034	7002673	320525
	U	2009007034	7011070	320542
	U	2009007034	7012253	320829
	U	2009007034	7011686	320838
	U	2009007034	7012259	320840
	U	2009007034	7012900	320937
	U	2009007034	7012912	320963
	U	2009007034	7012918	320977
	U	2009007034	1003262	320988
	U	2009007034	7011453	321004
	U	2009007034	1003363	321056
	U	2009007034	1002616	321062
	U	2009007034	1003148	321067
	U	2009007034	7005941	321068
	U	2009007034	7012251	321123
	U	2009007034	7011682	321124
	U	2009007034	7013014	321130
	U	2009007034	1009740	321158
	U	2009007034	7013171	321217
	U	2009007034	1002560	321403
	U	2009007034	7013277	321437
	U	2009007034	7013335	321471
	U	2009007034	7013432	321653
	U	2009007034	7013460	321689
	U	2009007034	7013473	321703
	U	2009007034	7013475	321705
	U	2009007034	7013476	321706
	U	2009007034	7013740	321872
	U	2009007034	7013745	321876
	U	2009007034	7013751	321884
	U	2009007034	7013753	321887
	U	2009007034	7013755	321889
	U	2009007034	7013761	321896
	U	2009007034	7013784	321915
	U	2009007034	7014338	322074
	U	2009007034	7014467	322122
	U	2009007034	7014721	322292
	U	2009007034	7014756	322305
	U	2009007034	7014763	322318
	U	2009007034	1003314	322402
	U	2009007034	1003555	322405
	U	2009007034	1003388	322435
	U	2009007034	7014826	322479
	U	2009007034	7014836	322514
	U	2009007034	7014849	322551
	U	2009007034	7014850	322553
	U	2009007034	7005460	322611
	U	2009007034	7014954	322737
	U	2009007034	7014957	322743
	U	2009007034	7014963	322755
	U	2009007034	1003397	322768
	U	2009007034	7011590	322771
	U	2009007034	1003407	322776
	U	2009007034	1003408	322777
	U	2009007034	7015028	322873
	U	2009007034	7015033	322883
	U	2009007034	7015035	322887
	U	2009007034	7015059	322922
	U	2009007034	7015067	322938
	U	2009007034	2019519	397386
	U	2009007034	2099421	397388
	U	2009007034	2064912	397389
	U	2009007034	2028311	397396
	U	2009007034	2039397	397399
	U	2009007034	2099603	397401
	U	2009007034	2104880	397402
	U	2009007034	2112292	397403
	U	2009007034	2015814	397421
	U	2009007034	2047620	397423
	U	2009007034	2028637	397434
	U	2009007034	2112558	397440
	U	2009007034	2020118	397445
	U	2009007034	2080310	397446
	U	2009007034	2105625	397453
	U	2009007034	2048076	397495
	U	2009007034	2113428	397501
	U	2009007034	2100796	397509
	U	2009007034	2071403	397512
	U	2009007034	2091543	397516
	U	2009007034	2020798	397518
	U	2009007034	2113664	397528
	U	2009007034	2040804	397531
	U	2009007034	2024163	397556
	U	2009007034	2035610	397558
	U	2009007034	2024307	397565
	U	2009007034	2048763	397573
	U	2009007034	2014325	397577
	U	2009007034	2048792	397581
	U	2009007034	2114890	397626
	U	2009007034	2060862	397634
	U	2009007034	2030794	397656
	U	2009007034	2000072	397659
	U	2009007034	2000074	397661
	U	2009007034	2000076	397663
	U	2009007034	7019315	1154520
	U	2009007034	7021156	1154999
	U	2009007034	7021566	1155051
	U	2009007034	7021571	1155056
	U	2009007034	7021699	1155086
	U	2009007034	7022226	1155403
	U	2009007034	1007114	1155453
	U	2009007034	7018759	350648
	U	2009007034	1055405	353734
	U	2009007034	2010119	397248
	U	2009007034	2046287	397274
	U	2009007034	2087526	397312
	U	2009007034	7019771	397328
	U	2009007034	2019170	397331
	U	2009007034	2019224	397345
	U	2009007034	2063419	397350
	U	2009007034	2088767	397378
	U	2009007034	2031987	397380
	U	2009007034	2003914	397406
	U	2009007034	2099653	397408
	U	2009007034	2080352	397452
	U	2009007034	2105855	397464
	U	2009007034	2090771	397470
	U	2009007034	2070594	397474
	U	2009007034	2020502	397491
	U	2009007034	2113478	397511
	U	2009007034	2029583	397519
	U	2009007034	2055235	397525
	U	2009007034	2020894	397527
	U	2009007034	2107143	397543
	U	2009007034	2092524	397544
	U	2009007034	2030153	397568
	U	2009007034	2066195	397575
	U	2009007034	2021316	397579
	U	2009007034	2108338	397628
	U	2009007034	2114990	397644
	U	2009007034	2108450	397645
	U	2009007034	2060924	397648
	U	2009007034	2082651	397653
	U	2009007034	2000073	397660
	U	2009007034	2000080	397666
	U	2009007034	7019214	1154493
	U	2009007034	7020652	1154907
	U	2009007034	7021558	1155044
	U	2009007034	7021561	1155047
	U	2009007034	7021570	1155055
	U	2009007034	7021577	1155062
	U	2009007034	7021578	1155063
	U	2009007034	7021579	1155064
	U	2009007034	7021615	1155069
	U	2009007034	7021734	1155118
	U	2009007034	7022224	1155402
	U	2009007034	7022243	1155444
	U	2009007034	1006597	1155450
	U	2009007034	2001280	1155454
	U	2009007034	1002511	1155455
	U	2009007034	2001285	1155460
	U	2009007034	2001294	1155464
	U	2009007034	2001239	1155473
	U	2009007034	2000900	1155475
	U	2009007034	2124023	1155493
	U	2009007034	2124089	1155496
	U	2009007034	2124025	1155503
	U	2009007034	2175302	1155509
	U	2009007034	7023929	1155716
	U	2009007034	2124005	1155771
	U	2009007034	7023962	1155874
	U	2009007034	7024038	1157401
	U	2009007034	7024040	1157407
	U	2009007034	7024074	1157516
	U	2009007034	1126173	1157544
	U	2009007034	7011627	1157617
	U	2009007034	7024152	1157853
	U	2009007034	7024153	1157855
	U	2009007034	7024162	1157875
	U	2009007034	7024164	1157879
	U	2009007034	7024188	1157930
	U	2009007034	7024191	1157939
	U	2009007034	7024195	1157991
	U	2009007034	7024425	1158740
	U	2009007034	7005332	1159296
	U	2009007034	7005685	1159320
	U	2009007034	7026767	1167795
	U	2009007034	1030598	1168228
	U	2009007034	7027148	1168774
	U	2009007034	7027253	1169083
	U	2009007034	1030504	1169574
	U	2009007034	7028061	1171545
	U	2009007034	7028117	1001171710
	U	2009007034	7028159	1001171847
	U	2009007034	7028165	1001171864
	U	2009007034	7028509	1001173174
	U	2009007034	7029392	1001175299
constructed name for display name	N	2009007091	1124997	1001175549
accessed 11/01	P	2009007028	7002699	334308
"Athens and Thebes." Accessed 05/29/2002.	N	2009007028	7001297	1001175259
"Athens and Thebes." Accessed 05/29/2002.	N	2009007028	7029383	1001175279
"France: the Land." Accessed 08//06/2002.	P	2009007028	1033969	1001175564
	U	9006563	1000006	6
	U	9006563	1000065	83
	U	9006563	1000176	272
	U	9006563	1100515	1155737
	U	9006563	1100676	101673
	U	9006563	1100676	1155563
	U	9006563	2092258	276934
	U	9006563	2715101	1155572
	U	9006563	6000246	165565
	U	9006563	6000280	165599
	U	9006563	6000362	165681
	U	9006563	6000367	165686
	U	9006563	6000390	165709
	U	9006563	6000398	165717
	U	9006563	6000504	165823
	U	9006563	6000511	165830
	U	9006563	6000518	165837
	U	9006563	6000539	165858
	U	9006563	6000546	165865
	U	9006563	6000603	165922
	U	9006563	6000604	165923
	U	9006563	6000671	165990
	U	9006563	6000680	165999
	U	9006563	6000738	166057
	U	9006563	6000790	166109
	U	9006563	6000891	166210
	U	9006563	6000902	166221
	U	9006563	6000925	166244
	U	9006563	6000972	166291
	U	9006563	6001043	166362
	U	9006563	6001102	166421
	U	9006563	6001162	166481
	U	9006563	6001169	166488
	U	9006563	6001186	166505
	U	9006563	6001215	166534
	U	9006563	6001221	166540
	U	9006563	6001232	166551
	U	9006563	6001272	166591
	U	9006563	6001297	166616
	U	9006563	6001334	166653
	U	9006563	6001406	166725
	U	9006563	6001412	166731
	U	9006563	6001424	166743
	U	9006563	6001426	166745
	U	9006563	6001427	166746
	U	9006563	6001444	166763
	U	9006563	6001447	166766
	U	9006563	6001458	166777
	U	9006563	6001493	166812
	U	9006563	6001513	166832
	U	9006563	6001548	166867
	U	9006563	6001567	166886
	U	9006563	6001590	166909
	U	9006563	6001605	166924
	U	9006563	6001671	166990
	U	9006563	6001698	167017
	U	9006563	6001715	167034
	U	9006563	6001725	167044
	U	9006563	6001749	167068
	U	9006563	6001757	167076
	U	9006563	6001781	167100
	U	9006563	6001822	167141
	U	9006563	6001826	167145
	U	9006563	6001832	167151
	U	9006563	6001902	167221
	U	9006563	6001948	167267
	U	9006563	6001970	167289
	U	9006563	6002001	167320
	U	9006563	6002007	167326
	U	9006563	6002071	1155571
	U	9006563	6002081	167400
	U	9006563	6002136	167455
	U	9006563	6002136	1154099
	U	9006563	6002142	167461
	U	9006563	6002142	1154100
	U	9006563	6002158	167477
	U	9006563	6002185	167504
	U	9006563	6002186	167505
	U	9006563	6002186	1154101
	U	9006563	6002186	1154102
	U	9006563	6002201	167520
	U	9006563	6002201	172983
	U	9006563	6002218	167537
	U	9006563	6002223	167542
	U	9006563	6002229	167548
	U	9006563	6002235	167554
	U	9006563	6002243	167562
	U	9006563	6002246	167565
	U	9006563	6002285	167604
	U	9006563	6002296	167615
	U	9006563	6002371	167690
	U	9006563	6002377	167696
	U	9006563	6002379	167698
	U	9006563	6002381	167700
	U	9006563	6002400	167719
	U	9006563	6002411	167730
	U	9006563	6002411	1154133
	U	9006563	6002411	1154134
	U	9006563	6002448	167767
	U	9006563	6002500	167819
	U	9006563	6002574	167893
	U	9006563	6002604	167923
	U	9006563	6002605	167924
	U	9006563	6002660	167979
	U	9006563	6002684	168003
	U	9006563	6002692	168011
	U	9006563	6002702	168021
	U	9006563	6002713	168032
	U	9006563	6002726	168045
	U	9006563	6002730	168049
	U	9006563	6002733	168052
	U	9006563	6002739	168058
	U	9006563	6002753	168072
	U	9006563	6002755	168074
	U	9006563	6002755	173192
	U	9006563	6002755	1154219
	U	9006563	6002798	168117
	U	9006563	6002798	1154224
	U	9006563	6002839	168158
	U	9006563	6002865	168184
	U	9006563	6002893	168212
	U	9006563	6002898	168217
	U	9006563	6002927	1154255
	U	9006563	6002941	168260
	U	9006563	6002956	168275
	U	9006563	6002980	168299
	U	9006563	6003057	168376
	U	9006563	6003059	168378
	U	9006563	6003071	168390
	U	9006563	6003071	173311
	U	9006563	6003103	168422
	U	2009007034	2091554	276230
	U	2009007034	2091800	276476
	U	2009007034	2091819	276495
	U	2009007034	2092135	276811
	U	2009007034	2092313	276989
	U	2009007034	2092725	277401
	U	2009007034	2092740	277416
	U	2009007034	2092778	277454
	U	2009007034	2092865	277541
	U	2009007034	2092980	277656
	U	2009007034	2093098	277774
	U	2009007034	2093295	277971
	U	2009007034	2093362	278038
	U	2009007034	2093907	278583
	U	2009007034	2094178	278854
	U	2009007034	2094450	279126
	U	2009007034	2094607	279283
	U	2009007034	2094740	279416
	U	2009007034	2094917	279593
	U	2009007034	2095049	279725
	U	2009007034	2095131	279807
	U	2009007034	2095289	279965
	U	2009007034	2095798	280474
	U	2009007034	2096283	280959
	U	2009007034	2098790	283466
	U	2009007034	2098921	283597
	U	2009007034	2098958	283634
	U	2009007034	2099000	283676
	U	2009007034	2099319	283995
	U	2009007034	2100484	285160
	U	2009007034	2100915	285591
	U	2009007034	2101028	285704
	U	2009007034	2101275	285951
	U	2009007034	2101294	285970
	U	2009007034	2101317	285993
	U	2009007034	2101439	286115
	U	2009007034	2101569	286245
	U	2009007034	2102266	286942
	U	2009007034	2102274	286950
	U	2009007034	2102951	287627
	U	2009007034	2103375	288051
	U	2009007034	2103800	288476
	U	2009007034	2103839	288515
	U	2009007034	2104257	288933
	U	2009007034	2105102	289778
	U	2009007034	2105115	289791
	U	2009007034	2105343	290019
	U	2009007034	2105863	290539
	U	2009007034	2106094	290770
	U	2009007034	2106355	291031
	U	2009007034	2106423	291099
	U	2009007034	2106472	291148
	U	2009007034	2106751	291427
	U	2009007034	2106881	291557
	U	2009007034	2107144	291820
	U	2009007034	2107232	291908
	U	2009007034	2107272	291948
	U	2009007034	2107305	291981
	U	2009007034	2107494	292170
	U	2009007034	2107541	292217
	U	2009007034	2107832	292508
	U	2009007034	2108388	293064
	U	2009007034	2108790	293466
	U	2009007034	2108829	293505
	U	2009007034	2109231	293907
	U	2009007034	2109380	294056
	U	2009007034	2109819	294495
	U	2009007034	2109870	294546
	U	2009007034	2110257	294933
	U	2009007034	2110977	295653
	U	2009007034	2111225	295901
	U	2009007034	2111262	295938
	U	2009007034	2111424	296100
	U	2009007034	2111594	296270
	U	2009007034	2111850	296526
	U	2009007034	2112050	296726
	U	2009007034	2112309	296985
	U	2009007034	2112777	297453
	U	2009007034	2113429	298105
	U	2009007034	2113645	298321
	U	2009007034	2113827	298503
	U	2009007034	2113855	298531
	U	2009007034	2113922	298598
	U	2009007034	2114321	298997
	U	2009007034	2114679	299355
	U	2009007034	2115258	299934
	U	2009007034	2116021	300697
	U	2009007034	2116168	300844
	U	2009007034	2116388	301064
	U	2009007034	2116807	301483
	U	2009007034	2116985	301661
	U	2009007034	2117010	301686
	U	2009007034	2117205	301881
	U	2009007034	2117242	301918
	U	2009007034	2117416	302092
	U	2009007034	2117630	302306
	U	2009007034	2118055	302731
	U	2009007034	2118427	303103
	U	2009007034	2118923	303599
	U	2009007034	2119414	304090
	U	2009007034	2119452	304128
	U	2009007034	2119552	304228
	U	2009007034	2120642	305318
	U	2009007034	2120689	305365
	U	2009007034	2120944	305620
	U	2009007034	2121929	306605
	U	2009007034	2121951	306627
	U	2009007034	2122643	307319
	U	2009007034	2122856	307532
	U	2009007034	2123018	307694
	U	2009007034	2123144	307820
	U	2009007034	2123189	307865
	U	2009007034	7003030	312451
	U	2009007034	7003650	312586
	U	2009007034	7003747	312637
	U	2009007034	7003751	312642
	U	2009007034	7003828	312786
	U	2009007034	7000681	312815
	U	2009007034	7004307	313009
	U	2009007034	7004351	313110
	U	2009007034	7004346	313114
	U	2009007034	7004369	313178
	U	2009007034	7004372	313185
	U	2009007034	7004376	313194
	U	2009007034	7000848	313214
	U	2009007034	7000851	313216
	U	2009007034	7000822	313318
	U	2009007034	7001061	313409
	U	2009007034	7005085	313463
	U	2009007034	7005151	313556
	U	2009007034	7005326	313752
	U	2009007034	1001972	313819
	U	2009007034	7005398	313828
	U	2009007034	7005409	313846
	U	2009007034	7005462	313899
	U	2009007034	1000729	313990
	U	2009007034	7005573	314031
	U	2009007034	1000546	314087
	U	2009007034	7005708	314181
	U	2009007034	1002110	314252
	U	2009007034	1000550	314261
	U	2009007034	1000611	314264
	U	2009007034	1000699	314265
	U	2009007034	7002644	314273
	U	2009007034	1000728	314295
	U	2009007034	1000691	314356
	U	2009007034	1009774	314498
	U	2009007034	1001169	314602
	U	2009007034	1001376	314610
	U	2009007034	7018766	314674
	U	2009007034	7006431	314749
	U	2009007034	7006435	314757
	U	2009007034	7006437	314761
	U	2009007034	7006439	314765
	U	2009007034	7006446	314780
	U	2009007034	7006486	314866
	U	2009007034	7006492	314884
	U	2009007034	7006501	314902
	U	2009007034	7006502	314904
	U	2009007034	7006503	314906
	U	2009007034	7006508	314916
	U	2009007034	1000771	314935
	U	2009007034	7006559	314961
	U	2009007034	1000601	314987
	U	2009007034	1000656	314992
	U	2009007034	1000736	314993
	U	2009007034	7006594	315002
	U	2009007034	7006606	315026
	U	2009007034	7006639	315096
	U	2009007034	7002701	315819
	U	2009007034	1000463	315822
	U	2009007034	7009945	316103
	U	2009007034	1006964	316108
	U	2009007034	1001316	316164
	U	2009007034	7010054	316175
	U	2009007034	2000004	316218
	U	2009007034	2000010	316224
	U	2009007034	2000019	316233
	U	2009007034	2000023	316237
	U	2009007034	2000026	316240
	U	2009007034	2000028	316242
	U	2009007034	2000029	316243
	U	2009007034	2000036	316250
	U	2009007034	2000069	316282
	U	2009007034	2000089	316291
	U	2009007034	2000091	316293
	U	2009007034	2000094	316296
	U	2009007034	2000113	316315
	U	2009007034	2000114	316316
	U	2009007034	2000119	316321
	U	2009007034	2000122	316324
	U	2009007034	2000134	316336
	U	2009007034	2000141	316343
	U	2009007034	2000143	316345
	U	2009007034	2000164	316366
	U	2009007034	2000174	316376
	U	2009007034	2000175	316377
	U	2009007034	2000179	316381
	U	2009007034	1002863	316413
	U	2009007034	1003046	316426
	U	2009007034	2000180	316428
	U	2009007034	2000188	316436
	U	2009007034	2000195	316443
	U	2009007034	2000196	316444
	U	2009007034	2000198	316446
	U	2009007034	2000199	316447
	U	2009007034	2000202	316450
	U	2009007034	2000208	316456
	U	2009007034	2000220	316468
	U	2009007034	2000222	316470
	U	2009007034	2000227	316475
	U	2009007034	2000233	316481
	U	2009007034	2000245	316493
	U	2009007034	7021603	316520
	U	2009007034	1002408	316521
	U	2009007034	1002631	316531
	U	2009007034	1002773	316538
	U	2009007034	1002790	316539
	U	2009007034	2000258	316548
	U	2009007034	2000287	316577
	U	2009007034	2000294	316584
	U	2009007034	2000305	316595
	U	2009007034	2000306	316596
	U	2009007034	2000311	316601
	U	2009007034	2000322	316612
	U	2009007034	2000336	316626
	U	2009007034	2000340	316630
	U	2009007034	2000349	316639
	U	2009007034	2000350	316640
	U	2009007034	2000357	316647
	U	2009007034	2000359	316649
	U	2009007034	2000372	316662
	U	2009007034	2000383	316673
	U	2009007034	2000384	316674
	U	2009007034	2000389	316679
	U	2009007034	2000415	316705
	U	2009007034	1002483	316741
	U	2009007034	2000478	316772
	U	2009007034	2000479	316773
	U	2009007034	2000483	316777
	U	2009007034	2000489	316783
	U	2009007034	2000490	316784
	U	2009007034	2000494	316788
	U	2009007034	2000495	316789
	U	2009007034	1002187	316792
	U	2009007034	1002524	316813
	U	2009007034	1002602	316820
	U	2009007034	7019014	316829
	U	2009007034	1002878	316841
	U	2009007034	1002974	316843
	U	2009007034	2000530	316883
	U	2009007034	1002236	316900
	U	2009007034	1002242	316901
	U	2009007034	1002380	316912
	U	2009007034	1002513	316925
	U	2009007034	1002515	316926
	U	2009007034	1002717	316940
	U	2009007034	1002723	316941
	U	2009007034	1002740	316942
	U	2009007034	1002827	316947
	U	2009007034	2000540	316965
	U	2009007034	2000544	316969
	U	2009007034	2000547	316972
	U	2009007034	2000558	316983
	U	2009007034	2000559	316984
	U	2009007034	2000565	316990
	U	2009007034	7019179	317012
	U	2009007034	2000604	317029
	U	2009007034	2000607	317032
	U	9006563	6003165	168484
	U	9006563	6003167	168486
	U	9006563	6003187	168506
	U	9006563	6003231	168550
	U	9006563	6003231	1154299
	U	9006563	6003231	1154301
	U	9006563	6003238	168557
	U	9006563	6003346	168665
	U	9006563	6003668	168987
	U	9006563	6003697	169016
	U	9006563	6003697	357038
	U	9006563	6004345	169664
	U	9006563	6004455	169774
	U	9006563	6004750	170069
	U	9006563	6004817	170136
	U	9006563	6004853	170172
	U	9006563	6005345	174060
	U	9006563	6005470	170789
	U	9006563	6005586	170905
	U	9006563	6005660	170979
	U	9006563	6006176	171495
	U	9006563	6006287	171606
	U	9006563	6006287	1155447
	U	9006563	7002270	167116
	U	9006563	7002851	172179
	U	9006563	7003381	351566
	U	9006563	7003980	43632
	U	9006563	7004002	45433
	U	9006563	7004002	165395
	U	9006563	7011439	1155540
"Judaea & Samaria," accessed Feb. 1998	U	9006563	7016849	1155740
	U	9006563	7016858	143443
	U	9006563	7016898	1155733
	U	9006563	7016904	1155569
	U	9006563	7017451	190119
	U	9006563	7018842	363552
	U	9006563	7018970	183552
	U	9006563	7022244	1155446
	U	9006563	7023807	1155560
	U	9006563	7023807	1155561
	U	9006563	7023939	1155734
	U	9006563	7023940	1155735
	U	2009007034	2013288	197964
	U	2009007034	2013744	198420
	U	2009007034	2014017	198693
	U	2009007034	2014116	198792
	U	2009007034	2014123	198799
	U	2009007034	2014264	198940
	U	2009007034	2014274	198950
	U	2009007034	2014316	198992
	U	2009007034	2014416	199092
	U	2009007034	2014467	199143
	U	2009007034	2014621	199297
	U	2009007034	2014628	199304
	U	2009007034	2014899	199575
	U	2009007034	2015034	199710
	U	2009007034	2015222	199898
	U	2009007034	2015334	200010
	U	2009007034	2015354	200030
	U	2009007034	2015557	200233
	U	2009007034	7015741	200241
	U	2009007034	2015828	200504
	U	2009007034	2015900	200576
	U	2009007034	2016090	200766
	U	2009007034	2016162	200838
	U	2009007034	2016601	201277
	U	2009007034	2016606	201282
	U	2009007034	2016651	201327
	U	2009007034	2016778	201454
	U	2009007034	2016799	201475
	U	2009007034	2016810	201486
	U	2009007034	2016899	201575
	U	2009007034	2017387	202063
	U	2009007034	2017738	202414
	U	2009007034	2017745	202421
	U	2009007034	2017755	202431
	U	2009007034	2017794	202470
	U	2009007034	2017836	202512
	U	2009007034	2017948	202624
	U	2009007034	2018013	202689
	U	2009007034	2018264	202940
	U	2009007034	2018436	203112
	U	2009007034	2018548	203224
	U	2009007034	2018702	203378
	U	2009007034	2018739	203415
	U	2009007034	2018784	203460
	U	2009007034	2018992	203668
	U	2009007034	2019089	203765
	U	2009007034	2019171	203847
	U	2009007034	2019178	203854
	U	2009007034	2019231	203907
	U	2009007034	2019332	204008
	U	2009007034	2019520	204196
	U	2009007034	2019619	204295
	U	2009007034	2019708	204384
	U	2009007034	2019921	204597
	U	2009007034	2020080	204756
	U	2009007034	2020146	204822
	U	2009007034	2020213	204889
	U	2009007034	2020429	205105
	U	2009007034	2020448	205124
	U	2009007034	2020723	205399
	U	2009007034	2020768	205444
	U	2009007034	2020975	205651
	U	2009007034	2021060	205736
	U	2009007034	2021103	205779
	U	2009007034	2021215	205891
	U	2009007034	2021280	205956
	U	2009007034	2021438	206114
	U	2009007034	2021652	206328
	U	2009007034	2021690	206366
	U	2009007034	2022146	206822
	U	2009007034	2022338	207014
	U	2009007034	2022484	207160
	U	2009007034	2022775	207451
	U	2009007034	2023660	208336
	U	2009007034	2024153	208829
	U	2009007034	2024473	209149
	U	2009007034	2024595	209271
	U	2009007034	2024737	209413
	U	2009007034	2024831	209507
	U	2009007034	2024960	209636
	U	2009007034	2025057	209733
	U	2009007034	2025400	210076
	U	2009007034	2025910	210586
	U	2009007034	2026940	211616
	U	2009007034	2026987	211663
	U	2009007034	2027327	212003
	U	2009007034	2027500	212176
	U	2009007034	2027616	212292
	U	2009007034	2027679	212355
	U	2009007034	2027771	212447
	U	2009007034	2027793	212469
	U	2009007034	2028044	212720
	U	2009007034	2028105	212781
	U	2009007034	2028173	212849
	U	2009007034	2028297	212973
	U	2009007034	2028320	212996
	U	2009007034	2028327	213003
	U	2009007034	2028651	213327
	U	2009007034	2028716	213392
	U	2009007034	2028802	213478
	U	2009007034	2028820	213496
	U	2009007034	2028830	213506
	U	2009007034	2028970	213646
	U	2009007034	2029327	214003
	U	2009007034	2029421	214097
	U	2009007034	2029559	214235
	U	2009007034	2029929	214605
	U	2009007034	2030010	214686
	U	2009007034	2030511	215187
	U	2009007034	2030582	215258
	U	2009007034	2030622	215298
	U	2009007034	2030670	215346
	U	2009007034	2030761	215437
	U	2009007034	2031032	215708
	U	2009007034	2031295	215971
	U	2009007034	2031360	216036
	U	2009007034	2031437	216113
	U	2009007034	2031988	216664
	U	2009007034	2032032	216708
	U	2009007034	2032747	217423
	U	2009007034	2033046	217722
	U	2009007034	2033601	218277
	U	2009007034	2033621	218297
	U	2009007034	2033972	218648
	U	2009007034	2034611	219287
	U	2009007034	2035011	219687
	U	2009007034	2036539	221215
	U	2009007034	2036583	221259
	U	2009007034	2037682	222358
	U	2009007034	2037781	222457
	U	2009007034	2038228	222904
	U	2009007034	2038376	223052
	U	2009007034	2038455	223131
	U	2009007034	2038820	223496
	U	2009007034	2039325	224001
	U	2009007034	2039446	224122
	U	2009007034	2039632	224308
	U	2009007034	2039668	224344
	U	2009007034	2039679	224355
	U	2009007034	2040389	225065
	U	2009007034	2040973	225649
	U	2009007034	2041026	225702
	U	2009007034	2041156	225832
	U	2009007034	2041332	226008
	U	2009007034	2041638	226314
	U	2009007034	2041844	226520
	U	2009007034	2042923	227599
	U	2009007034	2043097	227773
	U	2009007034	2043199	227875
	U	2009007034	2043333	228009
	U	2009007034	2043553	228229
	U	2009007034	2043800	228476
	U	2009007034	2044161	228837
	U	2009007034	2044380	229056
	U	2009007034	2044927	229603
	U	2009007034	2045320	229996
	U	2009007034	2045389	230065
	U	2009007034	2045650	230326
	U	2009007034	2045829	230505
	U	2009007034	2045939	230615
	U	2009007034	2045953	230629
	U	2009007034	2045965	230641
	U	2009007034	2046310	230986
	U	2009007034	2046820	231496
	U	2009007034	2046962	231638
	U	2009007034	2047061	231737
	U	2009007034	2047123	231799
	U	2009007034	2047197	231873
	U	2009007034	2047229	231905
	U	2009007034	2047302	231978
	U	2009007034	2047364	232040
	U	2009007034	2047382	232058
	U	2009007034	2047459	232135
	U	2009007034	2047548	232224
	U	2009007034	2047683	232359
	U	2009007034	2047806	232482
	U	2009007034	2047815	232491
	U	2009007034	2047897	232573
	U	2009007034	2048057	232733
	U	2009007034	2048419	233095
	U	2009007034	2048626	233302
	U	2009007034	2048639	233315
	U	2009007034	2048719	233395
	U	2009007034	2048764	233440
	U	2009007034	2048807	233483
	U	2009007034	2048811	233487
	U	2009007034	2048923	233599
	U	2009007034	2049084	233760
	U	2009007034	2049337	234013
	U	2009007034	2049379	234055
	U	2009007034	2049527	234203
	U	2009007034	2049549	234225
	U	2009007034	2049633	234309
	U	2009007034	2049657	234333
	U	2009007034	2049705	234381
	U	2009007034	2049756	234432
	U	2009007034	2049762	234438
	U	2009007034	2049917	234593
	U	2009007034	2049958	234634
	U	2009007034	2049999	234675
	U	2009007034	2050015	234691
	U	2009007034	2050090	234766
	U	2009007034	2050239	234915
	U	2009007034	2050252	234928
	U	2009007034	2050287	234963
	U	2009007034	2050309	234985
	U	2009007034	2050376	235052
	U	2009007034	2050453	235129
	U	2009007034	2050682	235358
	U	2009007034	2050842	235518
	U	2009007034	2050878	235554
	U	2009007034	2051248	235924
	U	2009007034	2051301	235977
	U	2009007034	2051394	236070
	U	2009007034	2051563	236239
	U	2009007034	2051854	236530
	U	2009007034	2051922	236598
	U	2009007034	2052053	236729
	U	2009007034	2052145	236821
	U	2009007034	2052219	236895
	U	2009007034	2052518	237194
	U	2009007034	2052658	237334
	U	2009007034	2052696	237372
	U	2009007034	2052730	237406
	U	2009007034	2052738	237414
	U	2009007034	2053057	237733
	U	2009007034	7015074	322953
	U	2009007034	7015089	322971
	U	2009007034	7015096	322985
	U	2009007034	7015099	322991
	U	2009007034	7015107	323007
	U	2009007034	7015108	323009
	U	2009007034	7015114	323021
	U	2009007034	7015116	323025
	U	2009007034	7015119	323031
	U	2009007034	7015121	323035
	U	2009007034	7015136	323065
	U	2009007034	7015140	323073
	U	2009007034	7015144	323081
	U	2009007034	7015148	323089
	U	2009007034	1003361	323131
	U	2009007034	7015176	323201
	U	2009007034	7015210	323270
	U	2009007034	7015212	323274
	U	2009007034	7015217	323284
	U	2009007034	7015218	323286
	U	2009007034	7015224	323298
	U	2009007034	7015226	323302
	U	2009007034	7015252	323354
	U	2009007034	7015258	323366
	U	2009007034	7015262	323374
	U	2009007034	7015263	323376
	U	2009007034	7015267	323384
	U	2009007034	7015270	323390
	U	2009007034	7015276	323400
	U	2009007034	7015292	323430
	U	2009007034	7015319	323452
	U	2009007034	7015357	323459
	U	2009007034	7015393	323467
	U	2009007034	7015571	323681
	U	2009007034	7015575	323684
	U	2009007034	7015640	323794
	U	2009007034	7015679	323879
	U	2009007034	7015719	323893
	U	2009007034	7015751	324438
	U	2009007034	7015900	324533
	U	2009007034	7015901	324536
	U	2009007034	7016029	324638
	U	2009007034	7016046	324644
	U	2009007034	2000611	317036
	U	2009007034	2000616	317041
	U	2009007034	2000620	317045
	U	2009007034	2000625	317050
	U	2009007034	2000627	317052
	U	2009007034	2000636	317061
	U	2009007034	2000645	317070
	U	2009007034	2000665	317090
	U	2009007034	2000671	317096
	U	2009007034	2000673	317098
	U	2009007034	2000692	317117
	U	2009007034	2000710	317135
	U	2009007034	2000731	317156
	U	2009007034	2000733	317158
	U	2009007034	2000734	317159
	U	2009007034	2000738	317163
	U	2009007034	2000739	317164
	U	2009007034	2000753	317178
	U	2009007034	2000758	317183
	U	2009007034	2000766	317222
	U	2009007034	2000772	317228
	U	2009007034	2000773	317229
	U	2009007034	2000787	317243
	U	2009007034	2000788	317244
	U	2009007034	2000794	317250
	U	2009007034	2000799	317255
	U	2009007034	2000800	317256
	U	2009007034	2000816	317272
	U	2009007034	2000849	317305
	U	2009007034	2000850	317306
	U	2009007034	2000852	317308
	U	2009007034	2000859	317315
	U	2009007034	2000863	317319
	U	2009007034	2000873	317329
	U	2009007034	2000884	317340
	U	2009007034	2000899	317355
	U	2009007034	2000920	317376
	U	2009007034	1002234	317393
	U	2009007034	1002338	317397
	U	2009007034	1002902	317406
	U	2009007034	1003023	317407
	U	2009007034	7016097	317412
	U	2009007034	7013942	317421
	U	2009007034	1002195	317433
	U	2009007034	1002576	317444
	U	2009007034	1002617	317447
	U	2009007034	1002679	317448
	U	2009007034	7016056	317452
	U	2009007034	1002892	317454
	U	2009007034	2000947	317463
	U	2009007034	2000967	317483
	U	2009007034	2000970	317486
	U	2009007034	2000986	317502
	U	2009007034	2000997	317513
	U	2009007034	2000998	317514
	U	2009007034	2001010	317526
	U	2009007034	2001017	317533
	U	2009007034	2001028	317544
	U	2009007034	2001029	317545
	U	2009007034	2001043	317559
	U	2009007034	2001065	317581
	U	2009007034	2001075	317591
	U	2009007034	2001082	317598
	U	2009007034	2001088	317604
	U	2009007034	2001090	317606
	U	2009007034	2001099	317615
	U	2009007034	2001102	317618
	U	2009007034	2001105	317621
	U	2009007034	2001114	317630
	U	2009007034	2001132	317648
	U	2009007034	2001143	317659
	U	2009007034	2001148	317664
	U	2009007034	2001150	317666
	U	2009007034	2001151	317667
	U	2009007034	2001154	317670
	U	2009007034	2001157	317673
	U	2009007034	2001158	317674
	U	2009007034	1002555	317692
	U	2009007034	2001169	317710
	U	2009007034	2001178	317719
	U	2009007034	2001196	317737
	U	2009007034	2001205	317746
	U	2009007034	2001214	317755
	U	2009007034	2001226	317767
	U	2009007034	2001231	317772
	U	2009007034	2001239	317780
	U	2009007034	2001245	317786
	U	2009007034	2001250	317791
	U	2009007034	2001251	317792
	U	2009007034	2001253	317794
	U	2009007034	2001269	317809
	U	2009007034	2001270	317810
	U	2009007034	2001322	317862
	U	2009007034	2001341	317881
	U	2009007034	2001342	317882
	U	2009007034	2001353	317893
	U	2009007034	2001357	317897
	U	2009007034	2001358	317898
	U	2009007034	2001366	317906
	U	2009007034	2001380	317920
	U	2009007034	2001384	317924
	U	2009007034	2001391	317931
	U	2009007034	2001393	317933
	U	2009007034	2001397	317937
	U	2009007034	2001399	317939
	U	2009007034	2001401	317941
	U	2009007034	2001414	317959
	U	2009007034	2001417	317962
	U	2009007034	2001420	317965
	U	2009007034	1002227	317979
	U	2009007034	1002695	317989
	U	2009007034	1002775	317991
	U	2009007034	1002934	317994
	U	2009007034	2001447	318016
	U	2009007034	2001451	318020
	U	2009007034	2001456	318025
	U	2009007034	1002284	318039
	U	2009007034	1002347	318043
	U	2009007034	1002551	318052
	U	2009007034	1002688	318057
	U	2009007034	1002752	318065
	U	2009007034	1002920	318079
	U	2009007034	7014600	318087
	U	2009007034	2001558	318094
	U	2009007034	2001564	318100
	U	2009007034	2001568	318104
	U	2009007034	2001572	318108
	U	2009007034	2001574	318110
	U	2009007034	2001576	318112
	U	2009007034	2001577	318113
	U	2009007034	7020395	318115
	U	2009007034	2001591	318127
	U	2009007034	2001608	318144
	U	2009007034	2001609	318145
	U	2009007034	1002239	318154
	U	2009007034	1002441	318173
	U	2009007034	1002470	318177
	U	2009007034	1002476	318178
	U	2009007034	1002570	318183
	U	2009007034	1002625	318188
	U	2009007034	1002761	318197
	U	2009007034	1002835	318205
	U	2009007034	1002889	318209
	U	2009007034	1002964	318214
	U	2009007034	2001619	318230
	U	2009007034	2001628	318239
	U	2009007034	2001650	318261
	U	2009007034	2001661	318272
	U	2009007034	2001664	318275
	U	2009007034	2001675	318286
	U	2009007034	2001677	318288
	U	2009007034	2001688	318299
	U	2009007034	2001692	318303
	U	2009007034	2001698	318309
	U	2009007034	1002636	318315
	U	2009007034	1002990	318320
	U	2009007034	1002994	318321
	U	2009007034	2001709	318332
	U	2009007034	2001713	318336
	U	2009007034	2001719	318342
	U	2009007034	2001466	318356
	U	2009007034	2001473	318363
	U	2009007034	2001485	318375
	U	2009007034	2001488	318378
	U	2009007034	2001539	318429
	U	2009007034	2001545	318435
	U	2009007034	2001552	318442
	U	2009007034	2001555	318445
	U	2009007034	1002137	318447
	U	2009007034	1002310	318467
	U	2009007034	7016020	318487
	U	2009007034	1002659	318489
	U	2009007034	1002800	318499
	U	2009007034	1002900	318501
	U	2009007034	1002971	318507
	U	2009007034	1002541	318516
	U	2009007034	2001728	318523
	U	2009007034	2001744	318539
	U	2009007034	2001750	318545
	U	2009007034	2001758	318553
	U	2009007034	2001769	318564
	U	2009007034	2001774	318569
	U	2009007034	2001776	318571
	U	2009007034	2001786	318581
	U	2009007034	2001789	318584
	U	2009007034	2001791	318586
	U	2009007034	2001796	318591
	U	2009007034	2001828	318623
	U	2009007034	2001840	318635
	U	2009007034	2001841	318636
	U	2009007034	2001844	318639
	U	2009007034	2001853	318648
	U	2009007034	2001867	318662
	U	2009007034	2001880	318675
	U	2009007034	2001888	318683
	U	2009007034	2001893	318688
	U	2009007034	2001894	318689
	U	2009007034	2001895	318690
	U	2009007034	2001901	318696
	U	2009007034	2001904	318699
	U	2009007034	2001907	318702
	U	2009007034	2001914	318709
	U	2009007034	2001921	318716
	U	2009007034	1002161	318729
	U	2009007034	1002251	318739
	U	2009007034	1002331	318746
	U	2009007034	1002456	318760
	U	2009007034	1002510	318769
	U	2009007034	1002584	318774
	U	2009007034	1002637	318779
	U	2009007034	7021748	318781
	U	2009007034	1002709	318786
	U	2009007034	1002860	318794
	U	2009007034	1002952	318799
	U	2009007034	1002997	318807
	U	2009007034	2001947	318827
	U	2009007034	2001959	318839
	U	2009007034	2001961	318841
	U	2009007034	2001979	318859
	U	2009007034	2001985	318865
	U	2009007034	2001989	318869
	U	2009007034	2002005	318885
	U	2009007034	2002012	318892
	U	2009007034	2002013	318893
	U	2009007034	2002015	318895
	U	2009007034	2002022	318902
	U	2009007034	2053244	237920
	U	2009007034	2053365	238041
	U	2009007034	2053663	238339
	U	2009007034	2053688	238364
	U	2009007034	2053749	238425
	U	2009007034	2053841	238517
	U	2009007034	2054066	238742
	U	2009007034	2054416	239092
	U	2009007034	2054952	239628
	U	2009007034	2055431	240107
	U	2009007034	2056791	241467
	U	2009007034	2057069	241745
	U	2009007034	2057183	241859
	U	2009007034	2057209	241885
	U	2009007034	2058111	242787
	U	2009007034	2058349	243025
	U	2009007034	2059240	243916
	U	2009007034	2059277	243953
	U	2009007034	2059373	244049
	U	2009007034	2059639	244315
	U	2009007034	2059995	244671
	U	2009007034	2060204	244880
	U	2009007034	2060334	245010
	U	2009007034	2060343	245019
	U	2009007034	2060538	245214
	U	2009007034	2060836	245512
	U	2009007034	2060840	245516
	U	2009007034	2060856	245532
	U	2009007034	2060960	245636
	U	2009007034	2061002	245678
	U	2009007034	2063420	248096
	U	2009007034	2063480	248156
	U	2009007034	2063534	248210
	U	2009007034	2063603	248279
	U	2009007034	2063637	248313
	U	2009007034	2063871	248547
	U	2009007034	2063884	248560
	U	2009007034	2063996	248672
	U	2009007034	2063999	248675
	U	2009007034	2064008	248684
	U	2009007034	2064110	248786
	U	2009007034	2064256	248932
	U	2009007034	2064322	248998
	U	9006563	7024409	165850
	U	9006563	7024415	148521
	U	9006563	7024415	1154142
	U	9006563	7024415	1154143
	U	9006563	7025828	365845
	U	9006563	7025844	1164900
	U	9006563	7025859	166608
	U	9006563	7029378	1158551
accessed 05/19/99	U	9006707	1000108	143279
accessed 01/20/99	U	9006707	1000119	1158189
accessed 10/30/2000	U	9006707	1000121	158585
accessed 01/20/99	U	9006707	1000159	143137
accessed 01/20/99	U	9006707	1000159	143140
accessed 01/20/99	U	9006707	1000159	143144
accessed 01/20/99	U	9006707	1000159	1157374
accessed 01/20/99	U	9006707	1000159	1157375
accessed 01/20/99	U	9006707	1000159	1157376
accessed 01/20/99	U	9006707	1000159	1157377
accessed 03/22/00	U	9006707	1000194	298
accessed 05/30/2000	U	9006707	1000199	303
acessed 05/30/2000	U	9006707	1000403	1160021
accessed 05/30/2000	U	9006707	1000403	1160022
accessed 04/07/99	U	9006707	1001991	1158079
accessed 04/07/99	U	9006707	1006024	1158186
accessed 05/30/2000	U	9006707	1006233	6417
accessed 05/30/2000	U	9006707	1006233	1159954
accessed 05/30/2000	U	9006707	1006233	1159957
accessed 08/09/2000	U	9006707	1006323	1161911
accessed 04/09/99	U	9006707	1012926	1158208
accessed 04/22/99	U	9006707	1028639	28986
accessed 03/09/2001	U	9006707	1030980	1165632
accessed 07/05/00	U	9006707	1040511	40907
	U	9006707	1040511	1161165
	U	9006707	1040511	1161166
	U	9006707	1040511	1161167
accessed 05/19/2000	U	9006707	1043793	1159613
	U	9006707	1076658	1163844
accessed 03/17/99	U	9006707	1088786	1157613
accessed 10/08/99	U	9006707	1099869	1158759
accessed 09/21/99	U	9006707	1100282	1158756
accessed 09/21/99	U	9006707	1100282	1158757
accessed 01/03/2001	U	9006707	1108814	1164814
accessed 05/12/99	U	9006707	1109271	1158469
accessed 01/03/2001	U	9006707	1109316	1164828
accessed 01/03/2001	U	9006707	1109316	1164829
accessed 08/30/99	U	9006707	1109344	1158664
accessed 01/20/99	U	9006707	1111810	112977
accessed 06/02/99	U	9006707	1113009	114233
accesseed 06/02/99	U	9006707	1113009	1158478
accessed 01/18/2001	U	9006707	1115068	1165346
accessed 04/14/99	U	9006707	1117418	118700
accessed 04/14/99	U	9006707	1117418	1158373
accessed 03/16/99	U	9006707	1121168	122492
accessed 03/16/99	U	9006707	1121168	1155784
accessed 01/20/99	U	9006707	1121388	1157270
accessed 03/16/99	U	9006707	1122024	123379
accessed 03/16/99	U	9006707	1122024	1157568
accessed 03/16/99	U	9006707	1126853	128406
accessed 03/16/99	U	9006707	1127805	1157554
accessed 03/16/99	U	9006707	1127805	1157556
accessed 03/17/99	U	9006707	1127805	1157557
accessed 03/16/99	U	9006707	1127805	1157558
accessed 03/16/99	U	9006707	1127805	1157559
accessed 03/17/99	U	9006707	1127805	1157560
accessed 03/17/99	U	9006707	1127805	1157561
accessed 03/16/99	U	9006707	1127805	1157565
	U	9006707	1130850	132567
	U	9006707	1130850	1158621
	U	9006707	1130850	1158622
	U	9006707	1130850	1158623
	U	9006707	1130850	1158624
accessed 03/16/99	U	9006707	1131759	1157567
accessed 02/05/2001	U	9006707	1136013	138448
accessed 02/05/2001	U	9006707	1136013	1165539
accessed 01/21/2001	U	9006707	1136216	1165630
accessed 03/21/99	U	9006707	2029797	214473
accessed 8/5/98	U	9006707	2036371	221047
accessed 04/19/99	U	9006707	2050948	1158426
accessed 09/07/99	U	9006707	4001269	144664
accessed 09/07/99	U	9006707	4001269	156425
accessed 09/07/99	U	9006707	4001269	1158682
accessed 09/07/99	U	9006707	4001269	1158683
accessed 04/20/2000	U	9006707	4006155	149590
accessed 09/07/99	U	9006707	4011093	154566
accessed 01/03/2001	U	9006707	4012460	158289
	U	9006707	4012460	1164837
accessed 01/03/2001	U	9006707	4012460	1164838
accessed 10/30/2000	U	9006707	6000006	165325
accessed 10/30/2000	U	9006707	6000008	165327
accessed 10/30/2000	U	9006707	6000008	1163822
accessed 10/30/2000	U	9006707	6000057	165376
accessed 10/30/2000	U	9006707	6000121	1163826
accessed 01/17/2001, "Albret family"	U	9006707	6000157	165476
accessed 10/30/2000	U	9006707	6000434	1163827
	U	9006707	6000434	1163828
accessed 09/21/99	U	9006707	6000511	1158746
accessed 09/21/99	U	9006707	6000511	1158747
accessed 09/21/99	U	9006707	6000511	1158748
accessed 09/21/99	U	9006707	6000511	1158749
accessed 09/21/99	U	9006707	6000511	1158750
accessed 09/21/99	U	9006707	6000511	1158751
accessed 11/20/2000	U	9006707	6000570	1163894
accessed 01/17/2001	U	9006707	6000896	1165347
accessed 01/17/2001	U	9006707	6000896	1165348
accessed 10/30/2000	U	9006707	6001970	1163829
accessed 10/30/2000	U	9006707	6001970	1163830
accessed 09/13/99	U	9006707	6002288	167607
accessed 09/13/99	U	9006707	6002725	168044
accessed 10/30/2000	U	9006707	6002732	168051
accessed 09/08/99	U	9006707	6002741	168060
accessed 10/30/2000	U	9006707	6003353	168672
accessed 10/30/2000	U	9006707	6003585	347801
accessed 10/30/2000	U	9006707	6003585	1163843
accessed 01/03/2001	U	9006707	6003638	168957
accessed 10/30/2000	U	9006707	6003714	1163836
accessed 10/20/2000	U	9006707	6003714	1163837
	U	9006707	6004863	1163839
	U	9006707	6004863	1163840
	U	9006707	6004863	1163841
accessed 10/09/99	U	9006707	6006561	171880
accessed 05/19/99	U	9006707	7000231	139063
accessed 04/06/99	U	9006707	7000434	1158018
accessed 04/14/99	U	9006707	7001095	149839
accessed 05/30/2000	U	9006707	7001152	182894
accessed 05/30/2000	U	9006707	7001152	1159926
accessed 04/21/99	U	9006707	7001188	1158430
accessed 10/14/99	U	9006707	7001215	96246
accessed 8/17/98	U	9006707	7001535	1155997
accessed 03/22/00	U	9006707	7001637	299
accessed 03/22/00	U	9006707	7001637	1159285
accessed 03/22/00	U	9006707	7001637	1159286
accessed 02/16/00	U	9006707	7002157	142867
accessed 10/08/99	U	9006707	7002383	100823
accessed 10/20/2000	U	9006707	7002416	1156908
accessed 01/17/2001	U	9006707	7002436	1165357
accessed 10/30/2000	U	9006707	7002589	165688
accessed 04/15/99	U	9006707	7002758	165583
accessed 04/15/99	U	9006707	7002759	142168
accessed 04/15/99	U	9006707	7002798	138306
accessed 02/22/00	U	9006707	7002840	127309
accessed 02/22/00	U	9006707	7002840	1159274
accessed 04/15/99	U	9006707	7002888	3958
accessed 04/14/99	U	9006707	7002890	152095
accessed 03/26/98	U	9006707	7003321	312450
accessed 10/09/98	U	9006707	7003321	1155998
accessed 10/09/98	U	9006707	7003321	1155999
	U	2009007034	2002042	318922
	U	2009007034	2002045	318925
	U	2009007034	2002057	318937
	U	2009007034	2002080	318960
	U	2009007034	2002102	318982
	U	2009007034	2002107	318987
	U	2009007034	2002120	319000
	U	2009007034	2002127	319007
	U	2009007034	1002176	319010
	U	2009007034	1002361	319011
	U	2009007034	1002267	319027
	U	2009007034	1002713	319045
	U	2009007034	1002733	319047
	U	2009007034	1002805	319048
	U	2009007034	1002913	319053
	U	2009007034	2002141	319062
	U	2009007034	2002180	319101
	U	2009007034	1002271	319119
	U	2009007034	1002767	319132
	U	2009007034	1002942	319138
	U	2009007034	1003020	319140
	U	2009007034	2002238	319142
	U	2009007034	2002244	319148
	U	2009007034	2002246	319150
	U	2009007034	1002522	319160
	U	2009007034	2002306	319170
	U	2009007034	2002312	319176
	U	2009007034	2002317	319181
	U	2009007034	2002347	319211
	U	2009007034	2002364	319228
	U	2009007034	2002253	319255
	U	2009007034	2002257	319259
	U	2009007034	2002267	319269
	U	2009007034	7014398	319287
	U	2009007034	2002292	319294
	U	2009007034	2002295	319297
	U	2009007034	2002300	319302
	U	2009007034	2002303	319305
	U	2009007034	7010379	319339
	U	2009007034	7010404	319355
	U	2009007034	7010451	319388
	U	2009007034	7010453	319390
	U	2009007034	7010454	319391
	U	2009007034	7016060	324647
	U	2009007034	1006983	324651
	U	2009007034	7016075	324663
	U	2009007034	7016083	324665
	U	2009007034	7016086	324667
	U	2009007034	7016117	324713
	U	2009007034	7016118	324714
	U	2009007034	7016158	324780
	U	2009007034	7016462	324884
	U	2009007034	7016459	324889
	U	2009007034	7016490	324926
	U	2009007034	7016525	324941
	U	2009007034	7016618	324984
	U	2009007034	7016859	325097
	U	2009007034	7016862	325099
	U	2009007034	7016905	325137
	U	2009007034	7016911	325144
	U	2009007034	7016957	325164
	U	2009007034	1006870	325257
	U	2009007034	1007739	325261
	U	2009007034	1008494	325265
	U	2009007034	7017063	325359
	U	2009007034	7017146	325487
	U	2009007034	7003729	325539
	U	2009007034	7017324	325944
	U	2009007034	7017328	325952
	U	2009007034	7017334	325966
	U	2009007034	7017341	325978
	U	2009007034	7017354	326004
	U	2009007034	7017361	326018
	U	2009007034	7017363	326022
	U	2009007034	7017364	326024
	U	2009007034	7017366	326028
	U	2009007034	7017372	326042
	U	2009007034	7017373	326044
	U	2009007034	7017379	326101
	U	2009007034	7017614	326537
	U	2009007034	7017869	326769
	U	2009007034	7017894	326797
	U	2009007034	7017898	326804
	U	2009007034	7017974	326821
	U	2009007034	7017658	326850
	U	2009007034	7017888	326852
	U	2009007034	7017994	326889
	U	2009007034	1007846	327075
	U	2009007034	7018200	327103
	U	2009007034	7018216	327209
	U	2009007034	7018219	327221
	U	2009007034	7018220	327223
	U	2009007034	7018221	327224
	U	2009007034	7000820	327277
	U	2009007034	7018256	327305
	U	2009007034	7018258	327315
	U	2009007034	7018269	327337
	U	2009007034	7018278	327355
	U	2009007034	7018309	327415
	U	2009007034	7018312	327420
	U	2009007034	7012935	327482
	U	2009007034	7018379	327505
	U	2009007034	7018382	327511
	U	2009007034	7018383	327513
	U	2009007034	7018433	327594
	U	2009007034	7018443	327616
	U	2009007034	7018446	327632
	U	2009007034	7018460	327656
	U	2009007034	7017506	327685
	U	2009007034	7018475	327694
	U	2009007034	7018477	327698
	U	2009007034	7018521	327794
	U	2009007034	1000980	327823
	U	2009007034	7016675	327824
	U	2009007034	1000988	327826
	U	2009007034	7018568	327886
	U	2009007034	1002124	328086
	U	2009007034	7005092	330240
	U	2009007034	7018691	337892
	U	2009007034	1058304	342706
	U	2009007034	7018719	346666
	U	2009007034	1076968	359121
	U	2009007034	1000897	359732
	U	2009007034	1009977	397216
	U	2009007034	2018455	397240
	U	2009007034	2095288	397249
	U	2009007034	2018606	397266
	U	2009007034	2068209	397278
	U	2009007034	2064316	397294
	U	2009007034	2018991	397311
	U	2009007034	2074236	397314
	U	2009007034	2068720	397316
	U	2009007034	2022654	397324
	U	2009007034	2087826	397327
	U	2009007034	2006075	397377
	U	2009007034	2079949	397391
	U	2009007034	2042991	397392
	U	2009007034	2039385	397397
	U	2009007034	2047547	397411
	U	2009007034	2065042	397414
	U	2009007034	2047592	397420
	U	2009007034	2028671	397443
	U	2009007034	2020162	397448
	U	2009007034	2112970	397466
	U	2009007034	2047972	397478
	U	2009007034	2048047	397488
	U	2009007034	2100855	397515
	U	2009007034	2053226	397551
	U	2009007034	2092979	397562
	U	2009007034	2097541	397572
	U	2009007034	2081936	397587
	U	2009007034	2048887	397596
	U	2009007034	2093887	397617
	U	2009007034	2114721	397622
	U	2009007034	2000068	397657
	U	2009007034	2000070	397658
	U	2009007034	7019760	1154687
	U	2009007034	7020639	1154905
	U	2009007034	7021218	1155001
	U	2009007034	7021556	1155041
	U	2009007034	7021568	1155053
	U	2009007034	7021616	1155073
	U	2009007034	7021620	1155074
	U	2009007034	7021646	1155080
	U	2009007034	2001282	1155457
	U	2009007034	2291439	1155498
	U	2009007034	4000877	1155554
	U	2009007034	7023933	1155715
	U	2009007034	2124002	1155772
	U	2009007034	7024035	1157392
	U	2009007034	7024037	1157398
	U	2009007034	7024119	1157717
	U	2009007034	7024120	1157720
	U	2009007034	7024125	1157735
	U	2009007034	7024126	1157738
	U	2009007034	7024128	1157744
	U	2009007034	7003877	1157777
	U	2009007034	7002457	1157807
	U	2009007034	7002213	1157817
	U	2009007034	7024156	1157861
	U	2009007034	7024184	1157921
	U	2009007034	7024185	1157923
	U	2009007034	7024247	1158292
	U	2009007034	7024614	1159980
	U	2009007034	7024841	1161865
	U	2009007034	7024843	1161868
	U	2009007034	7024845	1161872
	U	2009007034	7025493	1163576
	U	2009007034	7002815	1163860
	U	2009007034	7025668	1164253
	U	2009007034	7025892	1165057
	U	2009007034	7026313	1166518
	U	2009007034	7026600	1167354
	U	2009007034	7027825	1170796
	U	2009007034	7027826	1170801
	U	2009007034	7028105	1001171680
	U	2009007034	1004626	1001172122
	U	2009007034	7028418	1001172845
	U	2009007034	7028165	1001171865
	U	2009007034	7029197	1001174866
	U	2009007034	7029376	1001175229
	U	2009007034	7015168	200
	U	2009007034	1001776	1927
	U	2009007034	1005221	5399
	U	2009007034	7018828	9558
	U	2009007034	1009421	9650
	U	2009007034	1076763	77543
	U	2009007034	1089885	90785
	U	2009007034	1100340	101317
	U	2009007034	1100418	101395
	U	2009007034	1100558	101545
	U	2009007034	1100761	101761
	U	2009007034	1100801	101801
	U	2009007034	1100949	101950
	U	2009007034	1101493	102496
	U	2009007034	1103252	104260
	U	2009007034	1104333	105364
	U	2009007034	1109753	110884
	U	2009007034	7010333	111405
	U	2009007034	1110273	111414
	U	2009007034	1111238	112400
	U	2009007034	1111908	113076
	U	2009007034	1111929	113097
	U	2009007034	1111951	113119
	U	2009007034	1112094	113263
	U	2009007034	7017321	113280
	U	2009007034	1132037	133794
	U	2009007034	1135850	137630
	U	2009007034	7010273	140732
	U	2009007034	7002588	141168
	U	2009007034	7002449	141169
	U	2009007034	7000774	141174
	U	2009007034	7000036	141191
	U	2009007034	7000037	141192
	U	2009007034	7000751	141194
	U	2009007034	7000748	141205
	U	2009007034	7002429	141214
	U	2009007034	7002447	141222
	U	2009007034	7015592	141224
	U	2009007034	7000727	141225
	U	2009007034	7000082	141252
	U	2009007034	7000086	141262
	U	2009007034	7000087	141263
	U	2009007034	7001651	141422
	U	2009007034	1001103	141523
	U	2009007034	1001663	141566
	U	2009007034	1001458	141575
	U	2009007034	1001544	141580
	U	2009007034	7016535	141582
	U	2009007034	1000593	141668
	U	2009007034	1001959	141676
	U	2009007034	1001700	141730
	U	2009007034	3000063	141971
	U	2009007034	7003720	142266
	U	2009007034	1001086	143073
	U	2009007034	1001660	143093
	U	2009007034	1001752	143109
	U	2009007034	1001264	143185
	U	2009007034	7000191	143250
	U	2009007034	7002213	143287
	U	2009007034	7000204	143360
	U	2009007034	7003976	143361
	U	2009007034	7002735	156751
	U	2009007034	1001528	158469
	U	2009007034	1002084	158595
	U	2009007034	1002053	158597
	U	2009007034	1001148	158608
accessed 03/26/98	U	9006707	7003321	1157373
accessed 04/14/99	U	9006707	7003689	141284
accessed 10/27/98	U	9006707	7003703	1715
accessed 03/16/99	U	9006707	7004542	1157548
accessed 03/16/99	U	9006707	7004542	1157549
04/20/2000	U	9006707	7004569	1159592
accessed 06/24/99	U	9006707	7004847	166199
accessed 06/24/99	U	9006707	7004847	172431
accessed 10/27/98	U	9006707	7005152	1156563
accessed 10/27/98	U	9006707	7005152	1156564
accessed 10/27/98	U	9006707	7005152	1156566
accessed 04/11/00	U	9006707	7005479	321559
accessed 10/12/98	U	9006707	7006470	336055
accessed 05/12/99	U	9006707	7006669	1975
accessed 04/29/99	U	9006707	7006776	1158490
accessed 04/29/99	U	9006707	7006776	1158491
accessed 08/13/99	U	9006707	7006787	1158652
accessed 08/13/99	U	9006707	7006788	44722
accessed 08/13/99	U	9006707	7006788	1158650
accessed 08/13/99	U	9006707	7006788	1158651
accessed 02/12/1999	U	9006707	7006865	1157513
	U	9006707	7007567	1159266
accessed 05/30/2000	U	9006707	7007607	143048
accessed 05/30/2000	U	9006707	7007607	1159988
accessed 09/24/99	U	9006707	7008257	160992
accessed 01/17/2001	U	9006707	7008650	145292
accessed 10/09/98	U	9006707	7009861	64230
	U	2009007034	2064680	249356
	U	2009007034	2064747	249423
	U	2009007034	2064838	249514
	U	2009007034	2064882	249558
	U	2009007034	2064897	249573
	U	2009007034	2064979	249655
	U	2009007034	2065195	249871
	U	2009007034	2065231	249907
	U	2009007034	2065234	249910
	U	2009007034	2065244	249920
	U	2009007034	2065273	249949
	U	2009007034	2065324	250000
	U	2009007034	2065399	250075
	U	2009007034	2065500	250176
	U	2009007034	2065545	250221
	U	2009007034	2065593	250269
	U	2009007034	2065658	250334
	U	2009007034	2065748	250424
	U	2009007034	2065799	250475
	U	2009007034	2065822	250498
	U	2009007034	2065946	250622
	U	2009007034	2065980	250656
	U	2009007034	2066094	250770
	U	2009007034	2066124	250800
	U	2009007034	2066241	250917
	U	2009007034	2066275	250951
	U	2009007034	2066359	251035
	U	2009007034	2066526	251202
	U	2009007034	2066572	251248
	U	2009007034	2067404	252080
	U	2009007034	2067748	252424
	U	2009007034	2068180	252856
	U	2009007034	2068189	252865
	U	2009007034	2068358	253034
	U	2009007034	2068465	253141
	U	2009007034	2068637	253313
	U	2009007034	2069103	253779
	U	2009007034	2069548	254224
	U	2009007034	2069633	254309
	U	2009007034	2069926	254602
	U	2009007034	2070110	254786
	U	2009007034	2070199	254875
	U	2009007034	2070204	254880
	U	2009007034	2070228	254904
	U	2009007034	2070359	255035
	U	2009007034	2070503	255179
	U	2009007034	2070595	255271
	U	2009007034	2071334	256010
	U	2009007034	2071477	256153
	U	2009007034	2071594	256270
	U	2009007034	2071664	256340
	U	2009007034	2071701	256377
	U	2009007034	2071817	256493
	U	2009007034	2072084	256760
	U	2009007034	2072169	256845
	U	2009007034	2072439	257115
	U	2009007034	2072454	257130
	U	2009007034	2072707	257383
	U	2009007034	2072781	257457
	U	2009007034	2072907	257583
	U	2009007034	2072948	257624
	U	2009007034	2073110	257786
	U	2009007034	2073299	257975
	U	2009007034	2073493	258169
	U	2009007034	2073501	258177
	U	2009007034	2074023	258699
	U	2009007034	2074031	258707
	U	2009007034	2074402	259078
	U	2009007034	2074451	259127
	U	2009007034	2074462	259138
	U	2009007034	2074711	259387
	U	2009007034	2074927	259603
	U	2009007034	2075390	260066
	U	2009007034	2075450	260126
	U	2009007034	2075753	260429
	U	2009007034	2075758	260434
	U	2009007034	2076389	261065
	U	2009007034	2076516	261192
	U	2009007034	2076699	261375
	U	2009007034	2076800	261476
	U	2009007034	2078266	262942
	U	2009007034	2078290	262966
	U	2009007034	2078378	263054
	U	2009007034	2078448	263124
	U	2009007034	2078521	263197
	U	2009007034	2078581	263257
	U	2009007034	2078699	263375
	U	2009007034	2078827	263503
	U	2009007034	2078854	263530
	U	2009007034	2079950	264626
	U	2009007034	2080082	264758
	U	2009007034	2080180	264856
	U	2009007034	2080311	264987
	U	2009007034	2080326	265002
	U	2009007034	2080369	265045
	U	2009007034	2080546	265222
	U	2009007034	2080790	265466
	U	2009007034	2081119	265795
	U	2009007034	2081163	265839
	U	2009007034	2081227	265903
	U	2009007034	2081243	265919
	U	2009007034	2081256	265932
	U	2009007034	2081394	266070
	U	2009007034	2081399	266075
	U	2009007034	2081600	266276
	U	2009007034	2081760	266436
	U	2009007034	2082034	266710
	U	2009007034	2082320	266996
	U	2009007034	2082514	267190
	U	2009007034	2082567	267243
	U	2009007034	2082610	267286
	U	2009007034	2082693	267369
	U	2009007034	2082721	267397
	U	2009007034	2083551	268227
	U	2009007034	2084272	268948
	U	2009007034	2084408	269084
	U	2009007034	2084584	269260
	U	2009007034	2084678	269354
	U	2009007034	2084709	269385
	U	2009007034	2085195	269871
	U	2009007034	2085204	269880
	U	2009007034	2085228	269904
	U	2009007034	2085633	270309
	U	2009007034	2085674	270350
	U	2009007034	2085951	270627
	U	2009007034	2086091	270767
	U	2009007034	2086128	270804
	U	2009007034	2086137	270813
	U	2009007034	2086292	270968
	U	2009007034	2086399	271075
	U	2009007034	2086454	271130
	U	2009007034	2086489	271165
	U	2009007034	2086770	271446
	U	2009007034	2087081	271757
	U	2009007034	2087122	271798
	U	2009007034	2087141	271817
	U	2009007034	2087208	271884
	U	2009007034	2087331	272007
	U	2009007034	2087372	272048
	U	2009007034	2087452	272128
	U	2009007034	2087498	272174
	U	2009007034	2087578	272254
	U	2009007034	2087789	272465
	U	2009007034	2087843	272519
	U	2009007034	2088033	272709
	U	2009007034	2088072	272748
	U	2009007034	2088099	272775
	U	2009007034	2088244	272920
	U	2009007034	2088301	272977
	U	2009007034	2088366	273042
	U	2009007034	2089004	273680
	U	2009007034	2089463	274139
	U	2009007034	2089640	274316
	U	2009007034	2089654	274330
	U	2009007034	2089978	274654
	U	2009007034	2089987	274663
	U	2009007034	2090138	274814
	U	2009007034	2090187	274863
	U	2009007034	2090337	275013
	U	2009007034	2090424	275100
	U	2009007034	2090701	275377
	U	2009007034	2090718	275394
	U	2009007034	2090795	275471
	U	2009007034	2090900	275576
	U	2009007034	2091127	275803
	U	2009007034	2091198	275874
	U	2009007034	2091225	275901
	U	2009007034	2091228	275904
	U	2009007034	2091239	275915
	U	2009007034	2091291	275967
	U	2009007034	2091486	276162
	U	2009007034	2091521	276197
	U	2009007034	2091641	276317
	U	2009007034	2091711	276387
	U	2009007034	2092052	276728
	U	2009007034	2092295	276971
	U	2009007034	2092346	277022
	U	2009007034	2092516	277192
	U	2009007034	2092549	277225
	U	2009007034	2092935	277611
	U	2009007034	2093063	277739
	U	2009007034	2093181	277857
	U	2009007034	2093354	278030
	U	2009007034	2093431	278107
	U	2009007034	2093520	278196
	U	2009007034	2093571	278247
	U	2009007034	2093777	278453
	U	2009007034	2093888	278564
	U	2009007034	2094308	278984
	U	2009007034	2094766	279442
	U	2009007034	2094852	279528
	U	2009007034	2094867	279543
	U	2009007034	2095030	279706
	U	2009007034	2095251	279927
	U	2009007034	2095659	280335
	U	2009007034	2095664	280340
	U	2009007034	2095718	280394
	U	2009007034	2095922	280598
	U	2009007034	2095985	280661
	U	2009007034	2096276	280952
	U	2009007034	2096483	281159
	U	2009007034	2096527	281203
	U	2009007034	2097535	282211
	U	2009007034	2098081	282757
	U	2009007034	2098094	282770
	U	2009007034	2098223	282899
	U	2009007034	2098305	282981
	U	2009007034	2098368	283044
	U	2009007034	2098609	283285
	U	2009007034	2099469	284145
	U	2009007034	2099756	284432
	U	2009007034	2100023	284699
	U	2009007034	2100091	284767
	U	2009007034	2100376	285052
	U	2009007034	2100415	285091
	U	2009007034	2101113	285789
	U	2009007034	2101477	286153
	U	2009007034	2101915	286591
	U	2009007034	2103720	288396
	U	2009007034	2104008	288684
	U	2009007034	2104161	288837
	U	2009007034	2104764	289440
	U	2009007034	2104921	289597
	U	2009007034	2105213	289889
	U	2009007034	2105365	290041
	U	2009007034	2105381	290057
	U	2009007034	2124092	1155506
	U	2009007034	7016098	1155507
	U	2009007034	7011774	1155582
	U	2009007034	7023932	1155710
	U	2009007034	7023935	1155714
	U	2009007034	7023957	1155870
	U	2009007034	7023963	1155871
	U	2009007034	7023959	1155872
	U	2009007034	2108711	1157249
	U	2009007034	7024114	1157701
	U	2009007034	7024123	1157729
	U	2009007034	1002086	1157810
	U	2009007034	1000604	1157830
	U	2009007034	1000558	1157835
	U	2009007034	1000746	1157836
	U	2009007034	7024150	1157848
	U	2009007034	7024155	1157859
	U	2009007034	7024187	1157927
	U	2009007034	7000819	1157946
	U	2009007034	6003097	1158366
	U	2009007034	7024608	1159560
	U	2009007034	7024645	1160560
	U	2009007034	7024835	1161864
	U	2009007034	7024842	1161866
	U	2009007034	7025560	1163823
	U	2009007034	7026005	1165438
	U	2009007034	7027834	1170828
	U	2009007034	7028117	1001171711
	U	2009007034	1012409	12679
	U	2009007034	1035643	36032
	U	2009007034	1058912	59481
	U	2009007034	1094917	95846
	U	2009007034	1100277	101253
	U	2009007034	1100400	101377
	U	2009007034	1100412	101389
	U	2009007034	7017653	101550
	U	2009007034	1101066	102068
	U	2009007034	1101323	102326
	U	2009007034	1104288	105319
	U	2009007034	1106124	107181
	U	2009007034	1106125	107182
	U	2009007034	1106240	107299
	U	2009007034	2041129	225805
	U	2009007034	2041265	225941
	U	2009007034	2041421	226097
	U	2009007034	2041736	226412
	U	2009007034	2041794	226470
	U	2009007034	2042270	226946
	U	2009007034	2042490	227166
	U	2009007034	2043236	227912
	U	2009007034	2043255	227931
	U	2009007034	2043258	227934
	U	2009007034	2043500	228176
	U	2009007034	2043570	228246
	U	2009007034	2044223	228899
	U	2009007034	2044320	228996
	U	2009007034	2044400	229076
	U	2009007034	2044682	229358
	U	2009007034	2045104	229780
	U	2009007034	2046021	230697
	U	2009007034	2046134	230810
	U	2009007034	2046262	230938
	U	2009007034	2046384	231060
	U	2009007034	2046410	231086
	U	2009007034	2046555	231231
	U	2009007034	2046605	231281
	U	2009007034	2046843	231519
	U	2009007034	2046982	231658
	U	2009007034	2046989	231665
	U	2009007034	2047013	231689
	U	2009007034	2047130	231806
	U	2009007034	2047181	231857
	U	2009007034	2047373	232049
	U	2009007034	2047465	232141
	U	2009007034	2047593	232269
	U	2009007034	2047692	232368
	U	2009007034	2047788	232464
	U	2009007034	2047858	232534
	U	2009007034	2048017	232693
	U	2009007034	2048251	232927
	U	2009007034	2048296	232972
	U	2009007034	2048463	233139
	U	2009007034	2048493	233169
	U	2009007034	2048659	233335
	U	2009007034	2048732	233408
	U	2009007034	2049274	233950
	U	2009007034	2049340	234016
	U	2009007034	2049360	234036
	U	2009007034	2049386	234062
	U	2009007034	2049434	234110
	U	2009007034	2049560	234236
	U	2009007034	2049638	234314
	U	2009007034	2049742	234418
	U	2009007034	2049769	234445
	U	2009007034	2050138	234814
	U	2009007034	2050146	234822
	U	2009007034	2050425	235101
	U	2009007034	2050564	235240
	U	2009007034	2050598	235274
	U	2009007034	2050792	235468
	U	2009007034	2050915	235591
	U	2009007034	2050965	235641
	U	2009007034	2050973	235649
	U	2009007034	2050983	235659
	U	2009007034	2051001	235677
	U	2009007034	2051046	235722
	U	2009007034	2051270	235946
	U	2009007034	2051494	236170
	U	2009007034	2051508	236184
	U	2009007034	2051665	236341
	U	2009007034	2051798	236474
	U	2009007034	2052065	236741
	U	2009007034	2052232	236908
	U	2009007034	2052267	236943
	U	2009007034	2052282	236958
	U	2009007034	2052562	237238
	U	2009007034	2052889	237565
	U	2009007034	2053117	237793
	U	2009007034	2053199	237875
	U	2009007034	2053217	237893
	U	2009007034	2053391	238067
	U	2009007034	2053459	238135
	U	2009007034	2053472	238148
	U	2009007034	2053607	238283
	U	2009007034	2053644	238320
	U	2009007034	2053704	238380
	U	2009007034	2053781	238457
	U	2009007034	2054040	238716
	U	2009007034	2054124	238800
	U	2009007034	2054177	238853
	U	2009007034	2054432	239108
	U	2009007034	2054723	239399
	U	2009007034	2055010	239686
	U	2009007034	2055074	239750
	U	2009007034	2055078	239754
	U	2009007034	2055341	240017
	U	2009007034	2055599	240275
	U	2009007034	2055669	240345
	U	2009007034	2055743	240419
	U	2009007034	2056101	240777
	U	2009007034	2056181	240857
	U	2009007034	2056689	241365
	U	2009007034	2057053	241729
	U	2009007034	2057696	242372
	U	2009007034	2057968	242644
	U	2009007034	2058256	242932
	U	2009007034	2058270	242946
	U	2009007034	2058467	243143
	U	2009007034	2059426	244102
	U	2009007034	2059538	244214
	U	2009007034	2062406	247082
	U	2009007034	2062828	247504
	U	2009007034	2063038	247714
	U	2009007034	2063246	247922
	U	2009007034	2063517	248193
	U	2009007034	2063527	248203
	U	2009007034	2063580	248256
	U	2009007034	2063778	248454
	U	2009007034	2064052	248728
	U	2009007034	2064233	248909
	U	2009007034	2064242	248918
	U	2009007034	2064278	248954
	U	2009007034	2064344	249020
	U	2009007034	2064589	249265
	U	2009007034	2064620	249296
	U	2009007034	2064627	249303
	U	2009007034	2064820	249496
	U	2009007034	2064842	249518
	U	2009007034	2064887	249563
	U	2009007034	2065015	249691
	U	2009007034	2065113	249789
	U	2009007034	2065155	249831
	U	2009007034	2065165	249841
	U	2009007034	2065223	249899
	U	2009007034	2065258	249934
	U	2009007034	2065296	249972
	U	2009007034	2065313	249989
	U	2009007034	2065412	250088
	U	2009007034	2065462	250138
	U	2009007034	2065542	250218
	U	2009007034	2065611	250287
	U	2009007034	2065652	250328
	U	2009007034	2065703	250379
	U	2009007034	2065816	250492
	U	2009007034	7016191	250639
	U	2009007034	2065986	250662
	U	2009007034	2066011	250687
	U	2009007034	2066035	250711
	U	2009007034	2066098	250774
	U	2009007034	2066136	250812
	U	2009007034	2066196	250872
	U	2009007034	2066236	250912
	U	2009007034	2066278	250954
	U	2009007034	2066295	250971
	U	2009007034	2066338	251014
	U	2009007034	2066391	251067
	U	2009007034	2066535	251211
	U	2009007034	2066567	251243
	U	2009007034	2066690	251366
	U	2009007034	2067109	251785
	U	2009007034	2067297	251973
	U	2009007034	2067583	252259
	U	2009007034	2067735	252411
	U	2009007034	2067834	252510
	U	2009007034	2067987	252663
	U	2009007034	2068228	252904
	U	2009007034	2068370	253046
	U	2009007034	2068542	253218
	U	2009007034	2068656	253332
	U	2009007034	2068964	253640
	U	2009007034	2068977	253653
	U	2009007034	2069206	253882
	U	2009007034	2069366	254042
	U	2009007034	2069606	254282
	U	2009007034	2069618	254294
	U	2009007034	2069690	254366
	U	2009007034	2069872	254548
	U	2009007034	2069885	254561
	U	2009007034	2069954	254630
	U	2009007034	2070021	254697
	U	2009007034	2070063	254739
	U	2009007034	2070073	254749
	U	2009007034	2070138	254814
	U	2009007034	2070263	254939
	U	2009007034	2070293	254969
	U	2009007034	2070454	255130
	U	2009007034	2070469	255145
	U	2009007034	2071388	256064
	U	2009007034	2071396	256072
	U	2009007034	2071761	256437
	U	2009007034	2072202	256878
	U	2009007034	2072594	257270
	U	2009007034	2072607	257283
	U	2009007034	2072668	257344
	U	2009007034	2072990	257666
	U	2009007034	2073104	257780
	U	2009007034	2073943	258619
	U	2009007034	2074514	259190
	U	2009007034	2074536	259212
	U	2009007034	2075246	259922
	U	2009007034	2075354	260030
	U	2009007034	2075829	260505
	U	2009007034	2075852	260528
	U	2009007034	2075995	260671
	U	2009007034	2076160	260836
	U	2009007034	2076284	260960
	U	2009007034	2076305	260981
	U	2009007034	2076403	261079
	U	2009007034	2077064	261740
	U	2009007034	2078111	262787
	U	2009007034	2078116	262792
	U	2009007034	2078300	262976
	U	2009007034	2078410	263086
	U	2009007034	2078414	263090
	U	2009007034	2078620	263296
	U	2009007034	2078728	263404
	U	2009007034	2078739	263415
	U	2009007034	2079087	263763
	U	2009007034	2079112	263788
	U	2009007034	2079131	263807
	U	2009007034	2079483	264159
	U	2009007034	2079508	264184
	U	2009007034	2079812	264488
	U	2009007034	2080071	264747
	U	2009007034	2080551	265227
	U	2009007034	2080567	265243
	U	2009007034	2080651	265327
	U	2009007034	2080757	265433
	U	2009007034	2105630	290306
	U	2009007034	2106268	290944
	U	2009007034	2106452	291128
	U	2009007034	2106903	291579
	U	2009007034	2108285	292961
	U	2009007034	2109033	293709
	U	2009007034	2109104	293780
	U	2009007034	2109282	293958
	U	2009007034	2109854	294530
	U	2009007034	2110225	294901
	U	2009007034	2110731	295407
	U	2009007034	2110856	295532
	U	2009007034	2111027	295703
	U	2009007034	2111045	295721
	U	2009007034	2111059	295735
	U	2009007034	2111255	295931
	U	2009007034	2111544	296220
	U	2009007034	2111579	296255
	U	2009007034	2111723	296399
	U	2009007034	2112648	297324
	U	2009007034	2112654	297330
	U	2009007034	2112755	297431
	U	2009007034	2112977	297653
	U	2009007034	2113223	297899
	U	2009007034	2113422	298098
	U	2009007034	2113432	298108
	U	2009007034	2113612	298288
	U	2009007034	2113803	298479
	U	2009007034	2114164	298840
	U	2009007034	2114235	298911
	U	2009007034	2114760	299436
	U	2009007034	2114891	299567
	U	2009007034	2114959	299635
	U	2009007034	2115110	299786
	U	2009007034	2115117	299793
	U	2009007034	2115381	300057
	U	2009007034	2116117	300793
	U	2009007034	2116278	300954
	U	2009007034	2116536	301212
	U	2009007034	2116611	301287
	U	2009007034	2116794	301470
	U	2009007034	2117102	301778
	U	2009007034	2117237	301913
accessed 10/25/00	U	9006707	7010189	55470
accessed 04/22/99	U	9006707	7010308	1158504
accessed 04/22/99	U	9006707	7010383	164745
accessed 08/30/99	U	9006707	7010394	1158662
accessed 06/24/99	U	9006707	7010717	319977
accessed 04/21/99	U	9006707	7011179	47413
accessed 05/11/99	U	9006707	7011636	12982
accessed 04/05/99	U	9006707	7011636	1157828
accessed 06/24/99	U	9006707	7012050	164573
accessed 10/24/00	U	9006707	7013050	1163806
accessed 03/04/99	U	9006707	7013254	158949
accessed 06/02/99	U	9006707	7014214	1158479
accessed 06/08/2000	U	9006707	7014466	198740
accessed 03/17/99	U	9006707	7014986	1157562
accessed 03/16/99	U	9006707	7014986	1157563
accessed 03/17/99	U	9006707	7014986	1157564
accessed 04/03/00	U	9006707	7015191	1159506
accessed 04/03/00	U	9006707	7015191	1159507
accessed 04/26/2000	U	9006707	7015397	323474
	U	9006707	7016190	250638
	U	9006707	7016190	1155783
accessed 03/22/00	U	9006707	7016463	300
accessed 01/03/2001	U	9006707	7016642	320244
accessed 01/03/2001	U	9006707	7016642	1164815
accessed 01/03/2001	U	9006707	7016642	1164816
accessed 03/17/99	U	9006707	7016708	124395
accessed 03/17/99	U	9006707	7016708	124397
accessed 03/17/99	U	9006707	7016708	1157606
accessed 03/17/99	U	9006707	7016708	1157607
accessed 10/22/99	U	9006707	7016735	113491
accessed 04/11/00	U	9006707	7016845	138593
accessed 03/16/99	U	9006707	7017955	122797
	U	9006707	7023949	100684
	U	9006707	7023949	1155782
accessed 11/16/98	U	9006707	7023981	1157127
accessed 02/01/99	U	9006707	7024079	1157534
accessed 03/17/99	U	9006707	7024083	1157569
accessed 03/17/99	U	9006707	7024083	1157580
accessed 03/17/99	U	9006707	7024084	1157570
accessed 03/17/99	U	9006707	7024084	1157571
accessed 03/17/99	U	9006707	7024085	1157572
accessed 03/17/99	U	9006707	7024085	1157573
accessed 03/17/99	U	9006707	7024086	1157574
accessed 03/17/99	U	9006707	7024086	1157575
accessed 03/17/99	U	9006707	7024087	1157576
accessed 03/17/99	U	9006707	7024087	1157577
accessed 03/17/99	U	9006707	7024088	1157578
accessed 03/17/99	U	9006707	7024088	1157579
accessed 03/16/99	U	9006707	7024090	1157582
accessed 03/16/99	U	9006707	7024091	1157590
accessed 03/17/99	U	9006707	7024091	1157591
accessed 03/17/99	U	9006707	7024092	1157596
accessed 03/17/99	U	9006707	7024094	1157611
accessed 10/23/98	U	9006707	7024097	1157115
accessed 10/23/98	U	9006707	7024097	1157119
accessed 11/16/98	U	9006707	7024113	1157128
accessed 11/16/98	U	9006707	7024113	1157129
accessed 11/16/98	U	9006707	7024113	1157130
accessed 11/16/98	U	9006707	7024113	1157131
accessed 03/25/99, "Germany, history of"	U	9006707	7024135	1157757
accessed 03/30/99	U	9006707	7024143	1157769
accessed 03/30/99	U	9006707	7024144	1157770
accessed 03/30/99	U	9006707	7024145	1157771
accessed 04/06/99	U	9006707	7024199	1158022
accessed 04/06/99	U	9006707	7024200	1158024
accessed 04/06/99	U	9006707	7024201	1158026
accessed 04/06/99	U	9006707	7024203	1158030
accessed 04/06/99	U	9006707	7024226	1158108
accessed 04/14/99	U	9006707	7024258	1158379
accessed 04/14/99	U	9006707	7024261	1158378
accessed 04/15/99	U	9006707	7024269	1158399
accessed 04/14/99	U	9006707	7024270	1158403
accessed 04/14/99	U	9006707	7024270	1158404
accessed 04/15/99	U	9006707	7024272	173490
accessed 04/14/99	U	9006707	7024273	1158409
accessed 04/15/99	U	9006707	7024274	1158412
accessed 04/15/99	U	9006707	7024275	1158415
accessed 04/15/99	U	9006707	7024275	1158416
accessed 04/14/99	U	9006707	7024276	1158419
accessed 04/15/99	U	9006707	7024277	1158422
accessed 04/21/99	U	9006707	7024281	1158428
accessed 04/21/99	U	9006707	7024282	1158429
accessed 05/12/99	U	9006707	7024299	1158467
accessed 06/02/99	U	9006707	7024304	1158476
accessed 06/02/99	U	9006707	7024304	1158477
accessed 04/22/99	U	9006707	7024315	1158503
accessed 04/15/99	U	9006707	7024343	1158536
accessed 06/07/99	U	9006707	7024345	1158541
accessed 06/07/99	U	9006707	7024346	1158542
accessed 06/07/99	U	9006707	7024347	1158543
accessed 04/14/99	U	9006707	7024350	167441
accessed 04/15/99	U	9006707	7029444	1158549
accessed 04/15/99	U	9006707	7029444	1158550
accessed 04/15/99	U	9006707	7029378	1158551
accessed 06/24/99	U	9006707	7024360	1158583
accessed 06/24/99	U	9006707	7024360	1158586
accessed 06/24/99	U	9006707	7024360	1158587
accessed 06/24/99	U	9006707	7024362	1158585
accessed 06/24/99	U	9006707	7024364	1158584
accessed 06/24/99	U	9006707	7024365	1158579
accessed 06/24/99	U	9006707	7024365	1158580
accessed 08/01/99	U	9006707	7024370	1158602
accessed 08/01/99	U	9006707	7024371	1158603
accessed 08/01/99	U	9006707	7024371	1158606
accessed 08/02/99	U	9006707	7024374	1158612
accessed 08/02/99	U	9006707	7024375	1158610
accessed 08/02/99	U	9006707	7024376	1158611
accessed 07/14/99	U	9006707	7024382	1158628
accessed 07/14/99	U	9006707	7024383	1158630
accessed 07/14/99	U	9006707	7024385	1158633
accessed 06/14/99	U	9006707	7024388	1158640
accessed 07/14/99	U	9006707	7024388	1158641
accessed 07/14/99	U	9006707	7024389	1158642
accessed 08/27/99	U	9006707	7024395	1158655
accessed 08/27/99	U	9006707	7024395	1158656
accessed 09/07/99	U	9006707	7024403	1158676
accessed 09/07/99	U	9006707	7024407	145437
accessed 09/07/99	U	9006707	7024408	146255
accessed 09/08/99	U	9006707	7024412	151786
accessed 09/08/99	U	9006707	7024416	153727
accessed 09/08/99	U	9006707	7024416	1158707
II, 657	U	9006707	7024417	151272
accessed 09/08/99	U	9006707	7024418	1158705
accessed 09/08/99	U	9006707	7024418	1158706
accessed 09/13/99	U	9006707	7024419	167660
accessed 09/14/99	U	9006707	7024430	1158743
accessed 09/14/99	U	9006707	7024433	1158744
accessed 09/21/99	U	9006707	7024438	1158753
accessed 09/21/99	U	9006707	7024438	1158754
accessed 10/08/99	U	9006707	7024439	1158761
accessed 10/14/99	U	9006707	7024441	1158776
accessed 10/14/99	U	9006707	7024441	1158777
accessed 10/14/99	U	9006707	7024441	1158778
accessed 10/14/99	U	9006707	7024441	1158779
accessed 05/30/2000	U	9006707	7024613	1159947
accessed 05/30/2000	U	9006707	7024613	1159948
accessed 05/30/2000	U	9006707	7024613	1159949
accessed 05/30/2000	U	9006707	7024615	1159981
accessed 05/30/2000	U	9006707	7024616	1159986
accessed 05/30/2000	U	9006707	7024617	1159987
	U	2009007034	1001010	158723
	U	2009007034	7000276	158724
	U	2009007034	7002127	158826
	U	2009007034	6000921	166240
	U	2009007034	6001218	166537
	U	2009007034	6001602	166921
	U	2009007034	6002021	167340
	U	2009007034	6002060	167379
	U	2009007034	6002088	167407
	U	2009007034	6003793	169112
	U	2009007034	6003892	169211
	U	2009007034	6005245	170564
	U	2009007034	6005487	170806
	U	2009007034	6005584	170903
	U	2009007034	1001419	175152
	U	2009007034	1138358	178469
	U	2009007034	7002131	181362
	U	2009007034	1001078	181433
	U	2009007034	1001568	181437
	U	2009007034	1001426	181442
	U	2009007034	1001238	181461
	U	2009007034	7000161	181538
	U	2009007034	1001865	181541
	U	2009007034	1002061	181599
	U	2009007034	1002102	181603
	U	2009007034	1002116	181605
	U	2009007034	7000546	181648
	U	2009007034	1002087	181773
	U	2009007034	1002089	181780
	U	2009007034	1002117	181781
	U	2009007034	1002094	181783
	U	2009007034	1002081	181785
	U	2009007034	7000609	181832
	U	2009007034	7000611	181833
	U	2009007034	7000604	181834
	U	2009007034	7000665	181915
	U	2009007034	7000689	181993
	U	2009007034	7013261	182002
	U	2009007034	1000756	182018
	U	2009007034	1000590	182025
	U	2009007034	1000648	182033
	U	2009007034	1000527	182046
	U	2009007034	1000538	182055
	U	2009007034	7010629	319452
	U	2009007034	7010669	319471
	U	2009007034	7010680	319475
	U	2009007034	7010683	319488
	U	2009007034	7002805	319611
	U	2009007034	7002745	319862
	U	2009007034	4003773	319866
	U	2009007034	7010922	319971
	U	2009007034	7012053	319972
	U	2009007034	1008842	319975
	U	2009007034	7002507	319978
	U	2009007034	1100548	319988
	U	2009007034	1009188	320333
	U	2009007034	6001332	320483
	U	2009007034	7023834	320524
	U	2009007034	7002721	320538
	U	2009007034	7002725	320544
	U	2009007034	7002748	320550
	U	2009007034	7012076	320650
	U	2009007034	7012105	320651
	U	2009007034	7012143	320699
	U	2009007034	7011668	320725
	U	2009007034	7011701	320733
	U	2009007034	7011628	320762
	U	2009007034	7012187	320773
	U	2009007034	7012261	320841
	U	2009007034	7012915	320972
	U	2009007034	7012916	320975
	U	2009007034	7012925	320991
	U	2009007034	7012245	321122
	U	2009007034	7011683	321125
	U	2009007034	7013015	321131
	U	2009007034	7013054	321153
	U	2009007034	7013110	321185
	U	2009007034	7013170	321216
	U	2009007034	1006579	321290
	U	2009007034	7013203	321294
	U	2009007034	7013208	321306
	U	2009007034	7013334	321470
	U	2009007034	7013420	321642
	U	2009007034	7013441	321684
	U	2009007034	7013477	321707
	U	2009007034	7013555	321760
	U	2009007034	7005807	321789
	U	2009007034	7013663	321813
	U	2009007034	7013739	321871
	U	2009007034	7013742	321874
	U	2009007034	7013752	321886
	U	2009007034	7013979	322007
	U	2009007034	7014158	322049
	U	2009007034	7014696	322239
	U	2009007034	7014730	322296
	U	2009007034	7011551	322415
	U	2009007034	7014819	322457
	U	2009007034	7014838	322522
	U	2009007034	7014848	322549
	U	2009007034	7014857	322567
	U	2009007034	1001892	322609
	U	2009007034	7014965	322759
	U	2009007034	7014966	322761
	U	2009007034	1003398	322766
	U	2009007034	7000839	322782
	U	2009007034	7000836	322783
	U	2009007034	7013207	322798
	U	2009007034	7015024	322865
	U	2009007034	7015025	322867
	U	2009007034	7015061	322926
	U	2009007034	7015063	322930
	U	2009007034	7015080	322962
	U	2009007034	7015097	322987
	U	2009007034	7015098	322989
	U	2009007034	7015111	323015
	U	2009007034	7015126	323045
	U	2009007034	7015134	323061
	U	2009007034	7015178	323205
	U	2009007034	7015183	323215
	U	2009007034	7015185	323219
	U	2009007034	7015189	323227
	U	2009007034	4011927	323239
	U	2009007034	7015192	323240
	U	2009007034	7015215	323280
	U	2009007034	7015222	323294
	U	2009007034	7015223	323296
	U	2009007034	7015231	323312
	U	2009007034	7015233	323316
	U	2009007034	7015236	323322
	U	2009007034	7015255	323360
	U	2009007034	7015257	323364
	U	2009007034	7015261	323372
	U	2009007034	7015264	323378
	U	2009007034	7015266	323382
	U	2009007034	7015272	323394
	U	2009007034	7015285	323416
	U	2009007034	7015288	323422
	U	2009007034	7015296	323438
	U	2009007034	7015297	323440
	U	2009007034	7015374	323463
	U	2009007034	7015508	323571
	U	2009007034	7015587	323706
	U	2009007034	7015595	323717
	U	2009007034	7015606	323739
	U	2009007034	7015728	323896
	U	2009007034	7015788	324483
	U	2009007034	7015907	324549
	U	2009007034	7016157	324779
	U	2009007034	7016404	324842
	U	2009007034	7016421	324856
	U	2009007034	1001751	324890
	U	2009007034	7016464	324894
	U	2009007034	7016468	324898
	U	2009007034	7016476	324905
	U	2009007034	7016769	325034
	U	2009007034	1121561	325063
	U	2009007034	7016897	325104
	U	2009007034	7016900	325130
	U	2009007034	7016975	325173
	U	2009007034	1006987	325258
	U	2009007034	1008177	325263
	U	2009007034	7017050	325336
	U	2009007034	7017182	325560
	U	2009007034	7017322	325939
	U	2009007034	7017345	325986
	U	2009007034	7017347	325990
	U	2009007034	7017352	326000
	U	2009007034	7017355	326006
	U	2009007034	7017356	326008
	U	2009007034	7017368	326032
	U	2009007034	7017381	326105
	U	2009007034	7017386	326113
	U	2009007034	7017579	326466
	U	2009007034	7017613	326536
	U	2009007034	2011239	326691
	U	2009007034	7017854	326749
	U	2009007034	7007568	326750
	U	2009007034	7017861	326757
	U	2009007034	7017865	326764
	U	2009007034	7017892	326795
	U	2009007034	7017699	326801
	U	2009007034	7017680	326823
	U	2009007034	7017697	326826
	U	2009007034	7017870	326833
	U	2009007034	7017709	326841
	U	2009007034	7017712	326842
	U	2009007034	7017978	326853
	U	2009007034	7017720	326854
	U	2009007034	1000749	326897
	U	2009007034	1008056	327076
	U	2009007034	7011175	327078
	U	2009007034	7018202	327105
	U	2009007034	7018204	327107
	U	2009007034	7018222	327228
	U	2009007034	7018223	327229
	U	2009007034	7018227	327243
	U	2009007034	7018237	327261
	U	2009007034	7018243	327291
	U	2009007034	7018252	327298
	U	2009007034	7018257	327313
	U	2009007034	7018266	327331
	U	2009007034	7018272	327343
	U	2009007034	7018281	327361
	U	2009007034	7005423	327366
	U	2009007034	7018308	327412
	U	2009007034	7018393	327528
	U	2009007034	7018417	327562
	U	2009007034	7018435	327596
	U	2009007034	7018439	327605
	U	2009007034	1007145	327624
	U	2009007034	7018468	327667
	U	2009007034	7018482	327708
	U	2009007034	1000992	327828
	U	2009007034	7016696	327829
	U	2009007034	1001007	327830
	U	2009007034	7016797	327832
	U	2009007034	7018592	327917
	U	2009007034	7018619	328078
	U	2009007034	7001022	328087
	U	2009007034	7018698	340244
	U	2009007034	7018726	346684
	U	2009007034	7018737	346741
	U	2009007034	1000892	359736
	U	2009007034	7018839	362286
	U	2009007034	1124321	362615
	U	2009007034	7018849	365228
	U	2009007034	7016113	397219
	U	2009007034	2017666	397264
	U	2009007034	2046261	397271
	U	2009007034	2051421	397282
	U	2009007034	2074202	397310
	U	2009007034	2027295	397313
	U	2009007034	2103901	397330
	U	2009007034	2115761	397353
	U	2009007034	2047137	397373
	U	2009007034	2019614	397398
	U	2009007034	2052376	397426
	U	2009007034	2090079	397449
	U	2009007034	2028771	397454
	U	2009007034	2059638	397458
	U	2009007034	2100713	397490
	U	2009007034	2106354	397502
	U	2009007034	2059933	397510
	U	2009007034	2053012	397532
	U	2009007034	2043925	397553
	U	2009007034	2072467	397585
	U	2009007034	2005491	397603
	U	2009007034	2101959	397623
	U	2009007034	2049079	397627
	U	2009007034	2120358	397630
	U	2009007034	2053680	397638
	U	2009007034	2077148	397641
	U	2009007034	2053748	397652
	U	2009007034	7018894	760652
	U	2009007034	7020555	1154896
	U	2009007034	7021560	1155046
	U	2009007034	7021562	1155048
	U	2009007034	7021679	1155084
	U	2009007034	7021721	1155115
	U	2009007034	2000335	1155452
	U	2009007034	2001283	1155458
	U	2009007034	2001296	1155466
	U	2009007034	2000166	1155474
	U	2009007034	2001067	1155477
	U	2009007034	2001308	1155483
	U	2009007034	2001311	1155486
	U	2009007034	2156155	1155491
	U	2009007034	2124077	1155495
accessed 05/30/2000	U	9006707	7024620	1160025
accessed 05/30/2000	U	9006707	7024621	1160036
accessed 05/30/2000	U	9006707	7024622	1160042
accessed 05/30/2000	U	9006707	7024622	1160045
	U	9006707	7024625	1160251
	U	9006707	7024625	1160257
accessed 06/08/2000	U	9006707	7024650	1160623
accessed 06/09/2000	U	9006707	7024650	1160627
accessed 06/08/2000	U	9006707	7024651	1160624
accessed 06/08/2000	U	9006707	7024651	1160625
accessed 06/08/2000	U	9006707	7024652	1160628
accessed 08/10/00	U	9006707	7025010	1162214
accessed 08/10/00	U	9006707	7025010	1162215
accessed 08/10/00	U	9006707	7025011	1162216
accessed 08/10/00	U	9006707	7025012	1162218
accessed 08/10/00	U	9006707	7025013	1162219
accessed 09/19/2000	U	9006707	7025319	1162969
	U	9006707	7025523	1163677
	U	9006707	7025523	1163678
accessed 10/30/2000	U	9006707	7025558	1163813
accessed 10/30/2000	U	9006707	7025558	1163814
accessed 10/31/2000	U	9006707	7025559	1163821
accessed 10/30/2000	U	9006707	7025561	1163824
10/20/2000	U	9006707	7025561	1163825
accessed 12/06/2000	U	9006707	7025619	166464
accessed 12/06/2000	U	9006707	7025619	1164062
accessed 01/03/2001	U	9006707	7025824	1164825
	U	2009007034	2001152	317668
	U	2009007034	2001163	317679
	U	2009007034	1002592	317693
	U	2009007034	1002671	317698
	U	2009007034	1002680	317699
	U	2009007034	1002787	317702
	U	2009007034	2001180	317721
	U	2009007034	2001193	317734
	U	2009007034	2001200	317741
	U	2009007034	2001206	317747
	U	2009007034	2001228	317769
	U	2009007034	2001233	317774
	U	2009007034	2001235	317776
	U	2009007034	2001249	317790
	U	2009007034	2001264	317804
	U	2009007034	2001284	317824
	U	2009007034	2001321	317861
	U	2009007034	2001336	317876
	U	2009007034	2001343	317883
	U	2009007034	2001348	317888
	U	2009007034	2001354	317894
	U	2009007034	2001363	317903
	U	2009007034	2001371	317911
	U	2009007034	2001382	317922
	U	2009007034	2001386	317926
	U	2009007034	2001390	317930
	U	2009007034	2001392	317932
	U	2009007034	2001402	317942
	U	2009007034	2001404	317944
	U	2009007034	1002614	317950
	U	2009007034	1002999	317953
	U	2009007034	2001416	317961
	U	2009007034	2001439	318008
	U	2009007034	2001448	318017
	U	2009007034	2001453	318022
	U	2009007034	2001458	318027
	U	2009007034	2001460	318029
	U	2009007034	1002246	318035
	U	2009007034	1002259	318036
	U	2009007034	1002261	318037
	U	2009007034	7014318	318067
	U	2009007034	1002875	318077
	U	2009007034	2001557	318093
	U	2009007034	2001565	318101
	U	2009007034	2001588	318124
	U	2009007034	2001606	318142
	U	2009007034	2001607	318143
	U	2009007034	1002155	318148
	U	2009007034	1002159	318150
	U	2009007034	1002254	318155
	U	2009007034	1002274	318156
	U	2009007034	1002313	318162
	U	2009007034	1002424	318171
	U	2009007034	1002519	318181
	U	2009007034	1002776	318198
	U	2009007034	2001610	318221
	U	2009007034	2001620	318231
	U	2009007034	2001624	318235
	U	2009007034	2001625	318236
	U	2009007034	2001626	318237
	U	2009007034	2001631	318242
	U	2009007034	2001632	318243
	U	2009007034	2001634	318245
	U	2009007034	2001638	318249
	U	2009007034	2001639	318250
	U	2009007034	2001643	318254
	U	2009007034	2001645	318256
	U	2009007034	2001646	318257
	U	2009007034	2001651	318262
	U	2009007034	7021277	318279
	U	2009007034	2001685	318296
	U	2009007034	2001689	318300
	U	2009007034	2001694	318305
	U	2009007034	2001697	318308
	U	2009007034	1002891	318318
	U	2009007034	2001704	318327
	U	2009007034	2001707	318330
	U	2009007034	2001708	318331
	U	2009007034	2001718	318341
	U	2009007034	1002228	318347
	U	2009007034	1002312	318348
	U	2009007034	1002474	318350
	U	2009007034	2001474	318364
	U	2009007034	2001479	318369
	U	2009007034	2001481	318371
	U	2009007034	2001482	318372
	U	2009007034	2001489	318379
	U	2009007034	2001491	318381
	U	2009007034	2001492	318382
	U	2009007034	2001531	318421
	U	2009007034	2001547	318437
	U	2009007034	2001548	318438
	U	2009007034	1002153	318449
	U	2009007034	7013387	318452
	U	2009007034	1002194	318454
	U	2009007034	1002233	318459
	U	2009007034	1002294	318465
	U	2009007034	1002682	318491
	U	2009007034	1003047	318513
	U	2009007034	1002202	318515
	U	2009007034	1002996	318519
	U	2009007034	2001725	318520
	U	2009007034	2001733	318528
	U	2009007034	2001735	318530
	U	2009007034	2001737	318532
	U	2009007034	2001793	318588
	U	2009007034	2001806	318601
	U	2009007034	2001814	318609
	U	2009007034	2001829	318624
	U	2009007034	2001831	318626
	U	2009007034	2001863	318658
	U	2009007034	2001870	318665
	U	2009007034	2001883	318678
	U	2009007034	7022542	318685
	U	2009007034	2001918	318713
	U	2009007034	2001925	318720
	U	2009007034	2001927	318722
	U	2009007034	1002291	318742
	U	2009007034	1002303	318743
	U	2009007034	1002367	318748
	U	2009007034	1002374	318749
	U	2009007034	1002590	318775
	U	2009007034	1002646	318780
	U	2009007034	1002830	318791
	U	2009007034	1002966	318802
	U	2009007034	2001939	318819
	U	2009007034	2001950	318830
	U	2009007034	2001960	318840
	U	2009007034	2001963	318843
	U	2009007034	2001998	318878
	U	2009007034	2002000	318880
	U	2009007034	2002001	318881
	U	2009007034	2002006	318886
	U	2009007034	2002026	318906
	U	2009007034	2002027	318907
	U	2009007034	2002035	318915
	U	2009007034	2002037	318917
	U	2009007034	2002054	318934
	U	2009007034	2002061	318941
	U	2009007034	2002062	318942
	U	2009007034	2002072	318952
	U	2009007034	2002081	318961
	U	2009007034	2002083	318963
	U	2009007034	2002084	318964
	U	2009007034	2002086	318966
	U	2009007034	2002089	318969
	U	2009007034	2002095	318975
	U	2009007034	2002103	318983
	U	2009007034	2002104	318984
	U	2009007034	2002111	318991
	U	2009007034	2002113	318993
	U	2009007034	2002122	319002
	U	2009007034	2002124	319004
	U	2009007034	1002840	319015
	U	2009007034	1002425	319033
	U	2009007034	1002451	319034
	U	2009007034	1002547	319037
	U	2009007034	1002575	319040
	U	2009007034	1002730	319046
	U	2009007034	7015778	319049
	U	2009007034	1003018	319056
	U	2009007034	2002138	319059
	U	2009007034	2002143	319064
	U	2009007034	2002155	319076
	U	2009007034	2002157	319078
	U	2009007034	2002161	319082
	U	2009007034	2002167	319088
	U	2009007034	2002174	319095
	U	2009007034	2002177	319098
	U	2009007034	2002178	319099
	U	2009007034	2002181	319102
	U	2009007034	2002187	319108
	U	2009007034	2002191	319112
	U	2009007034	1002862	319134
	U	2009007034	2002251	319155
	U	2009007034	2002316	319180
	U	2009007034	2002333	319197
	U	2009007034	2002335	319199
	U	2009007034	2002337	319201
	U	2009007034	2002349	319213
	U	2009007034	2002360	319224
	U	2009007034	2002386	319250
	U	2009007034	2002387	319251
	U	2009007034	2002259	319261
	U	2009007034	2002262	319264
	U	2009007034	2002272	319274
	U	2009007034	2002278	319280
	U	2009007034	2002284	319286
	U	2009007034	2002289	319291
	U	2009007034	2002290	319292
	U	2009007034	2002298	319300
	U	2009007034	2002302	319304
	U	2009007034	2002304	319306
	U	2009007034	7010378	319338
	U	2009007034	7010430	319371
	U	2009007034	7010431	319372
	U	2009007034	7010535	319400
	U	2009007034	7010674	319473
	U	2009007034	7011374	319782
	U	2009007034	7011167	319844
	U	2009007034	7011169	319848
	U	2009007034	7002733	319857
	U	2009007034	7002681	319865
	U	2009007034	7010828	319969
	U	2009007034	7011055	319976
	U	2009007034	7011799	320347
	U	2009007034	7011920	320411
	U	2009007034	7011989	320431
	U	2009007034	7012002	320467
	U	2009007034	7011671	320480
	U	2009007034	1008943	320511
	U	2009007034	7016628	320526
	U	2009007034	1008845	320531
	U	2009007034	7002720	320537
	U	2009007034	7002691	320541
	U	2009007034	7002750	320551
	U	2009007034	7006632	320644
	U	2009007034	7011651	320659
	U	2009007034	7011665	320662
	U	2009007034	7011662	320715
	U	2009007034	7012173	320743
	U	2009007034	7011700	320746
	U	2009007034	7011684	320845
	U	2009007034	1003384	320979
	U	2009007034	7012922	320980
	U	2009007034	1003175	320998
	U	2009007034	2080825	265501
	U	2009007034	2081092	265768
	U	2009007034	2081107	265783
	U	2009007034	2081290	265966
	U	2009007034	2081469	266145
	U	2009007034	2081888	266564
	U	2009007034	2082369	267045
	U	2009007034	2082607	267283
	U	2009007034	2082652	267328
	U	2009007034	2082699	267375
	U	2009007034	2082781	267457
	U	2009007034	2083170	267846
	U	2009007034	2084847	269523
	U	2009007034	2085001	269677
	U	2009007034	2085132	269808
	U	2009007034	2085244	269920
	U	2009007034	2085825	270501
	U	2009007034	2086096	270772
	U	2009007034	2086134	270810
	U	2009007034	2086309	270985
	U	2009007034	2086427	271103
	U	2009007034	2086513	271189
	U	2009007034	2086617	271293
	U	2009007034	2086669	271345
	U	2009007034	2086824	271500
	U	2009007034	2086884	271560
	U	2009007034	2087199	271875
	U	2009007034	2087295	271971
	U	2009007034	2087302	271978
	U	2009007034	2087586	272262
	U	2009007034	2087596	272272
	U	2009007034	2087665	272341
	U	2009007034	2087761	272437
	U	2009007034	2088026	272702
	U	2009007034	2088124	272800
	U	2009007034	2088369	273045
	U	2009007034	2088415	273091
	U	2009007034	2088878	273554
	U	2009007034	2089410	274086
	U	2009007034	2089481	274157
	U	2009007034	2089645	274321
	U	2009007034	2089952	274628
	U	2009007034	2090004	274680
	U	2009007034	7017374	111519
	U	2009007034	1110393	111538
	U	2009007034	1110960	112110
	U	2009007034	1110966	112116
	U	2009007034	1118876	120169
	U	2009007034	1129757	131435
	U	2009007034	1136087	137870
	U	2009007034	7000028	141183
	U	2009007034	7001636	141338
	U	2009007034	7003168	141379
	U	2009007034	7001105	141529
	U	2009007034	1001080	141531
	U	2009007034	1001267	141541
	U	2009007034	1001187	141560
	U	2009007034	1001653	141561
	U	2009007034	7001666	141591
	U	2009007034	1010336	141661
	U	2009007034	1000774	141669
	U	2009007034	1001921	141683
	U	2009007034	1006949	141754
	U	2009007034	3000389	142391
	U	2009007034	7011573	142848
	U	2009007034	1001716	143101
	U	2009007034	7001735	143146
	U	2009007034	1001469	143203
	U	2009007034	7000189	143248
	U	2009007034	1002109	143285
	U	2009007034	1001604	158470
	U	2009007034	7000232	158523
	U	2009007034	1000808	158558
	U	2009007034	1000953	158560
	U	2009007034	7000783	158586
	U	2009007034	1002075	158592
	U	2009007034	7000275	158722
	U	2009007034	1001012	158725
	U	2009007034	1000961	158727
	U	2009007034	1001036	158734
	U	2009007034	1001040	158738
	U	2009007034	7002015	158812
	U	2009007034	5000713	159816
	U	2009007034	6002056	167375
	U	2009007034	6002099	167418
	U	2009007034	6004137	169456
	U	2009007034	6005059	170378
	U	2009007034	6005624	170943
	U	2009007034	6005659	170978
	U	2009007034	6006758	174630
	U	2009007034	1008940	175122
	U	2009007034	1001185	175135
	U	2009007034	1000967	181369
	U	2009007034	7002828	181398
	U	2009007034	1001244	181451
	U	2009007034	1001152	181453
	U	2009007034	1001235	181454
	U	2009007034	1001118	181455
	U	2009007034	1001356	181457
	U	2009007034	1001268	181467
	U	2009007034	7016551	181475
	U	2009007034	1001919	181539
	U	2009007034	1002080	181601
	U	2009007034	1002104	181604
	U	2009007034	1002119	181778
	U	2009007034	7000605	181835
	U	2009007034	1000888	181987
	U	2009007034	1000489	182023
	U	2009007034	1000613	182027
	U	2009007034	1000536	182036
	U	2009007034	1000807	182038
	U	2009007034	1000743	182048
	U	2009007034	1000539	182077
	U	2009007034	7000791	182098
	U	2009007034	1000814	182145
	U	2009007034	1000873	182149
	U	2009007034	1001019	182243
	U	2009007034	1001002	182244
	U	2009007034	7001627	182257
	U	2009007034	7000879	182259
	U	2009007034	7000880	182260
	U	2009007034	7000882	182262
	U	2009007034	7000901	182292
	U	2009007034	7000914	182321
	U	2009007034	7000926	182346
	U	2009007034	7000932	182358
	U	2009007034	7000945	182390
	U	2009007034	7000951	182402
	U	2009007034	7000963	182426
	U	2009007034	7000966	182434
	U	2009007034	7000974	182446
	U	2009007034	7000975	182448
	U	2009007034	7000977	182452
	U	2009007034	7001289	182536
	U	2009007034	1001102	182538
	U	2009007034	1001117	182540
	U	2009007034	1001135	182541
	U	2009007034	1001167	182547
	U	2009007034	1001219	182551
	U	2009007034	7000420	182564
	U	2009007034	1001348	182568
	U	2009007034	1001361	182572
	U	2009007034	7001298	182574
	U	2009007034	1001509	182587
	U	2009007034	1001586	182594
	U	2009007034	7003141	182746
	U	2009007034	7003136	182750
	U	2009007034	1003489	182771
	U	2009007034	1001737	182772
	U	2009007034	1003491	182774
	U	2009007034	7003138	182777
	U	2009007034	7003014	182780
	U	2009007034	1003506	182792
	U	2009007034	7003008	182798
	U	2009007034	7002831	182877
	U	2009007034	7003569	182984
	U	2009007034	7003468	182985
	U	2009007034	7001185	183005
	U	2009007034	1000622	183399
	U	2009007034	1000679	183408
	U	2009007034	1000763	183413
	U	2009007034	1000782	183418
	U	2009007034	1001842	183711
	U	2009007034	1001130	183831
	U	2009007034	1000826	184093
	U	2009007034	7002287	184293
	U	2009007034	2002202	186878
	U	2009007034	2002231	186907
	U	2009007034	7022218	186910
	U	2009007034	7022220	186912
	U	2009007034	2002414	187090
	U	2009007034	2002434	187110
	U	2009007034	2002887	187563
	U	2009007034	2003234	187910
	U	2009007034	2003601	188277
	U	2009007034	2003703	188379
	U	2009007034	2004017	188693
	U	2009007034	2004242	188918
	U	2009007034	2004342	189018
	U	2009007034	2004425	189101
	U	2009007034	2004515	189191
	U	2009007034	2004851	189527
	U	2009007034	2004996	189672
	U	2009007034	2005004	189680
	U	2009007034	2005492	190168
	U	2009007034	2005979	190655
	U	2009007034	2006037	190713
	U	2009007034	2006099	190775
	U	2009007034	2006400	191076
	U	2009007034	2006668	191344
	U	2009007034	2007023	191699
	U	2009007034	2007320	191996
	U	2009007034	2008272	192948
	U	2009007034	2008413	193089
	U	2009007034	2008611	193287
	U	2009007034	2009391	194067
	U	2009007034	2009467	194143
	U	2009007034	2009545	194221
	U	2009007034	2010035	194711
	U	2009007034	2010074	194750
	U	2009007034	2010247	194923
	U	2009007034	2010250	194926
	U	2009007034	2010410	195086
	U	2009007034	2010493	195169
	U	2009007034	2010508	195184
	U	2009007034	2010863	195539
	U	2009007034	2010877	195553
	U	2009007034	2010910	195586
	U	2009007034	2010976	195652
	U	2009007034	2011132	195808
	U	2009007034	2011143	195819
	U	2009007034	2011373	196049
	U	2009007034	2011433	196109
	U	2009007034	2011660	196336
	U	2009007034	2011715	196391
	U	2009007034	2011763	196439
	U	2009007034	2011902	196578
	U	2009007034	2012042	196718
	U	2009007034	2012135	196811
	U	2009007034	2012327	197003
	U	2009007034	2012492	197168
	U	2009007034	2012566	197242
	U	2009007034	2012759	197435
	U	2009007034	2012784	197460
	U	2009007034	2012818	197494
	U	2009007034	2012827	197503
	U	2009007034	2012979	197655
	U	2009007034	2012989	197665
	U	2009007034	2013022	197698
	U	2009007034	2013065	197741
	U	2009007034	2013085	197761
	U	2009007034	2013117	197793
	U	2009007034	2013207	197883
	U	2009007034	2013331	198007
	U	2009007034	2013408	198084
	U	2009007034	2013931	198607
	U	2009007034	2014040	198716
	U	2009007034	2014186	198862
	U	2009007034	2014229	198905
	U	2009007034	2014579	199255
	U	2009007034	2014730	199406
	U	2009007034	2014909	199585
	U	2009007034	2014931	199607
	U	2009007034	2014939	199615
	U	2009007034	2015687	200363
	U	2009007034	2016043	200719
	U	2009007034	2016290	200966
	U	2009007034	2016444	201120
	U	2009007034	2016453	201129
	U	2009007034	2016711	201387
	U	2009007034	2016860	201536
	U	2009007034	2017095	201771
	U	2009007034	2017167	201843
	U	2009007034	2017207	201883
	U	2009007034	2017232	201908
	U	2009007034	2017341	202017
	U	2009007034	2017455	202131
	U	2009007034	2017535	202211
	U	2009007034	2017552	202228
	U	2009007034	2017848	202524
	U	2009007034	2018206	202882
	U	2009007034	2018212	202888
	U	2009007034	2018504	203180
	U	2009007034	2018580	203256
	U	2009007034	2018723	203399
	U	2009007034	2018805	203481
	U	2009007034	2018820	203496
	U	2009007034	2018911	203587
	U	2009007034	2019697	204373
	U	2009007034	1003171	321061
	U	2009007034	1003353	321080
	U	2009007034	7012997	321126
	U	2009007034	7013070	321157
	U	2009007034	7013165	321213
	U	2009007034	7013167	321214
	U	2009007034	1009688	321265
	U	2009007034	1007565	321289
	U	2009007034	7013209	321315
	U	2009007034	7013333	321469
	U	2009007034	7016165	321530
	U	2009007034	7013397	321587
	U	2009007034	7013440	321683
	U	2009007034	7013478	321708
	U	2009007034	7013757	321891
	U	2009007034	7013760	321894
	U	2009007034	7013895	321942
	U	2009007034	7013922	321946
	U	2009007034	7005804	322012
	U	2009007034	7014776	322332
	U	2009007034	7014474	322396
	U	2009007034	1003351	322419
	U	2009007034	6003034	322425
	U	2009007034	7014841	322538
	U	2009007034	7014845	322539
	U	2009007034	7014851	322555
	U	2009007034	1001276	322592
	U	2009007034	7014876	322616
	U	2009007034	7014891	322638
	U	2009007034	7014938	322724
	U	2009007034	7014955	322739
	U	2009007034	1003405	322772
	U	2009007034	1003418	322789
	U	2009007034	7015029	322875
	U	2009007034	7015036	322889
	U	2009007034	7015073	322951
	U	2009007034	7015078	322961
	U	2009007034	7015090	322973
	U	2009007034	7015095	322983
	U	2009007034	7015112	323017
	U	2009007034	7015115	323023
	U	2009007034	7015120	323033
	U	2009007034	7015122	323037
accessed 01/03/2001	U	9006707	7025824	1164826
accessed 01/03/2001	U	9006707	7025824	1164827
accessed 01/03/2001	U	9006707	7025826	1164839
accessed 01/03/2001	U	9006707	7025826	1164840
accessed 01/03/2001	U	9006707	7025826	1164844
accessed 01/08/2001	U	9006707	7025844	169166
accessed 01/08/2001	U	9006707	7025844	1164896
accessed 01/08/2001	U	9006707	7025844	1164900
accessed 01/08/2001	U	9006707	7025859	170911
accessed 03/09/2001	U	9006900	1028582	350666
	U	9006900	1086264	325078
	U	9006900	1086264	1165926
	U	9006900	1100576	101563
	U	9006900	1109287	337112
	U	9006900	1109287	1165596
German name	U	9006900	1109287	1165597
accessed 03/09/2001	U	9006900	4001768	1165634
accessed 05/10/2001	U	9006900	6000714	1167112
accessed 7/26/01	U	9006900	6002058	326398
accessed 05/10/2001	U	9006900	6002992	1167110
accessed 8/01	U	9006900	6006211	1170252
accessed 8/01	U	9006900	6006211	1170253
accessed 8/01	U	9006900	6006211	1170259
accessed 8/01	U	9006900	6006211	1170260
accessed 8/01	U	9006900	6006211	1170261
accessed 8/01	U	9006900	7002435	315157
accessed 8/01	U	9006900	7002435	322919
accessed 8/01	U	9006900	7002435	335194
accessed 8/01	U	9006900	7002435	1170258
accessed 8/01	U	9006900	7006006	323701
accessed 8/01	U	9006900	7016180	324817
accessed 8/01	U	9006900	7016180	1170250
accessed 8/01	U	9006900	7016180	1170251
accessed 03/13/2001	U	9006900	7016749	1165843
	U	9006900	7026054	1165606
	U	9006900	7026054	1165610
	U	9006900	7026057	1165616
	U	9006900	7026057	1165618
	U	9006900	7026065	1165640
	U	9006900	7026066	1165643
	U	9006900	7026066	1165646
	U	9006900	7026066	1165648
	U	9006900	7026086	1165693
	U	9006900	7026086	1165695
	U	9006900	7026086	1165696
accessed 03/08/2001	U	9006900	7026089	160842
	U	9006900	7026128	1165845
	U	9006900	7026131	1165857
	U	9006900	7026131	1165864
	U	9006900	7026148	1165908
	U	9006900	7026149	1165910
	U	9006900	7026162	1165933
	U	9006900	7026162	1165934
accessed 7/01	U	9006900	7027266	1169134
Accessed 04/02/2002.	N	9006900	7011996	1001174210
	N	9006900	7010206	1001174212
	N	9006900	7010206	1001174211
	N	9006900	7028850	1001174213
	N	9006900	7016849	357487
Accessed 04/08/2002.	N	9006900	7016849	1001174503
Accessed 04/08/2/002.	N	9006900	7001390	1001174504
Accessed 04082002.	N	9006900	7001390	1001174505
Accessed 04/09/2002.	N	9006900	1083902	1001174555
Accessed 04/09/2002.	N	9006900	1083902	1001174550
"Palestine, history of." Accessed 04/09/2002.	N	9006900	1083912	1001174599
Accessed 04//09/2002.	N	9006900	1083914	1001174605
Accessed 04/09/2002.	N	9006900	1083914	84747
Accessed 04/09/2002.	N	9006900	7029048	1001174616
Accessed 04/09/2002.	N	9006900	7029048	1001174612
	N	9006900	7029048	1001174617
"Year in Review 1996: world-affairs: Israel." Accessed 04/10/2002.	N	9006900	1083875	333792
Accessed 04/10/2002.	N	9006900	7000243	1001174637
Accessed 04/10/2002.	N	9006900	7001388	84719
Accessed 04/10/2002	N	9006900	7001388	1001174682
	N	9006900	4001348	1001174727
	N	9006900	7010018	316129
	N	9006900	7010018	1001174975
"Po River." Accessed 04/24/2002.	N	9006900	7010018	1001174974
"Po River." Accessed 04/24/2002.	N	9006900	7003085	157780
Accessed 04/09/2002.	N	9006900	7029354	1001174580
Accessed 04/09/2002.	N	9006900	7029354	1001174579
Accessed 04/09/2002.	N	9006900	7029354	1001174577
Accessed 04/09/2002	N	9006900	7029354	1001174578
	N	9006900	7029354	1001174589
Accessed 05/15/2002.	N	9006900	4000123	143507
"Low Countries." Accessed 06/27/2002.	N	9006900	7029439	1001175476
accessed 9 July 2003	N	9006900	7029632	1001176404
accessed 9 July 2003	N	9006900	7029635	1001176407
accessed 9 July 2003	N	9006900	7029633	1001176405
accessed 9 July 2003	N	9006900	7029634	1001176406
accessed 9 July 2003	N	9006900	7029636	1001176408
"Sterlitamak." accessed 224 July 2003	N	9006900	1059833	1001176946
"Wallonia."  accessed 24 July 2003	N	9006900	4012014	1001176949
"Wallonia."  accessed 24 July 2003	N	9006900	4012014	1001176947
"Wallonia."  accessed 24 July 2003	N	9006900	4012014	1001176948
"Antwerp"  accessed 28 July 2003	N	9006900	7003456	1001176962
"Flemish Brabant"  accessed 31 July 2003	N	9006900	7018239	1001177006
"East Flanders"  accessed 31 July 2003	N	9006900	7003457	1001177012
"West Flanders"  accessed 31 July 2003	N	9006900	7003458	1001177019
	U	9006428	4000321	143705
	U	9006428	4001140	144534
	U	9006428	4001193	144588
	U	9006428	4001964	145363
	U	9006428	4002533	145935
	U	9006428	4003472	146883
	U	9006428	4003659	147073
	U	9006428	4004785	148209
	U	9006428	4005737	149172
	U	9006428	4005761	149196
	U	9006428	4007159	150601
	U	9006428	4008116	151569
	U	9006428	4008779	152239
	U	9006428	4010555	154022
	U	9006428	4011565	155043
	U	9006428	4011947	155426
	U	9006428	7000811	93867
	U	9006428	7001168	142133
	U	9006428	7001410	80379
	U	9006428	7001867	97427
	U	9006428	7002436	149112
	U	9006428	7002919	683
	U	9006428	7003223	914
	U	9006428	7003606	154949
	U	9006428	7003712	141274
	U	9006428	7004070	157722
	U	9006428	7004434	39026
	U	9006428	7005174	139817
	U	9006428	7005190	161089
	U	9006428	7005249	40177
	U	9006428	7005567	161790
	U	9006428	7006149	145481
	U	9006428	7006871	177136
	U	9006428	7007601	332932
	U	9006428	7007652	331453
	U	9006428	7008702	63089
	U	9006428	7009084	159016
	U	9006428	7009875	9861
	U	9006428	7010123	54130
	U	9006428	7010608	312761
	U	9006428	7011127	29208
	U	9006428	7011423	151112
	U	9006428	7011608	148851
	U	9006428	7012304	41158
	U	9006428	7012318	157195
	U	9006428	7012847	151153
	U	9006428	7016540	141815
	U	9006428	7017449	155977
	U	9006428	7017484	148620
	U	9006428	7017484	156504
	N	9006428	7001526	157706
	N	9006428	4001348	156836
	N	9006428	7010018	156563
	N	9006428	7029365	1001175189
	N	9006428	4000123	143507
	N	9006428	1000006	1001175191
	N	9006428	7029385	157748
	N	9006428	4011496	156613
	N	9006428	4011497	156614
	N	9006428	4011497	154974
	N	9006428	4011498	156615
	N	9006428	4011499	156616
	N	9006428	4011500	156617
	N	9006428	4011495	156612
	N	9006428	7029372	156868
	N	9006428	7029386	1001175285
	N	9006428	7000081	141247
	N	9006428	7029440	156546
	N	9006428	7016739	156444
	N	9006428	7009981	156559
	N	9006428	6006299	1001175529
	N	9006428	6006299	1001175530
	N	9006428	4003918	157102
	N	9006428	4003918	156480
	N	9006428	7024414	156575
	N	9006428	7024415	156502
	N	9006428	7024407	156431
	N	9006428	7024412	156554
	U	2009007034	2019975	204651
	U	2009007034	2020177	204853
	U	2009007034	2020274	204950
	U	2009007034	2020294	204970
	U	2009007034	2020525	205201
	U	2009007034	2020561	205237
	U	2009007034	2020596	205272
	U	2009007034	2020599	205275
	U	2009007034	2020628	205304
	U	2009007034	2020669	205345
	U	2009007034	2020682	205358
	U	2009007034	2020744	205420
	U	2009007034	2020993	205669
	U	2009007034	2021153	205829
	U	2009007034	2021237	205913
	U	2009007034	2021271	205947
	U	2009007034	2021563	206239
	U	2009007034	2021984	206660
	U	2009007034	2022234	206910
	U	2009007034	2022403	207079
	U	2009007034	2022759	207435
	U	2009007034	2022935	207611
	U	2009007034	2022962	207638
	U	2009007034	2023052	207728
	U	2009007034	2023459	208135
	U	2009007034	2023672	208348
	U	2009007034	2024089	208765
	U	2009007034	2024598	209274
	U	2009007034	2024667	209343
	U	2009007034	2024757	209433
	U	2009007034	2024837	209513
	U	2009007034	2024881	209557
	U	2009007034	2025031	209707
	U	2009007034	2025132	209808
	U	2009007034	2025180	209856
	U	2009007034	2025244	209920
	U	2009007034	2025822	210498
	U	2009007034	2025928	210604
	U	2009007034	2026468	211144
	U	2009007034	2026556	211232
	U	2009007034	2026949	211625
	U	2009007034	2027288	211964
	U	2009007034	2027430	212106
	U	2009007034	7000788	182095
	U	2009007034	1000894	182132
	U	2009007034	1093896	182249
	U	2009007034	7000885	182265
	U	2009007034	7000910	182313
	U	2009007034	7000913	182319
	U	2009007034	7000919	182331
	U	2009007034	7000930	182354
	U	2009007034	7000937	182369
	U	2009007034	7000947	182394
	U	2009007034	7000953	182406
	U	2009007034	7000964	182428
	U	2009007034	7000965	182432
	U	2009007034	7000973	182444
	U	2009007034	7000978	182454
	U	2009007034	7001008	182512
	U	2009007034	7001010	182516
	U	2009007034	1001061	182532
	U	2009007034	1001214	182552
	U	2009007034	1001232	182553
	U	2009007034	1001258	182559
	U	2009007034	7001300	182579
	U	2009007034	1001451	182581
	U	2009007034	1001500	182584
	U	2009007034	1001606	182597
	U	2009007034	7001077	182643
	U	2009007034	1001622	182711
	U	2009007034	7002991	182719
	U	2009007034	7003129	182740
	U	2009007034	1003460	182745
	U	2009007034	1003464	182747
	U	2009007034	1003483	182767
	U	2009007034	7003133	182773
	U	2009007034	7003134	182775
	U	2009007034	7015163	182781
	U	2009007034	7003144	182782
	U	2009007034	1001762	182789
	U	2009007034	7002843	182834
	U	2009007034	7002806	182849
	U	2009007034	7002832	182857
	U	2009007034	7002844	182869
	U	2009007034	7001155	182901
	U	2009007034	1000524	183387
	U	2009007034	1000526	183388
	U	2009007034	1000597	183391
	U	2009007034	1000598	183392
	U	2009007034	1000599	183393
	U	2009007034	1001343	183833
	U	2009007034	7002012	183980
	U	2009007034	1000949	184099
	U	2009007034	1001134	184252
	U	2009007034	7002393	184448
	U	2009007034	7021987	185617
	U	2009007034	7022240	185935
	U	2009007034	7022245	186097
	U	2009007034	2002198	186874
	U	2009007034	2002204	186880
	U	2009007034	2002390	187066
	U	2009007034	2002522	187198
	U	2009007034	2002537	187213
	U	2009007034	2002550	187226
	U	2009007034	2002960	187636
	U	2009007034	2003321	187997
	U	2009007034	2003428	188104
	U	2009007034	2003565	188241
	U	2009007034	2003608	188284
	U	2009007034	2003721	188397
	U	2009007034	2003765	188441
	U	2009007034	2003945	188621
	U	2009007034	2004058	188734
	U	2009007034	2004153	188829
	U	2009007034	2004639	189315
	U	2009007034	2005161	189837
	U	2009007034	2005271	189947
	U	2009007034	2005407	190083
	U	2009007034	2005547	190223
	U	2009007034	2005914	190590
	U	2009007034	2006135	190811
	U	2009007034	2006381	191057
	U	2009007034	2006439	191115
	U	2009007034	2006451	191127
	U	2009007034	2006629	191305
	U	2009007034	2006673	191349
	U	2009007034	2006830	191506
	U	2009007034	2006937	191613
	U	2009007034	2007193	191869
	U	2009007034	2007220	191896
	U	2009007034	2007256	191932
	U	2009007034	2007340	192016
	U	2009007034	2007565	192241
	U	2009007034	2008740	193416
	U	2009007034	2008953	193629
	U	2009007034	2009049	193725
	U	2009007034	2009231	193907
	U	2009007034	2009295	193971
	U	2009007034	2009906	194582
	U	2009007034	2009930	194606
	U	2009007034	2010088	194764
	U	2009007034	2010203	194879
	U	2009007034	2010213	194889
	U	2009007034	2010360	195036
	U	2009007034	2010399	195075
	U	2009007034	2010844	195520
	U	2009007034	2010889	195565
	U	2009007034	2011233	195909
	U	2009007034	2011511	196187
	U	2009007034	2011909	196585
	U	2009007034	2012066	196742
	U	2009007034	2012072	196748
	U	2009007034	2012092	196768
	U	2009007034	2012109	196785
	U	2009007034	2012124	196800
	U	2009007034	2012159	196835
	U	2009007034	2012523	197199
	U	2009007034	2012712	197388
	U	2009007034	2012742	197418
	U	2009007034	2013196	197872
	U	2009007034	2013426	198102
	U	2009007034	2013432	198108
	U	2009007034	2013704	198380
	U	2009007034	2013713	198389
	U	2009007034	2013727	198403
	U	2009007034	2014085	198761
	U	2009007034	2014319	198995
	U	2009007034	2014326	199002
	U	2009007034	2014385	199061
	U	2009007034	2014595	199271
	U	2009007034	2014693	199369
	U	2009007034	2014734	199410
	U	2009007034	2014987	199663
	U	2009007034	2015060	199736
	U	2009007034	2015068	199744
	U	2009007034	2015387	200063
	U	2009007034	2015614	200290
	U	2009007034	2016069	200745
	U	2009007034	2016579	201255
	U	2009007034	2017084	201760
	U	2009007034	2017091	201767
	U	2009007034	2017144	201820
	U	2009007034	2017186	201862
	U	2009007034	2017708	202384
	U	2009007034	2017935	202611
	U	2009007034	2017989	202665
	U	2009007034	2017993	202669
	U	2009007034	2018045	202721
	U	2009007034	2018063	202739
	U	2009007034	2018197	202873
	U	2009007034	2018229	202905
	U	2009007034	2018239	202915
	U	2009007034	2018465	203141
	U	2009007034	2018742	203418
	U	2009007034	2018856	203532
	U	2009007034	2019098	203774
	U	2009007034	2019154	203830
	U	2009007034	2019161	203837
	U	2009007034	2019405	204081
	U	2009007034	2019600	204276
	U	2009007034	2020020	204696
	U	2009007034	2020061	204737
	U	2009007034	2020230	204906
	U	2009007034	2020249	204925
	U	2009007034	2020309	204985
	U	2009007034	2020363	205039
	U	2009007034	2020394	205070
	U	2009007034	2020637	205313
	U	2009007034	2020716	205392
	U	2009007034	2020877	205553
	U	2009007034	2021176	205852
	U	2009007034	2021323	205999
	U	2009007034	2021356	206032
	U	2009007034	2021527	206203
	U	2009007034	2021555	206231
	U	2009007034	2021579	206255
	U	2009007034	2021621	206297
	U	2009007034	2021725	206401
	U	2009007034	2022202	206878
	U	2009007034	2022362	207038
	U	2009007034	2022557	207233
	U	2009007034	2022697	207373
	U	2009007034	2022792	207468
	U	2009007034	2023245	207921
	U	2009007034	2023573	208249
	U	2009007034	2023857	208533
	U	2009007034	2024402	209078
	U	2009007034	2024490	209166
	U	2009007034	2024559	209235
	U	2009007034	2024815	209491
	U	2009007034	2024904	209580
	U	2009007034	2025019	209695
	U	2009007034	2025022	209698
	U	2009007034	2025096	209772
	U	2009007034	2025145	209821
	U	2009007034	2025193	209869
	U	2009007034	2025254	209930
	U	2009007034	2025263	209939
	U	2009007034	2025270	209946
	U	2009007034	2025482	210158
	U	2009007034	2025524	210200
	U	2009007034	2025679	210355
	U	2009007034	2025755	210431
	U	2009007034	2025853	210529
	U	2009007034	2026307	210983
	U	2009007034	2026485	211161
	U	2009007034	2026543	211219
	U	2009007034	2026548	211224
	U	2009007034	2026825	211501
	U	2009007034	2026873	211549
	U	2009007034	2027166	211842
	U	2009007034	2027191	211867
	U	2009007034	2027296	211972
	U	2009007034	2027395	212071
	U	2009007034	2027512	212188
	U	2009007034	2027569	212245
	U	2009007034	2027625	212301
	U	2009007034	2027802	212478
	U	2009007034	2027905	212581
	U	2009007034	2027953	212629
	U	2009007034	2028034	212710
	U	2009007034	2028523	213199
	U	2009007034	2028578	213254
	U	2009007034	2028846	213522
	U	2009007034	2028903	213579
	U	2009007034	2028975	213651
	U	2009007034	2029021	213697
	U	2009007034	2029109	213785
	U	2009007034	2029872	214548
	U	9006428	4000173	143557
	U	9006428	7005605	143577
	U	9006428	4002795	146199
	U	9006428	7003488	146362
	U	9006428	7016532	156403
	U	9006428	4002116	156434
	U	9006428	7002470	156449
	U	9006428	7006329	156466
	U	9006428	4003756	156471
	U	9006428	7007769	156499
	U	9006428	4005362	156511
	U	9006428	7001554	156530
	U	9006428	7024417	156542
	U	9006428	7016886	156545
	U	9006428	7002611	156556
	U	9006428	4008751	156565
	U	9006428	7016786	156568
	U	9006428	4009045	156569
	U	9006428	7008617	156579
	U	9006428	7007552	156589
	U	9006428	7016821	156593
	U	9006428	4010666	156596
	U	9006428	4010942	156598
	U	9006428	4011131	156603
	U	9006428	7002722	156662
	U	9006428	7002705	156663
	U	9006428	4000270	156671
	U	9006428	7003423	156686
	U	9006428	7001354	156701
	U	9006428	4000627	156730
	U	9006428	7013292	156731
	U	9006428	4000818	156748
	U	9006428	7001373	156754
	U	9006428	7012363	156786
	U	9006428	7006980	156787
	U	9006428	7012371	156796
	U	9006428	7003060	156804
	U	9006428	7012376	156806
	U	9006428	7004694	156807
	U	9006428	7011354	156817
	U	9006428	7016140	156842
	U	9006428	7001375	156846
	U	9006428	4001541	156855
	U	9006428	7007542	156857
	U	9006428	4001791	156870
	U	2009007034	2117262	301938
	U	2009007034	2117378	302054
	U	2009007034	2117448	302124
	U	2009007034	2118538	303214
	U	2009007034	2118830	303506
	U	2009007034	2119305	303981
	U	2009007034	2119375	304051
	U	2009007034	2119403	304079
	U	2009007034	2119724	304400
	U	2009007034	2119753	304429
	U	2009007034	2119786	304462
	U	2009007034	2120324	305000
	U	2009007034	2120389	305065
	U	2009007034	2120422	305098
	U	2009007034	2120649	305325
	U	2009007034	2121341	306017
	U	2009007034	2121750	306426
	U	2009007034	2121781	306457
	U	2009007034	2121789	306465
	U	2009007034	2121801	306477
	U	2009007034	2121856	306532
	U	2009007034	2122066	306742
	U	2009007034	2122196	306872
	U	2009007034	2122327	307003
	U	2009007034	2122382	307058
	U	2009007034	7003022	312447
	U	2009007034	7003027	312449
	U	2009007034	7003456	312527
	U	2009007034	1003761	312686
	U	2009007034	7003796	312735
	U	2009007034	1000929	312793
	U	2009007034	1000809	312796
	U	2009007034	7000678	312813
	U	2009007034	7000679	312814
	U	2009007034	7000683	312822
	U	2009007034	7003920	312873
	U	2009007034	7004239	312964
	U	2009007034	7004297	312987
	U	2009007034	7004311	313021
	U	2009007034	7004344	313083
	U	2009007034	7004347	313092
	U	2009007034	7004349	313099
	U	2009007034	7004361	313145
	U	2009007034	7018832	313158
	U	2009007034	7004373	313187
	U	2009007034	7000841	313211
	U	2009007034	7000852	313217
	U	2009007034	7004390	313240
	U	2009007034	7000818	313315
	U	2009007034	7005225	313603
	U	2009007034	7005254	313695
	U	2009007034	7005356	313778
	U	2009007034	7005389	313810
	U	2009007034	7005405	313840
	U	2009007034	7005483	313920
	U	2009007034	7005504	313947
	U	2009007034	7005579	314040
	U	2009007034	1000545	314086
	U	2009007034	7005713	314191
	U	2009007034	1000747	314271
	U	2009007034	7002647	314275
	U	2009007034	7005843	314289
	U	2009007034	7005907	314320
	U	2009007034	1008420	314339
	U	2009007034	1001391	314352
	U	2009007034	1001491	314354
	U	2009007034	1000618	314434
	U	2009007034	1000605	314446
	U	2009007034	7006239	314534
	U	2009007034	1001526	314600
	U	2009007034	7006369	314640
	U	2009007034	7018768	314661
	U	2009007034	7018763	314684
	U	2009007034	7006428	314742
	U	2009007034	7006432	314751
	U	2009007034	7006436	314759
	U	2009007034	7006447	314782
	U	2009007034	1000518	314865
	U	2009007034	7006496	314892
	U	2009007034	7006497	314894
	U	2009007034	7006509	314918
	U	2009007034	7006511	314922
	U	2009007034	7006561	314965
	U	2009007034	7006562	314970
	U	2009007034	7006566	314976
	U	2009007034	7006599	315012
	U	2009007034	7006602	315018
	U	2009007034	7006614	315042
	U	2009007034	7009111	315797
	U	2009007034	7004278	315808
	U	2009007034	1000376	315811
	U	2009007034	1000469	315821
	U	2009007034	7010037	316163
	U	2009007034	7002830	316192
	U	2009007034	2000008	316222
	U	2009007034	2000009	316223
	U	2009007034	2000017	316231
	U	2009007034	2000021	316235
	U	2009007034	2000022	316236
	U	2009007034	2000046	316260
	U	2009007034	2000052	316266
	U	2009007034	2000060	316274
	U	2009007034	2000063	316277
	U	2009007034	2000117	316319
	U	2009007034	2000118	316320
	U	2009007034	2000121	316323
	U	2009007034	2000123	316325
	U	2009007034	2000126	316328
	U	2009007034	2000133	316335
	U	2009007034	2000139	316341
	U	2009007034	2000150	316352
	U	2009007034	2000162	316364
	U	2009007034	2000167	316369
	U	2009007034	2000176	316378
	U	2009007034	1002409	316391
	U	2009007034	1002621	316396
	U	2009007034	7014004	316398
	U	2009007034	1002828	316406
	U	2009007034	1002864	316414
	U	2009007034	1002937	316422
	U	2009007034	1002957	316424
	U	2009007034	2000182	316430
	U	2009007034	2000193	316441
	U	2009007034	2000197	316445
	U	2009007034	2000206	316454
	U	2009007034	2000209	316457
	U	2009007034	2000214	316462
	U	2009007034	2000231	316479
	U	2009007034	2000246	316494
	U	2009007034	2000248	316496
	U	2009007034	2000254	316502
	U	2009007034	1002258	316516
	U	2009007034	1002768	316537
	U	2009007034	1002929	316544
	U	2009007034	2000257	316547
	U	2009007034	2000293	316583
	U	2009007034	2000295	316585
	U	2009007034	2000300	316590
	U	2009007034	2000302	316592
	U	2009007034	2000308	316598
	U	2009007034	2000319	316609
	U	2009007034	2000332	316622
	U	2009007034	2000344	316634
	U	2009007034	2000360	316650
	U	2009007034	2000361	316651
	U	2009007034	2000369	316659
	U	2009007034	2000379	316669
	U	2009007034	2000385	316675
	U	2009007034	2000388	316678
	U	2009007034	2000396	316686
	U	2009007034	2000405	316695
	U	2009007034	2000433	316723
	U	2009007034	2000445	316735
	U	2009007034	2000446	316736
	U	2009007034	2000460	316754
	U	2009007034	2000470	316764
	U	2009007034	2000480	316774
	U	2009007034	1002618	316822
	U	2009007034	1002991	316844
	U	2009007034	1003024	316846
	U	2009007034	2000497	316850
	U	2009007034	2000520	316873
	U	2009007034	2000531	316884
	U	2009007034	2000534	316887
	U	2009007034	1002135	316893
	U	2009007034	1002177	316896
	U	2009007034	1002353	316909
	U	2009007034	1002465	316919
	U	2009007034	1002623	316934
	U	2009007034	1002694	316939
	U	2009007034	1002750	316943
	U	2009007034	1002879	316950
	U	2009007034	1002918	316952
	U	2009007034	1002947	316956
	U	2009007034	1003022	316964
	U	2009007034	7013619	316967
	U	2009007034	2000548	316973
	U	2009007034	2000549	316974
	U	2009007034	2000551	316976
	U	2009007034	2000569	316994
	U	2009007034	2000588	317013
	U	2009007034	2000605	317030
	U	2009007034	2000624	317049
	U	2009007034	2000632	317057
	U	2009007034	2000640	317065
	U	2009007034	2000651	317076
	U	2009007034	2000659	317084
	U	2009007034	2000670	317095
	U	2009007034	2000672	317097
	U	2009007034	2000682	317107
	U	2009007034	2000685	317110
	U	2009007034	2000686	317111
	U	2009007034	2000707	317132
	U	2009007034	2000715	317140
	U	2009007034	2000726	317151
	U	2009007034	2000729	317154
	U	2009007034	2000742	317167
	U	2009007034	2000745	317170
	U	2009007034	2000746	317171
	U	2009007034	2000748	317173
	U	2009007034	2000750	317175
	U	2009007034	2000754	317179
	U	2009007034	2000759	317184
	U	2009007034	2000762	317187
	U	2009007034	1002240	317197
	U	2009007034	1002375	317200
	U	2009007034	1002400	317202
	U	2009007034	1002591	317209
	U	2009007034	1002644	317210
	U	2009007034	1002720	317211
	U	2009007034	1002744	317212
	U	2009007034	1002880	317217
	U	2009007034	2000776	317232
	U	2009007034	2000807	317263
	U	2009007034	2000820	317276
	U	2009007034	2000825	317281
	U	2009007034	2000826	317282
	U	2009007034	2000831	317287
	U	2009007034	2000847	317303
	U	2009007034	2000857	317313
	U	2009007034	2000858	317314
	U	2009007034	2000864	317320
	U	2009007034	2000879	317335
	U	2009007034	2000907	317363
	U	2009007034	2000918	317374
	U	2009007034	2073618	258294
	U	2009007034	2073864	258540
	U	2009007034	2073927	258603
	U	2009007034	2074237	258913
	U	2009007034	2074608	259284
	U	2009007034	2074872	259548
	U	2009007034	2075344	260020
	U	2009007034	2075440	260116
	U	2009007034	2075735	260411
	U	2009007034	2075847	260523
	U	2009007034	2076710	261386
	U	2009007034	2076789	261465
	U	2009007034	2076860	261536
	U	2009007034	2077159	261835
	U	2009007034	2077234	261910
	U	2009007034	2077352	262028
	U	2009007034	2077589	262265
	U	2009007034	2077850	262526
	U	2009007034	2078199	262875
	U	2009007034	2078202	262878
	U	2009007034	2078359	263035
	U	2009007034	2078614	263290
	U	2009007034	2078624	263300
	U	2009007034	2078646	263322
	U	2009007034	2078837	263513
	U	2009007034	2078858	263534
	U	2009007034	2079163	263839
	U	2009007034	2079197	263873
	U	2009007034	2079232	263908
	U	2009007034	2079241	263917
	U	2009007034	2079288	263964
	U	2009007034	2079475	264151
	U	2009007034	2079523	264199
	U	2009007034	2079609	264285
	U	2009007034	2080043	264719
	U	2009007034	2080047	264723
	U	2009007034	2080353	265029
	U	2009007034	2080425	265101
	U	2009007034	2080486	265162
	U	2009007034	2080629	265305
	U	2009007034	2081028	265704
	U	2009007034	2081095	265771
	U	2009007034	2081127	265803
	U	2009007034	2090040	274716
	U	2009007034	2090080	274756
	U	2009007034	2090301	274977
	U	2009007034	2090750	275426
	U	2009007034	2090854	275530
	U	2009007034	2090864	275540
	U	2009007034	2090896	275572
	U	2009007034	2091002	275678
	U	2009007034	2091114	275790
	U	2009007034	2091119	275795
	U	2009007034	2091157	275833
	U	2009007034	2091246	275922
	U	2009007034	2091384	276060
	U	2009007034	2091559	276235
	U	2009007034	2091591	276267
	U	2009007034	2091702	276378
	U	2009007034	2091743	276419
	U	2009007034	2091751	276427
	U	2009007034	2092173	276849
	U	2009007034	2092195	276871
	U	2009007034	2092232	276908
	U	2009007034	2092246	276922
	U	2009007034	2092353	277029
	U	2009007034	2092415	277091
	U	2009007034	2092419	277095
	U	2009007034	2092471	277147
	U	2009007034	2092720	277396
	U	2009007034	2093024	277700
	U	2009007034	2093470	278146
	U	2009007034	2093612	278288
	U	2009007034	2093726	278402
	U	2009007034	2093917	278593
	U	2009007034	2093944	278620
	U	2009007034	2094402	279078
	U	2009007034	2094474	279150
	U	2009007034	2094539	279215
	U	2009007034	2094753	279429
	U	2009007034	2094761	279437
	U	2009007034	2095092	279768
	U	2009007034	2095147	279823
	U	2009007034	2095193	279869
	U	2009007034	2095215	279891
	U	2009007034	2095228	279904
	U	2009007034	2095553	280229
	U	2009007034	2096042	280718
	U	2009007034	2096661	281337
	U	2009007034	2097669	282345
	U	2009007034	2097785	282461
	U	2009007034	2098043	282719
	U	2009007034	2098582	283258
	U	2009007034	2099093	283769
	U	2009007034	2099759	284435
	U	2009007034	2099808	284484
	U	2009007034	2099841	284517
	U	2009007034	2099886	284562
	U	2009007034	2099956	284632
	U	2009007034	2100856	285532
	U	2009007034	2102000	286676
	U	2009007034	2102532	287208
	U	2009007034	2102940	287616
	U	2009007034	2102985	287661
	U	2009007034	2103179	287855
	U	2009007034	2103353	288029
	U	2009007034	2103369	288045
	U	2009007034	2103446	288122
	U	2009007034	2103470	288146
	U	2009007034	2103775	288451
	U	2009007034	2103826	288502
	U	2009007034	2104075	288751
	U	2009007034	2104418	289094
	U	2009007034	2104555	289231
	U	2009007034	2104578	289254
	U	2009007034	2104614	289290
	U	2009007034	2104697	289373
	U	2009007034	2104785	289461
	U	2009007034	2104918	289594
	U	2009007034	2105529	290205
	U	2009007034	2105626	290302
	U	2009007034	2105733	290409
	U	2009007034	2106220	290896
	U	2009007034	2106583	291259
	U	2009007034	2106868	291544
	U	2009007034	2107155	291831
	U	2009007034	2107324	292000
	U	2009007034	2107431	292107
	U	2009007034	2107567	292243
	U	2009007034	2107994	292670
	U	2009007034	2108191	292867
	U	2009007034	2108881	293557
	U	2009007034	2109308	293984
	U	2009007034	2109675	294351
	U	2009007034	2111268	295944
	U	2009007034	2111548	296224
	U	2009007034	2111619	296295
	U	2009007034	2111856	296532
	U	2009007034	2111948	296624
	U	2009007034	2112218	296894
	U	2009007034	2112276	296952
	U	2009007034	2112865	297541
	U	2009007034	2112878	297554
	U	2009007034	2112971	297647
	U	2009007034	2113073	297749
	U	2009007034	2113296	297972
	U	2009007034	2113470	298146
	U	2009007034	2113901	298577
	U	2009007034	2114114	298790
	U	2009007034	2114328	299004
	U	2009007034	2114363	299039
	U	2009007034	2114922	299598
	U	2009007034	2115004	299680
	U	2009007034	2115183	299859
	U	2009007034	2115397	300073
	U	2009007034	2115565	300241
	U	2009007034	2116034	300710
	U	2009007034	2116048	300724
	U	2009007034	2116325	301001
	U	2009007034	2116615	301291
	U	2009007034	2116861	301537
	U	2009007034	2117004	301680
	U	2009007034	2117024	301700
	U	2009007034	2117565	302241
	U	2009007034	2117794	302470
	U	2009007034	2117987	302663
	U	2009007034	2118116	302792
	U	2009007034	2118153	302829
	U	2009007034	2118164	302840
	U	2009007034	2118341	303017
	U	2009007034	2118437	303113
	U	2009007034	2119388	304064
	U	2009007034	2119620	304296
	U	2009007034	2120056	304732
	U	2009007034	2120204	304880
	U	2009007034	2120338	305014
	U	2009007034	2120467	305143
	U	2009007034	2120470	305146
	U	2009007034	2120512	305188
	U	2009007034	2120559	305235
	U	2009007034	2120590	305266
	U	2009007034	2121281	305957
	U	2009007034	2121473	306149
	U	2009007034	2121686	306362
	U	2009007034	2121722	306398
	U	2009007034	2121785	306461
	U	2009007034	2121819	306495
	U	2009007034	2121828	306504
	U	2009007034	2122256	306932
	U	2009007034	2122732	307408
	U	2009007034	7003670	312599
	U	2009007034	7003756	312655
	U	2009007034	7003820	312769
	U	2009007034	1000866	312797
	U	2009007034	7000680	312845
	U	2009007034	7003956	312886
	U	2009007034	7004354	313128
	U	2009007034	7004363	313150
	U	2009007034	7004377	313196
	U	2009007034	7000849	313215
	U	2009007034	7004539	313285
	U	2009007034	7000823	313323
	U	2009007034	7000829	313330
	U	2009007034	7004840	313384
	U	2009007034	7001062	313410
	U	2009007034	4002300	313455
	U	2009007034	7005079	313462
	U	2009007034	1001657	313467
	U	2009007034	7005107	313481
	U	2009007034	7005393	313818
	U	2009007034	7005404	313838
	U	2009007034	7005410	313848
	U	2009007034	7005463	313901
	U	2009007034	1000621	313933
	U	2009007034	1000572	313948
	U	2009007034	1009418	313986
	U	2009007034	1000717	313988
	U	2009007034	7005581	314042
	U	2009007034	1000750	314080
	U	2009007034	7002649	314259
	U	2009007034	1000574	314262
	U	2009007034	7002643	314263
	U	2009007034	1000700	314294
	U	2009007034	1000731	314296
	U	2009007034	1008440	314340
	U	2009007034	7006244	314540
	U	2009007034	7006292	314604
	U	2009007034	1001520	314606
	U	2009007034	1001524	314607
	U	2009007034	1001427	314611
	U	2009007034	7018762	314670
	U	2009007034	7018767	314692
	U	2009007034	7006427	314740
	U	2009007034	7006443	314773
	U	2009007034	1001483	314923
	U	2009007034	1001153	314929
	U	2009007034	1000548	314934
	U	2009007034	7006550	314943
	U	2009007034	7006553	314953
	U	2009007034	7006564	314974
	U	2009007034	7006569	314981
	U	2009007034	1000602	314988
	U	2009007034	1000651	314991
	U	2009007034	7006600	315014
	U	2009007034	7006611	315036
	U	2009007034	7006617	315048
	U	2009007034	1000575	315167
	U	2009007034	1000751	315175
	U	2009007034	7007225	315270
	U	2009007034	7007237	315281
	U	2009007034	7008593	315640
	U	2009007034	1000337	315801
	U	2009007034	1000342	315802
	U	2009007034	1000350	315804
	U	2009007034	1000345	315809
	U	2009007034	7009920	316056
	U	2009007034	7009930	316077
	U	2009007034	1009494	316107
	U	2009007034	1045086	316122
	U	2009007034	1007227	316142
	U	2009007034	7002821	316158
	U	2009007034	1007323	316197
	U	2009007034	2000000	316214
	U	2009007034	2000006	316220
	U	2009007034	2000040	316254
	U	2009007034	2000055	316269
	U	2009007034	2000056	316270
	U	2009007034	2000071	316283
	U	2009007034	2000088	316290
	U	2009007034	2000921	317377
	U	2009007034	2000922	317378
	U	2009007034	2000928	317384
	U	2009007034	2000930	317386
	U	2009007034	2000931	317387
	U	2009007034	7014589	317388
	U	2009007034	2000933	317389
	U	2009007034	7016101	317398
	U	2009007034	1003037	317408
	U	2009007034	2000935	317410
	U	2009007034	7016105	317411
	U	2009007034	1002165	317416
	U	2009007034	1002344	317419
	U	2009007034	1002406	317437
	U	2009007034	1002588	317445
	U	2009007034	1002967	317455
	U	2009007034	2000944	317460
	U	2009007034	2000945	317461
	U	2009007034	2000949	317465
	U	2009007034	2000952	317468
	U	2009007034	2000968	317484
	U	2009007034	2000969	317485
	U	2009007034	2000980	317496
	U	2009007034	2000983	317499
	U	2009007034	2000992	317508
	U	2009007034	2001021	317537
	U	2009007034	2001025	317541
	U	2009007034	2001026	317542
	U	2009007034	2001027	317543
	U	2009007034	2001038	317554
	U	2009007034	2001051	317567
	U	2009007034	2001056	317572
	U	2009007034	2001058	317574
	U	2009007034	2001060	317576
	U	2009007034	2001064	317580
	U	2009007034	2001083	317599
	U	2009007034	2001091	317607
	U	2009007034	2001111	317627
	U	2009007034	2001115	317631
	U	2009007034	2001116	317632
	U	2009007034	2001123	317639
	U	2009007034	2001126	317642
	U	2009007034	2001135	317651
	U	2009007034	2001142	317658
	U	9006428	7001364	156918
	U	9006428	7005095	156919
	U	9006428	7008114	156946
	U	9006428	7011127	156953
	U	9006428	7005931	156956
	U	9006428	7006024	156971
	U	9006428	4002828	156972
	U	9006428	7024408	156977
	U	9006428	4003040	156997
	U	9006428	4003047	156998
	U	9006428	7002262	157016
	U	9006428	7010770	157021
	U	9006428	7010768	157026
	U	9006428	7007651	157064
	U	9006428	4003850	157096
	U	9006428	7004149	157127
	U	9006428	4004265	157130
	U	9006428	4004370	157139
	U	9006428	4004465	157148
	U	9006428	7011095	157166
	U	9006428	4004710	157188
	U	9006428	7011473	157230
	U	9006428	7001454	157235
	U	9006428	4005125	157240
	U	9006428	7004127	157262
	U	9006428	7001448	157271
	U	9006428	4005346	157299
	U	9006428	7010835	157336
	U	9006428	7010864	157357
	U	9006428	4005568	157359
	U	9006428	4005659	157380
	U	9006428	7014842	157389
	U	9006428	7014842	157390
	U	9006428	4005817	157408
	U	9006428	7011637	157426
	U	9006428	7007905	157463
	U	9006428	7008162	157466
	U	9006428	7009264	157475
	U	9006428	4005995	157476
	U	9006428	4005999	157478
	U	9006428	7005362	157479
	U	9006428	7009294	157521
	U	9006428	4006316	157537
	U	9006428	4006321	157540
	U	9006428	7011691	157548
	U	9006428	7003622	157554
	U	9006428	4006439	157558
	U	9006428	7000483	157604
	U	9006428	4006813	157609
	U	9006428	7007955	157617
	U	9006428	4007004	157628
	U	9006428	4007277	157658
	U	9006428	7007958	157663
	U	9006428	4007446	157669
	U	9006428	7011573	157680
	U	9006428	7009889	157693
	U	9006428	7003012	157697
	U	9006428	7016434	157726
	U	9006428	4007969	157731
	U	9006428	4007999	157736
	U	9006428	7012633	157752
	U	9006428	7002608	157758
	U	9006428	7012266	157805
	U	9006428	4008708	157809
	U	9006428	4008726	157812
	U	9006428	7010257	157814
	U	9006428	7011740	157836
	U	9006428	4009064	157867
	U	9006428	7012865	157935
	U	9006428	7008840	157938
	U	9006428	7008586	157948
	U	9006428	4009923	157954
	U	9006428	7003755	157961
	U	9006428	4010302	157993
	U	9006428	4010564	158034
	U	9006428	4010738	158062
	U	9006428	7003599	158068
	U	9006428	7001015	158095
	U	9006428	4011210	158138
	U	9006428	7002702	158152
	U	9006428	4011415	158168
	U	9006428	7014829	158176
	U	9006428	7017041	158187
	U	9006428	7007507	158202
	U	9006428	7003126	158204
	U	9006428	7005725	158209
	U	9006428	7018159	158219
	U	9006428	7002683	158240
	U	9006428	7011818	158244
	U	9006428	7014578	158251
	U	9006428	7001358	158274
	U	9006428	7011821	158284
	U	9006428	4012521	158299
	U	9006428	7001389	158303
	U	9006428	4012661	158353
	U	9006428	7013472	158391
	U	9006428	7000231	183599
	U	9006428	7014673	322215
	U	9006428	7006301	323623
	U	9006428	7007724	331503
	U	9006428	7007750	333401
	U	9006428	7025825	1164830
	U	9006428	7007677	139959
	U	9006428	4003761	147177
	U	9006428	4005364	148797
	U	9006428	4007109	150551
	U	9006428	4012660	156143
	U	9006428	7000767	156397
	U	9006428	7009080	156407
	U	9006428	4001173	156424
	U	9006428	4004036	156482
	U	9006428	4004037	156483
	U	9006428	4004257	156489
	U	9006428	7006932	156496
	U	9006428	7007777	156501
	U	9006428	7002436	156518
	U	9006428	4006155	156521
	U	9006428	7001294	156526
	U	9006428	7024418	156535
	U	9006428	7002345	156543
	U	9006428	7015931	156547
	U	9006428	4008301	156553
	U	9006428	7010371	156562
	U	9006428	7023890	156571
	U	9006428	7002862	156611
	U	9006428	7002722	156659
	U	9006428	7002722	156660
	U	9006428	7011339	156676
	U	9006428	4000318	156690
	U	9006428	7009077	156704
	U	9006428	7001445	156717
	U	9006428	7017995	156718
	U	9006428	7001218	156719
	U	9006428	4001016	156776
	U	9006428	7012368	156794
	U	9006428	7005480	156800
	U	9006428	7004671	156803
	U	9006428	4001269	156823
	U	9006428	7001758	156831
	U	9006428	7001758	156832
	U	9006428	7006532	156852
	U	9006428	7008963	156866
	U	9006428	7010119	156897
	U	9006428	7005059	156931
	U	9006428	7009035	156942
	U	9006428	4002591	156945
	U	9006428	7001931	156970
	U	9006428	7005615	156974
	U	9006428	7004981	156985
	U	9006428	7007169	156987
	U	9006428	4003119	157009
	U	9006428	7002262	157014
	U	9006428	7003867	157082
	U	9006428	4003786	157087
	U	9006428	4003850	157097
	U	9006428	7010146	157123
	U	9006428	7006044	157126
	U	9006428	4004541	157164
	U	9006428	4004918	157210
	U	9006428	4005069	157229
	U	9006428	4005125	157239
	U	9006428	4005128	157241
	U	9006428	7001383	157245
	U	9006428	7001383	157249
	U	9006428	7011489	157256
	U	9006428	4005167	157257
	U	9006428	4005332	157295
	U	9006428	4005347	157300
	U	9006428	7002268	157308
	U	9006428	7002268	157309
	U	9006428	7001406	157311
	U	9006428	7001407	157330
	U	9006428	7010869	157341
	U	9006428	4005518	157351
	U	9006428	7010882	157377
	U	9006428	4005801	157405
	U	9006428	7007727	157441
	U	9006428	4005948	157447
	U	9006428	4005975	157467
	U	9006428	4005983	157470
	U	9006428	7009267	157499
	U	9006428	7009284	157517
	U	9006428	4006241	157522
	U	9006428	4006323	157542
	U	9006428	7009297	157550
	U	9006428	7007946	157553
	U	9006428	7010188	157573
	U	9006428	4006548	157575
	U	9006428	4006622	157585
	U	9006428	4006634	157587
	U	9006428	7016886	157600
	U	9006428	7016296	157626
	U	9006428	7003193	157637
	U	9006428	4007347	157666
	U	9006428	7002603	157687
	U	9006428	7001455	157724
	U	9006428	7004650	157747
	U	9006428	7003681	157797
	U	9006428	7001997	157804
	U	9006428	4009008	157850
	U	9006428	7001663	157852
	U	9006428	7002305	157855
	U	9006428	7001583	157856
	U	9006428	7017461	157862
	U	9006428	7012675	157885
	U	9006428	7011003	157923
	U	9006428	7006626	157931
	U	9006428	4009964	157958
	U	9006428	7007480	157974
	U	9006428	7010282	157995
	U	9006428	7001367	158000
	U	9006428	7004783	158015
	U	9006428	4010491	158025
	U	9006428	7011753	158027
	U	9006428	7003596	158028
	U	9006428	4010660	158042
	U	9006428	7010292	158078
	U	9006428	4010925	158082
	U	9006428	7011806	158113
	U	9006428	7011808	158115
	U	9006428	7000640	158139
	U	9006428	7004402	158180
	U	9006428	7010315	158194
	U	9006428	7011811	158210
	U	9006428	4011980	158248
	U	9006428	4012157	158257
	U	9006428	7001403	183380
	U	9006428	7008653	315657
	U	9006428	4000201	143585
	U	9006428	7005118	143593
	U	9006428	4000226	143610
	U	9006428	4001717	145115
	U	9006428	4003628	147042
	U	2009007034	2029919	214595
	U	2009007034	2030052	214728
	U	2009007034	2030132	214808
	U	2009007034	2030865	215541
	U	2009007034	2031251	215927
	U	2009007034	2031539	216215
	U	2009007034	2031752	216428
	U	2009007034	2031883	216559
	U	2009007034	2032038	216714
	U	2009007034	2032079	216755
	U	2009007034	2032495	217171
	U	2009007034	2032715	217391
	U	2009007034	2033011	217687
	U	2009007034	2033436	218112
	U	2009007034	2033756	218432
	U	2009007034	2034417	219093
	U	2009007034	2034685	219361
	U	2009007034	2035200	219876
	U	2009007034	2035213	219889
	U	2009007034	2036098	220774
	U	2009007034	2036278	220954
	U	2009007034	2036754	221430
	U	2009007034	2036785	221461
	U	2009007034	2036919	221595
	U	2009007034	2036944	221620
	U	2009007034	2036975	221651
	U	2009007034	2037222	221898
	U	2009007034	2037711	222387
	U	2009007034	2037846	222522
	U	2009007034	2037973	222649
	U	2009007034	2038303	222979
	U	2009007034	2038340	223016
	U	2009007034	2038418	223094
	U	2009007034	2038465	223141
	U	2009007034	2038767	223443
	U	2009007034	2039023	223699
	U	2009007034	2039276	223952
	U	2009007034	2039727	224403
	U	2009007034	2039730	224406
	U	2009007034	2040280	224956
	U	2009007034	2040361	225037
	U	2009007034	2040805	225481
	U	2009007034	2040828	225504
	U	2009007034	2027467	212143
	U	2009007034	2027504	212180
	U	2009007034	2027562	212238
	U	2009007034	2027655	212331
	U	2009007034	2027685	212361
	U	2009007034	2027921	212597
	U	2009007034	2028531	213207
	U	2009007034	2028648	213324
	U	2009007034	2028706	213382
	U	2009007034	2028761	213437
	U	2009007034	2028791	213467
	U	2009007034	2028989	213665
	U	2009007034	2029161	213837
	U	2009007034	2029198	213874
	U	2009007034	2029587	214263
	U	2009007034	2030272	214948
	U	2009007034	2030471	215147
	U	2009007034	2030782	215458
	U	2009007034	2031109	215785
	U	2009007034	2031383	216059
	U	2009007034	2032692	217368
	U	2009007034	2032792	217468
	U	2009007034	2032849	217525
	U	2009007034	2032901	217577
	U	2009007034	2033025	217701
	U	2009007034	2033278	217954
	U	2009007034	2033590	218266
	U	2009007034	2033648	218324
	U	2009007034	2033653	218329
	U	2009007034	2034470	219146
	U	2009007034	2035348	220024
	U	2009007034	2035411	220087
	U	2009007034	2035443	220119
	U	2009007034	2035714	220390
	U	2009007034	2036675	221351
	U	2009007034	2036905	221581
	U	2009007034	2037995	222671
	U	2009007034	2038432	223108
	U	2009007034	2038864	223540
	U	2009007034	2039141	223817
	U	2009007034	2039380	224056
	U	2009007034	2039605	224281
	U	2009007034	2040585	225261
	U	2009007034	2040686	225362
	U	2009007034	2040755	225431
	U	2009007034	2041145	225821
	U	2009007034	2041585	226261
	U	2009007034	2042366	227042
	U	2009007034	2043179	227855
	U	2009007034	2043225	227901
	U	2009007034	2043519	228195
	U	2009007034	2043622	228298
	U	2009007034	2043675	228351
	U	2009007034	2043747	228423
	U	2009007034	2043981	228657
	U	2009007034	2044030	228706
	U	2009007034	2044573	229249
	U	2009007034	2044580	229256
	U	2009007034	2045499	230175
	U	2009007034	2045517	230193
	U	2009007034	2045777	230453
	U	2009007034	2046024	230700
	U	2009007034	2046093	230769
	U	2009007034	2046428	231104
	U	2009007034	2046534	231210
	U	2009007034	2046583	231259
	U	2009007034	2046641	231317
	U	2009007034	2046890	231566
	U	2009007034	2046951	231627
	U	2009007034	2047151	231827
	U	2009007034	2047396	232072
	U	2009007034	2047671	232347
	U	2009007034	2047700	232376
	U	2009007034	2048077	232753
	U	2009007034	2048132	232808
	U	2009007034	2048139	232815
	U	2009007034	2048170	232846
	U	2009007034	2048184	232860
	U	2009007034	2048265	232941
	U	2009007034	2048438	233114
	U	2009007034	2048558	233234
	U	2009007034	2048861	233537
	U	2009007034	2048888	233564
	U	2009007034	2048964	233640
	U	2009007034	2049122	233798
	U	2009007034	2049209	233885
	U	2009007034	2049301	233977
	U	2009007034	2049311	233987
	U	2009007034	2049345	234021
	U	2009007034	2049350	234026
	U	2009007034	2049496	234172
	U	2009007034	2049672	234348
	U	2009007034	2049972	234648
	U	2009007034	2049995	234671
	U	2009007034	2050043	234719
	U	2009007034	2050115	234791
	U	2009007034	2050129	234805
	U	2009007034	2050143	234819
	U	2009007034	2050172	234848
	U	2009007034	2050196	234872
	U	2009007034	2050325	235001
	U	2009007034	2050495	235171
	U	2009007034	2050518	235194
	U	2009007034	2050529	235205
	U	2009007034	2050618	235294
	U	2009007034	2050639	235315
	U	2009007034	2050651	235327
	U	2009007034	2050700	235376
	U	2009007034	2050786	235462
	U	2009007034	2050816	235492
	U	2009007034	2050894	235570
	U	2009007034	2051753	236429
	U	2009007034	2051792	236468
	U	2009007034	2052093	236769
	U	2009007034	2052198	236874
	U	2009007034	2052423	237099
	U	2009007034	2052434	237110
	U	2009007034	2052471	237147
	U	2009007034	2052552	237228
	U	2009007034	2052569	237245
	U	2009007034	2053052	237728
	U	2009007034	2053167	237843
	U	2009007034	2053564	238240
	U	2009007034	2053818	238494
	U	2009007034	2053852	238528
	U	2009007034	2054011	238687
	U	2009007034	2054043	238719
	U	2009007034	2054509	239185
	U	2009007034	2054556	239232
	U	2009007034	2054614	239290
	U	2009007034	2055182	239858
	U	2009007034	2055419	240095
	U	2009007034	2055456	240132
	U	2009007034	2056040	240716
	U	2009007034	2056885	241561
	U	2009007034	2058274	242950
	U	2009007034	2058284	242960
	U	2009007034	2058773	243449
	U	2009007034	2058819	243495
	U	2009007034	2058932	243608
	U	2009007034	2059177	243853
	U	2009007034	2059233	243909
	U	2009007034	2059480	244156
	U	2009007034	2059513	244189
	U	2009007034	2059934	244610
	U	2009007034	2060328	245004
	U	2009007034	2060501	245177
	U	2009007034	2060925	245601
	U	2009007034	2061547	246223
	U	2009007034	2062190	246866
	U	2009007034	2063057	247733
	U	2009007034	2063088	247764
	U	2009007034	2063484	248160
	U	2009007034	2063667	248343
	U	2009007034	2063966	248642
	U	2009007034	2063972	248648
	U	2009007034	2064015	248691
	U	2009007034	2064063	248739
	U	2009007034	2064139	248815
	U	2009007034	2064215	248891
	U	2009007034	2064439	249115
	U	2009007034	2064522	249198
	U	2009007034	2064544	249220
	U	2009007034	2064557	249233
	U	2009007034	2064572	249248
	U	2009007034	2064595	249271
	U	2009007034	2064801	249477
	U	2009007034	2065058	249734
	U	2009007034	2065301	249977
	U	2009007034	2065305	249981
	U	2009007034	2065330	250006
	U	2009007034	2065350	250026
	U	2009007034	2065388	250064
	U	2009007034	2065479	250155
	U	2009007034	2065486	250162
	U	2009007034	2065504	250180
	U	2009007034	2065528	250204
	U	2009007034	2065629	250305
	U	2009007034	2065693	250369
	U	2009007034	2065768	250444
	U	2009007034	2065812	250488
	U	2009007034	2065829	250505
	U	2009007034	2065883	250559
	U	2009007034	2065939	250615
	U	2009007034	2066058	250734
	U	2009007034	2066063	250739
	U	2009007034	2066069	250745
	U	2009007034	7016200	250857
	U	2009007034	2066228	250904
	U	2009007034	2066330	251006
	U	2009007034	2066346	251022
	U	2009007034	2066474	251150
	U	2009007034	2066586	251262
	U	2009007034	2066822	251498
	U	2009007034	2067249	251925
	U	2009007034	2067788	252464
	U	2009007034	2068083	252759
	U	2009007034	2068246	252922
	U	2009007034	2069002	253678
	U	2009007034	2069092	253768
	U	2009007034	2069224	253900
	U	2009007034	2069282	253958
	U	2009007034	2069512	254188
	U	2009007034	2069554	254230
	U	2009007034	2069681	254357
	U	2009007034	2069949	254625
	U	2009007034	2070090	254766
	U	2009007034	2070096	254772
	U	2009007034	2070124	254800
	U	2009007034	2070150	254826
	U	2009007034	2070497	255173
	U	2009007034	2070541	255217
	U	2009007034	2070611	255287
	U	2009007034	2070743	255419
	U	2009007034	2070817	255493
	U	2009007034	2071231	255907
	U	2009007034	2071404	256080
	U	2009007034	2071454	256130
	U	2009007034	2071582	256258
	U	2009007034	2072098	256774
	U	2009007034	2072272	256948
	U	2009007034	2072415	257091
	U	2009007034	2072846	257522
	U	2009007034	2072954	257630
	U	2009007034	2073331	258007
	U	2009007034	2073397	258073
	U	9006428	4004315	147733
	U	9006428	4010710	154181
	U	9006428	4011811	155290
	U	9006428	4012390	155869
	U	9006428	4012452	155933
	U	9006428	4012546	156029
	U	9006428	4000210	156394
	U	9006428	4000643	156411
	U	9006428	4001894	156430
	U	9006428	7017399	156445
	U	9006428	7001860	156451
	U	9006428	7024408	156452
	U	9006428	4003228	156459
	U	9006428	7010124	156460
	U	9006428	7016548	156465
	U	9006428	4003628	156467
	U	9006428	7001283	156477
	U	9006428	7002327	156478
	U	9006428	7004421	156508
	U	9006428	7009395	156509
	U	9006428	4005363	156512
	U	9006428	7012963	156520
	U	9006428	7016716	156523
	U	9006428	4006985	156528
	U	9006428	7014086	156534
	U	9006428	7014184	156539
	U	9006428	7016752	156549
	U	9006428	7010678	156551
	U	9006428	4008442	156558
	U	9006428	7016882	156574
	U	9006428	4011135	156604
	U	9006428	4011147	156605
	U	9006428	7016547	156606
	U	9006428	7002702	156608
	U	9006428	7004679	156621
	U	9006428	4012114	156624
	U	9006428	7004437	156625
	U	9006428	7004550	156626
	U	9006428	4012547	156630
	U	9006428	7010120	156672
	U	9006428	4000453	156710
	U	9006428	4000818	156749
	U	9006428	4000988	156772
	U	9006428	4001016	156775
	U	9006428	4001016	156777
	U	9006428	7012796	156788
	U	2009007034	7015129	323051
	U	2009007034	7015137	323067
	U	2009007034	7015147	323087
	U	2009007034	7015151	323102
	U	2009007034	1003422	323141
	U	2009007034	7015173	323199
	U	2009007034	7015199	323248
	U	2009007034	7015206	323262
	U	2009007034	7015209	323268
	U	2009007034	7015229	323308
	U	2009007034	7015251	323352
	U	2009007034	7015254	323358
	U	2009007034	7015260	323370
	U	2009007034	7015271	323392
	U	2009007034	7015286	323418
	U	2009007034	7015290	323426
	U	2009007034	7015291	323428
	U	2009007034	7015295	323436
	U	2009007034	7015298	323442
	U	2009007034	7015299	323443
	U	2009007034	7015379	323465
	U	2009007034	7015394	323468
	U	2009007034	7015418	323493
	U	2009007034	7015423	323494
	U	2009007034	7015457	323523
	U	2009007034	7015583	323694
	U	2009007034	7015584	323697
	U	2009007034	7015607	323744
	U	2009007034	7019120	323883
	U	2009007034	7015801	324491
	U	2009007034	7015905	324545
	U	2009007034	7015920	324561
	U	2009007034	7016120	324717
	U	2009007034	7016155	324774
	U	2009007034	1001742	324886
	U	2009007034	7016494	324929
	U	2009007034	7016531	324953
	U	2009007034	7016541	324961
	U	2009007034	7016789	325044
	U	2009007034	7016815	325054
	U	2009007034	7016861	325098
	U	2009007034	7016863	325100
	U	2009007034	7016866	325103
	U	2009007034	7016910	325143
	U	2009007034	7016959	325165
	U	2009007034	7016970	325166
	U	2009007034	7016993	325194
	U	2009007034	7016997	325203
	U	2009007034	1006590	325256
	U	2009007034	1007724	325260
	U	2009007034	1009652	325269
	U	2009007034	7017043	325315
	U	2009007034	7017075	325371
	U	2009007034	7003723	325533
	U	2009007034	7017167	325544
	U	2009007034	7017173	325557
	U	2009007034	7017213	325629
	U	2009007034	7017327	325950
	U	2009007034	7017335	325968
	U	2009007034	7017367	326030
	U	2009007034	7017378	326099
	U	2009007034	7017380	326103
	U	2009007034	7017388	326117
	U	2009007034	7017389	326119
	U	2009007034	7012908	326156
	U	2009007034	7017525	326352
	U	2009007034	7017749	326693
	U	2009007034	7017864	326761
	U	2009007034	7017872	326772
	U	2009007034	7017873	326773
	U	2009007034	7017880	326779
	U	2009007034	7017881	326780
	U	2009007034	7017696	326825
	U	2009007034	7017882	326840
	U	2009007034	7017718	326851
	U	2009007034	7017689	326855
	U	2009007034	1000675	326894
	U	2009007034	7018025	326906
	U	2009007034	7017195	326938
	U	2009007034	7018192	327070
	U	2009007034	7008298	327077
	U	2009007034	7018205	327108
	U	2009007034	7018214	327198
	U	2009007034	7018218	327219
	U	2009007034	7000831	327284
	U	2009007034	7018249	327296
	U	2009007034	7018261	327321
	U	2009007034	7018277	327353
	U	2009007034	7018283	327381
	U	2009007034	7018385	327517
	U	2009007034	7018419	327568
	U	2009007034	7018422	327573
	U	2009007034	7018438	327604
	U	2009007034	7018440	327606
	U	2009007034	7018442	327614
	U	2009007034	7018472	327679
	U	2009007034	7018510	327762
	U	2009007034	7018570	327889
	U	2009007034	7018621	328084
	U	2009007034	7018625	328096
	U	2009007034	1000122	328538
	U	2009007034	7018731	346717
	U	2009007034	7018739	347050
	U	2009007034	1075443	358637
	U	2009007034	1000846	359734
	U	2009007034	1111556	365394
	U	2009007034	2063943	397233
	U	2009007034	2015116	397241
	U	2009007034	2018560	397257
	U	2009007034	2064157	397277
	U	2009007034	2010726	397298
	U	2009007034	7021921	397307
	U	2009007034	2022758	397332
	U	2009007034	2068919	397333
	U	2009007034	2087988	397334
	U	2009007034	2068963	397336
	U	2009007034	2058818	397374
	U	2009007034	2047258	397379
	U	2009007034	2019506	397385
	U	2009007034	2019622	397400
	U	2009007034	2104917	397407
	U	2009007034	2059208	397413
	U	2009007034	2099758	397416
	U	2009007034	2039604	397418
	U	2009007034	2004148	397437
	U	2009007034	2047643	397444
	U	2009007034	2047848	397459
	U	2009007034	2065496	397481
	U	2009007034	2113094	397482
	U	2009007034	2048399	397538
	U	2009007034	2113831	397539
	U	2009007034	2107014	397540
	U	2009007034	2076799	397592
	U	2009007034	2060713	397605
	U	2009007034	2014858	397629
	U	2009007034	2021689	397631
	U	2009007034	2021716	397635
	U	2009007034	2082489	397639
	U	2009007034	2014926	397642
	U	2009007034	2016515	397643
	U	2009007034	7019698	596365
	U	2009007034	1114554	759973
	U	2009007034	7021557	1155042
	U	2009007034	7021565	1155050
	U	2009007034	7021567	1155052
	U	2009007034	7021572	1155057
	U	2009007034	7021573	1155058
	U	2009007034	7021574	1155060
	U	2009007034	7021576	1155061
	U	2009007034	7021716	1155114
	U	2009007034	7021861	1155235
	U	2009007034	7021865	1155244
	U	2009007034	7022034	1155269
	U	2009007034	7022237	1155425
	U	2009007034	1000510	1155430
	U	2009007034	2001281	1155456
	U	2009007034	2001441	1155459
	U	2009007034	2001299	1155468
	U	2009007034	2000897	1155472
	U	2009007034	2000905	1155478
	U	2009007034	2124017	1155489
	U	2009007034	2002351	1155504
	U	2009007034	7003875	1157775
	U	2009007034	7002454	1157804
	U	2009007034	7002458	1157808
	U	2009007034	7024146	1157840
	U	2009007034	7024149	1157846
	U	2009007034	7024159	1157867
	U	2009007034	7024165	1157881
	U	2009007034	7024167	1157885
	U	2009007034	7024171	1157893
	U	2009007034	7024172	1157895
	U	2009007034	7024178	1157907
	U	2009007034	7024194	1157988
	U	2009007034	7024353	1158553
	U	2009007034	1000150	1159309
	U	2009007034	1000166	1159369
	U	2009007034	7024609	1159561
	U	2009007034	7025492	1163572
	U	2009007034	6005847	1164851
	U	2009007034	7026601	1167358
	U	2009007034	7028062	1171552
	U	2009007034	7028104	1001171679
	U	2009007034	1031090	1001172010
	U	2009007034	7029199	1001174868
	U	2009007034	7029451	1001175518
	U	2009007034	1003946	4122
	U	2009007034	1005851	6031
	U	2009007034	1012702	12972
	U	2009007034	1099975	100940
	U	2009007034	1099979	100944
	U	2009007034	1100005	100971
	U	2009007034	1100015	100981
	U	2009007034	1100033	100999
	U	2009007034	1100452	101432
	U	2009007034	1100527	101512
	U	2009007034	1100827	101827
	U	2009007034	1103707	104729
	U	2009007034	1107452	108518
	U	2009007034	1110291	111432
	U	2009007034	1111609	112776
	U	2009007034	1112340	113547
	U	2009007034	1116960	118238
	U	2009007034	7014800	130543
	U	2009007034	1115297	139546
	U	2009007034	7004645	141160
	U	2009007034	7000766	141163
	U	2009007034	7000758	141200
	U	2009007034	7000755	141220
	U	2009007034	7000089	141265
	U	2009007034	7000091	141267
	U	2009007034	7001638	141358
	U	2009007034	7003162	141371
	U	2009007034	7003167	141378
	U	2009007034	7000556	141525
	U	2009007034	1001083	141532
	U	2009007034	7000122	141536
	U	2009007034	1001142	141539
	U	2009007034	7000123	141544
	U	2009007034	1001771	141583
	U	2009007034	7001577	141612
	U	2009007034	1010340	141663
	U	2009007034	1000805	141672
	U	2009007034	2000097	316299
	U	2009007034	2000102	316304
	U	2009007034	2000144	316346
	U	2009007034	2000147	316349
	U	2009007034	2000149	316351
	U	2009007034	2000159	316361
	U	2009007034	2000177	316379
	U	2009007034	1002296	316387
	U	2009007034	1002858	316410
	U	2009007034	1002867	316415
	U	2009007034	1002894	316418
	U	2009007034	2000186	316434
	U	2009007034	2000204	316452
	U	2009007034	2000225	316473
	U	2009007034	2000229	316477
	U	2009007034	2000232	316480
	U	2009007034	2000240	316488
	U	2009007034	2000241	316489
	U	2009007034	2000250	316498
	U	2009007034	1002664	316506
	U	2009007034	1002714	316508
	U	2009007034	1003028	316510
	U	2009007034	1002933	316513
	U	2009007034	1002200	316514
	U	2009007034	1002628	316530
	U	2009007034	2000266	316556
	U	2009007034	2000267	316557
	U	2009007034	2000279	316569
	U	2009007034	2000310	316600
	U	2009007034	2000314	316604
	U	2009007034	2000316	316606
	U	2009007034	2000339	316629
	U	2009007034	2000343	316633
	U	2009007034	2000346	316636
	U	2009007034	2000362	316652
	U	2009007034	2000367	316657
	U	2009007034	2000370	316660
	U	2009007034	2000380	316670
	U	2009007034	2000393	316683
	U	2009007034	2000406	316696
	U	2009007034	2000408	316698
	U	2009007034	2000411	316701
	U	2009007034	2000413	316703
	U	2009007034	2081145	265821
	U	2009007034	2081184	265860
	U	2009007034	2081230	265906
	U	2009007034	2081324	266000
	U	2009007034	2081686	266362
	U	2009007034	2081841	266517
	U	2009007034	2081853	266529
	U	2009007034	2081868	266544
	U	2009007034	2081871	266547
	U	2009007034	2081924	266600
	U	2009007034	2081943	266619
	U	2009007034	2082079	266755
	U	2009007034	2082178	266854
	U	2009007034	2082249	266925
	U	2009007034	2082326	267002
	U	2009007034	2082353	267029
	U	2009007034	2082427	267103
	U	2009007034	2082827	267503
	U	2009007034	2083029	267705
	U	2009007034	2083033	267709
	U	2009007034	2083185	267861
	U	2009007034	2083341	268017
	U	2009007034	2083603	268279
	U	2009007034	2083842	268518
	U	2009007034	2083958	268634
	U	2009007034	2084047	268723
	U	2009007034	2084414	269090
	U	2009007034	2085250	269926
	U	2009007034	2085318	269994
	U	2009007034	2085521	270197
	U	2009007034	2085532	270208
	U	2009007034	2085593	270269
	U	2009007034	2085728	270404
	U	2009007034	2085750	270426
	U	2009007034	2086085	270761
	U	2009007034	2086371	271047
	U	2009007034	2086607	271283
	U	2009007034	2087102	271778
	U	2009007034	2087247	271923
	U	2009007034	2087340	272016
	U	2009007034	2087486	272162
	U	2009007034	2087704	272380
	U	2009007034	2087771	272447
	U	2009007034	2088374	273050
	U	2009007034	2088521	273197
	U	2009007034	2088888	273564
	U	2009007034	2088922	273598
	U	2009007034	2089085	273761
	U	2009007034	2089247	273923
	U	2009007034	2089624	274300
	U	2009007034	2089961	274637
	U	2009007034	2089964	274640
	U	2009007034	2089967	274643
	U	2009007034	2090772	275448
	U	2009007034	2090965	275641
	U	2009007034	2091527	276203
	U	2009007034	2091969	276645
	U	2009007034	2092412	277088
	U	2009007034	2092638	277314
	U	2009007034	2092747	277423
	U	2009007034	2092794	277470
	U	2009007034	2092872	277548
	U	2009007034	2092966	277642
	U	2009007034	2093203	277879
	U	2009007034	2093475	278151
	U	2009007034	2093546	278222
	U	2009007034	2093643	278319
	U	2009007034	2093675	278351
	U	2009007034	2093987	278663
	U	2009007034	2094140	278816
	U	2009007034	2094170	278846
	U	2009007034	2094188	278864
	U	2009007034	2094390	279066
	U	2009007034	2094574	279250
	U	2009007034	2094640	279316
	U	2009007034	2094827	279503
	U	2009007034	2094975	279651
	U	2009007034	2095002	279678
	U	2009007034	2095033	279709
	U	2009007034	2095200	279876
	U	2009007034	2095464	280140
	U	2009007034	2095496	280172
	U	2009007034	2096322	280998
	U	2009007034	2096327	281003
	U	2009007034	2096467	281143
	U	2009007034	2096741	281417
	U	2009007034	2096896	281572
	U	2009007034	2096905	281581
	U	2009007034	2097721	282397
	U	2009007034	2098112	282788
	U	2009007034	2098490	283166
	U	2009007034	2098499	283175
	U	2009007034	2098576	283252
	U	2009007034	2098586	283262
	U	2009007034	2099004	283680
	U	2009007034	2099518	284194
	U	2009007034	2099654	284330
	U	2009007034	2100234	284910
	U	2009007034	2100797	285473
	U	2009007034	2101147	285823
	U	2009007034	2101630	286306
	U	2009007034	2101734	286410
	U	2009007034	2101874	286550
	U	2009007034	2101978	286654
	U	2009007034	2102062	286738
	U	2009007034	2102111	286787
	U	2009007034	2102139	286815
	U	2009007034	2102213	286889
	U	2009007034	2102420	287096
	U	2009007034	2102564	287240
	U	2009007034	2103078	287754
	U	2009007034	2104811	289487
	U	2009007034	2105856	290532
	U	2009007034	2106262	290938
	U	2009007034	2106524	291200
	U	2009007034	2107015	291691
	U	2009007034	2107969	292645
	U	2009007034	2108245	292921
	U	2009007034	2108269	292945
	U	2009007034	2108445	293121
	U	2009007034	2108736	293412
	U	2009007034	2109148	293824
	U	2009007034	2110301	294977
	U	2009007034	2110334	295010
	U	2009007034	2110382	295058
	U	2009007034	2110470	295146
	U	2009007034	2110516	295192
	U	2009007034	2110570	295246
	U	2009007034	2110613	295289
	U	2009007034	2110631	295307
	U	2009007034	2110654	295330
	U	2009007034	2110923	295599
	U	2009007034	2111051	295727
	U	2009007034	2111884	296560
	U	2009007034	2111898	296574
	U	2009007034	2111922	296598
	U	2009007034	2112363	297039
	U	2009007034	2112559	297235
	U	2009007034	2112569	297245
	U	2009007034	2112602	297278
	U	2009007034	2112822	297498
	U	2009007034	2113027	297703
	U	2009007034	2113997	298673
	U	2009007034	2114570	299246
	U	2009007034	2114646	299322
	U	2009007034	2114722	299398
	U	2009007034	2115302	299978
	U	2009007034	2115347	300023
	U	2009007034	2115421	300097
	U	2009007034	2115453	300129
	U	2009007034	2115736	300412
	U	2009007034	2115776	300452
	U	2009007034	2116405	301081
	U	2009007034	2116460	301136
	U	2009007034	2116471	301147
	U	2009007034	2116476	301152
	U	2009007034	2116557	301233
	U	2009007034	2116817	301493
	U	2009007034	2116994	301670
	U	2009007034	2117066	301742
	U	2009007034	2117072	301748
	U	2009007034	2117582	302258
	U	2009007034	2118188	302864
	U	2009007034	2118327	303003
	U	2009007034	2118358	303034
	U	2009007034	2118907	303583
	U	2009007034	2119019	303695
	U	2009007034	2119032	303708
	U	2009007034	2119431	304107
	U	2009007034	2119513	304189
	U	2009007034	2119647	304323
	U	2009007034	2119686	304362
	U	2009007034	2120144	304820
	U	2009007034	2120188	304864
	U	2009007034	2120293	304969
	U	2009007034	2120417	305093
	U	2009007034	2120878	305554
	U	2009007034	2120927	305603
	U	2009007034	2120988	305664
	U	2009007034	2121091	305767
	U	2009007034	2121110	305786
	U	2009007034	2121140	305816
	U	2009007034	2121211	305887
	U	2009007034	2121299	305975
	U	2009007034	2121421	306097
	U	2009007034	2121740	306416
	U	2009007034	2121963	306639
	U	2009007034	2122018	306694
	U	2009007034	2123026	307702
	U	2009007034	7003460	312528
	U	2009007034	7003673	312601
	U	2009007034	7003739	312630
	U	2009007034	7003757	312656
	U	2009007034	7003818	312764
	U	2009007034	7003821	312771
	U	2009007034	1000852	312772
	U	2009007034	1000921	312790
	U	2009007034	7003831	312794
	U	2009007034	1111881	312812
	U	2009007034	7000676	312841
	U	2009007034	7000674	312868
	U	2009007034	7004001	312902
	U	2009007034	7004358	313133
	U	2009007034	7003408	313209
	U	2009007034	7004497	313254
	U	2009007034	7000821	313317
	U	2009007034	7000828	313327
	U	2009007034	7004731	313353
	U	2009007034	7001050	313405
	U	2009007034	1002002	313486
	U	2009007034	7005192	313559
	U	2009007034	1000505	313600
	U	2009007034	7005229	313617
	U	2009007034	7005260	313713
	U	2009007034	7005278	313733
	U	2009007034	7005353	313776
	U	2009007034	7005380	313797
	U	2009007034	7005446	313885
	U	2009007034	7005465	313903
	U	2009007034	7005469	313909
	U	2009007034	7005714	314190
	U	2009007034	7002641	314266
	U	2009007034	1000637	314292
	U	2009007034	1001580	314298
	U	2009007034	1001294	314345
	U	2009007034	1000690	314426
	U	2009007034	1001880	141679
	U	2009007034	1001889	141682
	U	2009007034	1007064	141712
	U	2009007034	7000710	141721
	U	2009007034	7001709	141747
	U	2009007034	1001347	143065
	U	2009007034	1001706	143098
	U	2009007034	1001756	143111
	U	2009007034	1001331	143178
	U	2009007034	1001122	143181
	U	2009007034	1001293	143187
	U	2009007034	1001493	143191
	U	2009007034	1001495	143195
	U	2009007034	7002124	143343
	U	2009007034	1001228	158457
	U	2009007034	1001319	158492
	U	2009007034	7000200	158496
	U	2009007034	1000971	158712
	U	2009007034	1000977	158716
	U	2009007034	1000984	158717
	U	2009007034	1000997	158720
	U	2009007034	1001015	158728
	U	2009007034	7000274	158737
	U	2009007034	6000235	165554
	U	2009007034	6000849	166168
	U	2009007034	6001688	167007
	U	2009007034	6001945	167264
	U	2009007034	6003145	168464
	U	2009007034	7000993	168565
	U	2009007034	6003483	168802
	U	2009007034	6003533	168852
	U	2009007034	6005105	170424
	U	2009007034	6006738	172057
	U	2009007034	6006767	174648
	U	2009007034	1001443	181435
	U	2009007034	1001474	181436
	U	2009007034	1001358	181452
	U	2009007034	1001472	181462
	U	2009007034	1001572	181466
	U	2009007034	1001601	181577
	U	2009007034	7002196	181578
	U	2009007034	7002204	181589
	U	2009007034	7000551	181662
	U	2009007034	1002070	181771
	U	9006428	7012364	156791
	U	9006428	7012967	156792
	U	9006428	7012372	156797
	U	9006428	7012381	156809
	U	9006428	4001128	156812
	U	9006428	7001196	156825
	U	9006428	7001375	156847
	U	9006428	7016540	156911
	U	9006428	7016540	156913
	U	9006428	7006301	156923
	U	9006428	4002552	156941
	U	9006428	7002470	156951
	U	9006428	7003071	156969
	U	9006428	7008058	156978
	U	9006428	7010934	156980
	U	9006428	4002932	156986
	U	9006428	7006894	157013
	U	9006428	4003215	157018
	U	9006428	7012670	157055
	U	9006428	7003428	157060
	U	9006428	4003576	157066
	U	9006428	4003777	157083
	U	9006428	4003785	157086
	U	9006428	7010798	157088
	U	9006428	7010137	157124
	U	9006428	4004295	157136
	U	9006428	7007718	157141
	U	9006428	4004412	157144
	U	9006428	4004412	157146
	U	9006428	4004543	157167
	U	9006428	4004552	157170
	U	9006428	4004619	157172
	U	9006428	7005498	157176
	U	9006428	4004646	157178
	U	9006428	4004779	157198
	U	9006428	4005133	157252
	U	9006428	7001338	157288
	U	9006428	7006473	157320
	U	9006428	7011482	157326
	U	9006428	4005462	157328
	U	9006428	7009967	157360
	U	9006428	7002710	157371
	U	9006428	7016872	157418
	U	9006428	7011630	157424
	U	9006428	7008345	157434
	U	9006428	4005978	157468
	U	9006428	4005984	157471
	U	9006428	7006062	157490
	U	9006428	7007397	157503
	U	9006428	4006215	157507
	U	9006428	7017393	157508
	U	9006428	7009282	157516
	U	9006428	7009286	157520
	U	9006428	7007913	157524
	U	9006428	7010897	157536
	U	9006428	7007933	157577
	U	9006428	7003574	157595
	U	9006428	4006947	157622
	U	9006428	7011709	157651
	U	9006428	4007514	157676
	U	9006428	7007416	157685
	U	9006428	7001410	157699
	U	9006428	7002137	157713
	U	9006428	4007980	157733
	U	9006428	7011719	157770
	U	9006428	7004757	157774
	U	9006428	7014410	157802
	U	9006428	7002303	157848
	U	9006428	7017461	157860
	U	9006428	7013496	157876
	U	9006428	7009462	157879
	U	9006428	7004453	157886
	U	9006428	7011591	157896
	U	9006428	7011591	157898
	U	9006428	7014359	157907
	U	9006428	7009629	157940
	U	9006428	4009722	157942
	U	9006428	7007653	157957
	U	9006428	7003755	157960
	U	9006428	7007460	157962
	U	9006428	7008662	157994
	U	9006428	7001247	158012
	U	9006428	7006838	158017
	U	9006428	4010491	158024
	U	9006428	4010531	158030
	U	9006428	4010680	158049
	U	9006428	7003028	158065
	U	9006428	7003599	158069
	U	9006428	4010925	158081
	U	9006428	7008705	158088
	U	9006428	4011070	158110
	U	9006428	4011193	158133
	U	9006428	7008512	158135
	U	9006428	4011379	158159
	U	9006428	7017041	158186
	U	9006428	4011586	158192
	U	9006428	7010315	158193
	U	9006428	7003126	158205
	U	9006428	7007495	158250
	U	9006428	7007837	158265
	U	9006428	7011824	158293
	U	9006428	7001389	158301
	U	9006428	4012636	158341
	U	9006428	7002474	158346
	U	9006428	4012657	158352
	U	9006428	4012787	158399
	U	9006428	4005666	183490
	U	9006428	1000153	183564
	U	9006428	7011731	312669
	U	9006428	7010886	319629
	U	9006428	4011738	320848
	U	9006428	7006301	323622
	U	9006428	7006301	323624
	U	9006428	7025825	1164833
	U	9006428	7005663	143587
	U	9006428	7006540	147145
	U	9006428	4004039	147457
	U	9006428	4005206	148631
	U	9006428	4008536	151993
	U	9006428	4011385	154859
	U	9006428	7017495	155989
	U	9006428	4000106	156359
	U	9006428	4000483	156406
	U	9006428	7016606	156417
	U	9006428	7016619	156427
	U	9006428	7016444	156432
	U	9006428	7007912	156443
	U	9006428	7000643	156455
	U	9006428	4003758	156473
	U	9006428	4003760	156475
	U	9006428	4004310	156490
	U	9006428	7016676	156505
	U	9006428	4005592	156517
	U	9006428	7012249	156524
	U	9006428	7003012	156540
	U	9006428	7016775	156566
	U	9006428	7003686	156582
	U	9006428	7006949	156618
	U	9006428	7001354	156700
	U	9006428	7001445	156715
	U	9006428	4000520	156725
	U	9006428	7001439	156737
	U	9006428	7007104	156744
	U	9006428	7002735	156752
	U	9006428	7007105	156764
	U	9006428	7024409	156773
	U	9006428	7005960	156784
	U	9006428	7005633	156789
	U	9006428	7012369	156795
	U	9006428	7012799	156805
	U	9006428	7012382	156810
	U	9006428	4001299	156828
	U	9006428	7012393	156845
	U	9006428	7001403	156849
	U	9006428	7007542	156858
	U	9006428	4001946	156883
	U	9006428	7018040	156908
	U	9006428	4002229	156920
	U	9006428	4002456	156932
	U	9006428	7007276	156949
	U	9006428	7007650	156950
	U	9006428	4002678	156954
	U	9006428	7005998	156993
	U	9006428	7001355	157007
	U	9006428	7002262	157015
	U	9006428	7002262	157017
	U	9006428	4003215	157019
	U	9006428	7012670	157056
	U	9006428	7007657	157065
	U	9006428	4003583	157069
	U	9006428	7007883	157110
	U	9006428	4004712	157192
	U	9006428	7017529	157200
	U	9006428	7001454	157236
	U	9006428	4005124	157237
	U	9006428	4005125	157238
	U	9006428	7004127	157261
	U	9006428	4005214	157265
	U	9006428	7002268	157307
	U	9006428	7007931	157327
	U	9006428	7003568	157349
	U	9006428	7008853	157403
	U	9006428	7011630	157423
	U	9006428	7010345	157427
	U	9006428	7011655	157430
	U	9006428	7004067	157433
	U	9006428	7003382	157438
	U	9006428	4005946	157446
	U	9006428	7006453	157464
	U	9006428	4006004	157482
	U	9006428	4006022	157487
	U	9006428	4006143	157495
	U	9006428	4006208	157502
	U	9006428	7009271	157504
	U	9006428	7009275	157510
	U	9006428	7007913	157525
	U	9006428	4006275	157530
	U	9006428	7010273	157534
	U	9006428	4006444	157563
	U	9006428	4006500	157569
	U	9006428	7017433	157594
	U	9006428	4006903	157618
	U	9006428	7010487	157619
	U	9006428	7002296	157624
	U	9006428	7008042	157638
	U	9006428	4007487	157672
	U	9006428	7001409	157690
	U	9006428	7001409	157691
	U	9006428	7001409	157692
	U	9006428	7016934	157708
	U	9006428	7001455	157723
	U	9006428	7016668	157738
	U	9006428	7014299	157766
	U	9006428	4008279	157769
	U	9006428	7004540	157781
	U	9006428	4008494	157785
	U	9006428	4008545	157791
	U	9006428	7010256	157807
	U	9006428	7013482	157820
	U	9006428	7007445	157821
	U	9006428	7011295	157822
	U	9006428	4008867	157826
	U	9006428	4009007	157849
	U	9006428	7009465	157892
	U	9006428	4009369	157902
	U	9006428	7011749	157912
	U	9006428	4009533	157917
	U	9006428	7004338	157959
	U	9006428	4010016	157965
	U	9006428	7007281	157966
	U	9006428	7004531	157970
	U	9006428	7001278	158002
	U	9006428	7011753	158026
	U	2009007034	7006208	314464
	U	2009007034	1000801	314479
	U	2009007034	7006243	314539
	U	2009007034	1001942	314556
	U	2009007034	1001945	314561
	U	2009007034	1001514	314601
	U	2009007034	1001519	314605
	U	2009007034	7006424	314732
	U	2009007034	7006430	314747
	U	2009007034	7006442	314771
	U	2009007034	7006444	314775
	U	2009007034	7006487	314868
	U	2009007034	1000670	314877
	U	2009007034	7006491	314882
	U	2009007034	7006505	314910
	U	2009007034	7006515	314912
	U	2009007034	1000503	314932
	U	2009007034	7006551	314945
	U	2009007034	7006560	314963
	U	2009007034	7006595	315004
	U	2009007034	7006607	315028
	U	2009007034	7006612	315038
	U	2009007034	7006618	315056
	U	2009007034	1000645	315174
	U	2009007034	7003487	315301
	U	2009007034	7007404	315315
	U	2009007034	7007714	315429
	U	2009007034	7009102	315792
	U	2009007034	1000351	315805
	U	2009007034	7004276	315812
	U	2009007034	1000442	315816
	U	2009007034	7008909	315957
	U	2009007034	1007692	316195
	U	2009007034	2000003	316217
	U	2009007034	2000005	316219
	U	2009007034	2000012	316226
	U	2009007034	2000014	316228
	U	2009007034	2000016	316230
	U	2009007034	7021514	316238
	U	2009007034	2000033	316247
	U	2009007034	2000038	316252
	U	2009007034	2000049	316263
	U	2009007034	2000061	316275
	U	2009007034	2000417	316707
	U	2009007034	2000425	316715
	U	2009007034	2000426	316716
	U	2009007034	2000428	316718
	U	2009007034	2000429	316719
	U	2009007034	2000436	316726
	U	2009007034	2000473	316767
	U	2009007034	2000487	316781
	U	2009007034	1002241	316795
	U	2009007034	1002422	316808
	U	2009007034	1002430	316809
	U	2009007034	1002685	316832
	U	2009007034	1002739	316835
	U	2009007034	1002783	316836
	U	2009007034	1002885	316842
	U	2009007034	2000504	316857
	U	2009007034	2000506	316859
	U	2009007034	2000517	316870
	U	2009007034	2000521	316874
	U	2009007034	2000535	316888
	U	2009007034	1002325	316907
	U	2009007034	1002457	316918
	U	2009007034	1002487	316921
	U	2009007034	1002496	316922
	U	2009007034	1002512	316924
	U	2009007034	1002523	316927
	U	2009007034	1002938	316954
	U	2009007034	1002946	316955
	U	2009007034	2000541	316966
	U	2009007034	7019177	316989
	U	2009007034	2000573	316998
	U	2009007034	2000578	317003
	U	2009007034	2000614	317039
	U	2009007034	2000622	317047
	U	2009007034	2000643	317068
	U	2009007034	2000646	317071
	U	2009007034	2000660	317085
	U	2009007034	2000661	317086
	U	2009007034	2000666	317091
	U	2009007034	2000677	317102
	U	2009007034	2000684	317109
	U	2009007034	2000689	317114
	U	2009007034	2000690	317115
	U	2009007034	2000691	317116
	U	2009007034	2000693	317118
	U	2009007034	2000697	317122
	U	2009007034	2000714	317139
	U	2009007034	2000718	317143
	U	2009007034	2000740	317165
	U	2009007034	2000743	317168
	U	2009007034	2000749	317174
	U	2009007034	2000752	317177
	U	2009007034	1002778	317214
	U	2009007034	1002837	317216
	U	2009007034	2000777	317233
	U	2009007034	2000785	317241
	U	2009007034	2000791	317247
	U	2009007034	2000792	317248
	U	2009007034	2000795	317251
	U	2009007034	2000796	317252
	U	2009007034	2000797	317253
	U	2009007034	2000801	317257
	U	2009007034	2000804	317260
	U	2009007034	2000813	317269
	U	2009007034	2000819	317275
	U	2009007034	2000822	317278
	U	2009007034	2000833	317289
	U	2009007034	2000836	317292
	U	2009007034	2000844	317300
	U	2009007034	2000845	317301
	U	2009007034	2000848	317304
	U	2009007034	2000851	317307
	U	2009007034	2000854	317310
	U	2009007034	2000860	317316
	U	2009007034	2000882	317338
	U	2009007034	2000893	317349
	U	2009007034	2000896	317352
	U	2009007034	2000898	317354
	U	2009007034	2000905	317361
	U	2009007034	2000908	317364
	U	2009007034	2000919	317375
	U	2009007034	1002224	317392
	U	2009007034	1002238	317394
	U	2009007034	1002705	317425
	U	2009007034	7016057	317453
	U	2009007034	1003000	317456
	U	2009007034	2000948	317464
	U	2009007034	2000950	317466
	U	2009007034	2000957	317473
	U	2009007034	2000966	317482
	U	2009007034	2000972	317488
	U	2009007034	2000990	317506
	U	2009007034	2001003	317519
	U	2009007034	2001007	317523
	U	2009007034	2001015	317531
	U	2009007034	2001034	317550
	U	2009007034	2001042	317558
	U	2009007034	2001047	317563
	U	2009007034	2001050	317566
	U	2009007034	2001063	317579
	U	2009007034	2001077	317593
	U	2009007034	2001093	317609
	U	2009007034	2001104	317620
	U	2009007034	2001108	317624
	U	2009007034	2001124	317640
	U	2009007034	2001125	317641
	U	2009007034	2001129	317645
	U	2009007034	2001131	317647
	U	2009007034	2001134	317650
	U	2009007034	2001146	317662
	U	2009007034	2001147	317663
	U	2009007034	2001156	317672
	U	2009007034	2001167	317683
	U	2009007034	1002158	317685
	U	2009007034	1002288	317688
	U	2009007034	1002598	317694
	U	2009007034	1002755	317701
	U	2009007034	1002819	317704
	U	2009007034	2001173	317714
	U	2009007034	2001211	317752
	U	2009007034	2001218	317759
	U	2009007034	2001224	317765
	U	2009007034	2001227	317768
	U	2009007034	2001236	317777
	U	2009007034	2001246	317787
	U	2009007034	2001254	317795
	U	2009007034	2001256	317797
	U	2009007034	2001257	317798
	U	2009007034	2001261	317801
	U	2009007034	2001274	317814
	U	2009007034	2001318	317858
	U	2009007034	2001324	317864
	U	2009007034	2001330	317870
	U	2009007034	2001332	317872
	U	2009007034	2001338	317878
	U	2009007034	2001347	317887
	U	2009007034	2001349	317889
	U	2009007034	2001352	317892
	U	2009007034	2001376	317916
	U	2009007034	2001378	317918
	U	2009007034	2001387	317927
	U	2009007034	2001406	317946
	U	2009007034	2001407	317947
	U	2009007034	2001408	317948
	U	2009007034	2001427	317975
	U	2009007034	1002157	317976
	U	2009007034	1002738	317990
	U	2009007034	1002903	317993
	U	2009007034	2001436	318005
	U	2009007034	2001452	318021
	U	2009007034	2001457	318026
	U	2009007034	2001459	318028
	U	2009007034	1002139	318030
	U	2009007034	1002245	318034
	U	2009007034	7013638	318040
	U	2009007034	1002397	318046
	U	2009007034	1002718	318060
	U	2009007034	1002747	318063
	U	2009007034	1002758	318066
	U	2009007034	1002810	318068
	U	2009007034	1002872	318075
	U	2009007034	1002986	318085
	U	2009007034	2001559	318095
	U	2009007034	7020393	318097
	U	2009007034	2001570	318106
	U	2009007034	2001571	318107
	U	2009007034	2001589	318125
	U	2009007034	2001594	318130
	U	2009007034	1002136	318146
	U	2009007034	1002279	318157
	U	2009007034	1002357	318166
	U	2009007034	7021516	318170
	U	2009007034	1002606	318185
	U	2009007034	1002635	318190
	U	2009007034	1002689	318194
	U	2009007034	1002701	318196
	U	2009007034	1002802	318202
	U	2009007034	1002987	318216
	U	2009007034	2001613	318224
	U	2009007034	2001615	318226
	U	2009007034	2001617	318228
	U	2009007034	2001621	318232
	U	2009007034	2001636	318247
	U	2009007034	2001653	318264
	U	2009007034	2001654	318265
	U	2009007034	2001660	318271
	U	2009007034	2001672	318283
	U	2009007034	2001679	318290
	U	2009007034	2001682	318293
	U	2009007034	2001683	318294
	U	2009007034	2001693	318304
	U	2009007034	2001705	318328
	U	2009007034	2001716	318339
	U	2009007034	2001720	318343
	U	2009007034	1002774	318352
	U	2009007034	2001463	318353
	U	2009007034	2001468	318358
	U	2009007034	2001476	318366
	U	2009007034	2001477	318367
	U	2009007034	2001493	318383
	U	2009007034	7013940	318385
	U	2009007034	2001499	318389
	U	2009007034	2001506	318396
	U	2009007034	2001512	318402
	U	2009007034	2001526	318416
	U	2009007034	2001527	318417
	U	2009007034	2001530	318420
	U	2009007034	2001538	318428
	U	2009007034	2001550	318440
	U	2009007034	2001551	318441
	U	2009007034	1002172	318451
	U	2009007034	1002266	318461
	U	2009007034	1002352	318470
	U	2009007034	7014185	318472
	U	2009007034	1002494	318476
	U	2009007034	1002729	318494
	U	2009007034	1002732	318495
	U	2009007034	1002927	318503
	U	2009007034	1002932	318504
	U	2009007034	1002716	318517
	U	2009007034	2001729	318524
	U	2009007034	2001734	318529
	U	2009007034	2001736	318531
	U	2009007034	2001755	318550
	U	2009007034	2001756	318551
	U	2009007034	2001770	318565
	U	9006428	4010709	158058
	U	9006428	4011067	158108
	U	9006428	4011182	158131
	U	9006428	4011188	158132
	U	9006428	7010645	158175
	U	9006428	4011582	158188
	U	9006428	7008872	158191
	U	9006428	7005725	158207
	U	9006428	7010317	158233
	U	9006428	4011907	158234
	U	9006428	7003315	158236
	U	9006428	4011951	158241
	U	9006428	7010097	158246
	U	9006428	7003306	158263
	U	9006428	4012405	158276
	U	9006428	7002634	158278
	U	9006428	7016798	158288
	U	9006428	4012542	158307
	U	9006428	4012601	158327
	U	9006428	4012637	158343
	U	9006428	7005670	181619
	U	9006428	7001312	183125
	U	9006428	7001403	183382
	U	9006428	1000141	183571
	U	9006428	7001632	183661
	U	9006428	7001632	183662
	U	9006428	1000141	184330
	U	9006428	4008235	315214
	U	9006428	7017000	319472
	U	9006428	4001128	323628
	U	9006428	7018175	327051
	U	9006428	7005441	139199
	U	9006428	7010273	140732
	U	9006428	4000000	143384
	U	9006428	7005277	143426
	U	9006428	4003572	146985
	U	9006428	4005362	148795
	U	9006428	4005365	148798
	U	9006428	7006793	150185
	U	9006428	4010053	153517
	U	9006428	7002351	156412
	U	9006428	7008650	156429
	U	9006428	4003755	156470
	U	9006428	4003871	156479
	U	9006428	4004256	156488
	U	9006428	4004316	156494
	U	2009007034	1002088	181787
	U	2009007034	7000608	181837
	U	2009007034	1000485	182020
	U	2009007034	1000721	182026
	U	2009007034	1000768	182029
	U	2009007034	1000657	182052
	U	2009007034	1000713	182079
	U	2009007034	7000792	182099
	U	2009007034	1000880	182151
	U	2009007034	7000878	182258
	U	2009007034	7000884	182264
	U	2009007034	7000906	182311
	U	2009007034	7000915	182323
	U	2009007034	7000933	182360
	U	2009007034	7000936	182366
	U	2009007034	7000939	182373
	U	2009007034	7000941	182377
	U	2009007034	7000950	182400
	U	2009007034	7000955	182410
	U	2009007034	7000968	182438
	U	2009007034	7000982	182457
	U	2009007034	7001005	182506
	U	2009007034	1001240	182555
	U	2009007034	1001569	182590
	U	2009007034	1001576	182592
	U	2009007034	1001584	182595
	U	2009007034	1094936	182682
	U	2009007034	7003001	182710
	U	2009007034	7005611	182716
	U	2009007034	7005023	182720
	U	2009007034	1003471	182752
	U	2009007034	7004597	182757
	U	2009007034	1003478	182759
	U	2009007034	7003151	182765
	U	2009007034	1003488	182770
	U	2009007034	7003137	182776
	U	2009007034	1003508	182794
	U	2009007034	7008912	182867
	U	2009007034	7002807	182871
	U	2009007034	7002793	182904
	U	2009007034	7002829	182910
	U	2009007034	7003439	182990
	U	2009007034	1000523	183385
	U	2009007034	1000519	183386
	U	2009007034	1000663	183401
	U	2009007034	1000769	183414
	U	2009007034	7001568	183429
	U	2009007034	7001458	183498
	U	2009007034	7001684	183739
	U	2009007034	7001772	183819
	U	2009007034	1001215	183839
	U	2009007034	1001109	183841
	U	2009007034	7001970	183933
	U	2009007034	7002004	183961
	U	2009007034	7002097	184087
	U	2009007034	7002295	184303
	U	2009007034	7002584	184660
	U	2009007034	7002597	184663
	U	2009007034	2002199	186875
	U	2009007034	2002203	186879
	U	2009007034	2002209	186885
	U	2009007034	2002215	186891
	U	2009007034	7022213	186905
	U	2009007034	7022215	186906
	U	2009007034	7022217	186909
	U	2009007034	2002470	187146
	U	2009007034	2002595	187271
	U	2009007034	2002949	187625
	U	2009007034	2003294	187970
	U	2009007034	2003561	188237
	U	2009007034	2003825	188501
	U	2009007034	2003915	188591
	U	2009007034	2004149	188825
	U	2009007034	2004408	189084
	U	2009007034	2004522	189198
	U	2009007034	2004585	189261
	U	2009007034	2004834	189510
	U	2009007034	2004943	189619
	U	2009007034	2005444	190120
	U	2009007034	2005646	190322
	U	2009007034	2006249	190925
	U	2009007034	2006467	191143
	U	2009007034	2006501	191177
	U	2009007034	2006598	191274
	U	2009007034	2006680	191356
	U	2009007034	2006766	191442
	U	2009007034	2006814	191490
	U	2009007034	2006982	191658
	U	2009007034	2007307	191983
	U	2009007034	2007316	191992
	U	2009007034	2007443	192119
	U	2009007034	2007646	192322
	U	2009007034	2010005	194681
	U	2009007034	2010031	194707
	U	2009007034	2010328	195004
	U	2009007034	2010571	195247
	U	2009007034	2010727	195403
	U	2009007034	2010805	195481
	U	2009007034	2010857	195533
	U	2009007034	2010896	195572
	U	2009007034	2010960	195636
	U	2009007034	2010990	195666
	U	2009007034	2011042	195718
	U	2009007034	2011112	195788
	U	2009007034	2011251	195927
	U	2009007034	2011284	195960
	U	2009007034	2011558	196234
	U	2009007034	2011586	196262
	U	2009007034	2011735	196411
	U	2009007034	2011800	196476
	U	2009007034	2011815	196491
	U	2009007034	2011856	196532
	U	2009007034	2012279	196955
	U	2009007034	2012545	197221
	U	2009007034	2012588	197264
	U	2009007034	2012699	197375
	U	2009007034	2012737	197413
	U	2009007034	2012821	197497
	U	2009007034	2013056	197732
	U	2009007034	2013159	197835
	U	2009007034	2013231	197907
	U	2009007034	2013392	198068
	U	2009007034	2013612	198288
	U	2009007034	2013687	198363
	U	2009007034	2013697	198373
	U	2009007034	2013730	198406
	U	2009007034	2014011	198687
	U	2009007034	2014157	198833
	U	2009007034	2014213	198889
	U	2009007034	2014349	199025
	U	2009007034	2014361	199037
	U	2009007034	2014493	199169
	U	2009007034	2014554	199230
	U	2009007034	2014662	199338
	U	2009007034	2014682	199358
	U	2009007034	2014688	199364
	U	2009007034	2014740	199416
	U	2009007034	2014852	199528
	U	2009007034	2015117	199793
	U	2009007034	2015128	199804
	U	2009007034	2015605	200281
	U	2009007034	2016350	201026
	U	2009007034	2016631	201307
	U	2009007034	2016813	201489
	U	2009007034	2016821	201497
	U	2009007034	2016851	201527
	U	2009007034	2017136	201812
	U	2009007034	2017158	201834
	U	2009007034	2017181	201857
	U	2009007034	2017297	201973
	U	2009007034	2017374	202050
	U	2009007034	2017462	202138
	U	2009007034	2017513	202189
	U	2009007034	2017620	202296
	U	2009007034	2017667	202343
	U	2009007034	2017702	202378
	U	2009007034	2017720	202396
	U	2009007034	2017726	202402
	U	2009007034	2017742	202418
	U	2009007034	2017859	202535
	U	2009007034	2017943	202619
	U	2009007034	2018009	202685
	U	2009007034	2018050	202726
	U	2009007034	2018456	203132
	U	2009007034	2018561	203237
	U	2009007034	2018979	203655
	U	2009007034	2019126	203802
	U	2009007034	2019577	204253
	U	2009007034	2019715	204391
	U	2009007034	2019722	204398
	U	2009007034	2019986	204662
	U	2009007034	2020102	204778
	U	2009007034	2020123	204799
	U	2009007034	2020318	204994
	U	2009007034	2020341	205017
	U	2009007034	2020455	205131
	U	2009007034	2020468	205144
	U	2009007034	2020474	205150
	U	2009007034	2020503	205179
	U	2009007034	2020507	205183
	U	2009007034	2020659	205335
	U	2009007034	2020707	205383
	U	2009007034	2020734	205410
	U	2009007034	2020757	205433
	U	2009007034	2020834	205510
	U	2009007034	2020895	205571
	U	2009007034	2020920	205596
	U	2009007034	2020962	205638
	U	2009007034	2021474	206150
	U	2009007034	2021515	206191
	U	2009007034	2021743	206419
	U	2009007034	2021811	206487
	U	2009007034	2021932	206608
	U	2009007034	2021949	206625
	U	2009007034	2022062	206738
	U	2009007034	2022071	206747
	U	2009007034	2022079	206755
	U	2009007034	2022302	206978
	U	2009007034	2022354	207030
	U	2009007034	2022474	207150
	U	2009007034	2022582	207258
	U	2009007034	2022971	207647
	U	2009007034	2023483	208159
	U	2009007034	2023556	208232
	U	2009007034	2023764	208440
	U	2009007034	2023876	208552
	U	2009007034	2024345	209021
	U	2009007034	2024467	209143
	U	2009007034	2024503	209179
	U	2009007034	2024581	209257
	U	2009007034	2024626	209302
	U	2009007034	2024862	209538
	U	2009007034	2024986	209662
	U	2009007034	2024993	209669
	U	2009007034	2025596	210272
	U	2009007034	2025741	210417
	U	2009007034	2025780	210456
	U	2009007034	2026741	211417
	U	2009007034	2026860	211536
	U	2009007034	2026866	211542
	U	2009007034	2027216	211892
	U	2009007034	2027356	212032
	U	2009007034	2027405	212081
	U	2009007034	2027589	212265
