updated	2001-10-31 00:09:45	5001377999	S$73i$73irt (350263);	T	1086812	SYSADM
updated	2001-10-31 00:44:34	5002473404	Siirt (87681);	T	1086812	SYSADM
updated	2001-10-31 00:44:34	5002473405	S$73i$73irt (350263);	T	1086812	SYSADM
updated	2002-07-11 18:01:16	5003591063	Siirt (87681);	T	1086812	SYSADM
updated	2002-07-11 18:01:16	5003591064	S$73i$73irt (350263);	T	1086812	SYSADM
created	1992-01-03 19:22:00	5000752081		S	6005961	sysadm
modified	1996-06-26 15:42:00	5001172792		S	6005961	dell
updated	2001-10-31 00:30:56	5002319104	Tigranocerta (171280);	T	6005961	SYSADM
updated	2001-10-31 00:30:56	5002319105	Siirt (174318);	T	6005961	SYSADM
updated	2001-10-31 01:04:44	5003414506	Tigranocerta (171280);	T	6005961	SYSADM
updated	2001-10-31 01:04:44	5003414507	Siirt (174318);	T	6005961	SYSADM
updated	2002-07-11 18:17:54	5004529836	Tigranocerta (171280);	T	6005961	SYSADM
updated	2002-07-11 18:17:54	5004529837	Siirt (174318);	T	6005961	SYSADM
updated	2004-07-15 16:54:40	5004608829		S	6005961	JGOODELL
updated	2004-07-15 16:54:50	5004608830		S	6005961	JGOODELL
created	2004-07-15 16:57:19	5004608831		N	6005961	JGOODELL
updated	2004-07-15 16:57:19	5004608832		S	6005961	JGOODELL
updated	2004-07-15 16:57:53	5004608833		S	6005961	JGOODELL
updated	2004-07-15 16:58:33	5004608834		S	6005961	JGOODELL
parent added	2004-07-15 16:59:23	5004608835	Armenia (historic region) (7004538);	S	6005961	JGOODELL
updated	2004-07-15 17:06:37	5004608836		S	6005961	JGOODELL
created	1991-09-13 07:56:00	5000008302		S	1099969	sysadm
modified	1997-09-10 11:37:00	5000917820		S	1099969	mali
updated	2001-10-31 00:10:05	5001393132	Zaculeu (100934);	T	1099969	SYSADM
updated	2001-10-31 00:44:52	5002488538	Zaculeu (100934);	T	1099969	SYSADM
updated	2002-07-11 18:01:32	5003606196	Zaculeu (100934);	T	1099969	SYSADM
updated	2004-08-12 11:33:07	5004612015		S	1099969	JGOODELL
created	2004-08-12 11:54:09	5004612032		N	1099969	JGOODELL
updated	2004-08-12 11:54:09	5004612033		S	1099969	JGOODELL
created	1992-01-03 19:25:00	5000792355		S	6006662	sysadm
modified	1997-06-20 15:48:00	5001210105		S	6006662	laila
updated	2001-10-31 00:30:56	5002319387	Zaculeu (171981);	T	6006662	SYSADM
updated	2001-10-31 01:04:44	5003414789	Zaculeu (171981);	T	6006662	SYSADM
updated	2002-07-11 18:17:54	5004530119	Zaculeu (171981);	T	6006662	SYSADM
created	1991-09-13 00:10:00	5000894540		S	7016027	sysadm
modified	1997-05-11 13:14:00	5001272232		S	7016027	GNIS loader RD
updated	2001-10-31 00:31:37	5002349523	Saint Paul Island (9117);	T	7016027	SYSADM
updated	2001-10-31 01:05:26	5003444403	Saint Paul Island (9117);	T	7016027	SYSADM
updated	2002-07-11 18:18:24	5004558998	Saint Paul Island (9117);	T	7016027	SYSADM
published	2004-08-26 12:02:43	5005488073	Published in REL and XML	S	7016027	SYSADM
updated	2004-10-06 16:47:47	5005505884		S	7016027	JGOODELL
added	2004-10-06 16:47:47	5005505885	St. Paul Island (1001179822);	T	7016027	JGOODELL
added	2004-10-06 16:47:47	5005505886	St Paul Island (1001179823);	T	7016027	JGOODELL
created	1997-06-08 01:42:00	5000900007		S	2637686	sysadm
updated	2001-10-31 00:26:46	5002141088	Saint Paul Island (983484);	T	2637686	SYSADM
updated	2001-10-31 01:00:36	5003236494	Saint Paul Island (983484);	T	2637686	SYSADM
updated	2002-07-11 18:14:49	5004351851	Saint Paul Island (983484);	T	2637686	SYSADM
published	2004-08-26 12:02:43	5005493532	Published in REL and XML	S	2637686	SYSADM
created	1992-01-03 19:20:00	5000729351		S	6005574	sysadm
modified	1997-09-29 16:24:00	5001150610		S	6005574	patricia
updated	2001-10-31 00:30:56	5002318928	South Tyrol (170893);	T	6005574	SYSADM
updated	2001-10-31 00:30:56	5002318929	S$04udtirol (174142);	T	6005574	SYSADM
updated	2001-10-31 01:04:44	5003414330	South Tyrol (170893);	T	6005574	SYSADM
updated	2001-10-31 01:04:44	5003414331	S$04udtirol (174142);	T	6005574	SYSADM
updated	2002-07-11 18:17:54	5004529661	South Tyrol (170893);	T	6005574	SYSADM
updated	2002-07-11 18:17:54	5004529662	S$04udtirol (174142);	T	6005574	SYSADM
created	2004-10-15 13:13:40	5005506073		N	6005574	PHARPRING
updated	2004-10-15 13:13:40	5005506074		S	6005574	PHARPRING
updated	2004-10-15 13:15:24	5005506075		S	6005574	PHARPRING
moved	2004-10-15 13:20:31	5005506077	Old Parent: Candidates from atlases (6000000)	S	6005574	PHARPRING
updated	2004-10-15 13:24:04	5005506079		S	6005574	PHARPRING
added	2004-10-15 13:24:05	5005506080	South Tyrol (6005574) 'historical connection' Trentino-Alto Adige (7003124);	A	6005574	PHARPRING
updated	2004-10-15 13:34:07	5005506082		S	6005574	PHARPRING
added	2004-10-15 13:34:07	5005506083	Tyrol du Sud (1001179863);	T	6005574	PHARPRING
created	1993-10-14 16:24:00	5000761256		S	7015540	sysadm
modified	2000-06-30 09:27:00	5001181957		S	7015540	jennifersarah
updated	2001-10-31 00:31:35	5002348851	Alto Adige (323647);	T	7015540	SYSADM
updated	2001-10-31 00:31:35	5002348852	Tirol, South (323649);	T	7015540	SYSADM
updated	2001-10-31 00:31:35	5002348853	South Tirol (323650);	T	7015540	SYSADM
updated	2001-10-31 00:31:35	5002348854	Athesinus ager (1161082);	T	7015540	SYSADM
updated	2001-10-31 00:31:35	5002348855	Athesia regio (1161083);	T	7015540	SYSADM
updated	2001-10-31 00:31:35	5002348856	Tiroler Etschland (1161084);	T	7015540	SYSADM
updated	2001-10-31 00:31:35	5002348857	Oberetsch (1161085);	T	7015540	SYSADM
updated	2001-10-31 01:05:25	5003443733	Alto Adige (323647);	T	7015540	SYSADM
updated	2001-10-31 01:05:25	5003443734	Tirol, South (323649);	T	7015540	SYSADM
updated	2001-10-31 01:05:25	5003443735	South Tirol (323650);	T	7015540	SYSADM
updated	2001-10-31 01:05:25	5003443736	Athesinus ager (1161082);	T	7015540	SYSADM
updated	2001-10-31 01:05:25	5003443737	Athesia regio (1161083);	T	7015540	SYSADM
updated	2001-10-31 01:05:25	5003443738	Tiroler Etschland (1161084);	T	7015540	SYSADM
updated	2001-10-31 01:05:25	5003443739	Oberetsch (1161085);	T	7015540	SYSADM
updated	2002-07-11 18:18:23	5004558338	Alto Adige (323647);	T	7015540	SYSADM
updated	2002-07-11 18:18:23	5004558339	Tirol, South (323649);	T	7015540	SYSADM
updated	2002-07-11 18:18:23	5004558340	South Tirol (323650);	T	7015540	SYSADM
updated	2002-07-11 18:18:23	5004558341	Athesinus ager (1161082);	T	7015540	SYSADM
updated	2002-07-11 18:18:23	5004558342	Athesia regio (1161083);	T	7015540	SYSADM
updated	2002-07-11 18:18:23	5004558343	Tiroler Etschland (1161084);	T	7015540	SYSADM
updated	2002-07-11 18:18:23	5004558344	Oberetsch (1161085);	T	7015540	SYSADM
updated	2003-07-17 14:19:18	5004590325		S	7015540	ACHIPMAN
added	2003-07-17 14:19:18	5004590326	Alto Adige (7015540) 'related to' Tirol (7003029);	A	7015540	ACHIPMAN
published	2004-08-26 12:02:43	5005358577	Published in REL and XML	S	7015540	SYSADM
updated	2004-10-15 13:35:03	5005506084		S	7015540	PHARPRING
created	1991-11-30 19:48:00	5000751474		S	5001917	sysadm
modified	1996-05-21 10:42:00	5001172186		S	5001917	christin
updated	2001-10-31 00:30:51	5002315373	Gyphtokastro (161281);	T	5001917	SYSADM
updated	2001-10-31 00:30:51	5002315374	Eleutherai (164433);	T	5001917	SYSADM
updated	2001-10-31 01:04:39	5003410775	Gyphtokastro (161281);	T	5001917	SYSADM
updated	2001-10-31 01:04:39	5003410776	Eleutherai (164433);	T	5001917	SYSADM
updated	2002-04-23 20:34:19	5003480838	Eleutherai (164433);	T	5001917	SYSADM
updated	2002-07-11 18:17:50	5004526116	Gyphtokastro (161281);	T	5001917	SYSADM
updated	2002-07-11 18:17:50	5004526117	Eleutherai (164433);	T	5001917	SYSADM
updated	2004-08-10 13:50:42	5004611426		S	5001917	PHARPRING
published	2004-08-26 12:02:43	5005348904	Published in REL and XML	S	5001917	SYSADM
updated	2004-08-30 15:19:01	5005505308		S	5001917	PHARPRING
updated	2004-08-30 15:19:02	5005505309	Eleutherai (164433);	T	5001917	PHARPRING
updated	2004-11-30 14:55:56	5005507511		S	5001917	ABEECROFT
added	2004-11-30 14:55:56	5005507512	Erythres (1001180056);	T	5001917	ABEECROFT
updated	2004-11-30 14:55:56	5005507513	Eleutherai (164433);	T	5001917	ABEECROFT
updated	2004-11-30 14:55:56	5005507514	Gyphtokastro (161281);	T	5001917	ABEECROFT
added	2004-11-30 14:55:56	5005507515	Erithra$00i (1001180058);	T	5001917	ABEECROFT
created	1991-09-13 02:53:00	5000751409		S	1042008	sysadm
modified	1996-05-20 15:45:00	5001172121		S	1042008	christin
updated	2001-10-31 00:08:33	5001324746	Erithra$00i (42407);	T	1042008	SYSADM
updated	2001-10-31 00:43:29	5002420152	Erithra$00i (42407);	T	1042008	SYSADM
updated	2002-07-11 18:00:20	5003537813	Erithra$00i (42407);	T	1042008	SYSADM
published	2004-08-26 12:02:43	5005348897	Published in REL and XML	S	1042008	SYSADM
created	1991-09-13 07:20:00	5000015990		S	1095325	sysadm
modified	1997-04-11 16:12:00	5000925500		S	1095325	laila
updated	2001-10-31 00:09:58	5001388316	Al-Qays (96259);	T	1095325	SYSADM
updated	2001-10-31 00:09:58	5001388317	Al Qays (363986);	T	1095325	SYSADM
updated	2001-10-31 00:44:46	5002483722	Al-Qays (96259);	T	1095325	SYSADM
updated	2001-10-31 00:44:46	5002483723	Al Qays (363986);	T	1095325	SYSADM
updated	2002-07-11 18:01:26	5003601380	Al-Qays (96259);	T	1095325	SYSADM
updated	2002-07-11 18:01:26	5003601381	Al Qays (363986);	T	1095325	SYSADM
published	2004-08-26 12:02:43	5004628757	Published in REL and XML	S	1095325	SYSADM
added	2004-12-09 13:43:18	5005508671	NEW SUBJECT (1001180152);	T	7030518	ABEECROFT
created	2004-12-09 13:43:18	5005508672		S	7030518	ABEECROFT
created	1991-09-12 23:58:00	5000900347		S	7016015	sysadm
modified	1997-05-11 13:14:00	5001273074		S	7016015	GNIS loader RD
updated	2001-10-31 00:31:37	5002349501	Attu Island (6525);	T	7016015	SYSADM
updated	2001-10-31 01:05:26	5003444381	Attu Island (6525);	T	7016015	SYSADM
updated	2002-07-11 18:18:24	5004558980	Attu Island (6525);	T	7016015	SYSADM
published	2004-08-26 12:02:43	5005493871	Published in REL and XML	S	7016015	SYSADM
created	1997-05-14 22:30:00	5000898979		S	2139967	sysadm
updated	2001-10-31 00:14:18	5001583350	Attu Island (415825);	T	2139967	SYSADM
updated	2001-10-31 00:48:41	5002678756	Attu Island (415825);	T	2139967	SYSADM
updated	2002-07-11 18:04:53	5003794117	Attu Island (415825);	T	2139967	SYSADM
published	2004-08-26 12:02:43	5005492489	Published in REL and XML	S	2139967	SYSADM
moved	2004-12-06 15:47:30	5005507876	Old Parent: Aleutian Islands (7019761)	S	2139967	JWARD
created	1997-06-14 01:19:00	5000898771		S	2714649	sysadm
updated	2001-10-31 00:28:50	5002227334	Tenake (1071249);	T	2714649	SYSADM
updated	2001-10-31 01:02:37	5003322740	Tenake (1071249);	T	2714649	SYSADM
updated	2002-07-11 18:16:18	5004438097	Tenake (1071249);	T	2714649	SYSADM
published	2004-08-26 12:02:43	5005492298	Published in REL and XML	S	2714649	SYSADM
created	1997-09-17 12:29:00	5000722762		S	7022129	sysadm
modified	1997-09-17 12:31:00	5001148171		S	7022129	mali
updated	2001-10-31 00:31:53	5002361464	Tenakee Springs (1155288);	T	7022129	SYSADM
updated	2001-10-31 01:05:42	5003456303	Tenakee Springs (1155288);	T	7022129	SYSADM
updated	2002-07-11 18:18:36	5004570600	Tenakee Springs (1155288);	T	7022129	SYSADM
published	2004-08-26 12:02:43	5005322301	Published in REL and XML	S	7022129	SYSADM
created	1991-09-13 10:06:00	5000732446		S	1113185	sysadm
modified	1996-08-02 15:13:00	5001153683		S	1113185	shelley
updated	2001-10-31 00:10:24	5001408116	Islands, Bay of (114411);	T	1113185	SYSADM
updated	2001-10-31 00:45:10	5002503522	Islands, Bay of (114411);	T	1113185	SYSADM
updated	2002-07-11 18:01:48	5003621177	Islands, Bay of (114411);	T	1113185	SYSADM
published	2004-08-26 12:02:43	5005331059	Published in REL and XML	S	1113185	SYSADM
added	2005-02-14 16:21:43	5005513038	NEW SUBJECT (1001180801);	T	7030602	JWARD
created	2005-02-14 16:21:43	5005513039		S	7030602	JWARD
updated	2005-02-14 16:24:01	5005513040		S	7030602	JWARD
updated	2005-02-14 16:24:01	5005513041	Islands, Bay of (1001180801);	T	7030602	JWARD
added	2005-02-14 16:24:01	5005513042	Bay of Islands (1001180802);	T	7030602	JWARD
created	1991-09-13 06:00:00	5000009823		S	1079538	sysadm
modified	1997-01-21 16:25:00	5000919337		S	1079538	victoria
updated	2001-10-31 00:09:32	5001368941	Kefar $67Atah (80343);	T	1079538	SYSADM
updated	2001-10-31 00:09:32	5001368942	Qiryat Ata (357418);	T	1079538	SYSADM
updated	2001-10-31 00:44:23	5002464347	Kefar $67Atah (80343);	T	1079538	SYSADM
updated	2001-10-31 00:44:23	5002464348	Qiryat Ata (357418);	T	1079538	SYSADM
updated	2002-07-11 18:01:06	5003582007	Kefar $67Atah (80343);	T	1079538	SYSADM
updated	2002-07-11 18:01:06	5003582008	Qiryat Ata (357418);	T	1079538	SYSADM
published	2004-08-26 12:02:43	5004622624	Published in REL and XML	S	1079538	SYSADM
updated	2005-08-01 14:50:02	5005519782		S	1079538	RJOHNSON
added	2005-08-01 14:50:02	5005519783	Qiryat Atta (1001182551);	T	1079538	RJOHNSON
added	2005-08-01 14:50:02	5005519784	Kufritta (1001182561);	T	1079538	RJOHNSON
updated	2005-08-01 14:50:02	5005519785	Kefar $67Atah (80343);	T	1079538	RJOHNSON
added	2005-08-01 14:50:02	5005519786	Kiryat-Ata (1001182562);	T	1079538	RJOHNSON
added	2005-08-01 14:50:02	5005519787	Kefar $67A$15t$15ta (1001182568);	T	1079538	RJOHNSON
updated	2005-08-01 14:50:28	5005519788		S	1079538	RJOHNSON
updated	2005-08-01 14:50:28	5005519789	Qiryat Atta (1001182551);	T	1079538	RJOHNSON
updated	2005-08-01 14:50:28	5005519790	Kufritta (1001182561);	T	1079538	RJOHNSON
updated	2005-08-01 14:50:28	5005519791	Kefar $67Atah (80343);	T	1079538	RJOHNSON
updated	2005-08-01 14:50:28	5005519792	Kefar $67A$15t$15ta (1001182568);	T	1079538	RJOHNSON
updated	2005-08-01 14:50:28	5005519793	Kiryat-Ata (1001182562);	T	1079538	RJOHNSON
created	1991-09-13 06:01:00	5000009829		S	1079594	sysadm
modified	1997-01-21 16:33:00	5000919343		S	1079594	victoria
updated	2001-10-31 00:09:32	5001368999	Qiryat (80401);	T	1079594	SYSADM
updated	2001-10-31 00:09:32	5001369000	Qiryat Ata (357423);	T	1079594	SYSADM
updated	2001-10-31 00:44:23	5002464405	Qiryat (80401);	T	1079594	SYSADM
updated	2001-10-31 00:44:23	5002464406	Qiryat Ata (357423);	T	1079594	SYSADM
updated	2002-07-11 18:01:06	5003582065	Qiryat (80401);	T	1079594	SYSADM
updated	2002-07-11 18:01:06	5003582066	Qiryat Ata (357423);	T	1079594	SYSADM
published	2004-08-26 12:02:43	5004622625	Published in REL and XML	S	1079594	SYSADM
updated	2002-01-15 11:08:33	5003473026	Bowthorpe (1001172931);	T	7028446	JGOODELL
created	2002-01-15 11:07:23	5003473024		S	7028446	JGOODELL
updated	2002-01-15 11:08:33	5003473025		S	7028446	JGOODELL
created	1991-11-09 17:42:00	5000829168		S	4001769	sysadm
modified	1993-05-13 12:42:00	5001229998		S	4001769	robin
updated	2001-10-31 00:30:44	5002309698	Bowthorpe (145167);	T	4001769	SYSADM
updated	2001-10-31 01:04:31	5003405100	Bowthorpe (145167);	T	4001769	SYSADM
created	2001-12-26 12:49:15	5003471109		N	4001769	JGOODELL
updated	2001-12-26 12:49:15	5003471108		S	4001769	JGOODELL
added	2001-12-26 12:49:15	5003471110	Boethorp (1001172349);	T	4001769	JGOODELL
added	2001-12-26 12:49:15	5003471111	Bowethorp (1001172350);	T	4001769	JGOODELL
updated	2001-12-26 12:49:34	5003471112		S	4001769	JGOODELL
deleted	2002-01-16 15:40:47	5003473363	Horsheia (1001173036);	T	7028475	JGOODELL
updated	2002-01-16 15:40:47	5003473364	Horsford (1001173034);	T	7028475	JGOODELL
updated	2002-01-16 15:40:47	5003473365	Hosforda (1001173035);	T	7028475	JGOODELL
created	2002-01-16 15:37:10	5003473361		S	7028475	JGOODELL
updated	2002-01-16 15:40:47	5003473362		S	7028475	JGOODELL
created	1991-09-13 01:52:00	5000829110		S	1029609	sysadm
modified	1996-08-12 11:51:00	5001229940		S	1029609	kharon
updated	2001-10-31 00:08:19	5001313542	Horsford (29956);	T	1029609	SYSADM
updated	2001-10-31 00:43:16	5002408948	Horsford (29956);	T	1029609	SYSADM
added	2002-04-09 15:03:30	5003478731	NEW SUBJECT (1001174577);	T	7029041	PHARPRING
created	2002-04-09 15:03:30	5003478732		S	7029041	PHARPRING
updated	2002-04-09 15:46:01	5003478733		S	7029041	PHARPRING
updated	2002-04-09 15:46:01	5003478734	Al-khal$46il (1001174577);	T	7029041	PHARPRING
added	2002-04-09 15:46:01	5003478735	Al-khal$46il Ar-ra$46hm$46an (1001174578);	T	7029041	PHARPRING
added	2002-04-09 15:46:01	5003478736	$46Hevron (1001174579);	T	7029041	PHARPRING
added	2002-04-09 15:46:01	5003478737	Hebron (1001174580);	T	7029041	PHARPRING
updated	2002-04-09 15:54:50	5003478739		S	7029041	PHARPRING
added	2002-04-09 15:54:50	5003478740	Khalil-el-Rahman (1001174581);	T	7029041	PHARPRING
updated	2002-04-09 15:54:50	5003478741	$46Hevron (1001174579);	T	7029041	PHARPRING
added	2002-04-09 15:54:50	5003478742	El Khalil (1001174584);	T	7029041	PHARPRING
added	2002-04-09 15:54:50	5003478743	El Khulil (1001174583);	T	7029041	PHARPRING
updated	2002-04-09 15:54:50	5003478744	Hebron (1001174580);	T	7029041	PHARPRING
added	2002-04-09 15:54:50	5003478745	$67Abron (1001174585);	T	7029041	PHARPRING
updated	2002-04-09 16:08:14	5003478753		S	7029041	PHARPRING
added	2002-04-09 16:08:14	5003478755	Saint Abraham (1001174589);	T	7029041	PHARPRING
created	2002-04-09 16:08:14	5003478754		N	7029041	PHARPRING
created	1991-09-13 06:22:00	5000884902		S	7002402	sysadm
modified	1997-01-22 15:41:00	5001263905		S	7002402	victoria
updated	2001-10-31 00:31:03	5002324794	Al-Khal$01il (84709);	T	7002402	SYSADM
updated	2001-10-31 00:31:03	5002324795	Hebron (84710);	T	7002402	SYSADM
updated	2001-10-31 00:31:03	5002324796	Al Khalil (173075);	T	7002402	SYSADM
updated	2001-10-31 00:31:03	5002324797	Kirjath-Arba (325204);	T	7002402	SYSADM
updated	2001-10-31 00:31:03	5002324798	Kiryat Arbah (325205);	T	7002402	SYSADM
updated	2001-10-31 00:31:03	5002324799	Al-Khal$01il Ar-Ra$15hm$01an (325206);	T	7002402	SYSADM
updated	2001-10-31 00:31:03	5002324800	$46Hevron (325207);	T	7002402	SYSADM
updated	2001-10-31 00:31:03	5002324801	Al Khal$01il (357514);	T	7002402	SYSADM
updated	2001-10-31 01:04:52	5003420071	Al-Khal$01il (84709);	T	7002402	SYSADM
updated	2001-10-31 01:04:52	5003420072	Hebron (84710);	T	7002402	SYSADM
updated	2001-10-31 01:04:52	5003420073	Al Khalil (173075);	T	7002402	SYSADM
updated	2001-10-31 01:04:52	5003420074	Kirjath-Arba (325204);	T	7002402	SYSADM
updated	2001-10-31 01:04:52	5003420075	Kiryat Arbah (325205);	T	7002402	SYSADM
updated	2001-10-31 01:04:52	5003420076	Al-Khal$01il Ar-Ra$15hm$01an (325206);	T	7002402	SYSADM
updated	2001-10-31 01:04:52	5003420077	$46Hevron (325207);	T	7002402	SYSADM
updated	2001-10-31 01:04:52	5003420078	Al Khal$01il (357514);	T	7002402	SYSADM
created	1991-09-12 23:56:00	5000210105		S	1006029	sysadm
modified	1997-05-28 15:23:00	5001011936		S	1006029	victoria
updated	2001-10-31 00:07:45	5001287577	Enderbury (6210);	T	1006029	SYSADM
updated	2001-10-31 00:07:45	5001287578	Enderbury Atoll (760747);	T	1006029	SYSADM
updated	2001-10-31 00:42:44	5002382984	Enderbury (6210);	T	1006029	SYSADM
updated	2001-10-31 00:42:44	5002382985	Enderbury Atoll (760747);	T	1006029	SYSADM
updated	2002-05-15 16:25:17	5003490541	Enderbury Islands (1001175189);	T	7029364	PHARPRING
created	2002-05-15 16:24:48	5003490539		S	7029364	PHARPRING
updated	2002-05-15 16:25:17	5003490540		S	7029364	PHARPRING
created	1991-09-13 00:04:00	5000210110		S	1007636	sysadm
modified	1997-05-28 15:24:00	5001011941		S	1007636	victoria
updated	2001-10-31 00:07:48	5001289620	Kanton (7837);	T	1007636	SYSADM
updated	2001-10-31 00:07:48	5001289621	Canton (7838);	T	1007636	SYSADM
updated	2001-10-31 00:07:48	5001289622	Mary Island (184005);	T	1007636	SYSADM
updated	2001-10-31 00:42:47	5002385027	Kanton (7837);	T	1007636	SYSADM
updated	2001-10-31 00:42:47	5002385028	Canton (7838);	T	1007636	SYSADM
updated	2001-10-31 00:42:47	5002385029	Mary Island (184005);	T	1007636	SYSADM
created	1991-11-09 17:13:00	5000728067		S	4000111	sysadm
modified	1997-09-25 11:35:00	5001149356		S	4000111	patricia
updated	2001-10-31 00:30:42	5002309050	Canton and Enderbury Islands (143495);	T	4000111	SYSADM
updated	2001-10-31 01:04:31	5003404456	Canton and Enderbury Islands (143495);	T	4000111	SYSADM
updated	2002-05-15 16:25:42	5003490542		S	4000111	PHARPRING
updated	2002-05-15 16:25:42	5003490543	Canton (143495);	T	4000111	PHARPRING
created	1999-04-15 11:19:00	5000002493		S	7024264	sysadm
modified	1999-04-15 11:21:00	5000912036		S	7024264	patricia
updated	2001-10-31 00:31:57	5002364918	Bourgogne (1158386);	T	7024264	SYSADM
updated	2001-10-31 00:31:57	5002364919	Burgundy (1158387);	T	7024264	SYSADM
updated	2001-10-31 00:31:57	5002364920	Burgund (1158388);	T	7024264	SYSADM
updated	2001-10-31 01:05:48	5003459742	Bourgogne (1158386);	T	7024264	SYSADM
updated	2001-10-31 01:05:48	5003459743	Burgundy (1158387);	T	7024264	SYSADM
updated	2001-10-31 01:05:48	5003459744	Burgund (1158388);	T	7024264	SYSADM
created	1991-11-09 17:42:09	5000728076		S	4001751	sysadm
updated	2001-10-31 00:30:44	5002309686	Bourgogne, duch$00e de (145149);	T	4001751	SYSADM
updated	2001-10-31 00:30:44	5002309687	Burgundy, duchy of (156868);	T	4001751	SYSADM
updated	2001-10-31 01:04:31	5003405088	Bourgogne, duch$00e de (145149);	T	4001751	SYSADM
updated	2001-10-31 01:04:31	5003405089	Burgundy, duchy of (156868);	T	4001751	SYSADM
created	1991-09-13 05:37:00	5000035724		S	7001523	sysadm
modified	1999-09-09 15:41:00	5000945230		S	7001523	patricia
updated	2001-10-31 00:31:00	5002322680	Calcutta (75671);	T	7001523	SYSADM
updated	2001-10-31 00:31:00	5002322681	Kalkutta (140196);	T	7001523	SYSADM
updated	2001-10-31 00:31:00	5002322682	Kalikata (183947);	T	7001523	SYSADM
updated	2001-10-31 00:31:00	5002322683	Kalik$01at$01a (327072);	T	7001523	SYSADM
updated	2001-10-31 00:31:00	5002322684	Fort William (327073);	T	7001523	SYSADM
updated	2001-10-31 00:31:00	5002322685	Kolkata (1158708);	T	7001523	SYSADM
updated	2001-10-31 01:04:50	5003417998	Calcutta (75671);	T	7001523	SYSADM
updated	2001-10-31 01:04:50	5003417999	Kalkutta (140196);	T	7001523	SYSADM
updated	2001-10-31 01:04:50	5003418000	Kalikata (183947);	T	7001523	SYSADM
updated	2001-10-31 01:04:50	5003418001	Kalik$01at$01a (327072);	T	7001523	SYSADM
updated	2001-10-31 01:04:50	5003418002	Fort William (327073);	T	7001523	SYSADM
updated	2001-10-31 01:04:50	5003418003	Kolkata (1158708);	T	7001523	SYSADM
updated	2002-04-23 20:34:17	5003480360	Calcutta (75671);	T	7001523	SYSADM
updated	2002-04-23 20:34:21	5003481589	Kalikata (183947);	T	7001523	SYSADM
updated	2002-04-23 20:34:25	5003482971	Kalik$01at$01a (327072);	T	7001523	SYSADM
updated	2002-04-23 20:34:25	5003482972	Fort William (327073);	T	7001523	SYSADM
updated	2002-04-23 20:34:34	5003483622	Kolkata (1158708);	T	7001523	SYSADM
created	1994-10-31 12:02:00	5000888447		S	7018179	sysadm
modified	1994-10-31 12:13:59	5001267423		S	7018179	patricia
updated	2001-10-31 00:31:42	5002353677	Calcutta (327060);	T	7018179	SYSADM
updated	2001-10-31 01:05:31	5003448517	Calcutta (327060);	T	7018179	SYSADM
created	1994-10-31 12:02:00	5000888446		S	7018180	sysadm
modified	1997-03-20 11:20:00	5001267422		S	7018180	michelle
updated	2001-10-31 00:31:42	5002353678	Calcutta (327061);	T	7018180	SYSADM
updated	2001-10-31 01:05:31	5003448518	Calcutta (327061);	T	7018180	SYSADM
created	1994-10-31 11:50:00	5000888453		S	7018176	sysadm
modified	1996-08-19 10:38:00	5001267429		S	7018176	patricia
updated	2001-10-31 00:31:42	5002353673	Calcutta (327052);	T	7018176	SYSADM
modified	1997-05-10 19:23:00	5001020474		S	1110275	GNIS loader RD
updated	2001-10-31 00:10:20	5001404732	Coconino Plateau (111416);	T	1110275	SYSADM
updated	2001-10-31 00:10:20	5001404733	Arizona Plateau (372093);	T	1110275	SYSADM
updated	2001-10-31 00:10:20	5001404734	Coanini Plateau (372094);	T	1110275	SYSADM
updated	2001-10-31 00:10:20	5001404735	Colorado Plateau (372095);	T	1110275	SYSADM
updated	2001-10-31 00:10:20	5001404736	Plateau of Arizona (372096);	T	1110275	SYSADM
updated	2001-10-31 00:10:20	5001404737	San Francisco Plateau (372097);	T	1110275	SYSADM
updated	2001-10-31 00:45:06	5002500138	Coconino Plateau (111416);	T	1110275	SYSADM
updated	2001-10-31 00:45:06	5002500139	Arizona Plateau (372093);	T	1110275	SYSADM
updated	2001-10-31 00:45:06	5002500140	Coanini Plateau (372094);	T	1110275	SYSADM
updated	2001-10-31 00:45:06	5002500141	Colorado Plateau (372095);	T	1110275	SYSADM
updated	2001-10-31 00:45:06	5002500142	Plateau of Arizona (372096);	T	1110275	SYSADM
updated	2001-10-31 00:45:06	5002500143	San Francisco Plateau (372097);	T	1110275	SYSADM
updated	2002-07-11 18:01:44	5003617796	Coconino Plateau (111416);	T	1110275	SYSADM
updated	2002-07-11 18:01:44	5003617797	Arizona Plateau (372093);	T	1110275	SYSADM
updated	2002-07-11 18:01:44	5003617798	Coanini Plateau (372094);	T	1110275	SYSADM
updated	2002-07-11 18:01:44	5003617799	Colorado Plateau (372095);	T	1110275	SYSADM
updated	2002-07-11 18:01:44	5003617800	Plateau of Arizona (372096);	T	1110275	SYSADM
updated	2002-07-11 18:01:44	5003617801	San Francisco Plateau (372097);	T	1110275	SYSADM
published	2004-08-26 12:02:43	5004855683	Published in REL and XML	S	1110275	SYSADM
created	1997-06-08 01:42:00	5000245456		S	2640402	sysadm
updated	2001-10-31 00:26:52	5002144273	San Francisco Plateau (986715);	T	2640402	SYSADM
updated	2001-10-31 00:26:52	5002144274	Colorado Plateau (986716);	T	2640402	SYSADM
updated	2001-10-31 00:26:52	5002144275	San Francisco Mountain Plateau (986717);	T	2640402	SYSADM
updated	2001-10-31 01:00:39	5003239679	San Francisco Plateau (986715);	T	2640402	SYSADM
updated	2001-10-31 01:00:39	5003239680	Colorado Plateau (986716);	T	2640402	SYSADM
updated	2001-10-31 01:00:39	5003239681	San Francisco Mountain Plateau (986717);	T	2640402	SYSADM
updated	2002-07-11 18:14:52	5004355036	San Francisco Plateau (986715);	T	2640402	SYSADM
updated	2002-07-11 18:14:52	5004355037	Colorado Plateau (986716);	T	2640402	SYSADM
updated	2002-07-11 18:14:52	5004355038	San Francisco Mountain Plateau (986717);	T	2640402	SYSADM
published	2004-08-26 12:02:43	5004858053	Published in REL and XML	S	2640402	SYSADM
added	2002-05-21 12:23:50	5003490792	Calcutta (75671);	T	7029373	PHARPRING
added	2002-05-21 12:23:50	5003490793	Kalkutta (140196);	T	7029373	PHARPRING
added	2002-05-21 12:23:50	5003490794	Kalikata (183947);	T	7029373	PHARPRING
added	2002-05-21 12:23:50	5003490795	Kalik$01at$01a (327072);	T	7029373	PHARPRING
added	2002-05-21 12:23:50	5003490796	Fort William (327073);	T	7029373	PHARPRING
added	2002-05-21 12:23:50	5003490797	Kolkata (1158708);	T	7029373	PHARPRING
updated	2002-05-21 12:27:24	5003490820		S	7029373	PHARPRING
merged	2002-05-21 12:23:51	5003490819	Dominant: Calcutta Recessive: CalcuttaCalcuttaCalcutta	S	7029373	PHARPRING
updated	2002-05-21 12:27:24	5003490821	Kalikata (183947);	T	7029373	PHARPRING
updated	2002-05-21 12:35:49	5003490822		S	7029373	PHARPRING
updated	2002-07-11 18:18:49	5004583160	Calcutta (75671);	T	7029373	SYSADM
updated	2002-07-11 18:18:49	5004583161	Kalkutta (140196);	T	7029373	SYSADM
updated	2002-07-11 18:18:49	5004583162	Kalikata (183947);	T	7029373	SYSADM
updated	2002-07-11 18:18:49	5004583163	Kalik$01at$01a (327072);	T	7029373	SYSADM
updated	2002-07-11 18:18:49	5004583164	Fort William (327073);	T	7029373	SYSADM
updated	2002-07-11 18:18:49	5004583165	Kolkata (1158708);	T	7029373	SYSADM
published	2004-08-26 12:02:43	5005503859	Published in REL and XML	S	7029373	SYSADM
added	2002-05-21 15:49:59	5003490848	NEW SUBJECT (1001175229);	T	7029376	PHARPRING
created	2002-05-21 15:49:59	5003490849		S	7029376	PHARPRING
updated	2002-05-21 15:50:54	5003490850		S	7029376	PHARPRING
updated	2002-05-21 15:50:54	5003490851	Calcutta (1001175229);	T	7029376	PHARPRING
updated	2002-05-21 15:53:20	5003490852		S	7029376	PHARPRING
updated	2002-05-21 15:53:20	5003490853	Kalkutta (1001175229);	T	7029376	PHARPRING
moved	2004-03-30 18:03:55	5004605949	Old Parent: West Bengal (7018186)	S	7029376	PHARPRING
moved	2004-03-30 18:04:29	5004605950	Old Parent: Bh$01arat (7000198)	S	7029376	PHARPRING
created	1992-01-03 19:21:00	5000748560		S	6005901	sysadm
modified	2000-10-30 15:19:48	5001169736		S	6005901	patricia
updated	2001-10-31 00:30:56	5002319075	junk (171220);	T	6005901	SYSADM
updated	2001-10-31 01:04:44	5003414477	junk (171220);	T	6005901	SYSADM
updated	2002-07-11 18:17:54	5004529807	junk (171220);	T	6005901	SYSADM
added	2003-11-19 12:16:10	5004603980	junk 1a (1001178613);	T	7030210	PHARPRING
added	2003-11-19 12:16:10	5004603981	junk (174644);	T	7030210	PHARPRING
added	2003-11-19 12:16:10	5004603984	junk 1 (1001178611);	T	7030210	PHARPRING
added	2003-11-19 12:16:10	5004603985	junk 2 (1001178612);	T	7030210	PHARPRING
updated	2003-11-19 12:16:10	5004603986	junk (174644);	T	7030210	PHARPRING
updated	2003-11-19 12:16:10	5004603987	junk 1a (1001178613);	T	7030210	PHARPRING
updated	2003-11-19 12:16:10	5004603988	junk 1 (1001178611);	T	7030210	PHARPRING
updated	2003-11-19 12:16:10	5004603989	junk 2 (1001178612);	T	7030210	PHARPRING
merged	2003-11-19 12:16:10	5004603993	Dominant: junk Recessive: junk	S	7030210	PHARPRING
updated	2001-10-31 00:30:45	5002310486	Ellel (147010);	T	4003596	SYSADM
updated	2001-10-31 01:04:32	5003405888	Ellel (147010);	T	4003596	SYSADM
created	1992-09-09 12:34:00	5000000812		S	7003637	sysadm
modified	1997-02-18 16:18:00	5000910355		S	7003637	victoria
updated	2001-10-31 00:31:07	5002327444	Low Countries (312569);	T	7003637	SYSADM
updated	2001-10-31 00:31:07	5002327445	The Low Countries (312570);	T	7003637	SYSADM
updated	2001-10-31 01:04:55	5003422708	Low Countries (312569);	T	7003637	SYSADM
updated	2001-10-31 01:04:55	5003422709	The Low Countries (312570);	T	7003637	SYSADM
created	1991-11-30 19:10:00	5000728513		S	5000010	sysadm
modified	1992-12-10 15:16:00	5001149773		S	5000010	patricia
updated	2001-10-31 00:30:50	5002314684	Benelux (158859);	T	5000010	SYSADM
updated	2001-10-31 01:04:39	5003410086	Benelux (158859);	T	5000010	SYSADM
created	1991-11-09 21:26:00	5000728090		S	4007964	sysadm
modified	1992-12-10 15:23:00	5001149366		S	4007964	patricia
updated	2001-10-31 00:30:47	5002312453	North America (151416);	T	4007964	SYSADM
updated	2001-10-31 00:30:47	5002312454	Am$00erique du Nord (156546);	T	4007964	SYSADM
updated	2001-10-31 01:04:35	5003407855	North America (151416);	T	4007964	SYSADM
updated	2001-10-31 01:04:35	5003407856	Am$00erique du Nord (156546);	T	4007964	SYSADM
created	2002-06-27 16:06:43	5003492167		N	4007964	PHARPRING
updated	2002-06-27 16:06:43	5003492166		S	4007964	PHARPRING
updated	2002-06-27 16:07:12	5003492168		S	4007964	PHARPRING
created	1991-10-18 16:47:24	5000728038		S	3000015	sysadm
updated	2001-10-31 00:30:42	5002308917	N. America (141846);	T	3000015	SYSADM
updated	2001-10-31 00:30:42	5002308918	North America (141847);	T	3000015	SYSADM
updated	2001-10-31 01:04:31	5003404323	N. America (141846);	T	3000015	SYSADM
updated	2001-10-31 01:04:31	5003404324	North America (141847);	T	3000015	SYSADM
created	1991-09-13 09:58:00	5000002305		S	1111940	sysadm
modified	1996-10-02 16:38:00	5000911848		S	1111940	kharon
updated	2001-10-31 00:10:22	5001406595	Charollais (113108);	T	1111940	SYSADM
updated	2001-10-31 00:10:22	5001406596	Charollais, Mts.du (352560);	T	1111940	SYSADM
updated	2001-10-31 00:45:09	5002502001	Charollais (113108);	T	1111940	SYSADM
updated	2001-10-31 00:45:09	5002502002	Charollais, Mts.du (352560);	T	1111940	SYSADM
created	2002-07-01 15:52:16	5003492248		N	1111940	PHARPRING
updated	2002-07-01 15:52:16	5003492247		S	1111940	PHARPRING
deleted	2002-07-01 15:52:16	5003492249	Charollais, Mts.du (352560);	T	1111940	PHARPRING
updated	2002-07-01 15:52:16	5003492250	Charollais (113108);	T	1111940	PHARPRING
added	2002-07-01 15:52:16	5003492251	Charolais (1001175489);	T	1111940	PHARPRING
added	2002-07-01 15:52:16	5003492252	Le Charolais (1001175490);	T	1111940	PHARPRING
updated	2002-07-01 15:52:53	5003492253		S	1111940	PHARPRING
created	1992-01-03 19:01:00	5000831289		S	6001296	sysadm
modified	1997-06-19 16:25:00	5001232105		S	6001296	laila
updated	2001-10-31 00:30:53	5002317101	Charolais (166615);	T	6001296	SYSADM
updated	2001-10-31 01:04:41	5003412503	Charolais (166615);	T	6001296	SYSADM
created	1999-06-14 16:30:00	5000908315		S	7024351	sysadm
modified	1999-06-14 16:36:00	5001276772		S	7024351	patricia
updated	2003-09-16 15:55:13	5004595699	West Marton (1001178102);	T	7030097	JGOODELL
updated	2003-09-16 15:55:21	5004595700		S	7030097	JGOODELL
added	2003-09-16 15:55:21	5004595701	West Marton (7030097) 'related to' East Marton (7030096);	A	7030097	JGOODELL
updated	2003-09-16 15:55:13	5004595698		S	7030097	JGOODELL
published	2004-08-26 12:02:43	5005504803	Published in REL and XML	S	7030097	SYSADM
updated	2005-03-07 13:41:13	5005513864		S	7030097	JGOODELL
added	2005-03-07 13:41:13	5005513865	Marton, West (1001180990);	T	7030097	JGOODELL
updated	2005-03-07 13:41:13	5005513866	Martun (1001178103);	T	7030097	JGOODELL
created	1991-11-10 01:33:00	5000829478		S	4012163	sysadm
modified	1996-06-10 17:16:00	5001230307		S	4012163	kharon
updated	2001-10-31 00:30:49	5002314261	West Marton (155642);	T	4012163	SYSADM
updated	2001-10-31 01:04:38	5003409663	West Marton (155642);	T	4012163	SYSADM
updated	2002-07-11 18:17:49	5004525005	West Marton (155642);	T	4012163	SYSADM
published	2004-08-26 12:02:43	5005426113	Published in REL and XML	S	4012163	SYSADM
created	1991-11-09 22:32:00	5000825913		S	4009207	sysadm
modified	2000-09-18 13:48:00	5001226880		S	4009207	jennifersarah
updated	2001-10-31 00:30:48	5002312988	Repton (152669);	T	4009207	SYSADM
updated	2001-10-31 00:30:48	5002312989	Rapendune (1162881);	T	4009207	SYSADM
updated	2001-10-31 00:30:48	5002312990	Rapendun (1162882);	T	4009207	SYSADM
updated	2001-10-31 01:04:35	5003408390	Repton (152669);	T	4009207	SYSADM
updated	2001-10-31 01:04:35	5003408391	Rapendune (1162881);	T	4009207	SYSADM
updated	2001-10-31 01:04:35	5003408392	Rapendun (1162882);	T	4009207	SYSADM
updated	2002-04-23 20:34:38	5003484619	Rapendune (1162881);	T	4009207	SYSADM
updated	2002-04-23 20:34:38	5003484620	Rapendun (1162882);	T	4009207	SYSADM
updated	2002-07-11 18:17:48	5004523733	Repton (152669);	T	4009207	SYSADM
updated	2002-07-11 18:17:48	5004523734	Rapendune (1162881);	T	4009207	SYSADM
updated	2002-07-11 18:17:48	5004523735	Rapendun (1162882);	T	4009207	SYSADM
updated	2003-10-13 10:10:40	5004599154		S	4009207	JGOODELL
updated	2003-10-13 10:10:40	5004599155	Rapendun (1162882);	T	4009207	JGOODELL
updated	2003-10-13 10:10:40	5004599156	Rapendune (1162881);	T	4009207	JGOODELL
updated	2003-10-13 10:10:42	5004599157		S	4009207	JGOODELL
published	2004-08-26 12:02:43	5005422756	Published in REL and XML	S	4009207	SYSADM
added	2002-04-18 16:18:22	5003480020	NEW SUBJECT (1001174962);	T	7029293	SYSADM
created	2002-04-18 16:18:22	5003480021		S	7029293	SYSADM
updated	2002-04-18 16:18:22	5003480022	Repton (1001174962);	T	7029293	SYSADM
updated	2003-10-13 10:10:47	5004599158		S	7029293	JGOODELL
published	2004-08-26 12:02:43	5005503776	Published in REL and XML	S	7029293	SYSADM
created	1991-09-13 01:59:00	5000829139		S	1030983	sysadm
modified	1996-08-12 12:22:00	5001229969		S	1030983	kharon
updated	2001-10-31 00:08:21	5001315082	Walpole Saint Peter (347080);	T	1030983	SYSADM
updated	2001-10-31 00:43:17	5002410488	Walpole Saint Peter (347080);	T	1030983	SYSADM
updated	2002-07-11 18:00:10	5003528151	Walpole Saint Peter (347080);	T	1030983	SYSADM
published	2004-08-26 12:02:43	5005425848	Published in REL and XML	S	1030983	SYSADM
added	2003-11-12 11:25:53	5004603742	NEW SUBJECT (1001178570);	T	7030185	JWARD
created	2003-11-12 11:25:53	5004603743		S	7030185	JWARD
updated	2003-11-12 11:27:21	5004603744		S	7030185	JWARD
updated	2003-11-12 11:27:21	5004603745	Walpole Saint Peter (1001178570);	T	7030185	JWARD
published	2004-08-26 12:02:43	5005504946	Published in REL and XML	S	7030185	SYSADM
created	1991-09-13 07:21:00	5000015881		S	7001447	sysadm
modified	1998-10-29 12:22:00	5000925391		S	7001447	yelena
updated	2001-10-31 00:31:00	5002322464	Dahsh$01ur (96385);	T	7001447	SYSADM
updated	2001-10-31 00:31:00	5002322465	Dahshur (166974);	T	7001447	SYSADM
updated	2001-10-31 00:31:00	5002322466	Dashur (328418);	T	7001447	SYSADM
updated	2001-10-31 00:31:00	5002322467	Dahschur (1157045);	T	7001447	SYSADM
updated	2001-10-31 01:04:49	5003417782	Dahsh$01ur (96385);	T	7001447	SYSADM
updated	2001-10-31 01:04:49	5003417783	Dahshur (166974);	T	7001447	SYSADM
updated	2001-10-31 01:04:49	5003417784	Dashur (328418);	T	7001447	SYSADM
updated	2001-10-31 01:04:49	5003417785	Dahschur (1157045);	T	7001447	SYSADM
updated	2002-07-11 18:17:57	5004532985	Dahsh$01ur (96385);	T	7001447	SYSADM
updated	2002-07-11 18:17:57	5004532986	Dahshur (166974);	T	7001447	SYSADM
updated	2002-07-11 18:17:57	5004532987	Dashur (328418);	T	7001447	SYSADM
updated	2002-07-11 18:17:57	5004532988	Dahschur (1157045);	T	7001447	SYSADM
published	2004-08-26 12:02:43	5004628619	Published in REL and XML	S	7001447	SYSADM
updated	2005-04-12 09:46:27	5005514744		S	7001447	JWARD
created	1991-09-13 07:59:00	5000023876		S	1100518	sysadm
modified	1997-09-26 10:55:00	5000933386		S	1100518	shelley
updated	2001-10-31 00:10:06	5001393644	Ahr$01am$01at Dahsh$01ur (101501);	T	1100518	SYSADM
updated	2001-10-31 00:10:06	5001393645	North and Bent Pyramids (101502);	T	1100518	SYSADM
updated	2001-10-31 00:10:06	5001393646	Dahsh$01ur (1155424);	T	1100518	SYSADM
updated	2001-10-31 00:44:53	5002489050	Ahr$01am$01at Dahsh$01ur (101501);	T	1100518	SYSADM
updated	2001-10-31 00:44:53	5002489051	North and Bent Pyramids (101502);	T	1100518	SYSADM
updated	2001-10-31 00:44:53	5002489052	Dahsh$01ur (1155424);	T	1100518	SYSADM
updated	2002-07-11 18:01:32	5003606708	Ahr$01am$01at Dahsh$01ur (101501);	T	1100518	SYSADM
updated	2002-07-11 18:01:32	5003606709	North and Bent Pyramids (101502);	T	1100518	SYSADM
updated	2002-07-11 18:01:32	5003606710	Dahsh$01ur (1155424);	T	1100518	SYSADM
published	2004-08-26 12:02:43	5004636612	Published in REL and XML	S	1100518	SYSADM
created	1991-09-13 11:53:00	5000000213		S	1132107	sysadm
modified	1997-03-05 17:22:00	5000909757		S	1132107	shelley
updated	2001-10-31 00:10:55	5001431841	Yukon (133866);	T	1132107	SYSADM
updated	2001-10-31 00:10:55	5001431842	Yukon, Fleuve (360611);	T	1132107	SYSADM
updated	2001-10-31 00:10:55	5001431843	Yukon River (360612);	T	1132107	SYSADM
updated	2001-10-31 00:45:39	5002527247	Yukon (133866);	T	1132107	SYSADM
updated	2001-10-31 00:45:39	5002527248	Yukon, Fleuve (360611);	T	1132107	SYSADM
updated	2001-10-31 00:45:39	5002527249	Yukon River (360612);	T	1132107	SYSADM
updated	2002-07-11 18:02:13	5003644902	Yukon (133866);	T	1132107	SYSADM
updated	2002-07-11 18:02:13	5003644903	Yukon, Fleuve (360611);	T	1132107	SYSADM
updated	2002-07-11 18:02:13	5003644904	Yukon River (360612);	T	1132107	SYSADM
published	2004-08-26 12:02:43	5004613258	Published in REL and XML	S	1132107	SYSADM
created	1997-06-16 04:18:00	5000787266		S	2786519	sysadm
updated	2001-10-31 00:30:40	5002307942	Yukon River (1153032);	T	2786519	SYSADM
updated	2001-10-31 01:04:29	5003403348	Yukon River (1153032);	T	2786519	SYSADM
updated	2002-07-11 18:17:42	5004518705	Yukon River (1153032);	T	2786519	SYSADM
published	2004-08-26 12:02:43	5005384243	Published in REL and XML	S	2786519	SYSADM
created	1991-09-13 04:41:00	5000908748		S	1063547	sysadm
modified	1996-09-24 16:56:00	5001277204		S	1063547	keshni
updated	2001-10-31 00:09:10	5001351219	S$04odra Sandby (64120);	T	1063547	SYSADM
updated	2001-10-31 00:44:01	5002446625	S$04odra Sandby (64120);	T	1063547	SYSADM
updated	2002-07-11 18:00:48	5003564285	S$04odra Sandby (64120);	T	1063547	SYSADM
published	2004-08-26 12:02:43	5005502115	Published in REL and XML	S	1063547	SYSADM
created	1991-09-13 04:41:00	5000908747		S	1063545	sysadm
modified	1996-09-24 16:55:00	5001277203		S	1063545	keshni
updated	2001-10-31 00:09:10	5001351218	S$04dra $10Aby (64118);	T	1063545	SYSADM
updated	2001-10-31 00:44:01	5002446624	S$04dra $10Aby (64118);	T	1063545	SYSADM
updated	2002-07-11 18:00:48	5003564284	S$04dra $10Aby (64118);	T	1063545	SYSADM
published	2004-08-26 12:02:43	5005502100	Published in REL and XML	S	1063545	SYSADM
added	2005-11-09 13:55:24	5005525025	NEW SUBJECT (1001183581);	T	7031400	RJOHNSON
created	2005-11-09 13:55:24	5005525026		S	7031400	RJOHNSON
updated	2005-11-09 14:04:30	5005525027		S	7031400	RJOHNSON
updated	2005-11-09 14:04:30	5005525028	Plitvicka Jezera Nacionalni Park (1001183581);	T	7031400	RJOHNSON
added	2005-11-09 14:04:30	5005525029	Plitvice Lakes National Park (1001183582);	T	7031400	RJOHNSON
created	1991-09-13 08:19:00	5000886195		S	1101793	sysadm
modified	1997-01-07 15:35:00	5001265184		S	1101793	victoria
updated	2001-10-31 00:10:07	5001394831	Plitvi$07cka Jezera Nacionalni Park (102798);	T	1101793	SYSADM
updated	2001-10-31 00:44:54	5002490237	Plitvi$07cka Jezera Nacionalni Park (102798);	T	1101793	SYSADM
updated	2002-07-11 18:01:33	5003607895	Plitvi$07cka Jezera Nacionalni Park (102798);	T	1101793	SYSADM
published	2004-08-26 12:02:43	5005480147	Published in REL and XML	S	1101793	SYSADM
created	1991-09-13 09:35:04	5000242436		S	1110275	sysadm
updated	2001-10-31 00:31:58	5002365064	Neustria (1158549);	T	7024351	SYSADM
updated	2001-10-31 00:31:58	5002365065	Francia (1158550);	T	7024351	SYSADM
updated	2001-10-31 01:05:48	5003459888	Neustria (1158549);	T	7024351	SYSADM
updated	2001-10-31 01:05:48	5003459889	Francia (1158550);	T	7024351	SYSADM
updated	2002-04-23 20:34:33	5003483587	Neustria (1158549);	T	7024351	SYSADM
updated	2002-04-23 20:34:33	5003483588	Francia (1158550);	T	7024351	SYSADM
created	1991-11-09 21:17:00	5000831300		S	7012205	sysadm
modified	1993-05-17 15:04:00	5001232116		S	7012205	andrea
updated	2001-10-31 00:31:29	5002343132	Neustrie (151230);	T	7012205	SYSADM
updated	2001-10-31 00:31:29	5002343133	Neustria (319461);	T	7012205	SYSADM
updated	2001-10-31 01:05:18	5003438033	Neustrie (151230);	T	7012205	SYSADM
updated	2001-10-31 01:05:18	5003438034	Neustria (319461);	T	7012205	SYSADM
created	2001-06-18 10:21:00	5000749329		S	7026969	sysadm
modified	2001-06-18 11:47:00	5001170490		S	7026969	jennifersarah
updated	2001-10-31 00:32:06	5002371176	Caernarvonshire (159545);	T	7026969	SYSADM
updated	2001-10-31 00:32:06	5002371177	Carnarvon (319462);	T	7026969	SYSADM
updated	2001-10-31 00:32:06	5002371178	Carnarvonshire (319463);	T	7026969	SYSADM
updated	2001-10-31 00:32:06	5002371179	Caernarvon (319464);	T	7026969	SYSADM
updated	2001-10-31 00:32:06	5002371180	Caernarfonshire and Merionethshire (1154032);	T	7026969	SYSADM
updated	2001-10-31 00:32:06	5002371181	Arvonia (1160972);	T	7026969	SYSADM
updated	2001-10-31 00:32:06	5002371182	Gwynedd (1168338);	T	7026969	SYSADM
updated	2001-10-31 01:05:57	5003465996	Caernarvonshire (159545);	T	7026969	SYSADM
updated	2001-10-31 01:05:57	5003465997	Carnarvon (319462);	T	7026969	SYSADM
updated	2001-10-31 01:05:57	5003465998	Carnarvonshire (319463);	T	7026969	SYSADM
updated	2001-10-31 01:05:57	5003465999	Caernarvon (319464);	T	7026969	SYSADM
updated	2001-10-31 01:05:57	5003466000	Caernarfonshire and Merionethshire (1154032);	T	7026969	SYSADM
updated	2001-10-31 01:05:57	5003466001	Arvonia (1160972);	T	7026969	SYSADM
updated	2001-10-31 01:05:57	5003466002	Gwynedd (1168338);	T	7026969	SYSADM
updated	2002-07-11 18:18:45	5004579832	Caernarvonshire (159545);	T	7026969	SYSADM
updated	2002-07-11 18:18:45	5004579833	Carnarvon (319462);	T	7026969	SYSADM
updated	2002-07-11 18:18:45	5004579834	Carnarvonshire (319463);	T	7026969	SYSADM
updated	2002-07-11 18:18:45	5004579835	Caernarvon (319464);	T	7026969	SYSADM
updated	2002-07-11 18:18:45	5004579836	Caernarfonshire and Merionethshire (1154032);	T	7026969	SYSADM
updated	2002-07-11 18:18:45	5004579837	Arvonia (1160972);	T	7026969	SYSADM
updated	2002-07-11 18:18:45	5004579838	Gwynedd (1168338);	T	7026969	SYSADM
updated	2002-11-21 12:52:46	5004584180		S	7026969	JGOODELL
updated	2002-12-17 13:05:17	5004584803		S	7026969	JGOODELL
updated	2002-12-17 13:05:17	5004584804	Caernarvon (319464);	T	7026969	JGOODELL
updated	2002-12-17 13:05:17	5004584805	Carnarvon (319462);	T	7026969	JGOODELL
added	2002-12-17 13:05:17	5004584806	Gwyn (1001175718);	T	7026969	JGOODELL
added	2002-12-17 13:05:17	5004584807	Gwynd (1001175719);	T	7026969	JGOODELL
added	2002-12-17 13:05:17	5004584808	GWN (1001175717);	T	7026969	JGOODELL
updated	2002-12-17 13:05:17	5004584809	Arvonia (1160972);	T	7026969	JGOODELL
updated	2002-12-17 13:05:17	5004584810	Caernarfonshire and Merionethshire (1154032);	T	7026969	JGOODELL
updated	2002-12-17 13:05:17	5004584811	Caernarvonshire (159545);	T	7026969	JGOODELL
updated	2002-12-17 13:05:17	5004584812	Carnarvonshire (319463);	T	7026969	JGOODELL
updated	2002-12-17 14:20:55	5004584813		S	7026969	JGOODELL
updated	2002-12-17 14:27:46	5004584816		S	7026969	JGOODELL
created	1991-09-12 23:38:00	5000733394		S	7008048	sysadm
modified	1997-06-19 10:50:00	5001154616		S	7008048	shelley
updated	2001-10-31 00:31:19	5002335710	Gwynedd (2599);	T	7008048	SYSADM
updated	2001-10-31 00:31:19	5002335711	Gwyneth (315531);	T	7008048	SYSADM
updated	2001-10-31 01:05:06	5003430634	Gwynedd (2599);	T	7008048	SYSADM
updated	2001-10-31 01:05:06	5003430635	Gwyneth (315531);	T	7008048	SYSADM
updated	2002-07-11 18:18:10	5004545704	Gwynedd (2599);	T	7008048	SYSADM
updated	2002-07-11 18:18:10	5004545705	Gwyneth (315531);	T	7008048	SYSADM
updated	2002-06-26 15:40:43	5003491951	Winestead (1001175432);	T	7029428	JGOODELL
updated	2002-06-26 15:40:43	5003491952	Wifestad (1001175433);	T	7029428	JGOODELL
added	2002-06-26 15:40:43	5003491953	Wifestede (1001175434);	T	7029428	JGOODELL
added	2002-06-26 15:40:43	5003491954	Wistede (1001175435);	T	7029428	JGOODELL
created	2002-06-26 15:38:20	5003491949		S	7029428	JGOODELL
updated	2002-06-26 15:40:43	5003491950		S	7029428	JGOODELL
added	2002-06-26 15:40:43	5003491955	Wiuestad (1001175436);	T	7029428	JGOODELL
updated	2002-07-11 18:18:49	5004583203	Winestead (1001175432);	T	7029428	SYSADM
created	1991-11-10 01:43:00	5000827746		S	4012302	sysadm
modified	1996-06-12 12:17:00	5001228645		S	4012302	kharon
updated	2001-10-31 00:30:49	5002314316	Winestead (155781);	T	4012302	SYSADM
updated	2001-10-31 01:04:38	5003409718	Winestead (155781);	T	4012302	SYSADM
updated	2002-07-11 18:17:49	5004525060	Winestead (155781);	T	4012302	SYSADM
moved	2002-12-18 10:41:44	5004585011	Old Parent: Humberside (7008146)	S	4012302	JGOODELL
deleted	2002-06-26 11:43:16	5003491489	Sutton upon Derwent (1001175321);	T	7029399	JGOODELL
updated	2002-06-26 11:43:16	5003491490	Swine (1001175320);	T	7029399	JGOODELL
updated	2002-06-26 11:43:16	5003491491	Suine (1001175322);	T	7029399	JGOODELL
updated	2002-06-26 11:43:16	5003491492	Suuine (1001175323);	T	7029399	JGOODELL
updated	2002-06-26 11:43:32	5003491493		S	7029399	JGOODELL
updated	2001-10-31 01:05:31	5003448513	Calcutta (327052);	T	7018176	SYSADM
created	1995-01-11 14:37:00	5000888452		S	7018366	sysadm
modified	1997-06-10 17:22:00	5001267428		S	7018366	laila
updated	2001-10-31 00:31:42	5002353961	K$01alinagar (327495);	T	7018366	SYSADM
updated	2001-10-31 01:05:31	5003448800	K$01alinagar (327495);	T	7018366	SYSADM
updated	2002-05-21 15:02:48	5003490839		S	7018366	PHARPRING
created	2002-05-21 15:03:21	5003490842		S	7029374	PHARPRING
updated	2002-05-21 15:03:52	5003490843		S	7029374	PHARPRING
created	1999-06-14 16:36:00	5000908316		S	7024352	sysadm
modified	1999-06-14 16:57:00	5001276773		S	7024352	patricia
updated	2001-10-31 00:31:58	5002365066	Austrasia (1158551);	T	7024352	SYSADM
updated	2001-10-31 01:05:48	5003459890	Austrasia (1158551);	T	7024352	SYSADM
updated	2002-04-23 20:34:33	5003483589	Austrasia (1158551);	T	7024352	SYSADM
created	1992-01-03 18:57:00	5000728840		S	6000509	sysadm
modified	2000-10-30 14:28:00	5001150099		S	6000509	patricia
updated	2001-10-31 00:30:52	5002316820	Austrasia (165828);	T	6000509	SYSADM
updated	2001-10-31 01:04:41	5003412222	Austrasia (165828);	T	6000509	SYSADM
created	1991-09-12 23:26:00	5000001015		S	1000130	sysadm
modified	2000-03-30 16:54:00	5000910558		S	1000130	patricia
updated	2001-10-31 00:07:34	5001278779	Mongolia (192);	T	1000130	SYSADM
updated	2001-10-31 00:07:34	5001278780	Mongol Ard Uls (193);	T	1000130	SYSADM
updated	2001-10-31 00:07:34	5001278781	Mongolei (138895);	T	1000130	SYSADM
updated	2001-10-31 00:07:34	5001278782	Mongoli$04e (138896);	T	1000130	SYSADM
updated	2001-10-31 00:07:34	5001278783	Mongolie (138897);	T	1000130	SYSADM
updated	2001-10-31 00:07:34	5001278784	Mongolian People's Republic (174651);	T	1000130	SYSADM
updated	2001-10-31 00:07:34	5001278785	MNG (174652);	T	1000130	SYSADM
updated	2001-10-31 00:07:34	5001278786	R$00epublique populaire mongole (174653);	T	1000130	SYSADM
updated	2001-10-31 00:07:34	5001278787	Outer Mongolia (174654);	T	1000130	SYSADM
updated	2001-10-31 00:07:34	5001278788	B$04ugd Nayramdakh Mongol Ard Uls (182253);	T	1000130	SYSADM
updated	2001-10-31 00:07:34	5001278789	B$04ugd Naramdah Mongol Ard Uls (184140);	T	1000130	SYSADM
updated	2001-10-31 00:07:34	5001278790	Mongol Uls (322451);	T	1000130	SYSADM
updated	2001-10-31 00:07:34	5001278791	Mong$00olia (334275);	T	1000130	SYSADM
updated	2001-10-31 00:07:34	5001278792	MN (1156740);	T	1000130	SYSADM
updated	2001-10-31 00:07:34	5001278793	ISO496 (1156741);	T	1000130	SYSADM
updated	2001-10-31 00:07:34	5001278794	MG00 (1158238);	T	1000130	SYSADM
updated	2001-10-31 00:07:34	5001278795	Mongolian (1159430);	T	1000130	SYSADM
updated	2001-10-31 00:42:33	5002374459	Mongolia (192);	T	1000130	SYSADM
updated	2001-10-31 00:42:33	5002374460	Mongol Ard Uls (193);	T	1000130	SYSADM
updated	2001-10-31 00:42:33	5002374461	Mongolei (138895);	T	1000130	SYSADM
updated	2001-10-31 00:42:33	5002374462	Mongoli$04e (138896);	T	1000130	SYSADM
updated	2001-10-31 00:42:33	5002374463	Mongolie (138897);	T	1000130	SYSADM
updated	2001-10-31 00:42:33	5002374464	Mongolian People's Republic (174651);	T	1000130	SYSADM
updated	2001-10-31 00:42:33	5002374465	R$00epublique populaire mongole (174653);	T	1000130	SYSADM
updated	2001-10-31 00:42:33	5002374466	Outer Mongolia (174654);	T	1000130	SYSADM
updated	2001-10-31 00:42:33	5002374467	B$04ugd Nayramdakh Mongol Ard Uls (182253);	T	1000130	SYSADM
updated	2001-10-31 00:42:33	5002374468	B$04ugd Naramdah Mongol Ard Uls (184140);	T	1000130	SYSADM
updated	2001-10-31 00:42:33	5002374469	Mongol Uls (322451);	T	1000130	SYSADM
updated	2001-10-31 00:42:33	5002374470	Mong$00olia (334275);	T	1000130	SYSADM
updated	2001-10-31 00:42:33	5002374471	Mongolian (1159430);	T	1000130	SYSADM
created	1992-01-03 19:15:00	5000729239		S	6004471	sysadm
modified	1997-09-29 15:19:00	5001150498		S	6004471	patricia
updated	2001-10-31 00:30:55	5002318510	Outer Mongolia (169790);	T	6004471	SYSADM
updated	2001-10-31 00:30:55	5002318511	Mongolia (173772);	T	6004471	SYSADM
updated	2001-10-31 01:04:43	5003413912	Outer Mongolia (169790);	T	6004471	SYSADM
updated	2001-10-31 01:04:43	5003413913	Mongolia (173772);	T	6004471	SYSADM
updated	2002-05-23 14:58:13	5003490877		S	6004471	PHARPRING
deleted	2002-05-23 14:58:13	5003490878	Mongolia (173772);	T	6004471	PHARPRING
created	1991-09-13 02:54:00	5000751517		S	7011071	sysadm
modified	1998-10-28 10:56:00	5001172229		S	7011071	yelena
updated	2001-10-31 00:31:25	5002340714	Th$00ivai (42637);	T	7011071	SYSADM
updated	2001-10-31 00:31:25	5002340715	Thebes (42638);	T	7011071	SYSADM
updated	2001-10-31 00:31:25	5002340716	Th$00vai (161298);	T	7011071	SYSADM
updated	2001-10-31 00:31:25	5002340717	Thivai (174288);	T	7011071	SYSADM
updated	2001-10-31 00:31:25	5002340718	Thiva (1156816);	T	7011071	SYSADM
updated	2001-10-31 00:31:25	5002340719	Thebae (1156817);	T	7011071	SYSADM
updated	2001-10-31 00:31:25	5002340720	Thive (1156818);	T	7011071	SYSADM
updated	2001-10-31 00:31:25	5002340721	Theben (1156819);	T	7011071	SYSADM
updated	2001-10-31 00:31:25	5002340722	Thebae Boeotiae (1156820);	T	7011071	SYSADM
updated	2001-10-31 01:05:15	5003435630	Th$00ivai (42637);	T	7011071	SYSADM
updated	2001-10-31 01:05:15	5003435631	Thebes (42638);	T	7011071	SYSADM
updated	2001-10-31 01:05:15	5003435632	Th$00vai (161298);	T	7011071	SYSADM
updated	2001-10-31 01:05:15	5003435633	Thivai (174288);	T	7011071	SYSADM
updated	2001-10-31 01:05:15	5003435634	Thiva (1156816);	T	7011071	SYSADM
updated	2001-10-31 01:05:15	5003435635	Thebae (1156817);	T	7011071	SYSADM
updated	2001-10-31 01:05:15	5003435636	Thive (1156818);	T	7011071	SYSADM
updated	2001-10-31 01:05:15	5003435637	Theben (1156819);	T	7011071	SYSADM
updated	2001-10-31 01:05:15	5003435638	Thebae Boeotiae (1156820);	T	7011071	SYSADM
updated	2002-05-29 14:09:09	5003491091		S	7011071	PHARPRING
updated	2002-05-29 14:09:21	5003491092		S	7011071	PHARPRING
updated	2002-05-29 14:09:21	5003491093	Th$00evai (161298);	T	7011071	PHARPRING
created	2002-05-29 14:09:38	5003491130		S	7029382	PHARPRING
updated	2002-05-16 13:05:05	5003490592	South Pacific Ocean (1001175193);	T	7029368	PHARPRING
created	2002-05-16 13:04:35	5003490590		S	7029368	PHARPRING
updated	2002-05-16 13:05:04	5003490591		S	7029368	PHARPRING
created	1991-11-09 21:34:03	5000728092		S	4008119	sysadm
updated	2001-10-31 00:30:47	5002312514	Oceania (151572);	T	4008119	SYSADM
updated	2001-10-31 00:30:47	5002312515	Oc$00eanie (156550);	T	4008119	SYSADM
updated	2001-10-31 00:30:47	5002312516	South Pacific region (157748);	T	4008119	SYSADM
updated	2001-10-31 00:30:47	5002312517	South Sea Islands (157749);	T	4008119	SYSADM
updated	2001-10-31 01:04:35	5003407916	Oceania (151572);	T	4008119	SYSADM
updated	2001-10-31 01:04:35	5003407917	Oc$00eanie (156550);	T	4008119	SYSADM
updated	2001-10-31 01:04:35	5003407918	South Pacific region (157748);	T	4008119	SYSADM
updated	2001-10-31 01:04:35	5003407919	South Sea Islands (157749);	T	4008119	SYSADM
updated	2002-05-16 13:07:29	5003490595		S	4008119	PHARPRING
added	2002-05-16 13:07:30	5003490596	South Seas (1001175194);	T	4008119	PHARPRING
updated	2002-05-16 13:08:54	5003490597		S	4008119	PHARPRING
deleted	2002-05-16 13:08:54	5003490598	Oceania (151572);	T	4008119	PHARPRING
deleted	2002-05-16 13:08:54	5003490599	Oc$00eanie (156550);	T	4008119	PHARPRING
updated	2002-05-16 13:08:54	5003490600	South Pacific region (157748);	T	4008119	PHARPRING
updated	2002-05-16 13:10:15	5003490601		S	4008119	PHARPRING
updated	2002-05-16 13:10:15	5003490602	South Seas (1001175194);	T	4008119	PHARPRING
updated	2002-06-26 16:44:51	5003492072	Ost-Berlin (1001175467);	T	7029436	PHARPRING
updated	2002-06-26 16:44:51	5003492073	East Berlin (1001175468);	T	7029436	PHARPRING
updated	2002-06-26 16:44:59	5003492074		S	7029436	PHARPRING
updated	2002-06-26 16:44:59	5003492075	Berlin, East (1001175469);	T	7029436	PHARPRING
created	2002-06-26 16:43:05	5003492070		S	7029436	PHARPRING
updated	2002-06-26 16:44:51	5003492071		S	7029436	PHARPRING
created	1991-09-13 02:26:00	5000730320		S	7003713	sysadm
modified	1997-06-20 16:05:00	5001151578		S	7003713	laila
updated	2001-10-31 00:31:07	5002327565	Berlin, Ost (36836);	T	7003713	SYSADM
updated	2001-10-31 01:04:55	5003422826	Berlin, Ost (36836);	T	7003713	SYSADM
updated	2002-04-23 20:34:17	5003480269	Berlin, Ost (36836);	T	7003713	SYSADM
created	2001-08-02 15:47:00	5000828344		S	7027454	sysadm
modified	2001-08-02 15:48:00	5001229236		S	7027454	jennifersarah
updated	2001-10-31 00:32:07	5002372230	Ellel (1169741);	T	7027454	SYSADM
updated	2001-10-31 00:32:07	5002372231	Ellhale (1169742);	T	7027454	SYSADM
updated	2001-10-31 01:05:58	5003467050	Ellel (1169741);	T	7027454	SYSADM
updated	2001-10-31 01:05:58	5003467051	Ellhale (1169742);	T	7027454	SYSADM
updated	2002-04-23 20:34:49	5003488434	Ellhale (1169742);	T	7027454	SYSADM
created	1991-11-09 18:29:47	5000728077		S	4003596	sysadm
created	2002-06-26 11:37:22	5003491487		S	7029399	JGOODELL
updated	2002-06-26 11:43:16	5003491488		S	7029399	JGOODELL
updated	2002-06-26 14:29:43	5003491835		S	7029399	JGOODELL
updated	2002-06-26 14:29:43	5003491836	Suine (1001175322);	T	7029399	JGOODELL
updated	2002-06-26 14:29:43	5003491837	Suuine (1001175323);	T	7029399	JGOODELL
created	1991-11-10 00:13:00	5000827744		S	4010940	sysadm
modified	1996-05-30 09:33:00	5001228643		S	4010940	kharon
updated	2001-10-31 00:30:49	5002313734	Swine (154412);	T	4010940	SYSADM
updated	2001-10-31 01:04:37	5003409136	Swine (154412);	T	4010940	SYSADM
updated	2002-07-11 18:17:48	5004524479	Swine (154412);	T	4010940	SYSADM
moved	2002-12-18 10:41:43	5004585010	Old Parent: Humberside (7008146)	S	4010940	JGOODELL
deleted	2002-05-13 12:18:35	5003490308	Settone (1001175136);	T	7029346	JGOODELL
updated	2002-05-13 12:18:35	5003490309	Sewerby (1001175133);	T	7029346	JGOODELL
updated	2002-05-13 12:18:35	5003490310	Siuuarbi (1001175134);	T	7029346	JGOODELL
updated	2002-05-13 12:18:35	5003490311	Siuuardbi (1001175135);	T	7029346	JGOODELL
created	2002-05-13 12:16:45	5003490306		S	7029346	JGOODELL
updated	2002-05-13 12:18:35	5003490307		S	7029346	JGOODELL
updated	2002-07-11 18:18:49	5004583130	Sewerby (1001175133);	T	7029346	SYSADM
created	1991-11-09 23:38:00	5000827743		S	4010368	sysadm
modified	1993-05-20 16:00:00	5001228642		S	4010368	robin
updated	2001-10-31 00:30:48	5002313461	Sewerby (153834);	T	4010368	SYSADM
updated	2001-10-31 01:04:37	5003408863	Sewerby (153834);	T	4010368	SYSADM
updated	2002-07-11 18:17:48	5004524206	Sewerby (153834);	T	4010368	SYSADM
moved	2002-12-18 10:41:43	5004585009	Old Parent: Humberside (7008146)	S	4010368	JGOODELL
updated	2002-05-13 11:39:35	5003490220		S	7029339	JGOODELL
updated	2002-05-13 11:39:35	5003490222	Sancton (1001175108);	T	7029339	JGOODELL
updated	2002-05-13 11:39:35	5003490223	Santune (1001175109);	T	7029339	JGOODELL
added	2002-05-13 11:39:35	5003490224	Santun (1001175110);	T	7029339	JGOODELL
created	2002-05-13 11:38:17	5003490219		S	7029339	JGOODELL
created	2002-05-13 11:39:35	5003490221		N	7029339	JGOODELL
updated	2002-07-11 18:18:49	5004583127	Sancton (1001175108);	T	7029339	SYSADM
created	1991-11-09 23:16:00	5000827741		S	4009987	sysadm
modified	1993-05-20 15:34:00	5001228640		S	4009987	robin
updated	2001-10-31 00:30:48	5002313317	Sancton (153451);	T	4009987	SYSADM
updated	2001-10-31 01:04:37	5003408719	Sancton (153451);	T	4009987	SYSADM
updated	2002-07-11 18:17:48	5004524062	Sancton (153451);	T	4009987	SYSADM
moved	2002-12-18 10:41:43	5004585008	Old Parent: Humberside (7008146)	S	4009987	JGOODELL
deleted	2002-04-30 11:20:21	5003489779	Frotingham (1001175018);	T	7029311	JGOODELL
updated	2002-04-30 11:20:21	5003489780	Nunburnholme (1001175016);	T	7029311	JGOODELL
updated	2002-04-30 11:20:21	5003489781	Brunham (1001175017);	T	7029311	JGOODELL
created	2002-04-30 11:16:52	5003489777		S	7029311	JGOODELL
updated	2002-04-30 11:20:21	5003489778		S	7029311	JGOODELL
created	1991-11-09 21:30:00	5000827740		S	4008052	sysadm
modified	1993-05-19 17:29:00	5001228639		S	4008052	robin
updated	2001-10-31 01:05:07	5003430806	West Yorkshire (3180);	T	7008170	SYSADM
updated	2002-07-11 18:18:10	5004545876	West Yorkshire (3180);	T	7008170	SYSADM
updated	2002-12-18 16:30:22	5004585343		S	7008170	JGOODELL
created	1991-09-12 23:44:00	5000749422		S	7008095	sysadm
modified	1997-07-02 10:47:00	5001170583		S	7008095	shelley
updated	2001-10-31 00:31:19	5002335784	Shetland (3695);	T	7008095	SYSADM
updated	2001-10-31 00:31:19	5002335785	Shetland Islands (10555);	T	7008095	SYSADM
updated	2001-10-31 00:31:19	5002335786	Hjaltland (174084);	T	7008095	SYSADM
updated	2001-10-31 00:31:19	5002335787	Zetland (315534);	T	7008095	SYSADM
updated	2001-10-31 01:05:06	5003430708	Shetland (3695);	T	7008095	SYSADM
updated	2001-10-31 01:05:06	5003430709	Shetland Islands (10555);	T	7008095	SYSADM
updated	2001-10-31 01:05:06	5003430710	Hjaltland (174084);	T	7008095	SYSADM
updated	2001-10-31 01:05:06	5003430711	Zetland (315534);	T	7008095	SYSADM
updated	2002-07-11 18:18:10	5004545778	Shetland (3695);	T	7008095	SYSADM
updated	2002-07-11 18:18:10	5004545779	Shetland Islands (10555);	T	7008095	SYSADM
updated	2002-07-11 18:18:10	5004545780	Hjaltland (174084);	T	7008095	SYSADM
updated	2002-07-11 18:18:10	5004545781	Zetland (315534);	T	7008095	SYSADM
updated	2002-12-18 12:56:24	5004585216		S	7008095	JGOODELL
updated	2002-12-18 12:56:24	5004585217	Zetland (315534);	T	7008095	JGOODELL
updated	2002-12-18 12:56:24	5004585218	Shetland Islands (10555);	T	7008095	JGOODELL
added	2002-12-18 12:56:24	5004585219	Shetlands (1001175795);	T	7008095	JGOODELL
added	2002-12-18 12:56:24	5004585220	Shet (1001175792);	T	7008095	JGOODELL
added	2002-12-18 12:56:24	5004585221	Shetld (1001175793);	T	7008095	JGOODELL
added	2002-12-18 12:56:24	5004585222	SHI (1001175794);	T	7008095	JGOODELL
updated	2002-12-18 12:56:24	5004585223	Hjaltland (174084);	T	7008095	JGOODELL
updated	2002-12-18 13:04:22	5004585228		S	7008095	JGOODELL
updated	2002-12-18 13:04:22	5004585229	Shetland Islands (10555);	T	7008095	JGOODELL
updated	2002-12-18 13:04:22	5004585230	Shetlands (1001175795);	T	7008095	JGOODELL
updated	2002-12-18 13:04:22	5004585231	Shet (1001175792);	T	7008095	JGOODELL
updated	2002-12-18 13:04:22	5004585232	Shetld (1001175793);	T	7008095	JGOODELL
updated	2002-12-18 13:04:22	5004585233	SHI (1001175794);	T	7008095	JGOODELL
updated	2002-12-18 13:04:22	5004585234	Zetland (315534);	T	7008095	JGOODELL
updated	2002-12-18 13:04:22	5004585235	Hjaltland (174084);	T	7008095	JGOODELL
created	1991-11-30 19:17:00	5000824935		S	5000464	sysadm
modified	1993-03-02 16:46:00	5001225905		S	5000464	robin
updated	2001-10-31 00:30:50	5002314755	Zetland (159450);	T	5000464	SYSADM
updated	2001-10-31 00:30:50	5002314756	Shetland (315897);	T	5000464	SYSADM
updated	2001-10-31 01:04:39	5003410157	Zetland (159450);	T	5000464	SYSADM
updated	2001-10-31 01:04:39	5003410158	Shetland (315897);	T	5000464	SYSADM
updated	2002-07-11 18:17:49	5004525498	Zetland (159450);	T	5000464	SYSADM
updated	2002-07-11 18:17:49	5004525499	Shetland (315897);	T	5000464	SYSADM
updated	2002-12-18 13:01:34	5004585224		S	5000464	JGOODELL
updated	2002-12-18 13:01:34	5004585225	Shetland (315897);	T	5000464	JGOODELL
added	2002-12-18 13:01:34	5004585226	Shetland Islands (1001175796);	T	5000464	JGOODELL
updated	2002-12-18 13:01:34	5004585227	Zetland (159450);	T	5000464	JGOODELL
moved	2002-12-19 11:16:00	5004585466	Old Parent: Shetland (7008095)	S	5000464	JGOODELL
created	1992-08-08 15:12:00	5000709529		S	2011252	sysadm
modified	1997-05-11 13:14:00	5001135850		S	2011252	GNIS loader RD
updated	2001-10-31 00:11:31	5001458630	Cardiff By The Sea (195928);	T	2011252	SYSADM
updated	2001-10-31 00:46:11	5002554036	Cardiff By The Sea (195928);	T	2011252	SYSADM
updated	2002-07-11 18:02:38	5003669410	Cardiff By The Sea (195928);	T	2011252	SYSADM
updated	2003-01-08 10:46:30	5004585537		S	2011252	JGOODELL
created	1997-05-17 00:23:00	5000156706		S	2221247	sysadm
updated	2001-10-31 00:16:20	5001674346	Cardiff-by-the-Sea (508064);	T	2221247	SYSADM
updated	2001-10-31 00:16:20	5001674347	Cardiff (508065);	T	2221247	SYSADM
updated	2001-10-31 00:50:50	5002769752	Cardiff-by-the-Sea (508064);	T	2221247	SYSADM
updated	2001-10-31 00:50:50	5002769753	Cardiff (508065);	T	2221247	SYSADM
updated	2002-07-11 18:06:45	5003885111	Cardiff-by-the-Sea (508064);	T	2221247	SYSADM
updated	2002-07-11 18:06:45	5003885112	Cardiff (508065);	T	2221247	SYSADM
created	2001-05-07 14:21:00	5000749621		S	7026512	sysadm
modified	2001-05-07 14:29:00	5001170782		S	7026512	jennifersarah
updated	2001-10-31 00:32:04	5002370217	Blackpool (1167061);	T	7026512	SYSADM
updated	2001-10-31 01:05:54	5003465037	Blackpool (1167061);	T	7026512	SYSADM
updated	2002-07-11 18:18:44	5004578927	Blackpool (1167061);	T	7026512	SYSADM
updated	2002-11-21 12:10:13	5004584164		S	7026512	JGOODELL
created	1991-09-12 23:44:00	5000748550		S	1003565	sysadm
modified	1996-08-07 09:47:00	5001169726		S	1003565	kharon
updated	2001-10-31 00:07:42	5001285341	Blackpool (348257);	T	1003565	SYSADM
updated	2001-10-31 00:42:42	5002380748	Blackpool (348257);	T	1003565	SYSADM
updated	2002-07-11 17:59:38	5003498529	Blackpool (348257);	T	1003565	SYSADM
updated	2002-10-09 11:21:16	5004583840		S	1003565	JGOODELL
updated	2002-10-09 11:21:16	5004583841	Blackpool (348257);	T	1003565	JGOODELL
updated	2002-10-09 11:22:00	5004583842		S	1003565	JGOODELL
updated	2002-10-09 11:23:07	5004583843		S	1003565	JGOODELL
added	2002-10-09 11:23:07	5004583844	Blackpool (1003565) 'related to' Manchester (7027476);	A	1003565	JGOODELL
updated	2002-10-09 11:41:06	5004583884		S	1003565	JGOODELL
updated	2002-10-09 11:41:06	5004583885	Blackpool (348257);	T	1003565	JGOODELL
deleted	2002-10-09 11:41:06	5004583886	Blackpool (1003565) 'related to' Manchester (7027476);	A	1003565	JGOODELL
created	1991-09-13 07:15:00	5000016455		S	1094353	sysadm
created	1996-06-06 09:35:00	5000748706		S	7025560	sysadm
modified	2000-10-30 12:15:00	5001169877		S	7025560	patricia
updated	2001-10-31 00:32:02	5002367763	Buonconvento-test1 (346648);	T	7025560	SYSADM
updated	2001-10-31 00:32:02	5002367764	Buon Convento-test1 (1163823);	T	7025560	SYSADM
updated	2001-10-31 01:05:51	5003462583	Buonconvento-test1 (346648);	T	7025560	SYSADM
updated	2001-10-31 01:05:51	5003462584	Buon Convento-test1 (1163823);	T	7025560	SYSADM
updated	2002-07-11 18:18:42	5004576637	Buonconvento-test1 (346648);	T	7025560	SYSADM
updated	2002-07-11 18:18:42	5004576638	Buon Convento-test1 (1163823);	T	7025560	SYSADM
updated	2003-08-04 10:27:25	5004591378		S	7025560	JGOODELL
added	2003-08-04 10:27:25	5004591379	Buon Convento-test1 (7025560) 'related to' junk (6002114);	A	7025560	JGOODELL
updated	2003-08-04 11:51:50	5004591399		S	7025560	JGOODELL
updated	2003-08-04 11:52:11	5004591400		S	7025560	JGOODELL
updated	2003-08-04 12:22:41	5004591421		S	7025560	JGOODELL
updated	2003-08-04 12:23:50	5004591423		S	7025560	JGOODELL
deleted	2003-08-04 12:23:50	5004591424	Buon Convento-test1 (7025560) 'related to' junk (6002114);	A	7025560	JGOODELL
created	1992-01-03 19:04:00	5000748559		S	6002114	sysadm
modified	1997-09-29 12:51:00	5001169735		S	6002114	patricia
updated	2001-10-31 00:30:54	5002317507	junk (167433);	T	6002114	SYSADM
updated	2001-10-31 01:04:42	5003412909	junk (167433);	T	6002114	SYSADM
updated	2002-07-11 18:17:52	5004528245	junk (167433);	T	6002114	SYSADM
added	2003-08-04 10:27:25	5004591380	junk (6002114) 'related to' Buon Convento-test1 (7025560);	A	6002114	JGOODELL
updated	2003-08-04 11:52:31	5004591401		S	6002114	JGOODELL
updated	2003-08-04 12:11:45	5004591413		S	6002114	JGOODELL
updated	2003-08-04 12:12:03	5004591414		S	6002114	JGOODELL
updated	2003-08-04 12:23:10	5004591422		S	6002114	JGOODELL
deleted	2003-08-04 12:23:50	5004591425	junk (6002114) 'related to' Buon Convento-test1 (7025560);	A	6002114	JGOODELL
added	2003-08-06 11:30:54	5004592092	NEW SUBJECT (1001177222);	T	7029863	JWARD
created	2003-08-06 11:30:54	5004592093		S	7029863	JWARD
created	2003-08-06 11:31:32	5004592094		N	7029863	JWARD
updated	2003-08-06 11:31:32	5004592095		S	7029863	JWARD
updated	2003-08-06 11:31:32	5004592096	Test notes 1 (1001177222);	T	7029863	JWARD
added	2003-08-06 11:31:43	5004592097	NEW SUBJECT (1001177223);	T	7029864	JWARD
created	2003-08-06 11:31:43	5004592098		S	7029864	JWARD
created	2003-08-06 11:32:24	5004592099		N	7029864	JWARD
updated	2003-08-06 11:32:24	5004592100		S	7029864	JWARD
updated	2003-08-06 11:32:24	5004592101	Test Notes 2 (1001177223);	T	7029864	JWARD
created	1992-01-03 19:22:00	5000748561		S	6006046	sysadm
modified	2000-10-30 17:12:30	5001169737		S	6006046	patricia
updated	2001-10-31 00:30:56	5002319133	Transjordan (171365);	T	6006046	SYSADM
updated	2001-10-31 01:04:44	5003414535	Transjordan (171365);	T	6006046	SYSADM
parent added	2002-07-08 12:53:21	5003492447	test nation (nation) (7021554);	S	6006046	PHARPRING
updated	2001-10-31 00:30:47	5002312490	Nunburnholme (151505);	T	4008052	SYSADM
updated	2001-10-31 01:04:35	5003407892	Nunburnholme (151505);	T	4008052	SYSADM
updated	2002-07-11 18:17:47	5004523239	Nunburnholme (151505);	T	4008052	SYSADM
moved	2002-12-18 10:41:43	5004585007	Old Parent: Humberside (7008146)	S	4008052	JGOODELL
deleted	2002-04-10 17:52:04	5003479101	Meretune (1001174703);	T	7029068	JGOODELL
updated	2002-04-10 17:52:04	5003479102	Meaux (1001174701);	T	7029068	JGOODELL
updated	2002-04-10 17:52:04	5003479103	Melse (1001174702);	T	7029068	JGOODELL
created	2002-04-10 17:50:34	5003479099		S	7029068	JGOODELL
updated	2002-04-10 17:52:04	5003479100		S	7029068	JGOODELL
created	1991-11-09 20:42:00	5000827739		S	4007048	sysadm
modified	1993-05-19 14:17:00	5001228638		S	4007048	robin
updated	2001-10-31 00:30:47	5002312117	Meaux (150490);	T	4007048	SYSADM
updated	2001-10-31 01:04:34	5003407519	Meaux (150490);	T	4007048	SYSADM
updated	2002-07-11 18:17:47	5004522869	Meaux (150490);	T	4007048	SYSADM
moved	2002-12-18 10:41:43	5004585006	Old Parent: Humberside (7008146)	S	4007048	JGOODELL
updated	2002-04-01 13:03:10	5003477088	Cowlam (1001174144);	T	7028831	JGOODELL
updated	2002-04-01 13:03:10	5003477089	Coletun (1001174145);	T	7028831	JGOODELL
added	2002-04-01 13:03:10	5003477090	Colnun (1001174146);	T	7028831	JGOODELL
updated	2002-04-01 13:03:51	5003477091		S	7028831	JGOODELL
created	2002-04-01 13:01:30	5003477086		S	7028831	JGOODELL
updated	2002-04-01 13:03:10	5003477087		S	7028831	JGOODELL
added	2002-04-01 13:03:51	5003477092	Cowlam Village (1001174147);	T	7028831	JGOODELL
updated	2002-04-01 13:03:51	5003477093	Coletun (1001174145);	T	7028831	JGOODELL
updated	2002-04-01 13:04:01	5003477094		S	7028831	JGOODELL
created	1991-11-09 18:11:00	5000827737		S	4002989	sysadm
modified	1994-05-16 09:41:00	5001228636		S	4002989	patricia
updated	2001-10-31 00:30:45	5002310186	Cowlam (146395);	T	4002989	SYSADM
updated	2001-10-31 01:04:32	5003405588	Cowlam (146395);	T	4002989	SYSADM
updated	2002-07-11 18:17:45	5004520942	Cowlam (146395);	T	4002989	SYSADM
moved	2002-12-18 10:41:43	5004585005	Old Parent: Humberside (7008146)	S	4002989	JGOODELL
created	2001-09-18 17:32:00	5000891964		S	7027854	sysadm
modified	2001-09-18 17:34:00	5001269905		S	7027854	jennifersarah
updated	2001-10-31 00:32:09	5002373200	Elsham (1170889);	T	7027854	SYSADM
updated	2001-10-31 00:32:09	5002373201	Eleham (1170890);	T	7027854	SYSADM
updated	2001-10-31 00:32:09	5002373202	Elesham (1170891);	T	7027854	SYSADM
updated	2001-10-31 01:05:59	5003468020	Elsham (1170889);	T	7027854	SYSADM
updated	2001-10-31 01:05:59	5003468021	Eleham (1170890);	T	7027854	SYSADM
updated	2001-10-31 01:05:59	5003468022	Elesham (1170891);	T	7027854	SYSADM
updated	2002-04-23 20:34:51	5003489131	Eleham (1170890);	T	7027854	SYSADM
updated	2002-04-23 20:34:51	5003489132	Elesham (1170891);	T	7027854	SYSADM
updated	2002-07-11 18:18:47	5004581720	Elsham (1170889);	T	7027854	SYSADM
updated	2002-07-11 18:18:47	5004581721	Eleham (1170890);	T	7027854	SYSADM
updated	2002-07-11 18:18:47	5004581722	Elesham (1170891);	T	7027854	SYSADM
created	1991-11-09 18:30:00	5000827738		S	4003609	sysadm
modified	1996-06-12 11:58:00	5001228637		S	4003609	karen
updated	2001-10-31 00:30:45	5002310490	Elsham (147023);	T	4003609	SYSADM
updated	2001-10-31 01:04:32	5003405892	Elsham (147023);	T	4003609	SYSADM
updated	2002-07-11 18:17:45	5004521245	Elsham (147023);	T	4003609	SYSADM
created	2001-09-25 10:07:00	5000891998		S	7027898	sysadm
modified	2001-09-25 10:08:00	5001269938		S	7027898	jennifersarah
updated	2001-10-31 00:32:09	5002373320	Habrough (1171029);	T	7027898	SYSADM
updated	2001-10-31 00:32:09	5002373321	Aburne (1171030);	T	7027898	SYSADM
updated	2001-10-31 00:32:09	5002373322	Haburne (1171031);	T	7027898	SYSADM
updated	2001-10-31 01:05:59	5003468140	Habrough (1171029);	T	7027898	SYSADM
updated	2001-10-31 01:05:59	5003468141	Aburne (1171030);	T	7027898	SYSADM
updated	2001-10-31 01:05:59	5003468142	Haburne (1171031);	T	7027898	SYSADM
updated	2002-04-23 20:34:51	5003489219	Aburne (1171030);	T	7027898	SYSADM
updated	2002-04-23 20:34:51	5003489220	Haburne (1171031);	T	7027898	SYSADM
updated	2002-07-11 18:18:47	5004581832	Habrough (1171029);	T	7027898	SYSADM
updated	2002-07-11 18:18:47	5004581833	Haburne (1171031);	T	7027898	SYSADM
updated	2002-07-11 18:18:49	5004583047	Aburne (1171030);	T	7027898	SYSADM
created	1991-11-30 19:26:00	5000827747		S	5000843	sysadm
modified	1993-05-10 14:59:00	5001228646		S	5000843	robin
updated	2001-10-31 00:30:50	5002314900	Habrough (159990);	T	5000843	SYSADM
updated	2001-10-31 01:04:39	5003410302	Habrough (159990);	T	5000843	SYSADM
updated	2002-07-11 18:17:50	5004525643	Habrough (159990);	T	5000843	SYSADM
created	2001-05-17 10:10:00	5000749640		S	7026573	sysadm
modified	2001-08-02 16:09:00	5001170801		S	7026573	jennifersarah
updated	2001-10-31 00:32:05	5002370330	Merseyside (1167208);	T	7026573	SYSADM
updated	2001-10-31 01:05:55	5003465150	Merseyside (1167208);	T	7026573	SYSADM
updated	2002-06-19 12:06:04	5003491409		S	7026573	PHARPRING
updated	2002-07-11 18:18:44	5004579040	Merseyside (1167208);	T	7026573	SYSADM
updated	2002-11-21 12:00:29	5004584161		S	7026573	JGOODELL
updated	2002-12-18 11:51:43	5004585158		S	7026573	JGOODELL
added	2002-12-18 11:51:43	5004585159	Mersyd (1001175772);	T	7026573	JGOODELL
added	2002-12-18 11:51:43	5004585160	MSY (1001175771);	T	7026573	JGOODELL
created	1991-09-12 23:40:00	5000733377		S	7008158	sysadm
modified	1997-06-10 10:55:00	5001154599		S	7008158	shelley
updated	2001-10-31 00:31:19	5002335867	Merseyside (2825);	T	7008158	SYSADM
updated	2001-10-31 01:05:07	5003430791	Merseyside (2825);	T	7008158	SYSADM
updated	2002-07-11 18:18:10	5004545861	Merseyside (2825);	T	7008158	SYSADM
updated	2002-12-18 11:53:17	5004585161		S	7008158	JGOODELL
created	2001-05-17 10:51:00	5000749641		S	7026574	sysadm
modified	2001-05-17 10:56:00	5001170802		S	7026574	jennifersarah
updated	2001-10-31 00:32:05	5002370331	South Yorkshire (1167211);	T	7026574	SYSADM
updated	2001-10-31 01:05:55	5003465151	South Yorkshire (1167211);	T	7026574	SYSADM
updated	2002-07-11 18:18:44	5004579041	South Yorkshire (1167211);	T	7026574	SYSADM
updated	2002-11-21 16:24:34	5004584265		S	7026574	JGOODELL
parent added	2002-11-21 16:35:16	5004584272	Yorkshire (region (general)) (7008171);	S	7026574	JGOODELL
updated	2002-12-18 14:37:06	5004585245		S	7026574	JGOODELL
added	2002-12-18 14:37:06	5004585246	S York (1001175803);	T	7026574	JGOODELL
added	2002-12-18 14:37:06	5004585247	S Yorkshire (1001175804);	T	7026574	JGOODELL
created	1991-09-12 23:41:00	5000831132		S	7008169	sysadm
modified	1997-06-26 11:17:00	5001231949		S	7008169	shelley
updated	2001-10-31 00:31:19	5002335881	South Yorkshire (3075);	T	7008169	SYSADM
updated	2001-10-31 01:05:07	5003430805	South Yorkshire (3075);	T	7008169	SYSADM
updated	2002-07-11 18:18:10	5004545875	South Yorkshire (3075);	T	7008169	SYSADM
updated	2002-12-18 14:38:14	5004585248		S	7008169	JGOODELL
created	2001-05-15 14:47:00	5000749638		S	7026571	sysadm
modified	2001-05-15 14:50:00	5001170799		S	7026571	jennifersarah
updated	2001-10-31 00:32:05	5002370328	West Midlands (1167206);	T	7026571	SYSADM
updated	2001-10-31 01:05:55	5003465148	West Midlands (1167206);	T	7026571	SYSADM
updated	2002-06-24 15:29:07	5003491412		S	7026571	PHARPRING
updated	2002-07-11 18:18:44	5004579038	West Midlands (1167206);	T	7026571	SYSADM
updated	2002-12-18 15:50:34	5004585307		S	7026571	JGOODELL
added	2002-12-18 15:50:34	5004585308	W Midlands (1001175822);	T	7026571	JGOODELL
added	2002-12-18 15:50:34	5004585309	W Mids (1001175821);	T	7026571	JGOODELL
added	2002-12-18 15:50:34	5004585310	WMD (1001175823);	T	7026571	JGOODELL
created	1991-09-12 23:41:00	5000831133		S	7008179	sysadm
modified	1997-06-26 16:22:00	5001231950		S	7008179	shelley
updated	2001-10-31 00:31:19	5002335888	West Midlands (3178);	T	7008179	SYSADM
updated	2001-10-31 01:05:07	5003430812	West Midlands (3178);	T	7008179	SYSADM
updated	2002-07-11 18:18:10	5004545882	West Midlands (3178);	T	7008179	SYSADM
created	2001-05-16 17:05:00	5000749639		S	7026572	sysadm
modified	2001-05-16 17:08:00	5001170800		S	7026572	jennifersarah
updated	2001-10-31 00:32:05	5002370329	West Yorkshire (1167207);	T	7026572	SYSADM
updated	2001-10-31 01:05:55	5003465149	West Yorkshire (1167207);	T	7026572	SYSADM
updated	2002-07-11 18:18:44	5004579039	West Yorkshire (1167207);	T	7026572	SYSADM
parent added	2002-11-21 16:35:16	5004584271	Yorkshire (region (general)) (7008171);	S	7026572	JGOODELL
updated	2002-12-18 16:28:57	5004585340		S	7026572	JGOODELL
added	2002-12-18 16:28:57	5004585341	W Yorkshire (1001175828);	T	7026572	JGOODELL
added	2002-12-18 16:28:57	5004585342	W York (1001175827);	T	7026572	JGOODELL
created	1991-09-12 23:41:00	5000831135		S	7008170	sysadm
modified	1997-06-25 17:23:00	5001231952		S	7008170	shelley
updated	2001-10-31 00:31:19	5002335882	West Yorkshire (3180);	T	7008170	SYSADM
added	2002-07-08 12:58:24	5003492450	Transjordan (6006046) 'related to' test nation (7021554);	A	6006046	PHARPRING
updated	2002-07-11 18:17:54	5004529865	Transjordan (171365);	T	6006046	SYSADM
updated	2003-08-07 14:44:28	5004592336		S	6006046	JGOODELL
added	2003-08-07 14:44:28	5004592337	T-J (1001177288);	T	6006046	JGOODELL
added	2003-08-07 14:44:28	5004592338	Jordan (1001177285);	T	6006046	JGOODELL
added	2003-08-07 14:44:28	5004592339	Trans-jordan (1001177284);	T	6006046	JGOODELL
added	2003-08-07 14:44:28	5004592340	Trans-Jordache (1001177286);	T	6006046	JGOODELL
added	2003-08-07 14:44:28	5004592341	Transjordany (1001177287);	T	6006046	JGOODELL
created	1996-04-25 16:18:00	5000748695		S	7018690	sysadm
updated	2001-10-31 00:31:43	5002354411	Tuscon (337429);	T	7018690	SYSADM
updated	2001-10-31 01:05:32	5003449250	Tuscon (337429);	T	7018690	SYSADM
updated	2002-07-11 18:18:48	5004582429	Tuscon (337429);	T	7018690	SYSADM
updated	2003-08-07 14:45:06	5004592342		S	7018690	JGOODELL
added	2003-08-07 14:45:06	5004592343	Tuscun (1001177290);	T	7018690	JGOODELL
added	2003-08-07 14:45:06	5004592344	Tusscon (1001177291);	T	7018690	JGOODELL
updated	2003-08-07 14:45:13	5004592345		S	7018690	JGOODELL
updated	2003-08-28 11:55:06	5004594445		S	7030016	JGOODELL
deleted	2003-08-28 11:55:06	5004594446	Cissbury (1001177776);	T	7030016	JGOODELL
updated	2003-08-28 11:55:06	5004594447	Cissbury Ring (1001177777);	T	7030016	JGOODELL
created	2003-08-28 12:00:22	5004594451		N	7030016	JGOODELL
updated	2003-08-28 12:00:22	5004594452		S	7030016	JGOODELL
created	1992-01-03 19:01:00	5000827004		S	6001470	sysadm
modified	1997-09-05 16:40:00	5001227940		S	6001470	mali
updated	2001-10-31 00:30:53	5002317257	Cissbury (166789);	T	6001470	SYSADM
updated	2001-10-31 00:30:53	5002317258	Cissbury Ring (325801);	T	6001470	SYSADM
updated	2001-10-31 01:04:42	5003412659	Cissbury (166789);	T	6001470	SYSADM
updated	2001-10-31 01:04:42	5003412660	Cissbury Ring (325801);	T	6001470	SYSADM
updated	2002-07-11 18:17:52	5004527995	Cissbury (166789);	T	6001470	SYSADM
updated	2002-07-11 18:17:52	5004527996	Cissbury Ring (325801);	T	6001470	SYSADM
updated	2003-08-28 11:53:37	5004594439		S	6001470	JGOODELL
updated	2003-08-28 11:55:58	5004594448		S	6001470	JGOODELL
updated	2003-08-28 11:54:17	5004594444		S	6001470	JGOODELL
deleted	2003-08-28 11:55:58	5004594449	Cissbury Ring (325801);	T	6001470	JGOODELL
updated	2003-08-28 11:56:24	5004594450		S	6001470	JGOODELL
updated	2003-08-05 17:28:21	5004591967	Barwick-in-Elmet (1001177178);	T	7029852	JGOODELL
added	2003-08-05 17:28:21	5004591968	Barwick in Elmet (1001177181);	T	7029852	JGOODELL
updated	2003-08-05 17:28:21	5004591969	Bereuuit (1001177179);	T	7029852	JGOODELL
updated	2003-08-05 17:28:21	5004591970	Bereuuith (1001177180);	T	7029852	JGOODELL
created	2003-08-05 17:26:42	5003492336		S	7029852	JGOODELL
updated	2003-08-05 17:28:21	5004591966		S	7029852	JGOODELL
created	1991-11-09 17:31:00	5000829713		S	4001247	sysadm
modified	1996-06-10 11:48:00	5001230540		S	4001247	dell
updated	2001-10-31 00:30:44	5002309470	Barwick in Elmet (144642);	T	4001247	SYSADM
updated	2001-10-31 01:04:31	5003404872	Barwick in Elmet (144642);	T	4001247	SYSADM
updated	2002-07-11 18:17:44	5004520229	Barwick in Elmet (144642);	T	4001247	SYSADM
moved	2002-12-18 16:31:16	5004585359	Old Parent: West Yorkshire (7008170)	S	4001247	JGOODELL
moved	2003-09-02 16:49:32	5004594558	Old Parent: West Yorkshire (7029507)	S	4001247	JGOODELL
deleted	2003-08-12 16:30:26	5004592896	Caverleia (1001177403);	T	7029908	JGOODELL
updated	2003-08-12 16:30:26	5004592897	Carlton (1001177401);	T	7029908	JGOODELL
updated	2003-08-12 16:30:26	5004592898	Carlentone (1001177402);	T	7029908	JGOODELL
updated	2003-08-12 16:30:26	5004592895		S	7029908	JGOODELL
created	1991-11-09 17:53:00	5000829714		S	4002247	sysadm
modified	1993-05-04 11:33:00	5001230541		S	4002247	robin
updated	2001-10-31 00:30:44	5002309890	Carlton (145649);	T	4002247	SYSADM
updated	2001-10-31 01:04:32	5003405292	Carlton (145649);	T	4002247	SYSADM
updated	2002-07-11 18:17:44	5004520646	Carlton (145649);	T	4002247	SYSADM
moved	2002-12-18 16:31:16	5004585360	Old Parent: West Yorkshire (7008170)	S	4002247	JGOODELL
updated	2003-09-02 16:52:18	5004594578		S	4002247	JGOODELL
moved	2003-09-02 16:52:26	5004594579	Old Parent: West Yorkshire (7029507)	S	4002247	JGOODELL
created	2000-07-17 17:02:00	5000824991		S	7024773	sysadm
modified	2000-07-17 17:05:00	5001225961		S	7024773	jennifersarah
updated	2001-10-31 00:32:00	5002365916	Sandy (1161469);	T	7024773	SYSADM
updated	2001-10-31 00:32:00	5002365917	Sandeia (1161470);	T	7024773	SYSADM
updated	2001-10-31 01:05:49	5003460736	Sandy (1161469);	T	7024773	SYSADM
updated	2001-10-31 01:05:49	5003460737	Sandeia (1161470);	T	7024773	SYSADM
updated	2002-04-23 20:34:35	5003483804	Sandeia (1161470);	T	7024773	SYSADM
updated	2002-07-11 18:18:40	5004574924	Sandy (1161469);	T	7024773	SYSADM
updated	2002-07-11 18:18:40	5004574925	Sandeia (1161470);	T	7024773	SYSADM
created	1991-09-13 01:57:00	5000824969		S	1030535	sysadm
modified	1996-06-27 15:41:00	5001225939		S	1030535	kharon
updated	2001-10-31 00:08:20	5001314598	Sandy (30883);	T	1030535	SYSADM
updated	2001-10-31 00:43:17	5002410004	Sandy (30883);	T	1030535	SYSADM
updated	2002-07-11 18:00:09	5003527671	Sandy (30883);	T	1030535	SYSADM
added	2003-05-01 14:48:44	5004586698	NEW SUBJECT (1001176187);	T	7029598	PHARPRING
created	2003-05-01 14:48:44	5004586699		S	7029598	PHARPRING
updated	2003-05-01 14:50:51	5004586700		S	7029598	PHARPRING
updated	2003-05-01 14:50:51	5004586701	Zierikzee (1001176187);	T	7029598	PHARPRING
added	2003-05-01 14:50:51	5004586702	Zieriksee (1001176188);	T	7029598	PHARPRING
created	1991-09-13 03:25:00	5000206035		S	7006757	sysadm
modified	1996-08-14 11:10:00	5001007871		S	7006757	kim
updated	2001-10-31 00:31:16	5002333550	Zierikzee (48798);	T	7006757	SYSADM
modified	1997-04-23 16:53:00	5000925965		S	1094353	nanda
updated	2001-10-31 00:09:57	5001387070	Maraw$01i (95281);	T	1094353	SYSADM
updated	2001-10-31 00:09:57	5001387071	Merowe (364915);	T	1094353	SYSADM
updated	2001-10-31 00:44:45	5002482476	Maraw$01i (95281);	T	1094353	SYSADM
updated	2001-10-31 00:44:45	5002482477	Merowe (364915);	T	1094353	SYSADM
updated	2002-07-11 18:01:25	5003600134	Maraw$01i (95281);	T	1094353	SYSADM
updated	2002-07-11 18:01:25	5003600135	Merowe (364915);	T	1094353	SYSADM
parent added	2003-04-15 11:34:12	5004586565	Kush (historic region) (7029585);	S	1094353	JWARD
updated	2003-04-15 11:36:42	5004586566		S	1094353	JWARD
added	2003-04-15 11:36:42	5004586567	Napata (1001176165);	T	1094353	JWARD
updated	2003-04-15 13:13:43	5004586579		S	1094353	JWARD
deleted	2003-04-15 13:13:43	5004586580	Napata (1001176165);	T	1094353	JWARD
updated	2003-04-15 13:13:43	5004586581	Maraw$01i (95281);	T	1094353	JWARD
updated	2003-04-15 16:10:21	5004586603		S	1094353	JWARD
updated	2003-04-15 16:10:59	5004586604		S	1094353	JWARD
updated	2003-04-15 16:10:59	5004586605	Merowe (364915);	T	1094353	JWARD
added	2003-04-15 16:11:33	5004586606	NEW SUBJECT (1001176169);	T	7029588	JWARD
created	2003-04-15 16:11:33	5004586607		S	7029588	JWARD
created	2003-04-15 16:22:32	5004586608		N	7029588	JWARD
updated	2003-04-15 16:22:32	5004586609		S	7029588	JWARD
updated	2003-04-15 16:22:32	5004586610	Napata (1001176169);	T	7029588	JWARD
parent added	2003-04-15 16:23:28	5004586611	As-S$01ud$01an (nation) (1000201);	S	7029588	JWARD
parent added	2003-04-15 16:24:19	5004586612	Kush (historic region) (7029585);	S	7029588	JWARD
updated	2003-04-15 16:26:10	5004586614		S	7029588	JWARD
created	1991-09-13 09:25:00	5000837310		S	7007481	sysadm
modified	1996-11-14 12:31:00	5001238116		S	7007481	keshni
updated	2001-10-31 00:31:18	5002334662	San Gottardo, Passo del (109628);	T	7007481	SYSADM
updated	2001-10-31 00:31:18	5002334663	Saint Gotthard Pass (139187);	T	7007481	SYSADM
updated	2001-10-31 00:31:18	5002334664	St. Gotthard (170439);	T	7007481	SYSADM
updated	2001-10-31 01:05:05	5003429617	San Gottardo, Passo del (109628);	T	7007481	SYSADM
updated	2001-10-31 01:05:05	5003429618	Saint Gotthard Pass (139187);	T	7007481	SYSADM
updated	2001-10-31 01:05:05	5003429619	St. Gotthard (170439);	T	7007481	SYSADM
updated	2002-07-11 18:18:09	5004544668	San Gottardo, Passo del (109628);	T	7007481	SYSADM
updated	2002-07-11 18:18:09	5004544669	Saint Gotthard Pass (139187);	T	7007481	SYSADM
updated	2002-07-11 18:18:09	5004544670	St. Gotthard (170439);	T	7007481	SYSADM
created	2000-06-14 10:19:00	5000774605		S	7024692	sysadm
modified	2000-06-14 10:29:00	5001195289		S	7024692	jennifersarah
updated	2001-10-31 00:31:59	5002365697	Evelinus mons (1160764);	T	7024692	SYSADM
updated	2001-10-31 00:31:59	5002365698	Alpes summae (1160765);	T	7024692	SYSADM
updated	2001-10-31 00:31:59	5002365699	Gotthard (1160766);	T	7024692	SYSADM
updated	2001-10-31 00:31:59	5002365700	Sankt Gotthard (1160767);	T	7024692	SYSADM
updated	2001-10-31 00:31:59	5002365701	St. Gotthard (1160768);	T	7024692	SYSADM
updated	2001-10-31 00:31:59	5002365702	San Gottardo, Passo (1160769);	T	7024692	SYSADM
updated	2001-10-31 00:31:59	5002365703	Saint Gotthard (1160770);	T	7024692	SYSADM
updated	2001-10-31 01:05:49	5003460517	Evelinus mons (1160764);	T	7024692	SYSADM
updated	2001-10-31 01:05:49	5003460518	Alpes summae (1160765);	T	7024692	SYSADM
updated	2001-10-31 01:05:49	5003460519	Gotthard (1160766);	T	7024692	SYSADM
updated	2001-10-31 01:05:49	5003460520	Sankt Gotthard (1160767);	T	7024692	SYSADM
updated	2001-10-31 01:05:49	5003460521	St. Gotthard (1160768);	T	7024692	SYSADM
updated	2001-10-31 01:05:49	5003460522	San Gottardo, Passo (1160769);	T	7024692	SYSADM
updated	2001-10-31 01:05:49	5003460523	Saint Gotthard (1160770);	T	7024692	SYSADM
updated	2002-07-11 18:18:40	5004574705	Evelinus mons (1160764);	T	7024692	SYSADM
updated	2002-07-11 18:18:40	5004574706	Alpes summae (1160765);	T	7024692	SYSADM
updated	2002-07-11 18:18:40	5004574707	Gotthard (1160766);	T	7024692	SYSADM
updated	2002-07-11 18:18:40	5004574708	Sankt Gotthard (1160767);	T	7024692	SYSADM
updated	2002-07-11 18:18:40	5004574709	St. Gotthard (1160768);	T	7024692	SYSADM
updated	2002-07-11 18:18:40	5004574710	San Gottardo, Passo (1160769);	T	7024692	SYSADM
updated	2002-07-11 18:18:40	5004574711	Saint Gotthard (1160770);	T	7024692	SYSADM
updated	2003-06-10 10:23:14	5004587606		S	7024692	JGOODELL
added	2003-06-10 10:23:14	5004587607	San Gottardo (1001176239);	T	7024692	JGOODELL
updated	2003-06-10 10:23:14	5004587608	Saint Gotthard (1160770);	T	7024692	JGOODELL
updated	2003-06-10 10:23:14	5004587609	St. Gotthard (1160768);	T	7024692	JGOODELL
updated	2003-06-10 10:23:14	5004587610	Sankt Gotthard (1160767);	T	7024692	JGOODELL
updated	2003-06-10 10:23:14	5004587611	Gotthard (1160766);	T	7024692	JGOODELL
updated	2003-06-10 10:23:14	5004587612	Alpes summae (1160765);	T	7024692	JGOODELL
updated	2003-06-10 10:23:14	5004587613	Evelinus mons (1160764);	T	7024692	JGOODELL
added	2003-07-02 11:53:04	5004587943	NEW SUBJECT (1001176313);	T	7029620	PHARPRING
created	2003-07-02 11:53:04	5004587944		S	7029620	PHARPRING
updated	2003-07-02 12:00:02	5004587948		S	7029620	PHARPRING
updated	2003-07-02 12:00:02	5004587949	Mercia Ditch (1001176313);	T	7029620	PHARPRING
created	1997-06-07 03:14:00	5000143966		S	2505932	sysadm
updated	2001-10-31 00:23:27	5001992741	Mercia Ditch (832868);	T	2505932	SYSADM
updated	2001-10-31 00:57:30	5003088147	Mercia Ditch (832868);	T	2505932	SYSADM
updated	2002-07-11 18:12:15	5004203504	Mercia Ditch (832868);	T	2505932	SYSADM
added	2003-07-03 12:48:21	5004588126	NEW SUBJECT (1001176330);	T	7029622	PHARPRING
created	2003-07-03 12:48:21	5004588127		S	7029622	PHARPRING
updated	2003-07-03 12:49:09	5004588129		S	7029622	PHARPRING
updated	2003-07-03 12:49:09	5004588130	Elterwater (1001176330);	T	7029622	PHARPRING
added	2002-04-02 17:33:12	5003477685	NEW SUBJECT (1001174335);	T	7028968	PHARPRING
updated	2002-04-02 17:36:00	5003477687		S	7028968	PHARPRING
updated	2002-04-02 17:36:00	5003477688	Elterwater (1001174335);	T	7028968	PHARPRING
created	2002-04-02 17:33:12	5003477686		S	7028968	PHARPRING
created	1992-08-08 17:12:00	5000904812		S	2025018	sysadm
modified	1997-07-03 16:12:00	5001274749		S	2025018	mali
updated	2001-10-31 00:11:44	5001469098	Kamuela (397221);	T	2025018	SYSADM
updated	2001-10-31 00:11:44	5001469099	Waimea (1154478);	T	2025018	SYSADM
updated	2001-10-31 00:46:24	5002564504	Kamuela (397221);	T	2025018	SYSADM
updated	2001-10-31 00:46:24	5002564505	Waimea (1154478);	T	2025018	SYSADM
updated	2002-07-11 18:02:50	5003679878	Kamuela (397221);	T	2025018	SYSADM
updated	2002-07-11 18:02:50	5003679879	Waimea (1154478);	T	2025018	SYSADM
created	1997-06-14 01:19:00	5000906484		S	2747648	sysadm
updated	2001-10-31 00:29:40	5002264470	Waimea (1108971);	T	2747648	SYSADM
updated	2001-10-31 00:29:40	5002264471	Kamuela (1108972);	T	2747648	SYSADM
updated	2001-10-31 01:03:28	5003359876	Waimea (1108971);	T	2747648	SYSADM
updated	2001-10-31 01:03:28	5003359877	Kamuela (1108972);	T	2747648	SYSADM
updated	2002-07-11 18:16:56	5004475233	Waimea (1108971);	T	2747648	SYSADM
updated	2002-07-11 18:16:56	5004475234	Kamuela (1108972);	T	2747648	SYSADM
created	1991-11-09 20:28:00	5000767189		S	4006745	sysadm
modified	1994-05-26 08:58:00	5001187885		S	4006745	patricia
updated	2001-10-31 00:30:47	5002311985	Maarsseveen (150183);	T	4006745	SYSADM
updated	2001-10-31 00:30:47	5002311986	Oud-Maarsseveen (326148);	T	4006745	SYSADM
updated	2001-10-31 01:04:34	5003407387	Maarsseveen (150183);	T	4006745	SYSADM
updated	2001-10-31 01:04:34	5003407388	Oud-Maarsseveen (326148);	T	4006745	SYSADM
updated	2002-07-11 18:17:46	5004522737	Maarsseveen (150183);	T	4006745	SYSADM
updated	2002-07-11 18:17:46	5004522738	Oud-Maarsseveen (326148);	T	4006745	SYSADM
added	2003-07-24 09:41:02	5004590667	NEW SUBJECT (1001176939);	T	7029799	JGOODELL
created	2003-07-24 09:41:02	5004590668		S	7029799	JGOODELL
updated	2003-07-24 09:42:40	5004590669		S	7029799	JGOODELL
updated	2003-07-24 09:42:40	5004590670	Maarseveen (1001176939);	T	7029799	JGOODELL
added	2003-07-31 10:58:37	5004591255	NEW SUBJECT (1001177007);	T	7029807	JWARD
created	2003-07-31 10:58:37	5004591256		S	7029807	JWARD
updated	2003-07-31 10:59:27	5004591258		S	7029807	JWARD
updated	2003-07-31 10:59:27	5004591259	Test Record (1001177007);	T	7029807	JWARD
added	2003-07-31 10:59:27	5004591260	Another test (1001177008);	T	7029807	JWARD
added	2003-07-31 10:59:27	5004591261	Yet another test (1001177009);	T	7029807	JWARD
created	2003-07-31 10:59:43	5004591263		S	7029808	JWARD
added	2003-07-31 10:59:43	5004591262	NEW SUBJECT (1001177010);	T	7029808	JWARD
updated	2003-07-31 11:00:14	5004591264		S	7029808	JWARD
updated	2003-07-31 11:00:14	5004591265	Test Record 2 (1001177010);	T	7029808	JWARD
updated	2001-10-31 01:05:04	5003428519	Zierikzee (48798);	T	7006757	SYSADM
updated	2002-07-11 18:18:08	5004543562	Zierikzee (48798);	T	7006757	SYSADM
created	2000-06-01 10:49:00	5000728511		S	7024625	sysadm
modified	2000-06-01 13:23:00	5001149771		S	7024625	jennifersarah
updated	2001-10-31 00:31:59	5002365522	Mausoleo di Adriano (1160250);	T	7024625	SYSADM
updated	2001-10-31 00:31:59	5002365523	Castel Sant'Angelo (1160251);	T	7024625	SYSADM
updated	2001-10-31 00:31:59	5002365524	Angelicum castrum (1160252);	T	7024625	SYSADM
updated	2001-10-31 00:31:59	5002365525	Crescentii turris (1160253);	T	7024625	SYSADM
updated	2001-10-31 00:31:59	5002365526	Angeli castellum (1160254);	T	7024625	SYSADM
updated	2001-10-31 00:31:59	5002365527	Torre dei Crescenzi (1160255);	T	7024625	SYSADM
updated	2001-10-31 00:31:59	5002365528	Hadrianeum (1160256);	T	7024625	SYSADM
updated	2001-10-31 00:31:59	5002365529	Sepulcrum Antoninorum (1160257);	T	7024625	SYSADM
updated	2001-10-31 01:05:49	5003460342	Mausoleo di Adriano (1160250);	T	7024625	SYSADM
updated	2001-10-31 01:05:49	5003460343	Castel Sant'Angelo (1160251);	T	7024625	SYSADM
updated	2001-10-31 01:05:49	5003460344	Angelicum castrum (1160252);	T	7024625	SYSADM
updated	2001-10-31 01:05:49	5003460345	Crescentii turris (1160253);	T	7024625	SYSADM
updated	2001-10-31 01:05:49	5003460346	Angeli castellum (1160254);	T	7024625	SYSADM
updated	2001-10-31 01:05:49	5003460347	Torre dei Crescenzi (1160255);	T	7024625	SYSADM
updated	2001-10-31 01:05:49	5003460348	Hadrianeum (1160256);	T	7024625	SYSADM
updated	2001-10-31 01:05:49	5003460349	Sepulcrum Antoninorum (1160257);	T	7024625	SYSADM
updated	2002-07-11 18:18:39	5004574530	Mausoleo di Adriano (1160250);	T	7024625	SYSADM
updated	2002-07-11 18:18:39	5004574531	Castel Sant'Angelo (1160251);	T	7024625	SYSADM
updated	2002-07-11 18:18:39	5004574532	Angelicum castrum (1160252);	T	7024625	SYSADM
updated	2002-07-11 18:18:39	5004574533	Crescentii turris (1160253);	T	7024625	SYSADM
updated	2002-07-11 18:18:39	5004574534	Angeli castellum (1160254);	T	7024625	SYSADM
updated	2002-07-11 18:18:39	5004574535	Torre dei Crescenzi (1160255);	T	7024625	SYSADM
updated	2002-07-11 18:18:39	5004574536	Hadrianeum (1160256);	T	7024625	SYSADM
updated	2002-07-11 18:18:39	5004574537	Sepulcrum Antoninorum (1160257);	T	7024625	SYSADM
updated	2003-09-25 17:28:05	5004596018		S	7024625	JGOODELL
updated	2003-09-25 17:28:10	5004596019		S	7024625	JGOODELL
created	1991-09-13 07:58:00	5000872452		S	7009946	sysadm
modified	1996-10-14 10:02:00	5001256045		S	7009946	erin
updated	2001-10-31 00:31:22	5002338518	Sant'Angelo, Castel (101323);	T	7009946	SYSADM
updated	2001-10-31 00:31:22	5002338519	Castel Sant'Angelo (161854);	T	7009946	SYSADM
updated	2001-10-31 01:05:12	5003433434	Sant'Angelo, Castel (101323);	T	7009946	SYSADM
updated	2001-10-31 01:05:12	5003433435	Castel Sant'Angelo (161854);	T	7009946	SYSADM
updated	2002-07-11 18:18:13	5004548505	Sant'Angelo, Castel (101323);	T	7009946	SYSADM
updated	2002-07-11 18:18:13	5004548506	Castel Sant'Angelo (161854);	T	7009946	SYSADM
created	1991-11-09 21:36:00	5000824950		S	4008171	sysadm
modified	1993-05-20 09:54:00	5001225920		S	4008171	robin
updated	2001-10-31 00:30:47	5002312535	Oldland (151624);	T	4008171	SYSADM
updated	2001-10-31 01:04:35	5003407937	Oldland (151624);	T	4008171	SYSADM
updated	2002-07-11 18:17:47	5004523280	Oldland (151624);	T	4008171	SYSADM
updated	2003-10-07 14:34:08	5004597824		S	4008171	JGOODELL
updated	2003-10-07 14:34:14	5004597825		S	4008171	JGOODELL
moved	2003-10-07 14:34:28	5004597826	Old Parent: Avon (7008102)	S	4008171	JGOODELL
created	2001-05-22 15:04:00	5000891668		S	7026700	sysadm
modified	2001-05-22 15:06:00	5001269614		S	7026700	jennifersarah
updated	2001-10-31 00:32:05	5002370601	Oldland (1167621);	T	7026700	SYSADM
updated	2001-10-31 00:32:05	5002370602	Aldelande (1167622);	T	7026700	SYSADM
updated	2001-10-31 01:05:55	5003465421	Oldland (1167621);	T	7026700	SYSADM
updated	2001-10-31 01:05:55	5003465422	Aldelande (1167622);	T	7026700	SYSADM
updated	2002-04-23 20:34:47	5003487217	Aldelande (1167622);	T	7026700	SYSADM
updated	2002-07-11 18:18:45	5004579294	Oldland (1167621);	T	7026700	SYSADM
updated	2002-07-11 18:18:45	5004579295	Aldelande (1167622);	T	7026700	SYSADM
created	1991-11-30 19:25:00	5000824951		S	5000807	sysadm
modified	1996-06-27 15:07:00	5001225921		S	5000807	kharon
updated	2001-10-31 00:30:50	5002314876	Westonbirt (159951);	T	5000807	SYSADM
updated	2001-10-31 01:04:39	5003410278	Westonbirt (159951);	T	5000807	SYSADM
updated	2002-07-11 18:17:50	5004525619	Westonbirt (159951);	T	5000807	SYSADM
updated	2003-10-07 14:36:03	5004597838		S	5000807	JGOODELL
updated	2003-10-07 14:36:45	5004597839		S	5000807	JGOODELL
updated	2003-10-07 14:36:55	5004597840		S	5000807	JGOODELL
moved	2003-10-07 14:37:45	5004597842	Old Parent: Avon (7008102)	S	5000807	JGOODELL
created	2001-05-31 12:41:00	5000826952		S	7026770	sysadm
modified	2001-05-31 12:43:00	5001227890		S	7026770	jennifersarah
updated	2001-10-31 00:32:05	5002370755	Westonbirt (1167804);	T	7026770	SYSADM
updated	2001-10-31 00:32:05	5002370756	Westone (1167805);	T	7026770	SYSADM
updated	2001-10-31 01:05:55	5003465575	Westonbirt (1167804);	T	7026770	SYSADM
updated	2001-10-31 01:05:55	5003465576	Westone (1167805);	T	7026770	SYSADM
updated	2002-04-23 20:34:47	5003487324	Westone (1167805);	T	7026770	SYSADM
updated	2002-07-11 18:18:45	5004579439	Westonbirt (1167804);	T	7026770	SYSADM
updated	2002-07-11 18:18:45	5004579440	Westone (1167805);	T	7026770	SYSADM
created	1991-11-09 21:20:00	5000825607		S	4007842	sysadm
modified	1996-07-08 16:07:00	5001226575		S	4007842	kharon
updated	2001-10-31 00:30:47	5002312415	Newlyn (151292);	T	4007842	SYSADM
updated	2001-10-31 01:04:35	5003407817	Newlyn (151292);	T	4007842	SYSADM
updated	2002-07-11 18:17:47	5004523167	Newlyn (151292);	T	4007842	SYSADM
updated	2003-10-07 16:55:45	5004597943		S	4007842	JGOODELL
added	2002-04-18 16:12:39	5003479849	NEW SUBJECT (1001174905);	T	7029236	SYSADM
created	2002-04-18 16:12:39	5003479850		S	7029236	SYSADM
updated	2002-04-18 16:12:39	5003479851	Newlyn (1001174905);	T	7029236	SYSADM
created	1991-09-13 01:49:00	5000825770		S	7010086	sysadm
modified	1996-07-09 11:49:00	5001226738		S	7010086	kharon
updated	2001-10-31 00:31:22	5002338732	Cockermouth (29243);	T	7010086	SYSADM
updated	2001-10-31 01:05:12	5003433648	Cockermouth (29243);	T	7010086	SYSADM
updated	2002-07-11 18:18:13	5004548719	Cockermouth (29243);	T	7010086	SYSADM
updated	2003-10-07 17:28:42	5004598095		S	7010086	JGOODELL
added	2002-04-18 16:10:09	5003479807	NEW SUBJECT (1001174891);	T	7029222	SYSADM
created	2002-04-18 16:10:09	5003479808		S	7029222	SYSADM
updated	2002-04-18 16:10:09	5003479809	Cockermouth (1001174891);	T	7029222	SYSADM
created	2001-01-12 11:28:00	5000837625		S	7025903	sysadm
modified	2001-01-12 12:23:00	5001238418		S	7025903	jennifersarah
updated	2001-10-31 00:32:03	5002368786	Hinton Saint Mary (1165090);	T	7025903	SYSADM
updated	2001-10-31 00:32:03	5002368787	Haintone (1165091);	T	7025903	SYSADM
updated	2001-10-31 00:32:03	5002368788	Hinton St. Mary (1165092);	T	7025903	SYSADM
updated	2001-10-31 00:32:03	5002368789	Hinton St Mary (1165093);	T	7025903	SYSADM
updated	2001-10-31 01:05:53	5003463606	Hinton Saint Mary (1165090);	T	7025903	SYSADM
updated	2001-10-31 01:05:53	5003463607	Haintone (1165091);	T	7025903	SYSADM
updated	2001-10-31 01:05:53	5003463608	Hinton St. Mary (1165092);	T	7025903	SYSADM
updated	2001-10-31 01:05:53	5003463609	Hinton St Mary (1165093);	T	7025903	SYSADM
updated	2002-04-23 20:34:42	5003485978	Haintone (1165091);	T	7025903	SYSADM
updated	2002-07-11 18:18:43	5004577568	Hinton Saint Mary (1165090);	T	7025903	SYSADM
updated	2002-07-11 18:18:43	5004577569	Haintone (1165091);	T	7025903	SYSADM
updated	2002-07-11 18:18:43	5004577570	Hinton St. Mary (1165092);	T	7025903	SYSADM
updated	2002-07-11 18:18:43	5004577571	Hinton St Mary (1165093);	T	7025903	SYSADM
updated	2003-10-21 17:04:51	5004602000		S	7025903	JGOODELL
updated	2003-10-21 17:04:51	5004602001	Haintone (1165091);	T	7025903	JGOODELL
created	1991-11-30 19:25:00	5000837531		S	7011275	sysadm
modified	1993-04-05 17:41:00	5001238333		S	7011275	robin
updated	2001-10-31 00:31:26	5002341133	Hinton Saint Mary (148465);	T	7011275	SYSADM
updated	2001-10-31 00:31:26	5002341134	Hinton St. Mary (159928);	T	7011275	SYSADM
updated	2001-10-31 01:05:15	5003436049	Hinton Saint Mary (148465);	T	7011275	SYSADM
updated	2001-10-31 01:05:15	5003436050	Hinton St. Mary (159928);	T	7011275	SYSADM
updated	2002-07-11 18:18:16	5004551065	Hinton Saint Mary (148465);	T	7011275	SYSADM
updated	2002-07-11 18:18:16	5004551066	Hinton St. Mary (159928);	T	7011275	SYSADM
created	2001-01-08 15:35:00	5000837565		S	7025841	sysadm
modified	2001-01-08 15:37:00	5001238365		S	7025841	jennifersarah
updated	2001-10-31 00:32:03	5002368625	North Bowood (1164891);	T	7025841	SYSADM
updated	2001-10-31 00:32:03	5002368626	Bovewode (1164892);	T	7025841	SYSADM
updated	2001-10-31 01:05:52	5003463445	North Bowood (1164891);	T	7025841	SYSADM
updated	2001-10-31 01:05:52	5003463446	Bovewode (1164892);	T	7025841	SYSADM
updated	2002-04-23 20:34:42	5003485873	Bovewode (1164892);	T	7025841	SYSADM
updated	2002-07-11 18:18:43	5004577419	North Bowood (1164891);	T	7025841	SYSADM
updated	2002-07-11 18:18:43	5004577420	Bovewode (1164892);	T	7025841	SYSADM
created	1991-11-30 19:25:00	5000837527		S	5000785	sysadm
modified	1993-05-10 10:43:00	5001238329		S	5000785	robin
updated	2001-10-31 00:30:50	5002314859	Bowood, North (159925);	T	5000785	SYSADM
updated	2001-10-31 01:04:39	5003410261	Bowood, North (159925);	T	5000785	SYSADM
updated	2002-07-11 18:17:50	5004525602	Bowood, North (159925);	T	5000785	SYSADM
updated	2003-10-21 09:08:13	5004601753		S	5000785	JGOODELL
added	2003-10-21 09:08:13	5004601754	North Bowood (1001178311);	T	5000785	JGOODELL
updated	2003-10-21 09:08:13	5004601755	Bowood, North (159925);	T	5000785	JGOODELL
created	2001-01-08 15:38:00	5000837566		S	7025842	sysadm
modified	2001-01-08 15:39:00	5001238366		S	7025842	jennifersarah
updated	2001-10-31 00:32:03	5002368627	South Bowood (1164894);	T	7025842	SYSADM
updated	2001-10-31 00:32:03	5002368628	Bovewode (1164895);	T	7025842	SYSADM
updated	2001-10-31 01:05:52	5003463447	South Bowood (1164894);	T	7025842	SYSADM
updated	2001-10-31 01:05:52	5003463448	Bovewode (1164895);	T	7025842	SYSADM
updated	2002-04-23 20:34:42	5003485874	Bovewode (1164895);	T	7025842	SYSADM
updated	2002-07-11 18:18:43	5004577421	South Bowood (1164894);	T	7025842	SYSADM
updated	2002-07-11 18:18:43	5004577422	Bovewode (1164895);	T	7025842	SYSADM
created	1991-11-30 19:25:00	5000837528		S	5000786	sysadm
modified	1993-05-10 10:44:00	5001238330		S	5000786	robin
updated	2001-10-31 00:30:50	5002314860	Bowood, South (159926);	T	5000786	SYSADM
updated	2001-10-31 01:04:39	5003410262	Bowood, South (159926);	T	5000786	SYSADM
updated	2002-07-11 18:17:50	5004525603	Bowood, South (159926);	T	5000786	SYSADM
updated	2003-10-21 09:08:32	5004601756		S	5000786	JGOODELL
added	2003-10-21 09:08:32	5004601757	South Bowood (1001178312);	T	5000786	JGOODELL
updated	2003-10-21 09:08:32	5004601758	Bowood, South (159926);	T	5000786	JGOODELL
added	2003-10-22 17:28:32	5004602214	South Bowood (5000786) 'related to' North Bowood (7030129);	A	5000786	JGOODELL
updated	2001-11-27 14:31:53	5003469365	Thornton Curtis (1001171863);	T	7028165	JGOODELL
updated	2001-11-27 14:31:53	5003469366	Torentone (1001171864);	T	7028165	JGOODELL
updated	2001-11-27 14:31:53	5003469367	Torentune (1001171865);	T	7028165	JGOODELL
created	2001-11-27 14:30:52	5003469363		S	7028165	JGOODELL
updated	2001-11-27 14:31:53	5003469364		S	7028165	JGOODELL
created	1991-11-10 00:27:00	5000827745		S	4011157	sysadm
modified	1996-06-03 14:52:00	5001228644		S	4011157	kharon
updated	2001-10-31 00:30:49	5002313825	Thornton Curtis (154631);	T	4011157	SYSADM
updated	2001-10-31 01:04:38	5003409227	Thornton Curtis (154631);	T	4011157	SYSADM
updated	2002-07-11 18:17:48	5004524570	Thornton Curtis (154631);	T	4011157	SYSADM
moved	2002-12-18 10:56:47	5004585105	Old Parent: Humberside (7008146)	S	4011157	JGOODELL
updated	2003-10-30 12:01:06	5004603173		S	4011157	JGOODELL
moved	2003-10-30 12:01:27	5004603174	Old Parent: North Yorkshire (7008166)	S	4011157	JGOODELL
created	2001-03-29 10:27:00	5000826576		S	7026199	sysadm
modified	2001-03-29 10:28:00	5001227533		S	7026199	jennifersarah
updated	2001-10-31 00:32:04	5002369519	Great Oakley (1166083);	T	7026199	SYSADM
updated	2001-10-31 00:32:04	5002369520	Accleia (1166084);	T	7026199	SYSADM
updated	2001-10-31 00:32:04	5002369521	Adem (1166085);	T	7026199	SYSADM
updated	2001-10-31 01:05:53	5003464339	Great Oakley (1166083);	T	7026199	SYSADM
updated	2001-10-31 01:05:53	5003464340	Accleia (1166084);	T	7026199	SYSADM
updated	2001-10-31 01:05:53	5003464341	Adem (1166085);	T	7026199	SYSADM
updated	2002-04-23 20:34:44	5003486404	Accleia (1166084);	T	7026199	SYSADM
updated	2002-04-23 20:34:44	5003486405	Adem (1166085);	T	7026199	SYSADM
updated	2002-07-11 18:18:44	5004578274	Great Oakley (1166083);	T	7026199	SYSADM
updated	2002-07-11 18:18:44	5004578275	Accleia (1166084);	T	7026199	SYSADM
updated	2002-07-11 18:18:44	5004578276	Adem (1166085);	T	7026199	SYSADM
updated	2003-10-30 17:22:19	5004603432		S	7026199	JGOODELL
added	2003-10-30 17:22:19	5004603433	Oakley, Great (1001178489);	T	7026199	JGOODELL
updated	2003-10-30 17:22:19	5004603434	Accleia (1166084);	T	7026199	JGOODELL
updated	2003-10-30 17:22:19	5004603435	Adem (1166085);	T	7026199	JGOODELL
created	2001-03-29 10:52:00	5000826583		S	7026206	sysadm
updated	2001-10-31 00:32:04	5002369537	Great Oakley (1166105);	T	7026206	SYSADM
updated	2001-10-31 00:32:04	5002369538	Accleia (1166106);	T	7026206	SYSADM
updated	2001-10-31 00:32:04	5002369539	Adem (1166107);	T	7026206	SYSADM
updated	2001-10-31 01:05:53	5003464357	Great Oakley (1166105);	T	7026206	SYSADM
updated	2001-10-31 01:05:53	5003464358	Accleia (1166106);	T	7026206	SYSADM
updated	2001-10-31 01:05:53	5003464359	Adem (1166107);	T	7026206	SYSADM
updated	2002-04-23 20:34:44	5003486417	Accleia (1166106);	T	7026206	SYSADM
updated	2002-04-23 20:34:44	5003486418	Adem (1166107);	T	7026206	SYSADM
updated	2002-07-11 18:18:44	5004578290	Great Oakley (1166105);	T	7026206	SYSADM
updated	2002-07-11 18:18:44	5004578291	Accleia (1166106);	T	7026206	SYSADM
updated	2002-07-11 18:18:44	5004578292	Adem (1166107);	T	7026206	SYSADM
updated	2003-10-30 17:22:31	5004603436		S	7026206	JGOODELL
created	1996-06-06 09:27:00	5000906555		S	7023962	sysadm
modified	2000-04-10 11:46:00	5001275018		S	7023962	patricia
updated	2001-10-31 00:31:57	5002364329	Sienna (346630);	T	7023962	SYSADM
updated	2001-10-31 00:31:57	5002364330	Senae (346631);	T	7023962	SYSADM
updated	2001-10-31 00:31:57	5002364331	Sanna (346632);	T	7023962	SYSADM
updated	2001-10-31 00:31:57	5002364332	Saena Julia (346633);	T	7023962	SYSADM
updated	2001-10-31 00:31:57	5002364333	Sena Julia (346634);	T	7023962	SYSADM
updated	2001-10-31 00:31:57	5002364334	Sena (346635);	T	7023962	SYSADM
updated	2001-10-31 00:31:57	5002364335	Siena (346643);	T	7023962	SYSADM
updated	2001-10-31 00:31:57	5002364336	siena (test) (1155874);	T	7023962	SYSADM
updated	2001-10-31 01:05:47	5003459163	Sienna (346630);	T	7023962	SYSADM
updated	2001-10-31 01:05:47	5003459164	Senae (346631);	T	7023962	SYSADM
updated	2001-10-31 01:05:47	5003459165	Sanna (346632);	T	7023962	SYSADM
updated	2001-10-31 01:05:47	5003459166	Saena Julia (346633);	T	7023962	SYSADM
updated	2001-10-31 01:05:47	5003459167	Sena Julia (346634);	T	7023962	SYSADM
updated	2001-10-31 01:05:47	5003459168	Sena (346635);	T	7023962	SYSADM
updated	2001-10-31 01:05:47	5003459169	Siena (346643);	T	7023962	SYSADM
updated	2001-10-31 01:05:47	5003459170	siena (test) (1155874);	T	7023962	SYSADM
updated	2002-04-23 20:34:27	5003483137	Senae (346631);	T	7023962	SYSADM
updated	2002-04-23 20:34:27	5003483138	Saena Julia (346633);	T	7023962	SYSADM
updated	2002-04-23 20:34:27	5003483139	Sena (346635);	T	7023962	SYSADM
updated	2002-04-23 20:34:27	5003483140	Siena (346643);	T	7023962	SYSADM
updated	2002-07-11 18:18:49	5004583109	Sienna (346630);	T	7023962	SYSADM
updated	2002-07-11 18:18:49	5004583110	Senae (346631);	T	7023962	SYSADM
updated	2002-07-11 18:18:49	5004583111	Sanna (346632);	T	7023962	SYSADM
updated	2002-07-11 18:18:49	5004583112	Saena Julia (346633);	T	7023962	SYSADM
updated	2002-07-11 18:18:49	5004583113	Sena Julia (346634);	T	7023962	SYSADM
updated	2002-07-11 18:18:49	5004583114	Sena (346635);	T	7023962	SYSADM
updated	2002-07-11 18:18:49	5004583115	Siena (346643);	T	7023962	SYSADM
updated	2002-07-11 18:18:49	5004583116	siena (test) (1155874);	T	7023962	SYSADM
updated	2002-07-29 16:39:26	5004583264		S	7023962	SYSADM
created	1999-02-17 12:26:00	5000906557		S	7024074	sysadm
modified	1999-05-26 16:52:49	5001275020		S	7024074	patricia
updated	2001-10-31 00:31:57	5002364556	Siena (1157514);	T	7024074	SYSADM
updated	2001-10-31 00:31:57	5002364557	Sienna (1157515);	T	7024074	SYSADM
updated	2001-10-31 00:31:57	5002364558	siena (test) (1157516);	T	7024074	SYSADM
updated	2001-10-31 00:31:57	5002364559	Saena Julia (1157517);	T	7024074	SYSADM
updated	2001-10-31 00:31:57	5002364560	Sanna (1157518);	T	7024074	SYSADM
updated	2001-10-31 00:31:57	5002364561	Sena (1157519);	T	7024074	SYSADM
updated	2001-10-31 00:31:57	5002364562	Sena Julia (1157520);	T	7024074	SYSADM
updated	2001-10-31 00:31:57	5002364563	Senae (1157521);	T	7024074	SYSADM
updated	2001-10-31 01:05:48	5003459384	Siena (1157514);	T	7024074	SYSADM
updated	2001-10-31 01:05:48	5003459385	Sienna (1157515);	T	7024074	SYSADM
updated	2001-10-31 01:05:48	5003459386	siena (test) (1157516);	T	7024074	SYSADM
updated	2004-07-05 14:44:31	5004608186		S	7030334	JGOODELL
updated	2004-07-05 14:45:49	5004608194		S	7030334	JGOODELL
added	2004-07-05 14:45:49	5004608195	Mauretania Tingitana (7030334) 'capital is' Tanger (7000442);	A	7030334	JGOODELL
updated	2004-07-05 14:46:55	5004608199		S	7030334	JGOODELL
moved	2004-07-05 14:46:55	5004608200	Old Parent: Mauretania (6003780)	S	7030334	JGOODELL
created	1992-01-03 19:22:00	5000729507		S	6005971	sysadm
modified	1997-06-24 12:04:00	5001150766		S	6005971	laila
updated	2001-10-31 00:30:56	5002319110	Tingitana (171290);	T	6005971	SYSADM
updated	2001-10-31 01:04:44	5003414512	Tingitana (171290);	T	6005971	SYSADM
updated	2002-07-11 18:17:54	5004529842	Tingitana (171290);	T	6005971	SYSADM
updated	2004-07-06 14:23:51	5004608317	Tripolitania (1001179142);	T	7030341	JGOODELL
updated	2004-07-06 14:26:48	5004608318		S	7030341	JGOODELL
deleted	2004-07-06 14:26:48	5004608319	Tripolitania (7030341) 'capital is' Sousse (7015312);	A	7030341	JGOODELL
updated	2004-07-06 14:23:51	5004608316		S	7030341	JGOODELL
added	2004-07-06 14:26:48	5004608320	Tripolitania (7030341) 'capital is' Labdah (7000642);	A	7030341	JGOODELL
updated	2004-07-06 14:27:56	5004608323		S	7030341	JGOODELL
created	1992-03-16 14:58:00	5000004797		S	7000626	sysadm
modified	1997-05-30 10:49:00	5000914335		S	7000626	laila
updated	2001-10-31 00:30:57	5002320337	$15Tar$01abulus (181827);	T	7000626	SYSADM
updated	2001-10-31 00:30:57	5002320338	Tripolitania (181830);	T	7000626	SYSADM
updated	2001-10-31 00:30:57	5002320339	Tarabalus (181864);	T	7000626	SYSADM
updated	2001-10-31 00:30:57	5002320340	Tripoli (181865);	T	7000626	SYSADM
updated	2001-10-31 00:30:57	5002320341	Tripolis (181866);	T	7000626	SYSADM
updated	2001-10-31 00:30:57	5002320342	Tripolitana (181867);	T	7000626	SYSADM
updated	2001-10-31 00:30:57	5002320343	$15Tar$01abulus region (181868);	T	7000626	SYSADM
updated	2001-10-31 00:30:57	5002320344	Regio Syrtica (181869);	T	7000626	SYSADM
updated	2001-10-31 01:04:45	5003415679	$15Tar$01abulus (181827);	T	7000626	SYSADM
updated	2001-10-31 01:04:45	5003415680	Tripolitania (181830);	T	7000626	SYSADM
updated	2001-10-31 01:04:45	5003415681	Tarabalus (181864);	T	7000626	SYSADM
updated	2001-10-31 01:04:45	5003415682	Tripoli (181865);	T	7000626	SYSADM
updated	2001-10-31 01:04:45	5003415683	Tripolis (181866);	T	7000626	SYSADM
updated	2001-10-31 01:04:45	5003415684	Tripolitana (181867);	T	7000626	SYSADM
updated	2001-10-31 01:04:45	5003415685	$15Tar$01abulus region (181868);	T	7000626	SYSADM
updated	2001-10-31 01:04:45	5003415686	Regio Syrtica (181869);	T	7000626	SYSADM
updated	2002-04-23 20:34:21	5003481467	Tripolitania (181830);	T	7000626	SYSADM
updated	2002-04-23 20:34:21	5003481471	Tripolis (181866);	T	7000626	SYSADM
updated	2002-04-23 20:34:21	5003481472	Tripolitana (181867);	T	7000626	SYSADM
updated	2002-04-23 20:34:21	5003481473	Regio Syrtica (181869);	T	7000626	SYSADM
updated	2002-07-11 18:17:55	5004531025	$15Tar$01abulus (181827);	T	7000626	SYSADM
updated	2002-07-11 18:17:55	5004531026	Tripolitania (181830);	T	7000626	SYSADM
updated	2002-07-11 18:17:55	5004531027	Tarabalus (181864);	T	7000626	SYSADM
updated	2002-07-11 18:17:55	5004531028	Tripoli (181865);	T	7000626	SYSADM
updated	2002-07-11 18:17:55	5004531029	Tripolis (181866);	T	7000626	SYSADM
updated	2002-07-11 18:17:55	5004531030	Tripolitana (181867);	T	7000626	SYSADM
updated	2002-07-11 18:17:55	5004531031	Regio Syrtica (181869);	T	7000626	SYSADM
created	1992-01-03 19:22:00	5000729509		S	6006076	sysadm
modified	1997-06-24 12:08:00	5001150768		S	6006076	laila
updated	2001-10-31 00:30:56	5002319142	Tripolitania (171395);	T	6006076	SYSADM
updated	2001-10-31 01:04:44	5003414544	Tripolitania (171395);	T	6006076	SYSADM
updated	2002-07-11 18:17:54	5004529874	Tripolitania (171395);	T	6006076	SYSADM
created	2001-04-11 10:43:00	5000889426		S	7026344	sysadm
modified	2001-04-11 12:17:00	5001268381		S	7026344	jennifersarah
updated	2001-10-31 00:32:04	5002369859	Deultum (1166604);	T	7026344	SYSADM
updated	2001-10-31 00:32:04	5002369860	Colonia Flavia Pacensis Deultum (1166605);	T	7026344	SYSADM
updated	2001-10-31 01:05:54	5003464679	Deultum (1166604);	T	7026344	SYSADM
updated	2001-10-31 01:05:54	5003464680	Colonia Flavia Pacensis Deultum (1166605);	T	7026344	SYSADM
updated	2002-04-23 20:34:45	5003486718	Colonia Flavia Pacensis Deultum (1166605);	T	7026344	SYSADM
updated	2002-07-11 18:18:44	5004578592	Deultum (1166604);	T	7026344	SYSADM
updated	2002-07-11 18:18:44	5004578593	Colonia Flavia Pacensis Deultum (1166605);	T	7026344	SYSADM
updated	2003-10-29 09:29:56	5004602799		S	7026344	ACHIPMAN
updated	2003-10-30 14:28:35	5004603223		S	7026344	ACHIPMAN
updated	2004-07-07 17:35:13	5004608525		S	7026344	PHARPRING
created	2001-04-11 11:52:00	5000735964		S	7026345	sysadm
modified	2001-04-11 12:18:00	5001157182		S	7026345	jennifersarah
updated	2001-10-31 00:32:04	5002369861	Deultum (1166606);	T	7026345	SYSADM
updated	2001-10-31 00:32:04	5002369862	Colonia Flavia Pacensis Deultum (1166607);	T	7026345	SYSADM
updated	2001-10-31 01:05:54	5003464681	Deultum (1166606);	T	7026345	SYSADM
updated	2001-10-31 01:05:54	5003464682	Colonia Flavia Pacensis Deultum (1166607);	T	7026345	SYSADM
updated	2002-04-23 20:34:45	5003486719	Colonia Flavia Pacensis Deultum (1166607);	T	7026345	SYSADM
updated	2002-07-11 18:18:44	5004578594	Deultum (1166606);	T	7026345	SYSADM
updated	2002-07-11 18:18:44	5004578595	Colonia Flavia Pacensis Deultum (1166607);	T	7026345	SYSADM
updated	2004-07-08 15:27:06	5004608528		S	7026345	JGOODELL
updated	2004-07-08 15:27:06	5004608529	Deultum (1166606);	T	7026345	JGOODELL
updated	2004-07-08 15:27:06	5004608530	Colonia Flavia Pacensis Deultum (1166607);	T	7026345	JGOODELL
added	2004-07-08 15:27:06	5004608531	Develt (1001179145);	T	7026345	JGOODELL
updated	2004-07-08 15:36:41	5004608534		S	7026345	JGOODELL
updated	2004-07-08 15:36:41	5004608535	Colonia Flavia Pacensis Deultum (1166607);	T	7026345	JGOODELL
added	2004-07-08 15:36:42	5004608536	Colonia Flavia Pacis Deultensium (1001179146);	T	7026345	JGOODELL
updated	2004-07-08 15:36:42	5004608537	Develt (1001179145);	T	7026345	JGOODELL
added	2004-07-08 15:36:42	5004608538	Debelt (1001179147);	T	7026345	JGOODELL
added	2004-07-08 15:36:42	5004608539	Dovelt (1001179148);	T	7026345	JGOODELL
updated	2004-07-08 15:36:54	5004608540		S	7026345	JGOODELL
updated	2004-07-08 15:41:02	5004608541		S	7026345	JGOODELL
updated	2004-07-08 15:43:00	5004608542		S	7026345	JGOODELL
updated	2004-07-08 15:43:00	5004608543	Develt (1001179145);	T	7026345	JGOODELL
updated	2004-07-08 15:43:00	5004608544	Debelt (1001179147);	T	7026345	JGOODELL
updated	2004-07-08 15:43:00	5004608545	Dovelt (1001179148);	T	7026345	JGOODELL
updated	2004-07-08 15:43:00	5004608546	Colonia Flavia Pacensis Deultum (1166607);	T	7026345	JGOODELL
updated	2004-07-08 15:43:00	5004608547	Colonia Flavia Pacis Deultensium (1001179146);	T	7026345	JGOODELL
updated	2004-07-08 15:54:50	5004608548		S	7026345	JGOODELL
updated	2004-07-08 15:54:50	5004608549	Colonia Flavia Pacis Deultensium (1001179146);	T	7026345	JGOODELL
parent added	2004-07-08 15:55:23	5004608550	Burgas (region) (7018760);	S	7026345	JGOODELL
created	1991-09-13 06:00:00	5000024319		S	1079440	sysadm
modified	1997-02-25 14:00:00	5000933829		S	1079440	laila
updated	2001-10-31 00:09:32	5001368839	Sinj$01ar (80239);	T	1079440	SYSADM
updated	2001-10-31 00:44:23	5002464245	Sinj$01ar (80239);	T	1079440	SYSADM
updated	2002-07-11 18:01:06	5003581905	Sinj$01ar (80239);	T	1079440	SYSADM
created	1992-01-03 19:19:00	5000750206		S	6005479	sysadm
modified	1997-06-18 14:43:00	5001171363		S	6005479	laila
updated	2001-10-31 00:30:56	5002318885	Singara (170798);	T	6005479	SYSADM
updated	2001-10-31 01:04:44	5003414287	Singara (170798);	T	6005479	SYSADM
updated	2002-07-11 18:17:53	5004529618	Singara (170798);	T	6005479	SYSADM
updated	2004-05-18 15:14:29	5004606913		S	6005479	JGOODELL
parent added	2004-05-18 15:15:14	5004606914	Roman Empire (former nation/state/empire) (7024414);	S	6005479	JGOODELL
updated	2004-05-18 15:17:47	5004606917		S	6005479	JGOODELL
parent added	2004-05-18 15:18:15	5004606918	Assyria (kingdom) (7016606);	S	6005479	JGOODELL
updated	2004-05-18 15:19:59	5004606921		S	6005479	JGOODELL
updated	2004-07-08 16:49:58	5004608607		S	6005479	JGOODELL
parent added	2004-07-08 16:50:55	5004608608	Sinj$01ar (inhabited place) (1079440);	S	6005479	JGOODELL
updated	2004-07-08 16:51:35	5004608609		S	6005479	JGOODELL
created	1991-09-13 06:37:00	5000015437		S	1086843	sysadm
modified	1996-06-26 15:04:00	5000924948		S	1086843	kharon
updated	2001-10-31 00:09:45	5001378043	Samsat (87713);	T	1086843	SYSADM
updated	2001-10-31 00:44:34	5002473449	Samsat (87713);	T	1086843	SYSADM
updated	2002-07-11 18:01:16	5003591108	Samsat (87713);	T	1086843	SYSADM
updated	2001-10-31 01:05:48	5003459387	Saena Julia (1157517);	T	7024074	SYSADM
updated	2001-10-31 01:05:48	5003459388	Sanna (1157518);	T	7024074	SYSADM
updated	2001-10-31 01:05:48	5003459389	Sena (1157519);	T	7024074	SYSADM
updated	2001-10-31 01:05:48	5003459390	Sena Julia (1157520);	T	7024074	SYSADM
updated	2001-10-31 01:05:48	5003459391	Senae (1157521);	T	7024074	SYSADM
updated	2002-04-23 20:34:33	5003483535	Siena (1157514);	T	7024074	SYSADM
updated	2002-04-23 20:34:33	5003483536	Saena Julia (1157517);	T	7024074	SYSADM
updated	2002-04-23 20:34:33	5003483537	Sena (1157519);	T	7024074	SYSADM
updated	2002-04-23 20:34:33	5003483538	Senae (1157521);	T	7024074	SYSADM
updated	2002-05-09 14:19:23	5003489984		S	7024074	PHARPRING
updated	2002-07-11 18:18:49	5004583101	Siena (1157514);	T	7024074	SYSADM
updated	2002-07-11 18:18:49	5004583102	Sienna (1157515);	T	7024074	SYSADM
updated	2002-07-11 18:18:49	5004583103	siena (test) (1157516);	T	7024074	SYSADM
updated	2002-07-11 18:18:49	5004583104	Saena Julia (1157517);	T	7024074	SYSADM
updated	2002-07-11 18:18:49	5004583105	Sanna (1157518);	T	7024074	SYSADM
updated	2002-07-11 18:18:49	5004583106	Sena (1157519);	T	7024074	SYSADM
updated	2002-07-11 18:18:49	5004583107	Sena Julia (1157520);	T	7024074	SYSADM
updated	2002-07-11 18:18:49	5004583108	Senae (1157521);	T	7024074	SYSADM
updated	2002-07-29 16:55:48	5004583265		S	7024074	SYSADM
created	1992-01-03 19:27:00	5000748563		S	6006728	sysadm
modified	2000-10-30 15:19:48	5001169739		S	6006728	patricia
updated	2001-10-31 00:30:56	5002319410	junk (172047);	T	6006728	SYSADM
updated	2001-10-31 01:04:44	5003414812	junk (172047);	T	6006728	SYSADM
updated	2002-07-11 18:17:54	5004530142	junk (172047);	T	6006728	SYSADM
updated	2003-11-19 12:13:44	5004603956		S	6006728	PHARPRING
updated	2003-11-19 12:13:44	5004603957	junk (172047);	T	6006728	PHARPRING
added	2003-11-19 12:13:44	5004603958	junk 1 (1001178611);	T	6006728	PHARPRING
added	2003-11-19 12:13:44	5004603959	junk 2 (1001178612);	T	6006728	PHARPRING
created	1991-09-12 23:35:00	5000003038		S	7002798	sysadm
modified	2000-11-08 14:29:00	5000912581		S	7002798	patricia
updated	2001-10-31 00:31:06	5002325959	Catalu$09na (1795);	T	7002798	SYSADM
updated	2001-10-31 00:31:06	5002325960	Catalonia (138306);	T	7002798	SYSADM
updated	2001-10-31 00:31:06	5002325961	Catalunya (172566);	T	7002798	SYSADM
updated	2001-10-31 00:31:06	5002325962	Catalan (1159586);	T	7002798	SYSADM
updated	2001-10-31 01:04:54	5003421231	Catalu$09na (1795);	T	7002798	SYSADM
added	2003-11-19 12:15:54	5004603979	junk 1a (1001178613);	T	6006765	PHARPRING
created	1992-01-03 19:47:00	5000748568		S	6006765	sysadm
modified	2000-10-30 15:19:48	5001169744		S	6006765	patricia
updated	2001-10-31 00:30:56	5002319419	junk (174644);	T	6006765	SYSADM
updated	2001-10-31 01:04:44	5003414821	junk (174644);	T	6006765	SYSADM
updated	2002-07-11 18:17:54	5004530151	junk (174644);	T	6006765	SYSADM
parent added	2003-06-03 13:10:10	5004587486	America, North (miscellaneous) (6000234);	S	6006765	PHARPRING
updated	2003-08-05 12:27:02	5004591787		S	6006765	JGOODELL
updated	2003-11-19 12:15:54	5004603978		S	6006765	PHARPRING
updated	2001-10-31 01:04:54	5003421232	Catalonia (138306);	T	7002798	SYSADM
updated	2001-10-31 01:04:54	5003421233	Catalunya (172566);	T	7002798	SYSADM
updated	2001-10-31 01:04:54	5003421234	Catalan (1159586);	T	7002798	SYSADM
updated	2002-07-11 18:18:00	5004536382	Catalu$09na (1795);	T	7002798	SYSADM
updated	2002-07-11 18:18:00	5004536383	Catalonia (138306);	T	7002798	SYSADM
updated	2002-07-11 18:18:00	5004536384	Catalunya (172566);	T	7002798	SYSADM
updated	2002-07-11 18:18:00	5004536385	Catalan (1159586);	T	7002798	SYSADM
updated	2003-07-01 14:16:35	5004587802		S	7002798	NARCE
added	2003-07-01 14:16:35	5004587803	Catalan Catalunya (1001176278);	T	7002798	NARCE
updated	2003-07-01 14:16:53	5004587804		S	7002798	NARCE
updated	2003-07-01 14:16:53	5004587805	Catalan Catalunya (1001176278);	T	7002798	NARCE
updated	2003-07-01 14:18:37	5004587806		S	7002798	NARCE
updated	2003-07-01 14:18:37	5004587807	Catalan Catalunya (1001176278);	T	7002798	NARCE
updated	2003-07-01 14:27:20	5004587808		S	7002798	NARCE
updated	2003-07-01 14:34:42	5004587809		S	7002798	NARCE
updated	2003-07-01 14:34:42	5004587810	Catalan (1159586);	T	7002798	NARCE
updated	2003-07-01 15:11:50	5004587825		S	7002798	NARCE
updated	2003-07-01 15:11:50	5004587826	Catalan Catalunya (1001176278);	T	7002798	NARCE
updated	2003-10-08 14:43:01	5004598577		S	7002798	JGOODELL
updated	2003-11-24 11:00:48	5004604174		S	7002798	ACHIPMAN
updated	2003-11-24 11:00:48	5004604175	Catalonia (138306);	T	7002798	ACHIPMAN
added	2003-11-24 11:00:48	5004604176	Catalu$09na (7002798) 'distinguished from' Catalu$09na (7024277);	A	7002798	ACHIPMAN
updated	2003-11-24 11:06:51	5004604178		S	7002798	ACHIPMAN
deleted	2003-11-24 11:06:51	5004604179	Catalu$09na (7002798) 'distinguished from' Catalu$09na (7024277);	A	7002798	ACHIPMAN
created	1999-04-15 15:58:00	5000000986		S	7024277	sysadm
modified	2000-04-20 14:35:00	5000910529		S	7024277	patricia
updated	2001-10-31 00:31:57	5002364972	Catalu$09na (1158420);	T	7024277	SYSADM
updated	2001-10-31 00:31:57	5002364973	Catalunya (1158421);	T	7024277	SYSADM
updated	2001-10-31 00:31:57	5002364974	Catalonia (1158422);	T	7024277	SYSADM
updated	2001-10-31 00:31:57	5002364975	Catalan (1159587);	T	7024277	SYSADM
updated	2001-10-31 01:05:48	5003459796	Catalu$09na (1158420);	T	7024277	SYSADM
updated	2001-10-31 01:05:48	5003459797	Catalunya (1158421);	T	7024277	SYSADM
updated	2001-10-31 01:05:48	5003459798	Catalonia (1158422);	T	7024277	SYSADM
updated	2001-10-31 01:05:48	5003459799	Catalan (1159587);	T	7024277	SYSADM
updated	2002-07-11 18:18:39	5004573986	Catalu$09na (1158420);	T	7024277	SYSADM
updated	2002-07-11 18:18:39	5004573987	Catalunya (1158421);	T	7024277	SYSADM
updated	2002-07-11 18:18:39	5004573988	Catalonia (1158422);	T	7024277	SYSADM
updated	2002-07-11 18:18:39	5004573989	Catalan (1159587);	T	7024277	SYSADM
added	2003-11-24 11:00:48	5004604177	Catalu$09na (7024277) 'distinguished from' Catalu$09na (7002798);	A	7024277	ACHIPMAN
deleted	2003-11-24 11:06:51	5004604180	Catalu$09na (7024277) 'distinguished from' Catalu$09na (7002798);	A	7024277	ACHIPMAN
created	1992-08-08 15:03:20	5000156482		S	2010144	sysadm
modified	1997-05-10 19:23:00	5000986469		S	2010144	GNIS loader RD
updated	2001-10-31 00:11:30	5001457761	Barona Ranch Indian Reservation (194820);	T	2010144	SYSADM
updated	2001-10-31 00:46:10	5002553167	Barona Ranch Indian Reservation (194820);	T	2010144	SYSADM
updated	2002-07-11 18:02:37	5003668541	Barona Ranch Indian Reservation (194820);	T	2010144	SYSADM
created	1997-05-14 22:30:00	5000156611		S	2149095	sysadm
updated	2001-10-31 00:14:32	5001593573	Barona Indian Reservation (426208);	T	2149095	SYSADM
updated	2001-10-31 00:48:54	5002688979	Barona Indian Reservation (426208);	T	2149095	SYSADM
updated	2002-07-11 18:05:04	5003804340	Barona Indian Reservation (426208);	T	2149095	SYSADM
updated	2003-03-03 14:19:52	5004585767		S	2149095	PHARPRING
created	1992-08-08 20:52:33	5000877456		S	2048944	sysadm
modified	1997-05-10 19:23:00	5001257941		S	2048944	GNIS loader RD
updated	2001-10-31 00:12:13	5001490781	Thurmont (233620);	T	2048944	SYSADM
updated	2001-10-31 00:46:50	5002586187	Thurmont (233620);	T	2048944	SYSADM
updated	2002-07-11 18:03:13	5003701561	Thurmont (233620);	T	2048944	SYSADM
created	1991-10-18 16:59:00	5000877591		S	3000893	sysadm
modified	1994-03-09 10:33:00	5001257989		S	3000893	patricia
updated	2001-10-31 00:30:42	5002309006	Thurmont (142969);	T	3000893	SYSADM
updated	2001-10-31 01:04:31	5003404412	Thurmont (142969);	T	3000893	SYSADM
updated	2002-07-11 18:17:44	5004519767	Thurmont (142969);	T	3000893	SYSADM
created	1991-09-13 09:39:00	5000737143		S	1111027	sysadm
modified	1997-04-17 09:40:00	5001158346		S	1111027	victoria
updated	2001-10-31 00:10:21	5001405536	Tarim Pendi (112178);	T	1111027	SYSADM
updated	2001-10-31 00:45:07	5002500942	Tarim Pendi (112178);	T	1111027	SYSADM
updated	2002-07-11 18:01:44	5003618600	Tarim Pendi (112178);	T	1111027	SYSADM
created	1992-01-03 19:21:00	5000729539		S	6005825	sysadm
modified	1997-09-29 16:37:00	5001150798		S	6005825	patricia
updated	2001-10-31 00:30:56	5002319017	Tarim Basin (171144);	T	6005825	SYSADM
updated	2001-10-31 01:04:44	5003414419	Tarim Basin (171144);	T	6005825	SYSADM
updated	2002-07-11 18:17:54	5004529750	Tarim Basin (171144);	T	6005825	SYSADM
added	2004-07-05 14:42:37	5004608182	NEW SUBJECT (1001179128);	T	7030334	JGOODELL
created	2004-07-05 14:42:37	5004608183		S	7030334	JGOODELL
parent added	2004-07-05 14:46:18	5004608197	Roman Empire (former nation/state/empire) (7024414);	S	7030334	JGOODELL
updated	2004-07-05 14:44:05	5004608184		S	7030334	JGOODELL
updated	2004-07-05 14:44:05	5004608185	Mauretania Tingitana (1001179128);	T	7030334	JGOODELL
created	1992-01-03 19:18:00	5000752079		S	6005197	sysadm
modified	1994-03-07 12:55:00	5001172790		S	6005197	murtha
updated	2001-10-31 00:30:56	5002318780	Samosata (170516);	T	6005197	SYSADM
updated	2001-10-31 01:04:43	5003414182	Samosata (170516);	T	6005197	SYSADM
created	1991-11-09 22:42:00	5000000053		S	7024414	sysadm
updated	2002-07-11 18:17:53	5004529513	Samosata (170516);	T	6005197	SYSADM
moved	2004-07-15 11:53:21	5004608706	Old Parent: temp.parent/ for lost & found/Turkey (7002785)	S	6005197	JGOODELL
updated	2004-07-15 11:55:00	5004608707		S	6005197	JGOODELL
updated	2004-07-15 11:55:17	5004608708		S	6005197	JGOODELL
modified	1999-09-08 16:26:00	5000909597		S	7024414	patricia
updated	2001-10-31 00:31:59	5002365188	Roman Empire (152853);	T	7024414	SYSADM
updated	2001-10-31 00:31:59	5002365189	Empire romain (156575);	T	7024414	SYSADM
updated	2001-10-31 01:05:48	5003460012	Roman Empire (152853);	T	7024414	SYSADM
updated	2001-10-31 01:05:48	5003460013	Empire romain (156575);	T	7024414	SYSADM
moved	2002-06-19 10:29:17	5003491389	Old Parent: World (1000000)	S	7024414	SYSADM
updated	2002-07-09 11:52:15	5003492520		S	7024414	PHARPRING
parent added	2002-07-09 12:07:31	5003492533	Rome (former nation/state/empire) (7029453);	S	7024414	PHARPRING
updated	2002-07-11 18:18:39	5004574198	Roman Empire (152853);	T	7024414	SYSADM
updated	2002-07-11 18:18:39	5004574199	Empire romain (156575);	T	7024414	SYSADM
updated	2004-05-18 15:16:52	5004606915		S	7024414	JGOODELL
updated	2004-05-18 15:24:52	5004606930		S	7024414	JGOODELL
updated	2004-07-15 14:25:04	5004608725		S	7024414	JGOODELL
added	2004-07-15 14:25:04	5004608726	Roman Empire (7024414) 'related to' Byzantine Empire (7024407);	A	7024414	JGOODELL
updated	2004-07-15 14:33:01	5004608731		S	7024414	JGOODELL
deleted	2004-07-15 14:33:01	5004608732	Roman Empire (7024414) 'related to' Byzantine Empire (7024407);	A	7024414	JGOODELL
added	2002-07-09 12:01:00	5003492521	NEW SUBJECT (1001175535);	T	7029453	PHARPRING
created	2002-07-09 12:01:00	5003492522		S	7029453	PHARPRING
created	2002-07-09 12:04:28	5003492523		N	7029453	PHARPRING
updated	2002-07-09 12:04:28	5003492524		S	7029453	PHARPRING
updated	2002-07-09 12:04:28	5003492525	Rome (1001175535);	T	7029453	PHARPRING
added	2002-07-09 12:04:28	5003492526	Roma (1001175536);	T	7029453	PHARPRING
added	2002-07-09 12:04:28	5003492527	Roman Republic and Empire (1001175537);	T	7029453	PHARPRING
updated	2002-07-09 12:05:48	5003492528		S	7029453	PHARPRING
updated	2002-07-09 12:05:48	5003492529	Rome (1001175535);	T	7029453	PHARPRING
updated	2002-07-09 12:05:48	5003492530	Roman Republic and Empire (1001175537);	T	7029453	PHARPRING
updated	2004-07-15 14:26:28	5004608728		S	7029453	JGOODELL
created	1991-09-13 06:37:00	5000025645		S	1086812	sysadm
modified	1996-06-26 16:14:00	5000935153		S	1086812	kharon
updated	2001-10-31 00:09:45	5001377998	Siirt (87681);	T	1086812	SYSADM
