	Cuneo, Architettura Armena (1988)	Cuneo, Paolo. Architettura Armena: Dal quarto al diciannovesimo secolo. Roma: De Luca, 1988.	N	9003390
	As$00i es Catalu$09na (1987)	As$00i es Catalu$09na: Gu$00ia del Patrimonio Arquitect$00onico. Barcelona: Plaza & Jan$00es, 1987.	N	9003393
	Geographisches Lexikon Schweiz (1902)	Geographisches Lexikon der Schweiz. Dictionnaire g$00eographique de la Suisse. Neuch$03atel: Attinger fr$02eres, 1902-1910.	N	9003394
	Byzantine Wall Paintings of Crete (1973)	Kalokyres, Konstantinos D. The Byzantine Wall Paintings of Crete. New York: Red Dust, 1973.	N	9003396
	Symposion Byzantinon (1982)	Symposion Byzantinon: Colloque international des historiens de Byzance: Strassburg, 27-30 septembre 1982. Byzantinische Forschungen. Edited by Freddy E. Thiriet. Amsterdam: A.M. Hakkett, 1987.	N	9003397
	Kampis, History of Art in Hungary (1966)	Kampis, Antal. The History of Art in Hungary. Translated by Lili Halapy. Budapest: Corvina Press, 1966.	N	9003407
	Reclams: Baden-W$04urtemmberg (1967)	Reclams Kunstf$04uhrer, Deutschland II: Baden-W$04urtemmberg. Edited by Herbert Brunner. Reclams Universal-Bibliothek. Stuttgart: P. Reclam, 1967.	N	9003422
	Kunstwerke in der Ostschweiz (1974)	Gesellschaft Schweizerischer Maler, Bildhauer und Architekten. Kunstwerke bei $04offentlichen Bauten in der Ostschweiz: Kantone SG, TG, AI AR und im F$04urstentum Liechtenstein. Sankt Gallen, Schweiz: Fehr'sche Buchhandlung, 1974.	N	9003427
	Arta	Arta. Bucure$47sti: Uniunea Arti$47stilor Plastici, 1968-.	N	9003436
	Guide Bleu: Irlande (1975)	Irlande. Les Guides Bleus. Paris: Hachette, 1975.	N	9003440
	Montgomeryshire Collections	Montgomeryshire Collections. Welshpool, Wales: Powys-Land Club, 1868-.	N	9003442
	Mango, Silver from Byzantium (1986)	Mango, Marlia Mundell. Silver from Early Byzantium: The Kaper Koraon and Related Treasures. Baltimore: Trustees of the Walter Art Gallery, 1986.	N	9003446
	Speake, Anglo-Saxon Animal Art	Speake, George. Anglo-Saxon Animal Art and its Germanic Background. Oxford: Clarendon Press; New York: Oxford University Press, 1980.	N	9003455
	Menclova, $07Ceske Hrady (1976)	Menclov$02a, Dobroslava. $07Ceske hrady. $07Ceske d$07ejiny. Praha: Odeon, 1976.	N	9003457
	Hikuin	Hikuin. $10Arhus, Danmark: Moesgaard forhistorisk museum, 1974-.	N	9003475
	McNicoll, Taskun Kale Anatolia (1983)	McNicoll, Anthony. Taskun Kale: Keban Rescue Excavations, Eastern Anatolia. Oxford: B.A.R., 1983.	N	9003477
	Fogg, Beauty of Ancient Art (1964)	Fogg Art Museum. The Beauty of Ancient Art: Classical Antiquity, Near East, Egypt. Edited by Herbert Hoffmann. Mainz: P. von Zabern, 1964.	N	9003478
	Forces: U.S. & Coalition /Army. U.S. Defense Department, CNN (2003)	U.S. Defense Department, "Forces: U.S. & Coalition /Army." CNN [online], 21 March 2003. http:/www/cnn/com/SPEACIALS/2003/iraq/forces/coalition/deployment/army/camp/doha/html	M	2009007216
	Lost City Near Machu Picchu, Reuters, CNN (2003)	Reuters. "Lost city near Machu Picchu found." CNN, 9 November 2003 [online]. http://www.cnn.com/2003/TECH/science/11/08/peru.inca.reut/index.html (11 November 2003).	N	2009007215
	Spalding Churches [online] (1999-2002)	Spalding Churches [online], 1999-2002. http://www.spaldingchurches.org (12 November 2003)	N	2009007217
	University of Hull [online] (2003)	University of Hull [online], 2003. http://www.hull.ac.uk (12 November 2003)	N	2009007218
	English Heritage [online] (2003-)	English Heritage [online], 2003-. http://www.english-heritage.org.uk (12 November 2003)	N	2009007219
	Deshayes, Dikili Tash, Archaeology (1972)	Deshayes, Jean. "Dikili Tash and the Origins of the Troadic Culture." Archaeology 25/3: 198-205 (June 1972)	N	2009007220
	IATH [online] (2003)	Institute for Advanced Technology in the Humanities [online], 2003. http://www.iath.virginia.edu (13 November 2003)	N	2009007221
	Culture.fr [online] (2003)	Culture.fr: le portail de culture [online], 2003. http://www.culture.fr (17 November 2003)	N	2009007222
	Bradshaw Foundation [online] (2003)	Bradshaw Foundation [online], 2003. http://www.bradshawfoundation.com (17 November 2003)	N	2009007223
	OCLC [online] (2003)	Online Computer Library Center [online], 2003. http://www.oclc.org (17 November 2003)	N	2009007224
	Israel must withdraw, London Times (2002)	"Bush: Israel must withdraw." London: The Times (April 4, 2002) [online]. http://www.repubblica.it/online/	M	2009007225
	Ontario Parks [online] (2003)	Ontario Parks [online], 2003. http://www.ontarioparks.com (18 November 2003)	N	2009007226
	Chennai Museum [online] (2003)	Government Museum Chennai, Government of Tamilnadu, India [online], 2003. http://www.chennaimuseum.org (18 November 2003)	N	2009007227
	Bulgarian Tourist Web Guide. [online] (1997-2003)	Bulgarian Tourist Web Guide. [online] Web Design Productions, 1997-2003. http://www.peakview. bg (20 Nov. 2003)	N	2009007228
	Kashmir Insurgency, New York Times (2003)	"India Grapples With Changes in the Kashmir Insurgency." New York Times. Sunday, November 16, 2003. A6	N	2009007229
	Ohio Historical Society [online] (1998-2003)	Ohio Historical Society [online], 1998-2003. http://www.ohiohistorycentral.org (24 November 2003)	N	2009007230
	National Park Service [online] (2003)	National Park Service [online], 2003. http://www.nps.gov (24 November 2003)	N	2009007231
	San Baudelio: Iglesia Moz$00arabe [online] (2002)	San Baudelio (Berlanga de Duero.- Soria): Iglesia Moz$00arabe [online], 2002. http://www.arrakis.es/~jalp/baudelio.htm (24 November 2003).	N	2009007232
	British Academy [online] (2002)	The British Academy. The National Academy for the Humanities and the Social Sciences  [online], 2002. http://www.britac.ac.uk (3 December 2003)	N	2009007233
	Royal Commission, Scotland: Argyll(1971)	Argyll: An Inventory of the Ancient Monuments. Edinburgh: Royal Commission on the Ancient and Historical Monuments and Constructions of Scotland; H.M. Stationery Office, 1971-1984.	M	9005484
	Armenian Architecture (1980)	Armenian Architecture: A Documented Photo-Archival Collection on Microfiche. Directed by V.L. Parsegian. Zug, Schweiz: Inter Documentation Company, 1980-.	M	9005486
	AAA: California/Nevada (1990)	American Automobile Association. California-Nevada Tour Book. Falls Church, VA: A.A.A., 1990.	M	9005487
	Atlas de l'Ordre Cistercien (1965)	Meer, Frederik van der. Atlas de l'Ordre Cistercien. Amsterdam: Elsevier, 1965.	M	9005489
	Avery Index, 6th Supplement (1985)	Avery Index to Architectural Periodicals. Sixth Supplement. Boston: G.K. Hall, 1985.	M	9005490
	Avery Index, 7th Supplement (1986)	Avery Index to Architectural Periodicals. Seventh Supplement. Boston: G.K. Hall, 1986.	M	9005493
	Annuario Generale (1980)	Annuario Generale: Comuni e frazioni d'Italia 1980/1985. Milano: Touring Club Italiano, 1980.	M	9005498
	Atlas of Medieval Europe (1983)	Matthew, Donald. Atlas of Medieval Europe. New York: Facts on File Publications, 1983.	M	9005499
	Brulhart, Ville de Gen$02eve (1985)	Brulhart, Armand. Ville et canton de Gen$02eve. Arts et monuments. Bern: Soci$00et$00e d'Histoire de l'Art en Suisse, 1985.	M	9005500
	USBGN: France (1964)	United States Office of Geography. Foreign Gazetteers of the U.S. Board on Geographic Names: France. Washington: The Office of Geography, 1964.	M	9005501
	USBGN: Greece (1960)	United States Office of Geography. Foreign Gazetteers of the U.S. Board on Geographic Names: Greece. Washington: The Office of Geography, 1960.	M	9005502
	USBGN: Italy (1956)	United States Office of Geography. Foreign Gazetteers of the U.S. Board on Geographic Names: Italy. Washington: The Office of Geography, 1956.	M	9005503
	USBGN: Libya (1973)	United States Office of Geography. Foreign Gazetteers of the U.S. Board on Geographic Names: Libya. Washington: The Office of Geography, 1973.	M	9005504
	Dictionnaire Fran$05cais-Espagnol (1973)	Garc$00ia-Pelayo y Gross, Ram$00on. Dictionnaire fran$05cais-espagnol, espa$09nol-franc$00es. Paris: Larousse, 1973.	N	9002392
	Bildhandbuch: K$04arnten (1976)	Hootz, Reinhardt. Kunstdenkm$04aler in $04Osterreich, II: K$04arnten. Bildhandbuch der Kunstdenkm$04aler. M$04unchen; Berlin: Deutscher Kunstverlag, 1976.	N	9002406
	Michelin: Auvergne (1984)	Auvergne: Guide de tourisme. Les Guides Verts Michelin. Paris: Pneu Michelin, 1984.	N	9002439
	Guide Bleu: Auvergne (1970)	Auvergne et Centre: Berry, Bourbonnais, Forez, Marche, Limousin. Les Guides Bleus. Paris: Hachette, 1970.	N	9002440
	Sanson, Atlas du Monde (1988)	Sanson, Nicolas (1600-1667). Atlas du monde (reprint of Cartes g$00en$00erales de toutes les parties du monde, 1665). Edited by Mireille Pastoureau. Paris: Sand & Conti, 1988.	N	9002464
	Martini, Settecento Veneto (1982)	Martini, Egidio. La pittura del Settecento veneto. Udine, Friuli-Venezia Giulia: Istituto per l'enciclopedia del Friuli Venezia Giulia, Distribuzione Centro diffusione, 1982.	N	9002467
	Interpretazioni Veneziane (1984)	Interpretazioni veneziane: Studi di storia dell'arte in onore di Michelangelo Muraro. Edited by David Rosand. Venezia: Arsenale Editrice, 1984.	N	9002468
	Arte Veneta	Arte Veneta. Venezia: Arte Veneta, 1947-.	N	9002469
	Ferjan, Zbornik za Umetnostno Zgodovino	Ferjan, Jana Intihar. Zbornik za Umetnostno zgodovino: Archives d'histoire de l'art. Ljubljana: Slovensko umetnostnozgodinsko dru$07stvo, 1951-.	N	9002471
	Panofsky, Netherlandish Painting (1958)	Panofsky, Erwin. Early Netherlandish Painting, Its Origins and Character. Cambridge, MA: Harvard University Press, 1958.	N	9002473
	Archivum Artis Lovaniense (1981)	Archivum artis Lovaniense: Bijdragen tot de geschiedenis van de kunst der Nederlanden. Leuven: Peeters, 1981.	N	9002474
	Steinsvik, Carl Larsson (1989)	Steinsvik, Kjell Rasmus and Oystein Naper. Carl Larsson 1853-1919: Stiftelsen Modums blaafarvevark, 6. mai - 1. oktober 1989. Oslo, Norge: Kongelige Norske Blaafarvevarks Skol, 1989.	N	9002509
	Puppi, Andrea Palladio (1973)	Puppi, Lionello. Andrea Palladio. Milano: Electa, 1973.	N	9002516
	Kubelik, Die Villa im Veneto (1977)	Kubelik, Martin. Die Villa im Veneto. Studien-Centro tedesco di studi veneziani. M$04unchen: S$04uddeutscher Verlag, 1977.	N	9002517
	Zodiaque: Alsace (1982)	Robert, Will. Alsace romane. Nuit des temps. La Pierre-qui-Vire, Yonne: Zodiaque, 1982.	N	9002531
	L'Oeil	L'Oeil. Paris: L'Oeil, 1955-.	N	9002536
	Bridge, Traveller in Portugal (1961)	Bridge, Ann. The Selective Traveller in Portugal. New York: McGraw-Hill, 1961.	N	9002193
	Art Diary International	Art Diary International. Milano: G. Politi, 1990-.	N	9002540
	Scritti in Onore di R. Causa (1988)	Scritti di storia del arte in onore di Raffaello Causa. Edited by Pierluigi Leone De Castris. Napoli: Electa, 1988.	N	9001788
	Baedekers: Southern Italy (1883)	Baedeker's Southern Italy and Sicily: With Excursions to the Lipari Islands, Malta, Sardinia, Tunis, and Corfu. Leipzig: K. Baedeker, 1883.	N	9001789
	Esperienza Monastica Benedettina (1983)	L'Esperienza monastica benedettina e la Puglia: Atti del convegno di studio organizzato in occasione del XV centenario della nascita di San Benedetto. Saggi e Ricerche. Edited by Cosimo Damiano Fonseca. Galatina, Puglia: Congedo Editore, 1983-1984.	N	9001793
	Storia Urbana	Storia urbana. Milano: F. Angeli, 1977-.	N	9001796
	Knaurs: Schweden (1987)	Knaurs Kulturf$04uhrer in Farbe, Schweden. Edited by Margaret S$14oderberg. Stockholm: Bonniers, 1987.	N	9001807
	Soby, Ben Shahn (1947)	Soby, James Thrall. Ben Shahn. West Drayton, London: Penguin Books, 1947.	N	9001826
	The Arts	The Arts: Arts Weekly. Brooklyn, NY: Hamilton Easter Field, 1920-.	N	9001827
	Nagel's: Iceland (1985)	Iceland. English version by Gordon Stokes. Nagel's Encyclopedia-Guides. Gen$02eve: Nagel Publishers, 1985.	N	9001849
	Dehio Handbuch: S$04uddeutschland (1925)	Dehio, Georg. Handbuch der Deutschen Kunstdenkm$04aler III: S$04uddeutschland. Berlin: Verlag Ernst Wasmuth, 1925.	N	9001864
	Jabal Hamrat Fidan Project: UCSD	Archaeology in Jordan: the Jabal Hamrat Fidan Project. University of California, San Diego. <http://weber.ucsd.edu/Depts/Anthro/classes/tlevy/Fidan/Fidan01.html>	N	9006946
	INORA: Int'l News on Rock Art	Clottes, Jean, ed. INORA: International Newsletter on Rock Art, no. 23 (1999 ). 	N	9006947
	Schuster, Mariners in Peru, Archaeology (1998)	Schuster, Angela M.H. "Ancient Mariners Found in Peru," Archaeology Online News, Nov. 9, 1998. Archaeological Institute of America. <http://www.archaeology.org/online/news/peru.html>	N	9006948
	Siberia, Washington Post (1997)	Suplee, Curt. "Artifacts May Push Back Human Residency in Siberia by 300,000 Years." Washington Post (Feb. 28, 1997), p. A8.	N	9006949
	Slayman, Hominids in Siberia (1997)	Slayman, Andrew L. "Early Hominids in Siberia?" Archaeology Newsbriefs, vol. 50, no. 3 May/June 1997. Archaeological Institute of America. <http://www.archaeology.org/9705/newsbriefs/siberia/html>.	N	9006950
	Nagel's: Rumania (1985)	Rumania. 4th ed. Nagel's Encyclopedia-Guides. Gen$02eve: Nagel Publishers, 1985.	M	9006951
	Archaeology in the age of the internet	Conference on Computer Applications & Quantitative Methods in Archaeology (25th: 1997: Univ. of Birmingham). "Archaeology in the age of the internet." Oxford: Archaeopress (dist. by Hadrian Books), 1999.	N	9006952
	G$04oltepe/Kestel Project	The G$04oltepe/Kestel Project. Oriental Institute, University of Chicago. <http://www-oi.uchicago.edu/OI/PROJ/GOL/Goltepe.html>.	N	9006953
	Turktravel.net	Turktravel.net. Gezinet Media & Communications, Ltd. <http://www.turktravel.net>.	N	9006954
	Nantgarw Porcelain (1948)	John, William David. Nantgarw Porcelain. Newport, England: R.H. Johns Ltd., 1948.	N	9006955
	Field School: San Marcos Pueblo [online]	"2000 University of New Mexico Southwest Archaeological Field School at San Marcos Pueblo." [online]. http://www.unm.edu/~aramenof/swfs.html.	N	9006956
	Research at Pueblo San Marcos	Pierce, Christopher & Ann F. Ramenofsky. Report on archaeological research at Pueblo San Marcos (LA 98) during 1999 by the University of New Mexico. 2000.	N	9006957
	Arkitekten	Arkitekten. K$14obenhavn: Arkitekten, 1894-.	M	9006338
	Princeton Encyclopedia of Classical Sites (1979)	The Princeton Encyclopedia of Classical Sites, 2nd ed. Princeton, NJ: Princeton University Press, 1979.	M	9006339
	Gebhard, Guide to Architecture in LA (1977)	Gebhard, David. A Guide to Architecture in Los Angeles and Southern California. Santa Barbara, CA: Peregrine Smith, 1977.	M	9006340
	Fodor's: South America (1990)	South America. Fodor's Modern Guides. New York: David McKay, 1990.	M	9006341
	Blue Guide: France (1984)	France. Edited by Ian Robertson. 1st ed. The Blue Guides. London: E. Benn; New York: W.W. Norton, 1984.	M	9006342
	Bolet$00in Seminario de Estudios de Arte	Bolet$00in del Seminario de Estudios de Arte y Arqueolog$00ia. BSAA. Valladolid: Universidad de Valladolid, Facultad de Filosof$00ia y Letras, 1934-.	M	9006291
	Statesman's Year Book (1990)	The Statesman's Year-Book. New York: St. Martin's Press, 1990.	M	9006344
	Blue Guide: Northern Italy (1984)	Northern Italy from the Alps to Rome. Edited by Alta Macadam. 8th ed. The Blue Guides. London: A. & C. Black; New York: W.W. Norton, 1984.	M	9006345
	Stylianou, Churches of Cyprus (1985)	Stylianou, Andreas and Judith A. Stylianou. The Painted Churches of Cyprus: Treasures of Byzantine Art. London: Trigraph, 1985.	M	9006346
	Guide Artistique: France (1968)	Guide artistique de la France. Paris: Hachette, 1968.	M	9006347
	Companion Guide: Jugoslavia (1974)	Cuddon, J.A. The Companion Guide to Jugoslavia. 2nd ed. London: Collins, 1974.	M	9006348
	De Nederlandse Museumgids (1980)	De Nederlandse museumgids: Musea, oudheidkamers, bezoekerscentra, planten- endierentuinen. 's-Gravenhage: Staatsuitgeverij, 1980.	M	9006351
	FDA Worksheet	Foundation for Documents of Architecture, Washington, DC. Names found on worksheets provided by cataloguers of drawings, 1986-.	M	9006352
	Acta Historiae Artium (1953-)	Acta historiae artium. Budapest: Magyar Tudomanyos Akademia, 1953-.	M	9006228
	Israel Museum Journal	The Israel Museum Journal. Muze'on Yisra'el. Yerushalayim: The Israel Museum, 1982-.	M	9006229
	Atlas of Classical Archaeology (1977)	Atlas of Classical Archaeology. Edited by M.I. Finley. New York: McGraw-Hill, 1977.	M	9006230
	Arch$04aologische Ausgrabungen (1988)	Arch$04aologische Ausgrabungen in Baden-W$04urttemberg. Arch$04aologische Informationen aus Baden W$04urttemberg. Stuttgart: Landesdenkmalamt Baden-W$04urttemberg, 1988-1989.	M	9006231
	Anschnitt	Anschnitt. Bochum: Vereinigung der Freunde von Kunst und Kultur im Bergbau, 1949-.	M	9006232
	Muveszettorteneti Ertesito	M$12uv$00eszett$04ort$00eniti $00ertes$00it$12o. Budapest: Akad$00emiai Kiad$00o, 1952-.	M	9006233
	Bardazzi, S. Leonardo e Faltugnano(1984)	Bardazzi, Silvestro and Eugenio Castellani. S. Leonardo e Faltugnano. Insediamenti pedemontani in riva sinistra del Bisenzio, III. Prato, Toscana: Azienda autonoma di turismo, 1984.	M	9006234
	Bartholomew Gazetteer of Britain (1977)	Bartholomew Gazetteer of Britain. Compiled by Oliver Mason. Edinburgh: John Bartholomew and Son Ltd., 1977.	M	9006237
	Bartholomew Gazetteer of Britain (1984)	Bartholomew Gazetteer of Britain. Compiled by Oliver Mason. Edinburgh: John Bartholomew and Son Ltd., 1984.	M	9006244
	Bartholomew Gazetteer of Britain (1979)	Bartholomew Gazetteer of Britain. Compiled by Oliver Mason. Edinburgh: John Bartholomew and Son Ltd., 1979.	M	9006245
	Bartholomew Gazetteer of Britain (1988)	Bartholomew Gazetteer of Britain. Compiled by Oliver Mason. Edinburgh: John Bartholomew and Son Ltd., 1988.	M	9006246
	Bartholomew Gazetteer of Britain (1986)	Bartholomew Gazetteer of Britain. Compiled by Oliver Mason. Edinburgh: John Bartholomew and Son Ltd., 1986.	M	9006249
	Studium Franciscanum, Liber Annus	Studium Blblicum Franciscanum. Liber Annuus. Studii Biblici Franciscani. Yerushalayim: Franciscan Printing Press, 1950-.	M	9006250
	Oxford English Reference Dictionary (1996)	Pearsall, Judy and Bill Trumble, eds. The Oxford English Reference Dictionary. Oxford: Oxford University Press, 1996.	N	2009007106
	Macmillan Encyclopedia 2001 (2000)	Isaacs, Allan, ed. The Macmillan Encyclopedia 2001. Aylesbury, England: Market House Books Ltd., 2000. 	N	2009007107
	UK Counties and Regions Abbreviations [web site] (1997-98)	UK Counties and Regions Abbreviations [web site]. Tom Feise at TriAnglia UK,1997-98. http://www.455th.ukpc.net/tomfeise/tomcabbr.htm (16 Dec 2002).	N	2009007108
	Oxford Paperback Encyclopedia (1998)	Oxford Paperback Encyclopedia. Oxford: Oxford University Press, 1998.	N	2009007109
	Oxford Dictionary of English Place-Names (1998)	Mills, A. D., ed. A Dictionary of English Place-Names. Oxford: Oxford University Press, 1998.	N	2009007110
	Townsend, Ancient West Mexico (1998)	Townsend, Richard, ed. Ancient West Mexico: Art and Archaelogy of the Unknown Past. London: Thames and Hudson, 1998.	N	2009007111
	Concise Description of Flanders [web site] (2002)	Concise Description of Flanders [web site]. The Integration Website, 2002. http://noosphere.cc/flandersHistory.html (22 Jan 2003).	N	2009007112
	Native American Architectural Site Index [online] (2002)	Native American Arts & Architecture: Native American Architectural Site Index. Bainbridge Bunting Slide Library: University of New Mexico, College of Fine Arts [online] http://www.unm.edu/~bbmsl/aisite.htm (accessed 3 March 2003).	N	2009007113
	AATA [online] (1995-)	Art and Architecture Technical Abstracts [online] J. Paul Getty Trust. 1995-. http://aata.getty.edu/NPS/.	N	2009007114
	University of Leeds, Reconstructing the Quseiri Documents (2002)	University of Leeds. Reconstructing the Quseiri Arabic Documents Project. Leeds: University of Leeds, 2002. http://www.comp.leeds.ac.uk/eddiew/ (13 March 2003)	N	2009007115
	Iraq, New York Times (2003)	Gordon, Michael, R. "Early Blows Set the Stage." New York Times (March 20, 2003), A1 & A12	N	2009007116
	$07Sibenik (1999)	"Explore the town of $07Sibenik." [online]. $07Sibenik, Croatia: Town of $07Sibenik 1999. <http://www.sibenik-knin.com/sibenik/index.htm>.	M	9006802
	Svoboda, Pavlov Site (1994)	Svoboda, Jir$00i. "The Pavlov Site, Czech Republic: Lithic Evidence from the Upper Paleolithic." Journal of Field Archaeology. Boston: Boston University, 1974-. [online version] <http://jfa-www.bu.edu/Abstracts/S/Svoboda_21_1.html>.	M	9006803
	Kapit$04an, Stentinello (1976)	Kapit$04an, G. "Il relitto Corinzio de Stentinello nella Baia de S. Panagia (Siracusa)." Sicilia Archeologica, IX (1976), 87-103.	M	9006804
	Windmill Hill (1999)	"Windmill Hill." [online]. Ancient Britain, 1999. <http://www.webways.net/ancient/windmill.htm>.	M	9006805
	Rock Shelter at Riparo (1998)	University of Birmingham Field Archaeology Unit. "The Rock Shelter at Riparo Cavallino (Monte Covolo)." [online]. Birmingham: University of Birmingham, 1998. <http://www.bufau.bham.ac.uk>.	M	9006806
	Grove Dictionary of Art online (1999-2002)	Grove Dictionary of Art (online edition). Edited by Jane Turner. New York: Macmillan Publishing Ltd., 1999-2002. http://www.groveart.com (3 December 1999)	N	9006807
	Cucuteni Exhibition (1997)	Archaeological Museum of Thessaloniki. "The Cucuteni Exhibition." Thessaloniki: Archaeological Museum and cIMeC, 1997. <http://www.cimec.ro/Arheologie>.	N	9006808
	Mayan Temple, New York Times (1999)	Preston, Julia. "Impressive Throne Unearthed at a Mayan Temple Complex." New York Times (April 22, 1999), A12.	N	9006809
	CSFA, Ohio Cave (1998)	Center for the Study of the First Americans. "Ohio Cave, Sealed Since Ice Age, Yields Data on Paleo-Americans." Corvallis, OR: Oregon State University, 1998. [online]. <http://www.peak.org/csfa/mt13-1.html>.	M	9006810
	Dictionary of Ceramics (1989)	Savage, George and Harold Newman. An Illustrated Dictionary of Ceramics. London: Thames and Hudson, 1989.	N	9006811
	Jones, Anzick Site (1997)	Jones, J. Scott. "The Anzick Site: Analysis of a Clovis Burial Assemblage." Corvallis, Oregon: Oregon State University, Department of Anthropology, 1997. [online]. <http://osu.orst.edu/dept/anthropology> (1 July 1999).	M	9006779
	Carson, Flanders (n.d.)	Carson, Patricia. The Fair Face of Flanders. Ghent: Scientific Publications, n.d.	N	9006737
	Rancho Cucamonga (1999)	"The History of Rancho Cucamonga." [online]. 1999. <http://www.ci.rancho-cucamonga.ca.us/history.htm>.	M	9006738
	Provincia de Santa Fe (1999)	"Municipios Sutopsustenables en la Provincia de Santa Fe." [online]. 1999. <http://www.interredes.com.ar/merceda/rma/Provin/StaFe.htm>.	M	9006739
	Columbia Gazetteer (1998)	Columbia Gazetteer of the World. Edited by Saul B. Cohen. New York: Columbia University Press, 1998.	M	9006740
	Colonial Beach (1999)	"Town of Colonial Beach." [online]. 1999. <http://www.3n.net/cbva>.	M	9006741
	Magocsi, Central Europe (1993)	Magocsi, Paul Robert. Historical Atlas of East Central Europe. Seattle: University of Washington Press, 1993.	M	9006742
	Facts on File (1999)	Facts on File: World News Digest [online], 1999. <http://www.facts.com>.	M	9006743
	Butler TN, Los Angeles Times (1999)	"People of displaced town seek place for museum." Los Angeles Times, (January 23, 1999), A19 ff.	N	9006744
	Seventh District (1999)	"Demographics of the 7th District." [online]. 1999. <http://www.house.gov/bobfranks/district_info.htm>.	M	9006745
	GPI records	Getty Provenance Index.	M	9006746
	Pottinger, Travels (1816)	Pottinger, Henry. Travels in Beloochistan and Sinde, accompanied by a geographical and historical account of those countries. London: Longman, Hurst, Rees, Orme, and Brown, 1816.	M	9006747
	USBGN Bulletin, no. 19 (1999)	United States Board on Geographic Names. Foreign Names Information Bulletin: XIX.  Washington: National Imagery and Mapping Agency, 1999.	N	9006748
	U of Texas, PCL Maps (1999)	Perry-Casta$09nada Library Map Collection. The General Libraries: Library Online. Austin, TX: University of Texas at Austin, 1999. <http://www.lib.utexas.edu/Libs/PCL/Map_collection/Map_collection.html>.	M	9006749
	Britannica Book of the Year (1999)	1999 Britannica Book of the Year. Events of 1998. Chicago: Encyclop$70aedia Britannica Inc., 1999.	N	9006750
	Umbria Online [online] (2001, 2003)	Umbria Online [online], 2001, 2003. http://www.umbriaonline.com (3 December 2003)	N	2009007234
	Linos School of Art [online] (2003)	Linos School of Art [online], 2003. http://www.linos.org (3 December 2003)	N	2009007235
	ibercultura.com [online] (2003)	ibercultura.com: Cultura, turismo y ocio en Espa$09na [online], 2003. http://www.ibercultura.com (3 December 2003)	N	2009007236
	Institute of Nautical Archaeology [online] (2000-2003)	Institute of Nautical Archaeology [online], 2000-2003. http://ina.tamu.edu (9 December 2003)	N	2009007237
	Marcus, Emblems of Identity (1996)	Marcus, Michelle I. Emblems of Identity and Prestige: the seals and sealings from Hasanlu, Iran. Philadelphia: University Museum, University of Pennsylvania, 1996.	N	2009007238
	Vialidad.cl [online] (2003)	Vialidad.cl [online], 2003. http://www.vialidad.cl (12 December 2003)	N	2009007240
	El Panam$00a Am$00erica [online] (2003)	El Panam$00a Am$00erica [online], 2003. http://elpanamaamerica.com.terra.pa (12 December 2003)	N	2009007241
	Rybov$00a and Drda, Hradi$07ste by Stradonice (1994)	Rybov$00a, Alena and Petr Drda. Hradi$07ste by Stradonice: Rebirth of a Celtic Oppidum. Praha: Institute of Archaeology, Czech Academy of Sciences, 1994.	N	2009007242
	European Geopark Status for the Marble Arch Caves [online] (2002)	European Geopark Status for the Marble Arch Caves and Cuilcagh Mountain Park. Environment and Heritage Service [online], 2002. http://www.ehsni.gov.uk/EHSNews/news/geopark.htm.	N	2009007243
	Hipatia: Universitat Aut$02onoma de Barcelona [online] (2004)	Hipatia, el servidor web de la Biblioteca d'Humanitats, Universitat Aut$02onoma de Barcelona [online], 2004. http://hipatia.uab.es (5 January 2004)	N	2009007244
	Harrington, Oldest Paintings, Archaeology Magazine [online] (1998)	Harrington, Spencer P. M. "Oldest Paintings of People in the Middle East." Archaeology Magazine. May 27, 1993. http://www.archaeology.org/online/news/euphrates.html (5 January 2004)	N	2009007245
	Catholic Universities of America University Libraries [online] (2003)	Catholic Universities of America University Libraries [online], 2003. http://libraries.cua.edu (5 January 2003)	N	2009007246
	Crash Kills All 148, New York Times (2004)	"Crash Kills All 148 on Flight from Egypt to Paris." New York Times, January 4, 2004, A1.	N	2009007247
	Gousha: North & South Dakota (1995)	H.M. Gousha Company.  North Dakota, South Dakota: Roadmap [map].  Comfort, TX: Gousha, 1995.	N	9006636
	Gousha: Hawai'ian Islands (1993)	H.M. Gousha. Hawai'ian Islands: Roadmap [map]. New York, NY: Gousha, 1993.	M	9006637
	Gousha: Louisiana (1993)	H.M. Gousha. Louisiana: Roadmap [map]. New York, NY: Gousha, 1993.	N	9006638
	AAA: Arkansas/Oklahoma (1993)	American Automobile Association. Arkansas-Oklahoma [map]. Heathrow, Florida: A.A.A., 1993.	N	9006639
	Sleepy Hollow, Washington Post (1996)	The Associated Press. "Town Now Called Sleepy Hollow." Washington Post [online edition] (December 11, 1996) <http://washingtonpost.com>.	N	9006640
	Osceola City Courthouse, Iowa (1997)	Osceola City Courthouse, Osceola, (Clarke County) Iowa.  Per telephone conversation with the office of the City Clerk on June 30th, 1997.	N	9006597
	Gousha: Mississippi (1996)	H.M. Gousha Company.  Mississippi: Roadmap [map].  Comfort, TX: Gousha, 1996.	N	9006641
	Gousha: Idaho-Montana (1995)	H.M. Gousha Company. Idaho-Montana: Roadmap [map]. Comfort, TX: Gousha, 1995.	N	9006642
	Broward County Engineering Div., Florida	Broward County Engineering Division, Fort Lauderdale, Florida. Per telephone conversation with Mildred Hooks on August 20, 1997.	N	9006646
	Liberty County Courthouse, Florida(1997)	Liberty County Courthouse, Bristol, Florida. Per telephone conversation with the office of the County Clerk on August 22, 1997.	N	9006647
	Levy County Dev. Auth., Florida (1997)	Levy County Development Authority, Bronson, Florida. Per telephone conversation with George Sandora of the Economic Development Council on August 22, 1997.	N	9006648
	AAA: Ohio/West Virginia (1993)	American Automobile Association.  Ohio-West Virginia [map].  Heathrow, FL: A.A.A., 1993.	N	9006649
	Santa Rosa Island Auth., Florida (1997)		N	9006650
	Drawing Lines, New York Times (1996)	Fisher, Ian. "American Infantrymen Begin Drawing Lines in Bosnia's Scarred Soil." New York Times (January 16, 1996), A4.	M	9006555
	G.I.'s in Bosnia, New York Times (1996)	Fisher, Ian. "With Dangers All Around Them, G.I.'s in Bosnia Stay Nonchalant." New York Times (January 12, 1996), A1.	M	9006556
	Arafat, Los Angeles Times (1996)	Miller, Marjorie. "For Arafat, the Hard Part is Still to Come." Los Angeles Times (January 23, 1996), A4.	N	9006557
	Killing in Bosnia, New York Times (1996)	Hedges, Chris. "U.S. Aide Sees Signs of Killing in Bosnia Field." New York Times (January 21, 1996), A1 & A4.	M	9006559
	Novo Dicion$00ario Aur$00elio (1975)	Novo Dicion$00ario da L$00ingua Portuguesa. Edited by Aur$00elio Buarque de Holanda Ferreira. Rio de Janeiro: Editora Nova Fronteira S.A., 1975.	N	9006560
	NIMA, GEOnet Names Server (1996-1998)	United States National Imagery and Mapping Agency. GEOnet Names Server [online database]. Edited by the U.S. Board on Geographic Names. Washington: National Imagery and Mapping Agency, 1996.	M	9006561
	CIA, World Fact Book (1995)	US Central Intelligence Agency. 1995 World Fact Book [online]. Washington: Central Intelligence Agency, 1995. <http://www.odci.gov/cia/publications/95fact/>.	M	9006562
	Blue Guide: Crete (1993)	Crete. Edited by Pat Cameron. 6th edition. The Blue Guides. London: A. & C. Black, 1993.	M	9006564
	Nationhood, Washington Post (1996)	"Seeking Passage to Nationhood." Washington Post (February 25, 1996), A1-A25.	N	9006565
	ISO Newsletter (1996)	International Organization for Standardization. ISO 3166 Newsletter. Berlin: 1996.	N	9006566
	Greek, Roman & Byzantine Studies	Greek, Roman and Byzantine studies. Durham, NC: Duke University, 1958-.	N	9001867
	Nagel's: Bulgaria (1969)	Bulgaria. Prepared by Charles Jacques Veyrenc. Nagel's Encyclopedia-Guides. Gen$02eve: Nagel Publishers, 1969.	N	9001886
	American Guides: West Virginia (1941)	Federal Writers' Project. West Virginia: The Mountain State. American Guide Series. Compiled by the Writers' Program of the Work Projects for the state of West Virginia. New York: Oxford University Press, 1941.	N	9001904
	AAA: New York (1962)	American Automobile Association. New York and Adjacent Canada [map]. Washington: A.A.A., 1962.	N	9001906
	Annales d'Histoire de l'Art	Section d'histoire de l'art et d'arch$00eologie de l'Universit$00e libre de Bruxelles. Annales d'histoire de l'art et d'arch$00eologie. Bruxelles: l'Universit$00e libre de Bruxelles, 1979-.	N	9001915
	Crowl, Historic Britain (1983)	Crowl, Philip Axtell. The Intelligent Traveller's Guide to Historic Britain: England, Wales, the Crown Dependencies. New York: Congdon and Weed, 1983.	N	9001917
	Jahrbuch Dillingen an der Donau	Jahrbuch des Historischen Vereins Dillingen an der Donau. Dillingen-Donau, Schwaben: Historischer Verein Dillingen an der Donau, 1952-.	N	9001932
	British Museum Society Bulletin (1989-)	Bulletin. British Museum Society. London: The British Museum Society, 1989-.	N	9001942
	Bagatti, Antichi Villaggi (1983)	Bagatti, Bellarmino. Antichi villaggi cristiani della Giudea e del Neghev. Yerushalayim: Franciscan Printing Press, 1983.	N	9001947
	Hughes, Travels in the Holy Land (1989)	Hughes, Richard M. Travels in the Holy Land. London: Merehurst, 1989.	N	9001950
	Fodor's: Jordan & Holy Land (1989)	Showker, Kay. Fodor's Jordan and the Holy Land. Fodor's Modern Guides. New York: Fodor's Travel Guides, 1989.	N	9001953
	Bulletin of Institute of Archaeology (1976-)	Bulletin of the Institute of Archaeology. London: Institute of Archaeology, University of London, 1976-.	N	9001967
	Arkheologicheskie Otkrytiia (1987)	Arkheologicheskie otkrytiia 1983 goda v Abkhazii. Sa'kart'velos SSR mec'nierebat'a akademia: Ark'eologiuri komisia. Edited by G.K. Shamba. Tblisi: Metsniereba, 1987.	M	9006251
	Nagel's: Poland (1974)	Poland. English version by Helga S.B. Harrison. Nagel's Encyclopedia-Guides. Gen$02eve: Nagel Publishers, 1974.	M	9006252
	Times Atlas of the World (1985)	Times Atlas of the World. 7th comprehensive edition. New York: Times Books, 1985.	M	9006253
	Felix Ravenna	Felix Ravenna. Faenza, Emilia-Romagna: Fratelli Lega, 1911-.	M	9006255
	Reclams: Lombardei (1981)	Reclams Kunstf$04uhrer, Italien I: Lombardei. Edited by Heinz Schomann. Reclams Universal-Bibliothek. Stuttgart: P. Reclam, 1981.	M	9006257
	Colloquio sul Mosaico Antico (1983)	Colloque international pour l'$00etude de la mosa$04ique antique. III Colloquio internazionale sul mosaico antico: Ravenna, 6-10 settembre 1980. Edited by Raffaella Farioli Campanati. Ravenna: Edizioni del Girasole, 1983.	M	9006258
	Baedekers: Belgium & Holland (1910)	Belgium and Holland, including the Grand-Duchy of Luxembourg: Handbook for Travellers. 15th ed. Leipzig: K. Baedeker; New York: C. Scribner's Sons, 1910.	M	9006259
	BAR: Pictish Studies (1984)	Pictish Studies: Settlement, Burial, and Art in Dark Age Northern Britain. BAR series, 125. Edited by J.G.P. Friell and W.G. Watson. Oxford: B.A.R., 1984.	M	9006260
	Baedekers: Germany (1988)	Baedeker's Germany. New York: Prentice-Hall, 1988.	M	9006263
	Baedekers: Spain (1987)	Baedeker's Spain. English translation by James Hogarth. Englewood Cliffs, NJ: Prentice-Hall, 1987.	M	9006266
	Webster's Geographical Dictionary (1988)	Webster's New Geographical Dictionary. Springfield, MA: Merriam-Webster, 1988.	M	9006267
	Baedekers: Tschechoslowakei (1968)	Tschechoslowakei. Baedekers Autoreisef$04uhrer. Stuttgart: Baedekers Autof$04uhrer-Verlag, 1968.	M	9006268
	Byzantinische Zeitschrift	Byzantinische Zeitschrift. M$04unchen: C.H. Beck'sche Verlagsbuchhandlung, 1892-.	M	9006270
	Architectural Review	The Architectural Review. London: Architectural Press Ltd., 1896-.	M	9006271
	Gazetteer of Great Britain (1987)	The Ordinance Survey Gazetteer of Great Britain. Avon: The Bath Press, 1987.	M	9005213
	Blue Guide: Wales (1979)	Wales and the Marches. Edited by John Tomes. The Blue Guides. London: E. Benn, 1979.	M	9005218
	Murray Handbook: Scotland (1894)	A Handbook for Travellers in Scotland. Murray's English Handbooks. London: J. Murray, 1894.	M	9005220
	Baedekers: Spanien und Portugal (1912)	Spanien und Portugal: Handbuch f$04ur Reisende. Leipzig: K. Baedeker, 1912.	M	9005223
	Nagel's: Portugal (1971)	Portugal, Madeira, the Azores. English version by James Hogarth. Nagel's Encyclopedia-Guides. Gen$02eve: Nagel Publishes, 1971.	M	9005225
	Art & Architecture of Russia (1975)	Hamilton, George Heard. Art and Architecture of Russia. Harmondsworth, London; Baltimore: Penguin Books, 1975.	M	9005229
	Bell, Churches of the Tur 'Abdin (1982)	Bell, Gertrude Lowthian. The Churches and Monasteries of the Tur 'Abdin. London: Pindar Press, 1982.	M	9005232
	Blue Guide: Turkey (1989)	Turkey. The Blue Guides. London: A. & C. Black; New York: W.W. Norton, 1989.	M	9005233
	Knaurs: T$04urkei (1987)	Knaurs Kulturf$04uhrer in Farbe, T$04urkei. Edited by Marianne Mehling. M$04unchen: Droemer Knaur, 1987.	M	9005234
	Nagel's: Great Britain & Ireland (1974)	Great Britain and Ireland. 2nd English ed. Nagel's Encyclopedia-Guides. Gen$02eve: Nagel Publishers, 1974.	M	9005117
	Nagel's: Turkey (1984)	Turkey. English version by H.S.B. Harrison. 3rd ed. Nagel's Encyclopedia-Guides. Gen$02eve: Nagel Publishers, 1984.	M	9005236
	Nagel's: Sweden (1968)	Sweden. English version by Blanche Christie. 3rd ed. Nagel's Encyclopedia-Guides. Gen$02eve: Nagel Publishers, 1968.	M	9005239
	Nagel's: USA (1986)	USA. English version by James Hogarth. Nagel's Encyclopedia-Guides. Gen$02eve: Nagel Publishers, 1986.	M	9005240
	Michelin: Canada (1987)	Canada: Tourist Guide. Michelin Green Guides. Qu$00ebec: Michelin Tires Ltd., 1987.	M	9005246
	Nagel's: Canada (1981)	Canada. 3rd ed. Prepared by William H. Parker. Nagel's Encyclopedia-Guides. Gen$02eve: Nagel Publishers, 1981.	M	9005247
	Michelin: Mexico (1989)	Mexico: Tourist Guide. Michelin Green Guides. Greenville, SC: Michelin Tire Publications, 1989.	M	9005249
	Nagel's: Mexico (1986)	Mexico. 2nd ed. Nagel's Encyclopedia-Guides. Gen$02eve: Nagel Publishers, 1986.	M	9005250
	Macedonia, Los Angeles Times (1992)	"Greeks Keep Macedonia a Phantom Nation." Los Angeles Times (May 27, 1992), A-6.	N	9004973
	ACSC: N Coastal San Diego (1988)	Automobile Club of Southern California: Travel Publications Department. North Coastal San Diego Area [map]. Los Angeles, CA: A.C.S.C., 1988.	N	9004975
	ACSC: Central San Diego (1988)	Automobile Club of Southern California: Travel Publications Department. Central San Diego Area [map]. Los Angeles, CA: A.C.S.C., 1988.	N	9004976
	TCI: Sardegna (1984)	Sardegna. 5th ed. Guida d'Italia del Touring Club Italiano. Milano: Touring Club Italiano, 1984.	M	9004986
	TCI: Veneto (1969)	Veneto (non compresa Venezia). 5th ed. Guida d'Italia del Touring Club Italiano. Milano: Touring Club Italiano, 1969.	M	9004987
	TCI: Venezia e Dintorni (1969)	Venezia e dintorni. 2nd ed. Guida d'Italia del Touring Club Italiano. Milano: Touring Club Italiano, 1969.	M	9004993
	AAA: Seattle, Washington (1993)	American Automobile Association. Seattle, Washington [map]. Washington, DC: A.A.A., 1993.	N	9004995
	AAA: Oregon/Washington (1993)	American Automobile Association. Oregon-Washington Tour Book. Heathrow, FL: A.A.A., 1993.	M	9004998
	AAA: Florida (1993)	American Automobile Association. Florida [map]. Washington: A.A.A., 1993.	N	9005003
	ISO Newsletter (1994)	International Organization for Standardization. ISO 3166 Newsletter. Berlin: 1994.	N	9005009
	Bean, Turkey Beyond the Maeander (1989)	Bean, George Ewart. Turkey beyond the Maeander: An Archaeological Guide. London: Murray, 1989.	M	9005010
	Black Homeland, Los Angeles Times (1994)	"Black Homeland Regime Near Collapse." Los Angeles Times (March 11, 1994), A8.	N	9005013
	Oxford Companion to Archaeology (1996)	Oxford Companion to Archaeology. Edited by Brian M. Fagan. New York: Oxford University Press, 1996.	N	9006751
	Guam U.S.A. (1999)	"Official Guam U.S.A. WebSite." [online]. <http://ns.gov.gu>.	M	9006752
	GRI Library (1999)	Getty Research Institute, Library. IRIS, 1998.	M	9006753
	EU Integration (1999)	"Euro-Fresh: Services on European Union Integration." [online]. <http://www.eurofresh.se>.	M	9006754
	Normandie Web (1999)	"Normandie Web." [online]. <http://www.normandieweb.org>.	M	9006755
	Virtual Portugal (1999)	"Virtual Portugal." [online]. <http://www.distrimarketing.pt>.	M	9006756
	Spratly Islands, New York Times (1999)	"Spratly Islands: Manila and Beijing Talk." New York Times (March 23, 1999), A12.	N	9006757
	Sterkfontein, New York Times (1999)	Daley, Suzanne. "Sterkfontein Journal: Solving a 3.5-Million-Year-Old, 3-D Puzzle." New York Times (March 17, 1999), A4.	N	9006758
	Sterkfontein Caves (1999)	"Sterkfontein Caves." [online]. <http://cyberfair.gsn.org/adelaar/sterkfon.htm>.	M	9006759
	FIPS Change Notice, no. 2 (1999)	National Imagery and Mapping Agency. FIPS Publication Change Notice: no.2, 1 March 1999.  Washington: National Imagery and Mapping Agency, 1999.	N	9006760
	FIPS Change Notice, no. 1 (1998)	National Imagery and Mapping Agency. FIPS Publication Change Notice: no.1, 1 December 1998.  Washington: National Imagery and Mapping Agency, 1998.	N	9006761
	Kosova Factbook (1999)	"Kosova Factbook." [online]. <http://www.albanian.com>.	M	9006762
	Embassy, Burkina Faso (1999)	"Burkina Faso: Embassy in Canada." [online]. <http://www.ambaburkina-canada.org>.	M	9006763
	Kingdom of Cambodia (1999)	"Royal Government of the Kingdom of Cambodia: Cambodia Web." [online]. <http://www.cambodia-web.net>.	M	9006764
	NIMA, GNS ADM1 Codes (1999)	United States National Imagery and Mapping Agency. GNS ADM1 Codes to ADM1 Names: FIPS PUB 10-4 [online]. Washington: National Imagery and Mapping Agency, 1998. <http://164.214.2.59/gns/html/ADM1.html>.	M	9006765
	ISO Handbook (1982)	International Organization for Standardization. ISO Standards Handbook I: Documentation and Information. Gen$02eve: International Organization for Standardization, 1982.	M	9006100
	Arheolo'gija un Etnografija	Arheolo'gija un etnografija. R$01iga, Latvija: Zinatne, 1957-.	M	9006101
	Kunstdenkm$04aler: Basel (1969)	Die Kunstdenkm$04aler des Kantons Basel-Landschaft. Die Kunstdenkm$04aler der Schweiz. Basel: Birkh$04auser, 1969.	M	9006106
	DuMont: Portugal (1982)	Strelocke, Hans. Portugal: Vom Algarve zum Minho. DuMont Kunst-Reisef$04uhrer. K$04oln: DuMont Verlag, 1982.	M	9006108
	Jenny: Kunstf$04uhrer Schweiz (1945)	Jenny, Hans. Kunstf$04uhrer der Schweiz: Ein Handbuch unter besonderer Ber$04ucksichtigung der Baukunst. Gesellschaft f$04ur Schweizerische Kunstgeschichte. 4th ed. Bern: B$04uchler & Co., 1945.	M	9006111
	Jenny: Kunstf$04uhrer Schweiz (1939)	Jenny, Hans. Kunstf$04uhrer der Schweiz: Ein Handbuch unter besonderer Ber$04ucksichtigung der Baukunst. Gesellschaft f$04ur Schweizerische Kunstgeschichte. Bern: B$04uchler & Co., 1939.	M	9006112
	Jenny: Kunstf$04uhrer Schweiz (1982)	Kunstf$04uhrer durch die Schweiz. Gesellschaft f$04ur Schweizerische Kunstgeschichte. Edited by Hans Jenny. Revised edition by Alfred A. Schmid. Z$04urich: B$04uchler-Verlag, 1982.	M	9006114
	Jenny: Kunstf$04uhrer Schweiz (1971)	Kunstf$04uhrer durch die Schweiz. Gesellschaft f$04ur Schweizerische Kunstgeschichte. Edited by Hans Jenny. Revised edition by Hans R. Hahnloser and Alfred A. Schmid. Z$04urich: B$04uchler-Verlag, 1971.	M	9006116
	Reclams: Emilia-Romagna (1971)	Reclams Kunstf$04uhrer, Italien IV: Emilia-Romagna, Marken, Umbrien. Reclams Universal-Bibliothek. Stuttgart: P. Reclam, 1971.	M	9006117
	Winterthur Portfolio	Winterthur Portfolio. Chicago: University of Chicago Press, 1964-.	M	9006118
	Figures from the Past (1987)	Figures from the Past: Studies on Figurative Art in Christian Ireland in Honour of Helen M. Roe. Edited by Etienne Rynne. Dun Laoghaire, Dublin: Glendale Press for the Royal Society of Antiquaries of Ireland, 1987.	M	9006055
	Reclams: Madrid & Zentral-Spanien (1986)	Noehles-Doerk, Gisela. Reclams Kunstf$04uhrer, Madrid und Zentralspanien. Reclams Universal-Bibliothek. Stuttgart: P. Reclam, 1986.	M	9005975
	Reclams: $04Osterreich (1961)	Reclams Kunstf$04uhrer, $04Osterreich. Edited by Karl $04Ottinger. Reclams Universal-Bibliothek. Stuttgart: P. Reclam, 1961.	M	9005976
	Reclams: Bayern (1966)	Reclams Kunstf$04uhrer, Deutschland I: Bayern. Reclams Universal-Bibliothek. Stuttgart: P. Reclam, 1966.	M	9005978
	Reclams: Schweden (1985)	Zeitler, Rudolf Walter. Reclams Kunstf$04uhrer, Schweden. Reclams Universal-Bibliothek. Stuttgart: P. Reclam, 1985.	M	9005980
	TCI: Milano e Laghi (1956)	Milano e Laghi. 7th ed. Guida d'Italia del Touring Club Italiano. Milano: Touring Club Italiano, 1956.	M	9005982
	TCI: Milano e Laghi (1967)	Milano e Laghi. 8th ed. Guida d'Italia del Touring Club Italiano. Milano: Touring Club Italiano, 1967.	M	9005985
	TCI: Puglia (1978)	Puglia. 4th ed. Guida d'Italia del Touring Club Italiano. Milano: Touring Club Italiano, 1978.	M	9005990
	Reclams: Niedersachsen (1967)	Reclams Kunstf$04uhrer, Deutschland V: Niedersachsen, Hansest$04adte, Schleswig-Holstein. Edited by Hans-Herbert M$04oller. Reclams Universal-Bibliothek. Stuttgart: P. Reclam, 1967.	M	9005991
	TCI: Roma e Dintorni (1979)	Roma e dintorni. Guida d'Italia del Touring Club Italiano. Milano: Touring Club Italiano, 1979.	M	9005994
	Reclams: Schweiz (1979)	Reclams Kunstf$04uhrer, Schweiz und Liechtenstein. Edited by F. Deuchler. Reclams Universal-Bibliothek. Stuttgart: P. Reclam, 1979.	M	9005995
	Embassy of Armenia, Arm$00enie (1992)	Embassy of the Republic of Armenia. Arm$00enie [map]. Prepared by Gary Boghosian. Los Angeles, CA: Abril Printing Company, 1992.	M	9005996
	Reclams: D$04anemark (1978)	Reclams Kunstf$04uhrer, D$04anemark. Edited by Rudolf Zeitler. Reclams Universal-Bibliothek. Stuttgart: P. Reclam, 1978.	M	9005997
	TCI: Sicilia (1989)	Sicilia. 6th ed. Guida d'Italia del Touring Club Italiano. Milano: Touring Club Italiano, 1989.	M	9005998
	Times Atlas of the World.  Reprint ed. (1994)	Times Atlas of the World. 9th comprehensive edition. Reprinted with revisions 1994. New York: Times Books, 1994.	M	9006567
	Rand McNally Atlas (Reprinted 1994)	Rand McNally and Company. The New International Atlas. 25th Anniversary Edition. Reprinted with revisions 1994. Chicago: Rand McNally, 1994.	N	9006568
	French Fort, New York Times (1996)	Wilford, John Noble. "A French Fort, Long Lost, Is Found in South Carolina." New York Times (June 6, 1996), A1.	M	9006570
	Election, New York Times (1996)	Schmemann, Serge. "Election: A Dawn for Palestinians, Legitimacy for Arafat." New York Times (January 22, 1996), A3.	M	9006571
	TCI: Abruzzo e Molise (1979)	Abruzzo e Molise. 4th ed. Guida d'Italia del Touring Club Italiano. Milano: Touring Club Italiano, (1979).	M	9006574
	Times Atlas of World History (1988)	Barraclough, Geoffrey, ed. Times Atlas of World History, revised ed. Maplewood, New Jersey: Hammond Incorporated, 1988.	M	9006576
	Britannica Book of the Year (1995)	1995 Britannica Book of the Year. Events of 1994. Chicago: Encyclop$70aedia Britannica Inc., 1995.	N	9006577
	Avenarius, Mittelrhein (1974)	Mittelrhein mit Hunsr$04uck, Eifel, Westerwald: Landschaft, Geschichte, Burgenkunde, Kultur, Kunst. N$04urnberg: Glock und Lutz, 1974.	N	9006578
	Bosnia, National Geographic (1996)	"In Focus: Bosnia." National Geographic Magazine CLXXXIX/6 (1996).	N	9006579
	Knopf Guides, Amsterdam (1993)	Knopf Guides: Amsterdam. New York: Alfred A. Knopf, Inc., 1993.	M	9006580
	Annuario Generale (1993)	Annuario Generale dei comuni e delle frazioni d'Italia.  Milano:  Touring Club Italiano, 1993.	N	9006581
	Beirut's Rubble, New York Times (1997)	"Under Beirut's Rubble, Remnants of 5,000 Years of Civilization." New York Times (February 23, 1997), 11.	N	9006582
	Hellenic Ministry of Culture (1996-)	Hellenic Ministry of Culture. Ulysses: [online]  Athens: Hellenic Ministry of Culture, 1996-. <http://www.culture.gr>.	M	9006583
	Gazetteer of Vietnam (1986)	Gazetteer of Vietnam: Names Approved by the United States Board on Geographic Names. Prepared by James Barlow and Carl R. Page. Washington: Defense Mapping Agency, 1986.	M	9006584
	Embassy of Bosnia Herzegovina (1997)	Embassy of Bosnia and Herzegovina. Per e-mail correspondence with Malik Skaljic, May 5 & 7, 1997.	N	9006585
	Zaire, New York Times (1997)	Myers, Steven Lee. "U.S. Accepts Kabila, but Cautions on Democracy." New York Times (May 20, 1997), A7.	M	9006586
	M$04ullers Deutsches Ortsbuch (1984)	M$04uller, Joachim. M$00ullers Grosses Deutsches Ortsbuch: Bundesrepublik Deutschland. Wuppertal: Post- und Ortsbuchverlag, 1984.	M	9005822
	M$04ullers Deutsches Ortsbuch (1986)	M$04uller, Joachim. M$00ullers Grosses Deutsches Ortsbuch: Bundesrepublik Deutschland. Wuppertal: Post- und Ortsbuchverlag, 1986.	M	9005823
	Dehio Handbuch: Dresden (1965)	Die Bezirke Dresden, Karl-Marx-Stadt, Leipzig. Arbeitsstelle f$04ur Kunstgeschichte bei der Deutschen Akademie der Wissenschaften zu Berlin. Georg Dehio Handbuch der Deutschen Kunstdenkm$04aler. M$04unchen; Berlin: Deutscher Kunstverlag, 1965.	M	9005827
	Dehio Handbuch: Rheinland (1987)	Schmitz-Ehmke, Ruth. Nordrhein-Westfalen I: Rheinland. Georg Dehio Handbuch der Deutschen Kunstdenkm$04aler. M$04unchen; Berlin: Deutscher Kunstverlag, 1987.	M	9005830
	Dehio Handbuch: Rheinland (1960)	Schmitz-Ehmke, Ruth. Nordrhein-Westfalen I: Rheinland. Georg Dehio Handbuch der Deutschen Kunstdenkm$04aler. M$04unchen; Berlin: Deutscher Kunstverlag, 1960.	M	9005833
	Dehio Handbuch: Hamburg (1964)	Habich, Johannes. Hamburg, Schleswig-Holstein. Georg Dehio Handbuch der Deutschen Kunstdenkm$04aler. M$04unchen: Deutscher Kunstverlag, 1964.	M	9005836
	Dehio Handbuch: Tirol (1960)	Hammer, Heinrich, et al. Tirol. Dehio Handbuch: Die Kunstdenkm$04aler $04Osterreichs. Wien: Verlag Anton Schroll & Co., 1960.	M	9005838
	Dehio Handbuch: Westfalen (1969)	Kluge, Dorothea and Wilfried Hansmann. Nordrhein-Westfalen II: Westfalen. Georg Dehio Handbuch der Deutschen Kunstdenkm$04aler. M$04unchen; Berlin: Deutscher Kunstverlag, 1969.	M	9005840
	Dehio Handbuch: Bayern I: Franken (1964)	Breuer, Tilmann, et al. Bayern I: Franken. Georg Dehio Handbuch der Deutschen Kunstdenkm$04aler. M$04unchen: Deutscher Kunstverlag, 1964.	M	9005841
	Buildings: Lancashire (1969)	Pevsner, Nikolaus. Lancashire. Buildings of England. Harmondsworth, London: Penguin Books, 1969.	M	9005771
	Archaeologia Cambrensis	Archaeologia Cambrensis. Cardiff, Wales: Cambrian Archaeological Association, 1846-.	M	9005706
	Ars Hungarica	Ars hungarica. Budapest: Akad$00emiai Kiad$00o, 1972-.	M	9005707
	Art History	Art History. London; Boston: Toutledge & K. Paul, 1978-.	M	9005708
	Art in America (1913-)	Art in America: An Illustrated Magazine. New York: Art in America, Inc., 1913-.	M	9005709
	Arte Lombarda	Arte lombarda: Rivista di storia dell'arte. Milano: Edizioni La Rete, 1955-.	M	9005710
	Israel Exploration Journal	Israel Exploration Journal. Yerushalayim: Israel Exploration Society, 1950-.	M	9005711
	Ancient Synagogues Revealed (1982)	Ancient Synagogues Revealed. Edited by Lee I. Levine. Yerushalayim: The Israel Exploration Society; Detroit: Wayne State University Press, 1982.	M	9005712
	Antiquaries Journal	The Antiquaries Journal: Being the Journal of the Society of Antiquaries of London. London; New York: Oxford University Press, 1921-.	M	9005714
	Medieval Archaeology	Medieval Archaeology. London: Society for Medieval Archaeology, 1957-.	M	9005716
	Belas-Artes	Belas-artes: Revista e boletim da Academia Nacional de Belas-Artes. 2nd series. Lisboa: Academia Nacional de Belas-Artes, 1948-.	M	9005717
	Critica d'Arte	Critica d'arte. Firenze: Vallecchi, 1935-.	M	9005718
	Revue $00Etudes Sud-Est Europ$00eennes	Revue des $00etudes sud-est europ$00eennes. Bucure$47sti: Editura Republicii Socialiste Rom$06ania, 1963-.	M	9005719
	Arch$00eologie du Midi M$00edi$00eval	Arch$00eologie du Midi m$00edi$00eval. Carcassonne: Centre d'arch$00eologie m$00edi$00evale du Languedoc, 1983-.	M	9005720
	Mitteldeutsch Vorgeschichte	Jahresschrift f$04ur mitteldeutsch Vorgeschichte. Berlin: VEB Deutscher Verlag der Wissenschaften, 1916-.	M	9005721
	International Directory of Arts (1983)	International Directory of Arts. Internationales Kunst-Adressbuch. 16th ed., 1983/1984. Frankfurt: Art Address Verlag M$04uller, 1983.	N	9001988
	Restle, Bysantinische Wandmalerei (1968)	Restle, Marcell. Die bysantinische Wandmalerei in Kleinasien. Byzantine Wall Painting in Asia Minor. Greenwich, CT: New York Graphic Society, 1968.	N	9001995
	Glas des Jugendstils (1973)	$04Osterreichisches Museum f$04ur Angewandte Kunst. Das Glas des Jugendstils. Forward by Waltraud Neuwirth. M$04unchen: Prestel, 1973.	N	9002002
	Sprawozdania	Sprawozdania: Poznanskie Towarzystwo Przyjaciol Nauk. Wydzial Filologiczno-Filozoficzny. Pozna$00n: Poznanskie Towarzystwo Przyjaci$00ol Nauk, 1972-.	N	9002014
	Kwartalnik Architektury	Kwartalnik Architektury i Urbanistyki: Teoria i Historia. Quarterly of Architecture and Town Planning. Warszawa: Panstowowe Wydawn. Naukowe, 1956-.	N	9002043
	Blue Guide: Austria (1987)	Austria. Edited by Ian Robertson. 2nd ed. The Blue Guides. London: A. & C. Black; New York: W.W. Norton, 1987.	N	9002050
	Pam$07et M$07est (1975)	P$07amet m$07est: M$07estsk$00e pam$00atkov$00e rezervace v $07Cesk$00ych zem$00ich. Praha: Odeon, 1975.	N	9002067
	Michelin: Espa$09na, Portugal (1972)	Espa$09na, Portugal. Les Guides Verts Michelin. Paris: Services de tourisme Michelin, 1972.	N	9002088
	Extremadura Arqueol$00ogica	Extremadura arqueol$00ogica. Direcci$00on General del Patrimonio Cultural. Salamanca, Extremadura: Editora Regional de Extremadura, Consejer$00ia de Educaci$00on y Cultura, 1988-.	N	9002095
	Prete Pedrini, Umbria (1963)	Prete Pedrini, Maria Rosa. Umbria. Torino: Unione tipografico-editrice torinese, 1963.	N	9002101
	Michelin: Austria (1969)	Austria and the Bavarian Alps. 1st ed. Michelin Green Guides. London: Dickens Press, 1966.	N	9002124
	Connoisseur	Connoisseur. New York: Hearst Corporation, 1901-.	N	9002134
	Nederlands Kunsthistorisch Jaarboek	Nederlands kunsthistorisch jaarboek. 's-Gravenhage: Ministerie van Cultuur, Recreatie en Maatschappelijk Werk, 1947-.	N	9002139
	Vignier, Ch$03ateaux de France (1980)	Vignier, Fran$05coise. Dictionnaire des Ch$03ateaux de France: Bourgogne, Nivernais, C$03ote-d'Or, Ni$02evre, Sa$03one-et Loire, Yonne. Paris: Berger-Levrault, 1980.	N	9002145
	R$00ios, Zaragoza (1952)	Abbad-Jaime de Arag$00on R$00ios, Francisco. Zaragoza. Barcelona: Editorial Aries, 1952.	N	9002149
	USBGN: Germany-Soviet Zone (1959)	United States Office of Geography. Foreign Gazetteers of the U.S. Board on Geographic Names: Germany - Soviet Zone and East Berlin. Washington: The Office of Geography, 1959.	N	9002166
	Blue Guide: Loire Valley (1978)	The Loire Valley, Normandy, Brittany. Edited by Ian Robertson. 4th ed. The Blue Guides. London: E. Benn; Chicago: Rand McNally, 1978.	N	9002189
	Embassy of Britain (1980)	Embassy of Britain, Washington, DC. Telephonic communication, 1980.	N	9001785
	Journal of Glass Studies	Journal of Glass Studies. Corning, NY: Corning Museum of Glass, 1959-.	N	9001439
	Murray Handbook: Lincolnshire (1890)	A Handbook for Travellers in Lincolnshire. Murray's English Handbooks. London: J. Murray, 1890.	N	9001451
	Monumental Brass Society's Revised List	Monumental Brass Society. A Revised List of Monumental Brasses in the British Isles. Edited by Nancy Briggs. London: The Monumental Brass Society, 1977-.	N	9001454
	International Byzantine Studies (1958)	International Congress of Byzantine Studies. Berichte zum XI Internationalen Byzantinisten-Kongress, M$04unchen 1958. M$04unchen: C.H. Beck, 1958.	N	9001468
	Faenza	Faenza: Bollettino del museo internazionale delle ceramiche in Faenza. Faenza, Emilia-Romagna: Museo internazionale delle ceramiche, 1966-.	N	9001470
	Buildings: Suffolk (1974)	Pevsner, Nikolaus. Suffolk. 2nd. ed. Revised by Enid Radcliffe. Buildings of England. Harmondsworth, London: Penguin Books, 1974.	N	9001495
	Medieval Pottery in Britain (1988)	McCarthy, Michael R. Medieval Pottery in Britain, AD 900-1600. Leicester: Leicester University Press, 1988.	N	9001506
	National Trust Atlas (1989)	The National Trust Atlas. 3rd rev. ed. London: George Philip, 1989.	N	9001508
	Studio International	Studio International. London: Studio Trust, 1964-.	N	9001510
	Kunstf$04uhrer durch Ungarn (1974)	Dercsenyi, Dezso. Kunstf$04uhrer durch Ungarn. Budapest: Corvina Verlag, 1974.	N	9001535
	Historischen Vereins Mittelfranken	Jahrbuch des Historischen Vereins f$04ur Mittelfranken. Ansbach: Historischen Vereins f$04ur Mittelfranken, 1930-.	N	9001539
	Nordisk Medeltid (1967)	Nordisk medeltid: Konsthistoriska studier till$04agnade Armin Tuulse. Edited by Sten Karling, Erland Lagerl$04of, Jan Svanberg. Stockholm: Almqvist & Wiksell, 1967.	N	9001543
	Bildhandbuch: Schleswig-Holstein (1977)	Hamburg, Schleswig-Holstein. Deutsche Kunstdenkm$04aler: Ein Bildhandbuch. M$04unchen: Deutscher Kunstverlag, 1977.	N	9001559
	Borgens Kulturguide: Sverige (1989)	Borgens Kulturguide: Sverige. K$14obenhavn: Borgens, 1989.	N	9001565
	Dehio Handbuch: Magdeburg (1974)	Der Bezirk Magdeburg. Abteilung Forschung des Instituts f$04ur Denkmalpflege. Georg Dehio Handbuch der Deutschen Kunstdenkm$04aler. M$04unchen; Berlin: Deutscher Kunstverlag, 1974.	N	9001568
	Murphy-O'Connor, Holy Land (1986)	Murphy-O'Connor, Jerome. The Holy Land: An Archaeological Guide from Earliest Times to 1700. 2nd ed. Oxford; New York: Oxford University Press, 1986.	N	9001574
	Raben-Levetzau, Lolland Falster (1988)	Raben-Levetzau, Frederik. Lolland Falster Mon. K$14obenhavn: Gyldendal, 1988.	N	9001576
	Statuaire Religieuse Haut-Doubs (1983)	La Statuaire religieuse du Haut-Doubs Pontissalien. Pontarlier: Association des amis du Mus$00ee de Pontarlier, 1983.	N	9001593
	Zodiaque: Haut-Poitou (1975)	Oussel, Raymond. Haut-Poitou roman. Nuit des temps. La Pierre-qui-Vire, Yonne: Zodiaque, 1975.	N	9001595
	Random House English Dictionary (1987)	The Random House Dictionary of the English Language. Stuart Berg Flexner, editor-in-chief. 2nd ed. New York: Random House, 1987.	N	9001601
	Wright, Travels in Palestine (1968)	Wright, Thomas. Early Travels in Palestine: Comprising the Narratives of Arculf. New York: Ktav Publishing House, 1968.	N	9001606
	Encyclopaedia Britannica (1988)	The New Encyclop$70aedia Britannica. 15th ed. Chicago: Encyclop$70aedia Britannica Inc., 1988.	M	9005014
	Vilnay, Guide to Israel (1971)	Vilnay, Zev. The Guide to Israel. Yerushalayim: Ahiever, 1971.	M	9005018
	Guide Bleu: France (1959)	France. Les Guides Bleus. Paris: Hachette, 1959.	N	9005019
	Fodor's: Yugoslavia (1961)	Yugoslavia. Fodor's Modern Guides. London: Macgibbon and Key, 1961.	N	9005020
	Nagel's: Czechoslovakia (1964)	Czechoslovakia. 3rd ed. The Nagel Travel Guide Series. New York: McGraw-Hill, 1964.	M	9005024
	Nagel's: Czechoslovakia (1975)	Czechoslovakia. 5th ed. Nagel's Encyclopedia-Guides. Gen$02eve: Nagel Publishers, 1975.	M	9005025
	Guide Bleu: France (1967)	France. Les Guides Bleus. Paris: Hachette, 1967.	N	9005026
	Nagel's: Finland (1971)	Finland. 2nd ed. Nagel's Encyclopedia-Guides. Gen$02eve: Nagel Publishers, 1971.	M	9005029
	Nagel's: Finland (1980)	Finland. Nagel's Encyclopedia-Guides. Gen$02eve: Nagel Publishers, 1980.	M	9005030
	Dehio Handbuch: Bayern I: Franken (1979)	Breuer, Tilmann, et al. Bayern I: Franken. Georg Dehio Handbuch der Deutschen Kunstdenkm$04aler. M$04unchen: Deutscher Kunstverlag, 1979.	M	9005035
	M$04ullers Deutsches Ortsbuch (1991)	M$04uller, Joachim. M$00ullers Grosses Deutsches Ortsbuch: Bundesrepublik Deutschland. 24th ed. Wuppertal: Post- und Ortsburchverlag, 1991.	M	9005040
	Guide Bleu: Jordanie (1986)	Jordanie. Edited by Robert Boulanger. Les Guides Bleus. Paris: Hachette, 1986.	M	9005061
	Blue Guide: Scotland (1959)	Scotland. Edited by L. Russell Muirhead. 4th ed. The Blue Guides. London: E. Benn, 1959.	M	9005064
	Blue Guide: Germany (1987)	Germany. Edited by James Bentley. The Blue Guides. London: A. & C. Black; New York: W.W. Norton, 1987.	M	9005068
	Blue Guide: Hungary (1990)	Hungary. Edited by Bob Dent. 1st ed. London: A. & C. Black, 1990.	M	9005082
	Blue Guide: Ireland (1989)	Ireland. Edited by Ian Robertson. 5th ed. The Blue Guides. London: A. & C. Black; New York: W.W. Norton, 1989.	M	9005085
	Scriattoli, Viterbo Monumenti (1915)	Scriattoli, Andrea. Viterbo nei suoi monumenti. Roma: F. Capaccini, 1915.	N	9000493
	Kildare Archaeological Society	County Kildare Archaeological Society. Journal of the County Kildare Archaeological Society. Dublin: E. Ponsonby, 1891-.	N	9000506
	Nagel's: Egypt (1985)	Egypt. English version by James Hogarth. Nagel's Encyclopedia-Guides. Gen$02eve: Nagel Publishers, 1985.	N	9000533
	Wessel, Coptic Art (1965)	Wessel, Klaus. Coptic Art. Translated from the German by Jean Carrol and Sheila Hatton. New York: McGraw-Hill, 1965.	N	9000534
	Rehorst, Jan Buijs Architect (1983)	Rehorst, Chris. Jan Buijs: Architect van de Volharding. 's-Gravenhage: Staatsuitgeverij, 1983.	N	9000543
	Leids Kunsthistrisch Jaarboek	Leeds Kunsthistorisch Jaarboek. Delft: Delftsche Uitg. Mij., 1982-.	N	9000544
	Perogalli, Ville di Mantova (1973)	Perogalli, Carlo. Ville delle provincie di Cremona e Mantova. Ville italiane V: Lombardia. Milano: SISAR, 1973.	N	9000547
	Statesman's Year Book (1989)	The Statesman's Year-Book. New York: St. Martin's Press, 1989.	N	9000550
	DeLorme: Maine Atlas (1979)	David DeLorme and Company. The Maine Atlas and Gazetteer. Yarmouth, ME: David DeLorme and Company, 1979.	N	9000555
	Leonardo	Leonardo. Oxford, England: Pergamon Press, 1968-.	N	9000557
	Klessmann, Berlin Gallery (1971)	Klessman, R$04udiger. The Berlin Gallery. London: Thames and Hudson, 1971.	N	9000574
	Kerr, Guide to Anglo-Saxon Sites (1982)	Kerr, Nigel. A Guide to Anglo-Saxon Sites. London; New York: Granada, 1982.	N	9000579
	Dehio Handbuch: Burgenland (1976)	Schmeller-Kitt, Adelheid. Burgenland. Dehio Handbuch: Die Kunstdenkm$04aler $04Osterreichs. Wien: Verlag Anton Schroll & Co., 1976.	N	9000581
	Australian Art & Architecture (1980)	Australian Art and Architecture: Essays Presented to Bernard Smith. Edited by Anthony Bradley and Terry Smith. Melbourne; New York: Oxford University Press, 1980.	N	9000582
	Harte, Cloth & Clothing (1983)	Cloth and Clothing in Medieval Europe: Essays in Memory of Professor E.M. Carus-Wilson. Edited by N.B. Harte and K.G. Ponting. London: Heinemann Educational Books, 1983.	N	9000598
	Bulletin of National Gallery of Canada (1963-)	Bulletin: National Gallery of Canada. Bulletin: Galerie National du Canada. Ottawa: National Gallery of Canada, 1963-.	N	9000610
	Baedekers: Caribbean (1986)	Baedeker's Caribbean, including Bermuda. New York: Prentice-Hall, 1986.	N	9000624
	Novarien	Novarien. Novara, Italia: Associazione di Storia Ecclesiale Novarese, 1967-.	N	9000629
	Cambridge Encyclopedia (1990)	The Cambridge Encyclopedia. Edited by David Crystal. Cambridge, England; New York: Cambridge University Press, 1990.	N	9000210
	Notizie da Palazzo Albani	Notizie da Palazzo Albani. Urbino: Argalia Editore, 1972-.	N	9000633
	Hook, Siena (1979)	Hook, Judith. Siena: A City and Its History. London: Hamish Hamilton, 1979.	N	9000009
	Times Atlas of World History (1989)	Stone, Norman, ed. The Times Atlas of World History, 3rd ed. Maplewood, NJ: Hammond Incorporated, 1989.	N	9000010
	Reunited, National Geographic (1991)	Ellis, W. "The Morning After: Germany Reunited." National Geographic Magazine CLXXX/3 (1991).	M	9000012
	Cassell's Italian Dictionary (1983)	Cassell's Italian Dictionary. Compiled by Piero Rebora. New York: Macmillan Publishing Co., 1983.	N	9000014
	Caesar, De Bello Gallico (1829)	Caesar, Julius. De Bello Gallico. Caii Julii Casaris Commentarii de Bello Gallico. Boston: Hilliard, Gray, Little and Wilkins, 1829.	N	9000020
	Canada Gazetteer Atlas (1980)	Canada Gazetteer Atlas. Ottawa: Macmillan of Canada, 1980.	N	9000030
	Royal Commission: Cambridgeshire (1968)	Royal Commission on Historical Monuments. An Inventory of Historical Monuments in the County of Cambridgeshire. London: H.M. Stationery Office, 1968.	N	9000037
	United States Government Manual	United States Government Manual. Washington: Office of the Federal Register, 1973/1974-.	N	9000038
	Britannica Atlas (1988)	Britannica Atlas. Chicago: Encyclop$70aedia Britannica Inc., 1988.	N	9000041
	Bildhandbuch: Prag (1978)	Poche, Emanuel. Kunstdenkm$04aler in der Tschechoslowakei, I: Prag. Bildhandbuch der Kunstdenkm$04aler. M$04unchen; Berlin: Deutscher Kunstverlag, 1978.	M	9006000
	TCI: Sicilia (1968)	Sicilia. 5th ed. Guida d'Italia del Touring Club Italiano. Milano: Touring Club Italiano, 1968.	M	9006001
	TCI: Toscana (1974)	Toscana (non compresa Firenze). 4th ed. Guida d'Italia del Touring Club Italiano. Milano: Touring Club Italiano, 1974.	M	9006004
	Knaurs: $04Osterreich (1985)	Knaurs Kulturf$04uhrer in Farbe, $04Osterreich. Austria. A Phaidon Cultural Guide. Edited by Franz N. Mehling. Englewood Cliffs, NJ: Prentice-Hall, 1985.	M	9006005
	TCI: Toscana (1984)	Toscana (non compresa Firenze). Guida d'Italia del Touring Club Italiano. Milano: Touring Club Italiano, 1984.	M	9006009
	Knaurs: Spanien (1985)	Knaurs Kulturf404uhrer in Farbe, Spanien. Spain. A Phaidon Cultural Guide. Oxford: Phaidon, 1985.	M	9006011
	TCI: Toscana (1959)	Toscana (non compresa Firenze). 3rd ed. Guida d'Italia del Touring Club Italiano. Milano: Touring Club Italiano, 1959.	M	9006012
	TCI: Toscana (1979)	Toscana (non compresa Firenze). Guida d'Italia del Touring Club Italiano. Milano: Touring Club Italiano, 1979.	M	9006014
	New Catholic Encyclopedia (1967-1989)	Catholic University of America. New Catholic Encyclopedia. New York: McGraw-Hill, 1967-1989.	M	9006015
	TCI: Torino e Valle d'Aosta (1975)	Torino e Valle d'Aosta. 2nd ed. Guida d'Italia del Touring Club Italiano. Milano: Touring Club Italiano, 1975.	M	9006016
	Blue Guide: Belgium & Luxembourg (1963)	Belgium and Luxembourg. Edited by L. Russell Muirhead. 4th ed. The Blue Guides. London: E. Benn, 1963.	M	9006019
	TCI: Umbria (1950)	Umbria. Guida d'Italia del Touring Club Italiano. Milano: Touring Club Italiano, 1950.	M	9006021
	Blue Guide (1923-)	The Blue Guides. London: E. Benn, 1923-.	M	9006022
	TCI: Lazio (1981)	Lazio. 4th ed. Guida d'Italia del Touring Club Italiano. Milano: Touring Club Italiano, 1981.	M	9006025
	Reclams: Frankreich (1980)	Reclams Kunstf$04uhrer, Frankreich. Reclams Universal-Bibliothek. Stuttgart: P. Reclam, 1980.	M	9006026
	Bronzi Dorati da Cartoceto (1987)	Ministero per i beni culturali e ambientali, Soprintendenza ai beni culturali e ambientali. Bronzi dorati da Cartoceto: Un restauro. Firenze: Cantini, 1987.	N	9004575
	Bo$04ethius, Etruscan & Roman (1978)	Bo$04ethius, Axel. Etruscan and Early Roman Architecture. Revised edition by Roger Ling and Tom Rasmussen. Harmondsworth, London; New York: Penguin Books, 1978.	N	9004591
	Il Chianti (1984)	Centro di Studi Storici Chiantigiani. Il Chianti: Storia, arte, cultura, territorio. Radda in Chianti, Toscana: Centro di Studi Storici Chiantigiani, 1984.	N	9004594
	Giorgione a Venezia (1979)	Giorgione a Venezia: Venezia, Gallerie dell'Accademia, settembre-novembre 1978. Edited by Adriana Augusti Ruggeri. Milano: Electa, 1978.	N	9004607
	Lorenzo Lotto a Treviso (1980)	Lorenzo Lotto a Treviso: Ricerche e restauri. Edited by Gianvittorio Dillon. Treviso: Edizioni Canova, 1980.	N	9004608
	Guide Bleu: Liban (1965)	Liban. Edited by Robert Boulanger. Les Guides Bleus. Paris: Hachette, 1965.	N	9004613
	Bianchi Bandinelli, Late Empire (1971)	Bianchi Bandinelli, Ranuccio. Rome, the Late Empire: Roman Art, A.D. 200-400. Rome, le fin de l'art antique. London: Thames and Hudson, 1971.	N	9004614
	Kunstreisboek voor Nederland (1960)	Kunstreisboek voor Nederland. Amsterdam: Van Kampen, 1960.	N	9004622
	USBGN: Hungary (1961)	United States Office of Geography. Foreign Gazetteers of the U.S. Board on Geographic Names: Hungary. Washington: The Office of Geography, 1961.	N	9004623
	English Romanesque Art (1984)	Arts Council of Great Britain. English Romanesque Art, 1066-1200. Exhibition at the Hayward Gallery, London, 5 April-8 July, 1984. Edited by George Zarnecki, Janet Holdt and Tristram Holland. London: Weidenfeld and Nicolson, 1984.	N	9004624
	Guide Bleu: Portugal (1967)	Portugal, Mad$02ere, A$05cores. Les Guides Bleus. Paris: Hachette, 1967.	N	9004625
	Palol, Arte $00Epoca Visigoda (1968)	Palol Salellas, Pedro de. Arte hisp$00anico de la $00epoca visigoda. Biblioteca de Arte Hisp$00anico. Barcelona: Ediciones Pol$00igrafa, 1968.	N	9004630
	Zodiaque: Catalogne (1968-1970)	Junyent, Eduardo. Catalogne romane. Nuit des temps. La Pierre-qui-Vire, Yonne: Zodiaque, 1968-1970.	N	9004635
	Zodiaque: Castille (1966)	Rodr$00iquez, Abundio. Castille romane. Nuit des temps. La Pierre-qui-Vire, Yonne: Zodique, 1966.	N	9004638
	Baedekers: Austria (1929)	Austria Together with Budapest, Prague, Karlsbad, Marienbad: Handbook for Travellers. Leipzig: K. Baedeker; New York: C. Scribner's Sons, 1929.	N	9004400
	Levin, Moscow, Leningrad & Kiev (1973)	Levin, Deana. Moscow, Leningrad, Kiev: A Guide. London: Collet's, 1973.	N	9004221
	Berton, Moscow (1978)	Berton, Kathleen. Moscow: An Architectural History. New York: St. Martin's Press, 1978.	N	9004223
	Willemse, Drawings of Bidloo (1975)	Willemse, David. The Unknown Drawings of Nicholas Bidloo, Director of the First Hospital in Russia. Voorburg, Nederland: Willemse, 1975.	N	9004226
	Bellocq, Storyville Portraits (1970)	Bellocq, E.J. Storyville Portraits: Photographs from the New Orleans Red-Light District, ca. 1912. Edited by John Szarkowski. New York: Museum of Modern Art, 1970.	N	9004229
	Rosenblum, A World of Photography (1984)	Rosenblum, Naomi. A World History of Photography. 1st ed. New York: Abbeville Press, 1984.	N	9004230
	American Guides: New Orleans (1972)	Federal Writers' Project. New Orleans: New Orleans City Guide. American Guide Series. Compiled by the Writers' Program of the Work Projects for the city of New Orleans. Boston: Houghton Mifflin Company, 1972.	N	9004231
	Goldstone, History Preserved (1974)	Goldstone, Harmon H. and Martha Darymple. History Preserved: Guide to New York City Landmarks and Historic Districts. New York: Simon and Schuster, 1974.	N	9004240
	Buildings: Nottinghamshire (1979)	Pevsner, Nikolaus. Nottinghamshire. 2nd ed. Revised by Elizabeth Williamson. Buildings of England. Harmondsworth, London: Penguin Books, 1979.	N	9004244
	Woman's Art Journal	Woman's Art Journal. Knoxville, TN: Woman's Art Journal, 1980-.	N	9004245
	Congresso Archeologia Cristiana (1982)	Congresso nazionale di archeologia cristiana. Atti del V Congresso nazionale di archeologia cristiana: Torino, Valle di Susa, Cuneo, Asti, Valle d'Aosta, Novara, 22-29 settembre 1979. Roma: Viella, 1982.	M	9005724
	Cahiers de Saint-Michel de Cuxa	Les Cahiers de Saint-Michel de Cuxa. Prades-Codalet, France: Abbaye de Saint-Michel de Cuxa, 1970-.	M	9005725
	Post-Medieval Archaeology	Post-Medieval Archaeology. London, Society for Post-Medieval Archaeology, 1967-.	M	9005726
	Postleitzahlenbuch (1981)	Das Postleitzahlenbuch: Alphabetisch geordnet. Bonn: Deutsche Bundespost Postdienst, 1981.	M	9005727
	$04Osterreichischen Byzantinistik	Jahrbuch der $04osterreichischen Byzantinistik. Wien: Verlag der $04Osterreichischen Akademie der Wissenschaften, 1969-.	M	9005729
	Ceramics Monthly	Ceramics Monthly. Columbus, Ohio: Professional Publications, 1953-.	M	9005730
	Arte Ravennate e Bizantina	Corso di cultura sull'arte ravennate e bizantina. Ravenna: Edizioni del Girasole, 1978-.	M	9005731
	Country Life	Country Life. London: Country Life, Ltd., 1901-.	M	9005732
	Buildings: Essex (1965)	Pevsner, Nikolaus. Essex. 2nd ed. Revised by Enid Radcliffe. Buildings of England. Harmondsworth, London: Penguin Books, 1965.	M	9005734
	Buildings: Yorkshire, York (1972)	Pevsner, Nikolaus. Yorkshire: York and the East Riding. Buildings of England. Harmondsworth, London: Penguin Books, 1972.	M	9005742
	Buildings: Yorkshire, N Riding (1973)	Pevsner, Nikolaus. Yorkshire: The North Riding. Buildings of England. Harmondsworth, London: Penguin Books, 1973.	M	9005743
	Buildings: Dorset (1972)	Pevsner, Nikolaus and John Newman. Dorset. Buildings of England. Harmondsworth, London: Penguin Books, 1972.	M	9005747
	Buildings: N Somerset (1958)	Pevsner, Nikolaus. North Somerset and Bristol. Buildings of England. Harmondsworth, London: Penguin Books, 1958.	M	9005753
	Buildings: Northumberland (1957)	Pevsner, Nikolaus. Northumberland, with Notes on the Roman Antiquities by Ian A. Richmond. Buildings of England. Harmondsworth, London: Penguin Books, 1957.	M	9005754
	Buildings: Staffordshire (1974)	Pevsner, Nikolaus. Staffordshire. Buildings of England. Harmondsworth, London: Penguin Books, 1974.	M	9005755
	Buildings: Warwickshire (1966)	Pevsner, Nikolaus and Alexandra Wedgwood. Warwickshire. Buildings of England. Harmondsworth, London: Penguin Books, 1966.	M	9005756
	Bowlt, Silver Age of Russian Art (1982)	Bowlt, John E. The Silver Age: Russian Art of the Early Twentieth Century and the "World of Art" Group. 2nd ed. Newtonville, MA: Oriental Research Partners, 1982.	N	9003479
	Survey of Western Palestine (1970)	Palestine Exploration Fund. The Survey of Western Palestine. Yerushalayim: Kedem, 1970.	N	9003491
	Immeubles: Aude	France, Direction de l'architecture. Liste des immeubles prot$00eg$00es au titre de la l$00egislation sur les monuments historiques et sur les sites dans le d$00epartement de l'Aude. Paris: Imprimerie nationale, n.d.	N	9003511
	Levin, American Ceramics (1988)	Levin, Elaine. The History of American Ceramics, 1607 to the Present. New York: H.N. Abrams, 1988.	N	9003514
	Petit Larousse (1959)	Larousse, Pierre. Petit Larousse: Dictionnaire encyclop$00edique pour tous. Paris: Librairie Larousse, 1959.	N	9003521
	Oxford: Christian Church (1974)	The Oxford Dictionary of the Christian Church. Edited by F.L. Cross and E.A. Livingstone. 2nd ed. London; New York: Oxford University Press, 1974.	N	9003526
	Collins-Robert French Dictionary (1987)	Collins-Robert Concise French-English English-French Dictionary. Edited by Beryl T. Atkins, et al. New York: Simon and Schuster, 1987.	N	9003530
	TCI: Napoli e Dintorni (1960)	Napoli e dintorni. 4th ed. Guida d'Italia del Touring Club Italiano. Milano: Touring Club Italiano, 1960.	N	9003590
	Miscel$00anea de Arte (1982)	Miscel$00anea de Arte. Madrid: Instituto "Diego Vel$00azquez," Consejo Superior de Investigaciones Cient$00ificas, 1982.	N	9003617
	Actes de l'$00Ecole Fran$05caise (1985)	Lectures m$00edi$00evales de Virgile: Actes du colloque organis$00e par l'$00Ecole fran$05caise de Rome (Rome, 25-28 octobre 1982). Roma: $00Ecole fran$05caise de Rome, 1985.	N	9003632
	Avis Map of Ireland (1985)	Ordnance Survey (Ireland). Avis Complimentary Map of Ireland. Dublin: Avis, 1985.	N	9003634
	Baedekers: $04Osterreich (1970)	$04Osterreich, mit Zufahrtsrouten durch Bayern. Baedekers Autoreisef$04uhrer. Stuttgart: Baedekers Autof$04uhrer-Verlag, 1970.	N	9003640
	Royal Commission, Scotland: Orkney(1982)	Ritchie, J.N.G. Orkney and Shetland. Exploring Scotland's Heritage. Edinburgh: Royal Commission on the Ancient and Historical Monuments of Scotland; H.M. Stationery Office, 1982.	N	9003646
	Reclams: Finnland (1985)	Lilius, Henrik and Rudolf Zeitler. Reclams Kunstf$04uhrer, Finnland. Reclams Universal-Bibliothek. Stuttgart: P. Reclam, 1985.	N	9003650
	Pocket Guide to Denmark (1944)	United States, Army Service Forces. Pocket Guide to the Cities of Denmark. Washington: War Department, 1944.	N	9003358
	Inventaire G$00en$00eral: Gard (1973)	Inventaire g$00en$00eral des monuments et des richesses artistiques de la France. Gard: Canton Aigues-Mortes. Paris: Imprimerie nationale, 1973.	N	9002965
	Michelin: Bourgogne (1970)	Bourgogne, Morvan: Guide de tourisme. Les Guides Verts Michelin. Paris: Pneu Michelin, 1970.	N	9002975
	Artforum	Artforum. New York: Artforum, 1962-.	N	9002991
	Filippo Brunelleschi (1980)	Filippo Brunelleschi, la sua opera e il suo tempo: International Conference in Honor of the 600th Anniversary of the Birth of Filippo Brunelleschi. Organized by Franco Borsi et al. Firenze: Centro Di, 1980.	N	9002993
	Syria Preservation & Presentation (1954)	Collart, Paul. Syria, Problems of Preservation and Presentation of Sites and Monuments. Paris: UNESCO, 1954.	N	9003000
	Dragut, Rum$04anische Malerei(1971)	Dr$06agu$05t, Vasile. Die rum$04anische Malerei in Bildern. Bucure$47sti: Meridiane, 1971.	N	9003003
	Vatasianu, Moldavia Wall Painting (1974)	Vata$47sianu, Virgil. Wall Painting in Northern Moldavia. Translated from the Romanian by Caterina Augusta Grundbock. Bucure$47sti: Meridiane, 1974.	N	9003004
	Reuter, Sixteen States (1992)	Reuter, Konrad. Sixteen States, One Country: The Political Structure of the Federal Republic of Germany. Bonn: Inter Nationes Press, 1992.	N	9006496
	Garc$00ia, Por Tierras Maragatas (1955)	Garc$00ia Escudero, Ricardo. Por tierras maragatas: estudio e historia de Maragater$00ia. Astorga, 1955.  	N	9006497
	Atlas Gr$00afico de Espa$09ana (1984)	Atlas gr$00afico de Espa$09na. 3rd ed. Madrid: Aguilar, 1984.	N	9006498
	Imperial Gazetteer (1878)	The Imperial Gazetteer: A General Dictionary of Geography, Physical, Political, and Descriptive, with a Supplement Bridging the Geographical Information Down to the Latest Dates.  Edited by W.G. Blackie. London: Blackie & Son, 1878.	N	9006499
	Britannica Book of the Year (1994)	1994 Britannica Book of the Year. Events of 1993. Chicago: Encyclop$70aedia Britannica Inc., 1994.	N	9006500
	Chechnya, Los Angeles Times (1994)	"Russia Moves to Encircle Capital of Rebel State [Chechnya]." Los Angeles Times (December 12, 1994), A1.	N	9006501
	Rebel Region, New York Times (1994)	Erlanger, Steven. "Russian Troops Seek to Seal Off Rebel Region as Fighting Flares." New York Times (December 14, 1994), A1.	M	9006502
	Belgium: Tourist Map (1992)	Vlams Commissariaat-Generaal voor Toerisme. Belgium: Tourist Map. Bruxelles: Office de Promotion du Tourisme de la Communaut$00e Fran$05caise, 1992.	N	9006504
	Eagle Eye Maps, Dominica (1994)	Eagle Eye Maps. Road Map Dominica. Mantoloking, NJ: Cartographers Ltd., 1994.	N	9006505
	Eagle Eye Maps, St. Thomas (1994)	Eagle Eye Maps. Road Map St. Thomas, St. John. Mantoloking, NJ: Cartographers Ltd., 1994.	N	9006506
	Eagle Eye Maps, St. Croix (1994)	Eagle Eye Maps. Road Map St. Croix, USVI. Mantoloking, NJ: Cartographers Ltd., 1994.	N	9006507
	The Nile, National Geographic (1995)	"The Nile." National Geographic Magazine CLXXXVII/1 (1995).	N	9006508
	G$04undisch, Siebenb$04urgischen (1976)	G$04undisch, Gustav et al. Studien zur siebenb$04urgischen Kunstgeschichte. K$04oln; Wien: B$04ohlau, 1976.	M	9006460
	Times Atlas of the World (1955-1959)	The Times Atlas of the World. Edited by John Bartholomew. Mid-century edition. London: Times Publishing Company, 1955-1959.	M	9006411
	Revue de l'Art	Revue de l'art. Paris: Comit$00e fran$05caise d'histoire de l'art, 1968-.	M	9006412
	Antike Welt	Antike Welt. Zeitschrift f$04ur Arch$04aologie und Urgeschichte. Z$04urich: Raggi-Verlag, 1970-.	M	9006414
	Um$07eleck$00e Pam$00atky $07Cech	Um$07eleck$00e Pam$00atky $07Cech. Praha: Akademia, 1977-.	M	9006415
	Pietas: Festschrift K$04otting (1980)	Pietas: Festschrift f$04ur Bernhard K$04otting. Edited by Ernst Dassmann and K. Suso Frank. Jahrbuch f$04ur Antike und Christentum. M$04unster, Westfalen: Aschendorff, 1980.	M	9006416
	Helinium	Helinium: Revue consacr$00ee $02a l'arch$00eologie des Pays-Bas, de la Belgique et du Grand Duch$00e du Luxembourg. Wetteren, Belgi$04e: Universa, 1961-.	M	9006419
	Gentse Bijdragen Kunstgeschiedenis	Gentse Bijdragen tot de Kunstgeschiedenis en de oudheidkunde. Antwerpen: Gentse Bijdragen tot de Kunstgeschiedenis, 1934-.	M	9006422
	World of Learning (1980)	World of Learning. London: Europa Publications, 1980.	M	9006423
	Knaurs: Deutschland (1985)	Knaurs Kulturf$04uhrer in Farbe, Deutschland. Germany. A Phaidon Cultural Guide. Englewood Cliffs, NJ: Prentice-Hall, 1985.	M	9006425
	Apollo	Apollo. London: Apollo, 1925-.	M	9006426
	Wielka Encyklopedja (1929-1938)	Wielka ilustrowana encyklopedja powszechna. Krak$00ow: Wydawn, 1929-1938.	M	9006427
	Penguin: Decorative Arts (1989)	Fleming, John. The Penguin Dictionary of Decorative Arts. London; New York: Viking, 1989.	M	9006429
	Espa$09na entre Mediterraneo (1976-1978)	International Congress of the History of Art. Actas del XXIII Congreso Internacional de Historia del Arte: Espa$09na entre el Mediterr$00aneo y el Atl$00antico, Granada, 1973. Granada: Universidad de Granada, Departamento de Historia del Arte, 1976-1978.	M	9006431
	Dictionnaire des Communes (1984)	Dictionnaire des communes: France m$00etropolitaine, d$00epartements et territoires d'outre-mer. Paris: Lavauzelle, 1984.	M	9006432
	MapArt, Switzerland (1991)	MapArt. Switzerland. n.p.: MapArt, 1991.	M	9006434
	Garc$00ia Guinea, Santander (1979)	Garc$00ia Guinea, Miguel Angel. El rom$00anico en Santander. Santander, Espa$09na: Ediciones de Librer$00ia Estudio, 1979.	M	9006435
	Bartholomew Gazetteer of Britain (1932)	Bartholomew, John. Survey Gazetteer of the British Isles. 8th ed. Edinburgh: Bartholomew and Son, 1932.	M	9006437
	Directory of World Museums (1981)	The Directory of World Museums. Edited by Kenneth Hudson and Ann Nicholls. 2nd ed. New York: Facts on File, 1981.	M	9006438
	Hachette: Dictionnaire G$00eograph (1905)	Dictionnaire G$00eographique et Administratif de la France. Edited by Paul Joanne. Paris: Hachette, 1905.	M	9006440
	Michel: Dictionnaire des Communes (1984)	Dictionnaire national des communes de France. Edited by Jean Bourdeaux. Paris: $00Editions Albin Michel, 1984.	M	9006442
	USBGN: Foreign Gazetteers	United States Office of Geography. Foreign Gazetteers of the U.S. Board on Geographic Names. Washington: The Office of Geography, 1950-1990.	M	9006444
	Encyclopedia Judaica	Encyclopedia Judaica. Yerushalayim: Encyclopedia Judaica; New York: Macmillan, 1972.	M	9006445
	Enciclopedia Universale Garzanti (1982)	La nuova enciclopedia universale Garzanti. Milano: Garzanti, 1982.	M	9006446
	Canby, Historic Places (1984)	Canby, Courtlandt. The Encyclopedia of Historic Places. New York: Facts on File Publications, 1984.	M	9006447
	Enciclopedia Cattolica (1948)	Enciclopedia Cattolica. Citt$02a del Vaticano: Ente per l'Enciclopedia cattolica e per il Libro cattolico, 1948-1954.	M	9006448
	Webster's Geographical Dictionary (1984)	Webster's New Geographical Dictionary. Springfield, MA: Merriam-Webster, 1984.	M	9006449
	Michelin: Brittany (1987)	Brittany: Tourist Guide. Michelin Green Guides. Harrow, Middlesex: Michelin Tyre Public Limited Company, 1987.	M	9006450
	National Archives of US, Guide (1976)	National Archives. Guide to the National Archives of the United States. Washington: National Archives and Records Administration, 1976.	N	9000043
	Stroud, Sir John Soane (1984)	Stroud, Dorothy. Sir John Soane, Architect. London; Boston: Faber and Faber, 1984.	N	9000046
	Oakden, Staffordshire (1984)	Oakden, J.P. The Place-Names of Staffordshire. Nottingham: English Place-Name Society, 1984.	N	9000048
	Mika, Encyclopedia of Ontario (1974)	Mika, Nick and Helma Mika. Encyclopedia of Ontario. Belleville, Ontario: Mika Publishing Company, 1974-1981.	N	9000049
	National Archives of Canada, Finding Aid	National Archives of Canada. Finding Aid. Ottawa: Historical Resources Branch, Cartographic and Architectural Archives Division, n.d.	N	9000050
	Lowry, National Image (1985)	Lowry, Bates. Building a National Image: Architectural Drawings for the American Democracy, 1789-1912. Washington: National Building Museum; New York: Walker, 1985.	N	9000051
	Rand McNally, International Data (1988)	Rand McNally and Company, Data Products Division. Extracted from the International Atlas Index, 1988.	N	9000000
	American Guides: Washington D.C. (1976)	Federal Writers' Project. Washington D.C.: A Guide to the Nation's Capital. American Guide Series. Compiled by the Writers' Program of the Work Projects for Washington D.C. New York: Hastings House, 1976.	N	9000054
	National Geographic Atlas (1981)	National Geographic Atlas of the World. 5th ed. Washington: National Geographic Society, 1981.	N	9000056
	Summerson, Architecture Britain (1983)	Summerson, John. Architecture in Britain 1530-1850. 8th ed. The Pelican History of Art. Harmondsworth, London: Penguin Books, 1983.	N	9000057
	Martyn, Face of Early Toronto (1982)	Martyn, Lucy Booth. The Face of Early Toronto: An Archival Record, 1797-1936. Sutton West, Ontario; Santa Barbara, CA: Paget Press, 1982.	N	9000060
	Bond, Ottawa (1967)	Bond, Courtney C.J. City on the Ottawa: A Detailed Guide to Ottawa, the Capital of Canada. Ottawa: R. Duhamel, 1967.	N	9000061
	Hofstadir, Iceland	Hofstadir, Iceland. University of Iceland website. <http://www.hi.is/HI/Stofn/Myvatn/hofstad/htm>.	N	9006958
	NABO/FSI Icelandic Field School	NABO/FSI Icelandic Field School. University of the Arctic. <http://levi.urova.fi/home/uartic/activities/nabo.html>.	N	9006959
	Theater von Aigeira (1992)	Gogos, Savas. Das Theater von Aigeira: ein Beitrag zum antiken Theaterbau. Wien: Im Eigernverglag des $04Osterreichischen Arch$04aologischen Institutes, 1992.	N	9006960
	Hazlitt, Classical Gazetteer (1995)	Hazlitt, William. The Classical Gazetteer: A Dictionary of Ancient Sites. First published in 1851; reprinted in 1995. Guernsey: The Guernsey Press Co., Ltd., 1995.	N	9006961
	Thurrock Community web site	Thurrock Community Information Service, 1997-2001. <http://www.thurrock-community.org.uk/>.	N	9006962
	Torbay, England web site	Torbay Council web site. <http://www.torbay.gov.uk>.	N	9006963
	Windsor & Maidenhead web site	The Royal Borough of Windsor & Maidenhead web site. <http://www.rbwm.gov.uk>.	N	9006964
	Southend on Sea web site (2001)	Southend on Sea Borough Council (2001). <http://www.southend.gov.uk/>.	N	9006965
	Patron Saints Index online	Patron Saints Index online. Part of the Catholic Community Forum. <http://www.catholic-forum.com/saints/indexsnt.htm>.	N	9006966
	Natufian settlement (1988)	Belfer-Cohen, Anna. The Natufian settlement at Hayonim cave: a hunter gatherer band on the threshold of agriculture. Jerusalem: Hebrew University, 1988. 	N	9006933
	Cyber Orissa web site	Cyber Orissa web site, 1998-2000. <http://www.cyberorissa.com>.	N	9006967
	TempleNet: Indian Temples	Temple Net: the Ultimate Source of Information on Indian Temples. <http://www.templenet.com>.	N	9006968
	TravelMasti.com (1999-2000)	TravelMasti.com (Travel in India web site), 1999-2000. <http://www.travelmasti.com>. 	N	9006969
	Andean Metal, Archaeology (1999)	Rose, Mark. "Early Andean Metalworking," Archaeology Magazine. Archaeologica l Institute of America, vol. 52, no. 1, Jan./Feb. 1999. <http://www.archaeology.org/9901/newsbriefs/andean.html>.	N	9006970
	Oxford: Classical Dictionary (1996)	The Oxford Classical Dictionary. Edited by Simon Hornblower & Anthony Spawforth. Oxford: Oxford University Press, 1996.	M	9006972
	Times Atlas of Archaeology (1988)	Past Worlds: Times Atlas of Archaeology. Maplewood, New Jersey: Hammond, 1988.	N	9006895
	Tood, Kalavasos-Ayios Dhimitrios II (1989)	Tood, Ian. A. "Kalavasos-Ayios Dhimitrios II: ceramics, objects, tombs, specialist studies." Studies in Meditteranean Archaeology, vol. 71, 3, 1989.	N	9006896
	Kalavasos-Kopetra archaeology	McClellan, M.C. "Excavations at late Roman Kopetra, Cyprus," Journal of Roman Archaeology 5 (1992): 265-271.	N	9006898
	Republic of Cyprus web site	The Republic of Cyprus web site.< http://www.pio.gov.cy/index.html.>	M	9006901
	Lusatian Mountains [online] (1997-2005)	Lusatian Mountains [online], 1997-2005. Re$07z, Jaroslav. "The History of Glass in the Lusatian Mountain Region." http://www.luzicke-hory.cz/glass.html.	N	9006902
	Knopf Guides, Egypt (1995)	Knopf Guides: Egypt. New York: Alfred A. Knopf, Inc., 1995.	M	9006903
	Catholic Encyclopedia Online (1999)	The Catholic Encyclopedia Online, 1999. <http://www.newadvent.org/cathen/10178d.htm>	N	9006904
	3 Years in the Libyan Desert (1985)	Falls, J.C. Ewald. Three years in the Libyan desert: travels, discoveries, & excavations of the Menas expedition (Kaufmann expedition). Elizabeth Lee, trans. London: DARF, 1985.	N	9006905
	Stadt der W$04uste (1920)	Kaufmann, E.M. Die heilige Stadt der W$04uste: unsere Entdeckungen, Grabungen, und Funde in der alchristlichen Menastadt weiteren Kreisen in Wort und Bild geschildert. Kempten: K$04osel, 1920.	N	9006906
	Egypt: Complete Guide web site	Egypt: The Complete Guide (web site). Official site for the Egyptian Tourist Authority & the Ministry of Tourism, 1999. <http://touregypt.net/almenas.htm>	N	9006907
	UNESCO web site	UNESCO: United Nations Educational, Scientific & Cultural Organization web site. <http://www.unesco.org>	N	9006908
	Beni Culturali Sicilia	Beni culturali e ambientali Sicilia. Palermo: Amministrazione dei beni culturali e ambientali della Regione Siciliana, 1980-.	N	9004246
	Le Quartier Bercy-Gare de Lyon (1989)	Le Quartier Bercy-Gare de Lyon: Paris s'$00eveille $02a l'est. Auguste Thouard dans la ville. Paris: A. Michel, 1989.	N	9004247
	Sites et Monuments	Sites et monuments. Paris: Soci$00et$00e pour la protection des paysages, 1958-.	N	9004252
	Les Pages Jaunes (1991-1992)	Les Pages Jaunes: Paris. Annuaire Officiel des Abonn$00es au T$00el$00ephone par Professions. Paris: France T$00el$00ecom, 1991.	N	9004261
	Babelon, Richesses des Halles (1967)	Babelon, Jean Pierre. Richesses d'art du quartier des Halles, maison par maison. Paris: Arts et m$00etiers graphiques, Diffusion Flammarion, 1967.	N	9004266
	Carnegie Magazine	Carnegie Magazine. Pittsburgh, PA: Carnegie Institute and the Carnegie Library of Pittsburgh, 1927-.	N	9004269
	Murray Handbook: Devon & Cornwall (1872)	A Handbook for Travellers in Devon and Cornwall. Murray's English Handbooks. London: J. Murray, 1872.	N	9004270
	Endres, Sp$04atmittelalterliche (1981)	Endres, Werner. Sp$04atmittelalterliche Keramik: Regensburg. M$04unchen: n.p., 1981.	N	9004282
	Histoire d l'Art	Histoire de l'art. Paris: INHA, 1988-.	N	9004283
	Krautheimer, Rome (1980)	Krautheimer, Richard. Rome: Profile of a City. Princeton, NJ: Princeton University Press, 1980.	N	9004284
	D'Onofrio, Castel S. Angelo (1978)	D'Onofrio, Cesare. Castel Sant'Angelo e Borgo tra Roma e Papato. 1st ed. Roma: Romana Societ$02a Editrice, 1978.	N	9004285
	R$04omisches Jahrbuch (1938-)	R$04omisches Jahrbuch f$04ur Kusntgeschichte. T$04ubingen: R$04omisches Jahrbuch der Bibliotheca Hertziana, 1938-.	N	9004288
	Companion Guide: Rome (1983)	Masson, Georgina. The Companion Guide to Rome. 6th ed. Englewood Cliffs, NJ: Prentice-Hall; London: Collins, 1983.	N	9004299
	Ceen, Quartiere de' Banchi (1986)	Ceen, Allan. The Quartiere de' Banchi: Urban Planning in Rome in the First Half of the Cinquecento. New York: Garland Publishing, 1986.	N	9004304
	Port in South Iraq. Associated Press, Yahoo! News (2003)	Associated Press. " U.S. Takes Strategic Port in South Iraq." Yahoo! News, 21 March 2003. [online] http://story.news.yahoo.com/news?tmpl=story&u=/ap/20030321/ap_on_re_mi_ea/war_southern_front_28	N	2009007117
	Turkey, Reuters, Yahoo! News (2003)	Reuters. "Turkey, U.S. Deadlocked Over Iraq Overflights". Yahoo! News, 21 March 2003. http://story.news.yahoo.com/news?tmpl=story&u=/nm/20030321/wl_nm/iraq_turkey_dc_38.	N	2009007118
	War on Iraq [maps]. CNN (2003)	War on Iraq [maps]. CNN [online], 21 March 2003. [online] http://www.cnn.com/SPECIALS/2003/iraq/maps/index.html	N	2009007121
	U.S. Seizes Iraqui Towns. Associated Press, Yahoo! News [online] (2003)	Nessman Ravi and Ellen Knickmeyer, Associated Press. "U.S. Seizes Iraqui Towns; 2 Marines Killed." Yahoo! News [online] March 24, 2003. http://story.news.yahoo.com/news?tmpl=story&u=/ap/20030322/ap_on_re_mi_ea/war_southern_front_39	N	2009007122
	Palestine, New York Times (2003)	Bennet, James. "Can You Get To Palestine From Here?" New York Time, March 23, 2003, Section 4, 1-14.	N	2009007123
	Scenes from the Battlefront, New York Times (2003)	Reuters. "A Nation At War: Scenes from the Battlefront." New York Times, March 23, 2003, B8	N	2009007124
	Israeli Fence. New York Times (2003)	Myre, Greg. "Israeli Fence May Cut Deeper Into West Bank." New York Times, March 24, 2003, A7	N	2009007125
	Landscape of Battle, New York Times (2003)	"A Nation At War: A Landscape of Battle." New York Times, March 27, 2003, B16	N	2009007126
	Infantry Attacks Baghdad. New York Times (2003).	Gordon, Michael R. "Infantry Attacks Baghdad Defense With First Probe." New York Times, March 31, 2003. A1, B6.	N	2009007127
	Mapping the Fight, New York Times (2003)	"A Nation At War: Mapping the Fight." New York Times, March 31, 2003. B16	N	2009007128
	Mysterious Britain Gazetteer [online]	Mysterious Britain Gazetteer [online]. http://www.mysteriousbritain.co.uk/index.html (2 Apr 2003)	N	2009007129
	Images of War, New York Times (2003)	"A Nation At War: Images of War." New York Times, April 2, 2003. B8	N	2009007130
	Land the World is Watching. New York Times (2003)	"A Nation At War: A Land the World Is Watching." New York Times. March 28, 2003. B16	N	2009007131
	Mus$00ee et Domaine nationaux du Ch$03ateau de Fountainebleau (2002)	Mus$00ee et Domaine nationaux du Ch$03ateau de Fountainebleau. Fontainebleau: Mus$00ee et Domaine nationaux du Ch$03ateau de Fountainebleau, 2002. http://www.musee-chateau-fontainebleau.fr/ (16 March 2003)	N	2009007132
	The Arizona Republic [online] 2003.	Sherwood, Robbie. "It's Official: Squaw Peak now Piestewa Peak to honor Hopi soldier." The Arizona Republic [online], April 18, 2003.	N	2009007133
	Cleri, Incisioni del '600: le collezioni di Casteldurante (1992)	Cleri, Bonita. Incisioni del '600: le collezioni di Casteldurante dai Della Rovere agli Ubaldini. Urbino, Italy: QuattroVenti, [1992].	N	2009007134
	Scatness Dates, British Archaeology Magazine [online] (2002)	"Scatness dates push back history of brochs," British Archaeology Magazine [online], December 2002. http://www.britarch.ac.uk/ba/ba68/news.shtml (6 March 2003).	N	2009007135
	Old Scatness Excavation, University of Bradford [online] (2002)	Old Scatness, Shetland 2002 Excavation Season, Department of Archaeological Sciences, University of Bradford [online]. http://www.brad.ac.uk/archsci/field_proj/scat02/ (22 May 2003)	N	2009007136
	Preston, Geoarchaeology Home Page [online] (2002)	Preston, Jeremy. Geoarchaeology Home Page [online]. http://www.abdn.ac.uk/geology/profiles/auming/geoarch/geoarch.htm (22 May 2003)	N	2009007137
	Archaeological Museum, Aiani, Museums of Madedonia [online] (2003)	Archaeological Museum, Aiani, The Museums of Macedonia, Macedonian Heritage, 2000-2003 [online]. http://www.museumsofmacedonia.gr/Archaeological_and_Byzantine/Arx_Aiani.html (22 May 2003)	N	2009007138
	M$04uller, Wallfahrt (1964)	M$04uller, Iso. Die churr$04atische Wallfahrt im Mittelalter, ein $04Uberblick. Schriften der Schweizerischen Gesellschaft f$04ur Volkskunde. Basel: Schweizerische Gesellschaft f$04ur Volkskunde, 1964.	N	9003017
	Furger, Funde von Reinach (1978)	Furger, Alex R. Die ur- und fr$04uhgeschichtlichen Funde von Reinach. Derendingen-Solothurn, Deutschland: Habegger, 1978.	N	9003049
	Schahl, Rems-Murr-Kreises (1983)	Schahl, A. Die Kunstdenkm$04aler des Rems-Murr-Kreises. Die Kunstdenkm$04aler in W$04urtemmberg. Stuttgart; Berlin: Deutsche Verlags Anstalt, 1983.	N	9003058
	Wiener Jahrbuch f$04ur Kunstgeschichte	Wiener Jahrbuch f$04ur Kunstgeschichte. Wien: Krystall-Verlag, 1923.	N	9003091
	Reclams: Rheinlande & Westfalen (1967)	Reclams Kunstf$04uhrer, Deutschland III: Rheinlande und Westfalen. Edited by Anton Henze et al. Reclams Universal-Bibliothek. Stuttgart: P. Reclam, 1967.	N	9003094
	Gardelles, Ch$03ateaux de France (1981)	Gardelles, Jacques. Dictionnaire des ch$03ateaux de France: Guyenne, Gascogne, B$00earn, Pays basque, Aveyron, Dordogne, Gers, Gironde, Landes, Lot, Lot-et-Garonne, Pyr$00en$00ees-Atlantiques, Tarn-et-Garonne. Paris: Berger-Levrault, 1981.	N	9003110
	Revista Muzeelor (1975-)	Revista Muzeelor si Monumentelor. Monumente IOstorice $47si de Arta. Bucure$47sti: Consiliul Culturii $47si Educa$05tiei Socialiste, 1975-.	N	9003138
	Guide Bleu: Provence (1979)	Provence, Avignon, Aix, Marseille: Bouches-du-Rh$03one, Vaucluse, partie occidentale des Alpes-de-Haute-Provance et du Var. Les Guides Bleus. Paris: Hachette, 1979.	N	9003161
	Enlart, Architecture Religieuse (1919)	Enlart, Camille. Architecture Religieuse. 2nd ed. Paris: A. Picard, 1919-1929.	N	9003165
	Bulletin Monumental (1834-)	Bulletin monumental. Paris: Soci$00et$00e fran$05caise d'arch$00eologie, Mus$00ee des monuments fran$05cais, 1834-.	N	9003173
	Vie des Arts	Vie des arts. Montr$00eal: Soci$00ete la Vie des arts, 1956-.	N	9003181
	Rivista Archeologica Della Provincia	Rivista archeologica della provincia di Como. Como: Carlo Franchi Tipografo Editore, 1872-.	N	9003192
	Cuadernos de Arquitectura Virreinal	Cuadernos de arquitectura virreinal. Distrito Federal, M$00exico: Facultad de Arquitectura, UNAM, 1985-.	N	9003197
	Monumentos Espa$09noles (1932)	Madrid, Centro de estudios hist$00oricos. Fichero de arte antiguo. Monumentos Espa$09noles: Cat$00atologo de los declarados nacionales, arquitect$00onico e hist$00orico-art$00isticos. Madrid: Blass, 1932.	N	9003207
	Minist$00erio das Rela$05c$04oes Exteriores, Brasil.gov [online] (2004)	Minist$00erio das Rela$05c$04oes Exteriores, Brasil.gov [online], 2004. http://www.mre.gov.br (8 January 2004)	N	2009007248
	Canadian Wildlife Service, Qu$00ebec [online] (2003)	Canadian Wildlife Service, Qu$00ebec [online], 2003. http://www.qc.ec.gc.ca/faune/faune/html/contents.html (4 January 2004)	N	2009007249
	Cinque Terre: Consorzio Turistico (2002-)	Cinque Terre: Consorzio Turistico [online], 2002-. http://www.cinqueterre.it/ (11 January 2004)	N	2009007250
	Lindholm. Vikiing News [online] (2000)	"Lindholm." The Viking News, 15 April 2000. [online] http://viking.no/e/info-sheets/denmark/lindholm.htm (20 Jan. 2004)	N	2009007251
	National Marine Sanctuaries [online] (2003)	National Marine Sanctuaries. [online] National Ocean Service, National Oceanic and Atmospheric Administration, 2003. http://www.sanctuaries.nos.noaa.gov/	N	2009007252
	Metropolitan Museum of Art (New York) online (2001-)	Metropolitan Museum of Art online. New York: Metropolitan Museum of Art, 2001-.	N	2009007253
	Cave as Canvas exhibition, Smithsonian, Freer and Sackler (2004)	Cave as Canvas: Hidden Images of Worship Along the Ancient Silk Routes. [online] Smithsonian Freer Gallery of Art and Arthur M. Sackler Gallery, the National Museum of Asian Art, 2004. http://www.asia.si.edu/exhibitions/online/cave/default.htm (1 March 2004)	N	2009007254
	India Press, Places in India (2004)	India Press online. "Places in India." http://www.indiapress.org/ (accessed 17 March 2004)	N	2009007255
	Israel Ministry of Foreign Affairs: Archaeological Excavations (2003-)	Israel Ministry of Foreign Affairs: Archaeological Excavations in Israel 2003. 2003- http://www.mfa.gov.il/MFA/History/Early%20History%20-%20Archaeology/Archaeological%20Excavations%20in%20Israel%202003 (29 March 2004)	N	2009007256
	Paris and Versailles: Blue Guide (1998)	Gray-Durant, Delia and Ian Robertson. Paris and Versailles (Blue Guide). WW Norton: New York, 1998. 	N	2009007257
	Paris.fr [online] (2004)	Paris.fr [online], 2004. http://www.paris.fr (16 April 2004)	N	2009007259
	Baedeker, Paris and It's Environs (1924)	Baedeker, Karl. Paris and It's Environs with Routes From London to Paris. Leipzig: Karl Baedeker, Publisher, 1924.	N	2009007260
	Grove Art Online (2003-)	Grove Art Online. Oxford University Press, 2003-. http://www.groveart.com (1 March 2003) 	N	2009007261
	Tarpy, Standing Stones, National Geographic (2001)	Tarpy, Cliff, "Place of the standing stones: Unearthing a king from the dawn of the Maya." National Geographic Magazine 205/5 (2004), 66 ff.	N	2009007262
	Trojan War, Archaeology (2004)	Korfmann, Manfred, Joachim Latacz, and J.D. Hawkins. "Was there a Trojan war?" Archaeology Magazine. Archaeological Institute of America, 57/3 (2004), 36-41.	M	2009007263
	European Union [online] (1995-2004)	European Union [online]. European Communities, 1995-2004. http://europa.eu.int (3 May 2004).	N	2009007264
	Fodor's: Turkey (2004)	Fodor's Exploring Turkey, online, http://www.fodors.com/ (3 May 2004)	N	2009007265
	Reuters, Musketeers' Skeletons, CNN (2004)	Reuters. "Musketeers' Skeletons said to lie Under Dutch garden." CNN, 5 May 2004 [online]. http://www.cnn.com/2004/TECH/science/05/05/dutch.skeletons.reut/index.html (5 May 2005).	N	2009007266
	African Archaeology (1998)	"African Archaeology Database." [online]. Bloomington, IN: Wisdom Tools, 1998. <http://timeweb.wisdometools.com/dbt/index.html>.	M	2009007267
	Beloit College, Logan Museum [online] (2004)	Beloit College, Logan Museum [online],2004.http://www.beloit.edu/~museum/logan/paleoexhibit/combecapelle.htm (13 September 2004).	N	2009007351
	Chera, Basarabi Cave Churches [online] (2004)	Chera, Constantin. "Basarabi-The Cave Churches Complex." Advanced On-Site Laboratory for European Antique Heritage Restoration [online] (March 5, 2004)<http://inoe.inoe.ro/constanta/pagini/p13.html>.	N	2009007352
	Bell, Place Names in Classical Mythology (1989)	Bell, Robert E. Place-Names in Classical Mythology. Santa Barbara: ABC-CLIO, 1989.	N	2009007353
	AAA North American Road Atlas (2004)	American Automobile Association North American Road Atlas: United States, Canada, Mexico. Heathrow, FL: American Automobile Association, 2004.	N	2009007355
	Fountains Abbey and Studley Royal Water Garden [online] 	Fountains Abbey and Studley Royal Water Garden [online]. http://www.fountainsabbey.org.uk/ (3 January 2005).	N	2009007356
	National Trust [online] (2003-2004)	The National Trust [online]. 2003-2004. http://www.nationaltrust.org.uk/main/ (3 January 2004).	N	2009007357
	Stadt M$04ulheim-K$04arlich [online] (2004)	Stadt M$04ulheim-K$04arlich [online], 2004. http://www.muelheim-kaerlich.de/start.htm (4 December 2005)	N	2009007358
	Der Rhein,Trechtinghausen [onlin] (2000-2004)	Der hein von Mainz bis K$04oln. [online]"Trechtinghausen." 2000-2004. http://translate.google.com/translate?hl=en&sl=de&u=http://www.rheinreise.de/Trechtingshausen.html&prev=/search%3Fq%3DTrechtingshausen%26hl%3Den%26lr%3D (13 Jan. 2005)	N	2009007359
	Merriam-Webster's Geographical Dictionary. 3rd ed.(2001)	Merriam-Webster's Geographical Dictionary. 3rd edition. Springfield, MA: Merriam-Webster, 2001. 	N	2009007360
	National Air and Space Museum Online (2005-)	National Air and Space Museum Online. Smithsonian Institution. Washington, DC: National Air and Space Museum, 2005-. http://www.nasm.si.edu	N	2009007361
	Hartley, Rock Art on the Northern Colorado Plateau (1992)	Hartley, Ralph J. Rock Art on the Northern Colorado Plateau. Aldershot, Hampshire, Great Britain and Brookfield, Vermont: Avebury, 1992.	N	2009007363
	Land Use History of the Colorado Plateau [online] (2005-)	Land Use History of the Colorado Plateau [online], 2005-. http://www.cpluhna.nau.edu/ (23 March 2005).	N	2009007364
	Whitney Biennial Exhibition (2004)	Iles, Chrissie, Shamim M. Momin, and Debra Singer. Whitney Biennial Exhibition 2004. New York: Whitney Museum of Art, 2004.	N	2009007365
	Boston online, (1995-2001)	Boston online. http://www.boston-online.com/index.html, (1995-2001).	N	2009007366
	Glendale Historical Society online (n.d.)	The Glendale Historical Society (TGHS). Glendale, California, n.d. http://www.glendalehistorical.org (12 May 2005).	N	2009007367
	Kettering, Northamptonshire [online]	Kettering, Northamptonshire, UK [online]. http://www.ketteringweb.com/ (2 June 2005).	N	2009007368
	Gazetteer of British Place Names [online] (2004-)	Gazetteer of British Place Names [online], 2004-. http://www.gazeteer.co.uk (3 August 2005).	N	2009007369
	Ahroni and Avi-Yonah, Macmillan Bible Atlas (1993)	Aharoni, Yohanan and Michael Avi-Yonah. Macmillan Bible Atlas. New York : Macmillan, 1993.	N	2009007370
	Bible Encyclopedia (1995)	Bromiley, Geoffrey W. International Standard Bible Encyclopedia. Grand Rapids, Michigan: William B. Eerdmans Publishing Company, 1995.	N	2009007371
	Smith, New Smith's Bible Dictionary (1978)	Smith, William. New Smith's Bible Dictionary. New York: Jove Books, 1978.	N	2009007372
	Anchor Bible Dictionary (1992)	Anchor Bible Dictionary. David Noel Freedman, editor-in-chief. New York: Doubleday, ca. 1992.	N	2009007373
	Easton's Bible Dictionary (1897)	Easton's Bible Dictionary. Originally published as Easton, Matthew George. Illustrated Bible Dictionary. 3rd ed. Thomas Nelson Publisher, 1897. Online version at Wikipedia. http://en.wikipedia.org/wiki/Easton's_Bible_Dictionary (5 August 2005).	N	2009007374
	Under the Old Neighborhood, New York Times (2005)	"Under the Old Neighborhood: Erbil, Northern Iraq." New York Times (23 August 2005): D1.	N	2009007375
	Office Municipal de Tourisme de Wormhout (2005)	Office Municipal de Tourisme de Wormhout [online]. http://perso.wanadoo.fr/wormhout/ (October 25, 2005).	N	2009007376
	Clark and Pye, Olmec Art and Archaeology in Mesoamerica (2000)	Clark, John E. and Mary E. Pye, eds. Olmec Art and Archaeology in Mesoamerica. Washington: National Gallery of Art; New Haven: Distributed by Yale University Press, 2000.	N	2009007377
	Rodr$00iguez and Carmen, El Manat$00i (1994)	Rodr$00iguez, M. and Maria del Carmen. El Manat$00i: Un Espacio Sagrado Olmeca. Xalapa, Ver., M$00exico: Universidad Veracruzana, Direcci$00on Editorial, 1994.	N	2009007378
	St. Louis Community College [online] (2005-)	St. Louis Community College [online], 2005-. http://www.stlcc.cc.mo.us (8 November 2005).	N	2009007379
	Glauberg [online] (2005-)	Glauberg [online], 2005-. http://www.glauberg.de (8 November 2005).	N	2009007380
	WWW.HR - Croatian Homepage (1994-2004)	WWW.HR - Croatian Homepage [online]. Dept. of Telecommunications, Faculty of Electrical Engineering and Computing, University of Zagreb & CARNet, 1994-2004. http://www.hr/index.en.shtml	N	2009007381
	Cinquetti, Balmalunga, Bollettino del Centro Studi (1993-1996)	Cinquetti, Mauro. "Pitture Rupestri nel Riparo di Balmalunga." Bollettino del Centro Studi e Museo d'Arte Preistorica di Pinterolo, Italia 7-10 (1993-1996): 153-157.	N	2009007382
	Malez, Novija paleoantropolo$07ska (1982)	Malez, Mirko. Novija paleoantropolo$07ska istrazivanja na materijalu iz spilje Vindije (Hrvatska, Jugoslavija). Zagreb: Jugoslavenska akademija znanosti i umjetnosti, 1982.	N	2009007383
	Die Wysburg [online] (2005-)	Die Wysburg [online], 2005-. http://www.wysburg.de (10 November 2005).	N	2009007384
	Elephantine in the Old Kingdom	El-Dissouky, Khalid Taha. Elephantine in the Old Kingdom. Thesis, University of Chicago, 1969.	N	9006909
	Egyptological Research web site	Centre for Computer-aided Egyptological Research web site. Utrecht: Utrecht University, 2000. <http://www.ccer.nl/home/>	N	9006910
	Atlas of Roman Pottery web site	Tyers, Paul. Atlas of Roman Pottery web site (2001). <http://www.potsherd.uklinux.net/index.php>	N	9006911
	Moche Burial, National Geographic (2001)	Donnan, Christopher B., "Moche Burials Uncovered." National Geographic Magazine CXC/3 (2001).	N	9006912
	Excavations at Thermi (1936)	Lamb, Winifred. Excavations at Thermi in Lesbos. Cambridge University Press, 1936.	N	9006913
	The Red Fort (1982)	Leasor, James. The Red Fort: the story of the Indian mutiny of 1857. New York: Collier Books, 1982, c 1957.	N	9006914
	Temples of Jageshwar <indianvisit.com>	Temples of Jageshwar (In Search of Lord Shiva). <http://www.indianvisit.com>	N	9006915
	Fort Golconda (1959)	Prasad, Anirudh. Fort Golconda: a guide to the great historical ruins. Hyderabad: Vikas Publications, 1959.	N	9006916
	Seige of Golkonda Fort (1975)	$67Ali, Ni$67mat Khan' and Nururlhasan Ansari. Chronicles of the seige of Golkonda Fort: an abridged translation of the Waqa'i' of Ni$67mat Khan' $67Ali. Delhi: Idarah-i Adabiyat-i Delhi, 1975. 	N	9006917
	Excavations at Agroha (1952)	Srivastava, H.L> Excavation at Agroha, Punjab. Delhi: Manager of Publications, 1952.	N	9006918
	Cotter, Buddhas of Bamiyan, New York Times (2001)	Cotter, Holland. "Buddhas of Bamiyan: Keys to Asian History." New York Times (March 3, 2001), A3.	N	9006919
	Iraq, Natural History (2001)	Russell, John Malcolm. "Robbing the Archaeological Cradle: In the aftermath of the Gulf War." Natural History Magazine, CX/1 (2001), 44 f.	M	9006920
	Global Gazetteer online (1998-2000)	Global Gazetteer online. <http://www.calle.com/world/index.html>	N	9006921
	Brockhaus, Deutsche Kunst (1916)	Brockhaus, Heinrich. Deutsche St$04adtische Kunst und Ihr Sinn. Leipzig: F.A. Brockhaus, 1916.	M	9006274
	Beckwith, Early Christian (1970)	Beckwith, John. Early Christian and Byzantine Art. Harmondsworth, London; Baltimore, MD: Penguin Books, 1970.	M	9006275
	Almanach Akademie V$00ytvarn$00ych(1979)	Almanach Akademie v$00ytvarn$00ych um$07en$00i v Praze, 1799-1979. Praha: Akademie v$00ytvarn$00ych um$07en$00i v Praze ve spolupr$00aci s N$00arodn$00i galeri$00i v Praze, 1979.	N	9006276
	Cahiers Arch$00eologiques	Cahiers arch$00eologiques: Fin de l'antiquit$00e et Moyen $03age. Paris: Vanoest, 1945-.	M	9006277
	CCA Object File	Canadian Centre for Architecture. Centre canadien d'architecture, Montr$00eal. Names recorded in object files, 1979-.	M	9006278
	Codice di Avviamento Postale (1989)	Codice di avviamento postale. Roma: Buffetti editore, 1989.	M	9006279
	Canadian Encyclopedia (1985)	The Canadian Encyclopedia. Edmonton, Alberta: Hurtig, 1985.	M	9006280
	Cambridge World Gazetteer (1990)	Cambridge World Gazetteer: A Geographical Dictionary. Edited by David Munro. Chambers World Gazetteer. Cambridge, England; New York: Cambridge University Press, 1990.	M	9006281
	Goya: Revista de Arte	Goya: Revista de Arte. Madrid: Fundaci$00on L$00azaro Galdiano, 1954-.	M	9006285
	Cabanne, Mus$00ees de France (1984)	Cabanne, Pierre. Guide des mus$00ees de France. Paris: Bordas, 1984.	M	9006286
	Archeologia Industriale (1991)	Archeologia industriale. Edited by Bruno Corti. Roma: Istituto Cultura Materiale e Industriale, 1991.	M	9006287
	Rand McNally Commercial Atlas (1990)	Rand McNally Commercial Atlas. Chicago: Rand McNally and Company, 1990.	M	9006290
	Kunstdenkm$04aler: Fribourg (1956)	Les Monuments d'art et d'histoire du canton de Fribourg. Die Kunstdenkm$04aler der Schweiz. Basel: Birkh$04auser, 1956.	M	9006226
	American Guides: Washington (1972)	Federal Writers' Project. Washington: A Guide to the Evergreen State. American Guide Series. Compiled by the Writers' Program of the Work Projects for the state of Washington. Saint Clair Shores, MI: Somerset Publishers, 1972.	M	9006172
	American Guides: California (1972)	Federal Writers' Project. California: A Guide to the Golden State. American Guide Series. Compiled by the Writers' Program of the Work Projects for the state of California. Saint Clair Shores, MI: Somerset Publishers, 1972.	M	9006173
	American Guides: Illinois (1983)	Federal Writers' Project. Illinois: A Descriptive and Historical Guide. American Guide Series. Compiled by the Writers' Program of the Work Projects for the state of Illinois. New York: Pantheon Books, 1983.	M	9006174
	American Guides: New Jersey (1939)	Federal Writers' Project: New Jersey. American Guide Series. Compiled by the Writers' Program of the Work Projects for the state of New Jersey. Caldwell, NJ: Progress Publishing Company, 1939.	M	9006175
	Immeubles: Bas-Rhin	France, Direction de l'architecture. Liste des immeubles prot$00eg$00es au titre de la l$00egislation sur les monuments historiques et sur les sites dans le d$00epartement du Bas-Rhin. Paris: Imprimerie nationale, n.d.	M	9006177
	Konsthistorisk Tidskrift	Konsthistorisk tidskrift. Art Review. Stockholm: Konsthistoriska s$04allskapet, 1932-.	M	9006178
	Zodiaque: Nuit des Temps (1955-)	La nuit des temps. La Pierre-qui-Vire, Yonne: Zodiaque, 1955-.	M	9006181
	McGraw-Hill Encyclopedia of Russia(1961)	McGraw-Hill Encyclopedia of Russia and the Soviet Union. Edited by Michael T. Florinsky. New York: McGraw-Hill, 1961.	M	9006182
	Kunstdenkm$04aler: Neuch$03atel (1955)	Courvoisier, Jean. Les monuments d'art et d'histoire du Canton de Neuchatel. Die Kunstdenkm$04aler der Schweiz. Les Monuments d'art et d'histoire de la Suisse. Basel: Birkh$04auser, 1955.	M	9006183
	Reisgidsen: West-Midden Belgi$04e (1958)	Egeraat, Leonardus van. West en Midden Belgi$04e. Allert de Lange's reisgidsen. Amsterdam: Allert de Lange, 1958.	M	9006184
	Swindale, Minoan Crete [online] (1998-2002)	Swindale, Ian. Minoan Crete [online], 1998-2002. http://www.uk.digiserve.com/mentor/minoan/index.htm (22 May 2003)	N	2009007139
	Brief History of Isthmia, Ohio State University [online] (2001)	A Brief History of Isthmia, Archaeology Education, Ohio State University, 2001 [online]. http://isthmia.ohio-state.edu/arched/history.html (22 May 2003).	N	2009007140
	Anderson-Stojanovic, Rachi Settlement at Isthmia [online] (1998)	Anderson-Stojanovic, Virginia R. An Introduction to the Rachi Settlement at Isthmia, University of Chicago Excavations at Isthmia [online]. http://humanities.uchicago.edu/orgs/isthmia/maps/rachi.html (22 May 2003)	N	2009007141
	Commonwealth Secretariat [online] (2000-2003)	Commonwealth Secretariat [online], official website of the Commonwealth Secretariat in London, England, 2000-2003. http://www.thecommonwealth.org/index.asp (29 May 2003)	N	2009007142
	United Nations [online] (2002-2003)	United Nations [online], 2002-2003. http://www.un.org/english/index.shtml (29 May 2003)	N	2009007143
	NIMA database (2003)	United States National Imagery and Mapping Agency (NIMA). Names Database. Edited by the U.S. Board on Geographic Names. Washington: National Imagery and Mapping Agency, 2003.	N	2009007144
	NATO [online] 	North Atlantic Treaty Organization (NATO) [online]. http://www.nato.int (3 June 2003)	N	2009007145
	Ancient Skulls from Ethiopia, New York Times. (2003)	"In Ancient Skulls From Ethiopia, Familiar Faces." New York Times, June 12, 2003, A1.	N	2009007146
	"Iraq's Cultural Patrimony At Risk, Again." CAA News, March 2003.	"Iraq's Cultural Patrimony At Risk, Again." CAA News, March 2003, Volume 28, Number 2, p. 3.	N	2009007147
	Collins Spanish Dictionary (1988)	Collins Spanish Dictionary. Glasglow, Great Britain: Collins Sons and Co., 1988.	N	2009007148
	Ohio Canals, 2000	Ohio Canals. OHGenWeb and Ohio History Network. 2000. http://www.geocities.com/ohioplaces/canals/ (3 July 3003)	N	2009007149
	Galicia (1999)	"Galicia, La Gu$00ia Tur$00istica: Map of Galicia." [online]. Galicia: Galicia, 1999. <http://www.galinor.es/llegar/m-galicia.html>.	M	9006841
	Cahokia, Los Angeles Times (1999)	Simon, Stephanie. "Unearthing Clues to Life in the Big City, 1,000 Years Ago." Los Angeles Times (December 30, 1999), A1.	N	9006842
	Cahokia Courthouse (1997)	"Cahokia Courthouse." [online.] Springfield, IL: Illinios Historic Preservation Agency, 1997. <http://state.il.us/hpa>.	M	9006843
	London (1997)	Rutherfurd, Edward. London. New York: Fawcett Crest, 1997.	M	9006844
	Richter, Handbook of Greek Art (1987)	Richter, Gisela. A Handbook of Greek Art. Ninth edition. London: Phaidon Press Limited, 1987.	N	9006845
	Tancook Island [online] (1999)	Tancook Island [online] Tancook Ialand, Lunenburg County, Nova Scotia: Martha Farrar.  http://www.geocities.com/~mfarrar/index.htm (1999).	M	9006846
	USBGN Bulletin, no. 22 (2000)	United States Board on Geographic Names. Foreign Names Information Bulletin: XXII.  Washington: National Imagery and Mapping Agency, 2000.	N	9006847
	Isola di Capraia (1999)	"Isola de Capraia." [online]. Pisa: Azienda Promozione Turistica, 1999. <http://www.arcipelago.turismo.toscana.it/capraia.html>.	M	9006848
	Gousha: Florida (1996)	H.M. Gousha Company. Florida: Roadmap [map]. Comfort, TX: Gousha, 1996.	M	9006849
	Gousha: Colorado (1996)	H.M. Gousha Company. Colorado: Roadmap [map]. Comfort, TX: Gousha, 1996.	M	9006850
	UN Terminology Bulletin, no. 347 (1997)	United Nations. Terminology Bulletin No. 347/Rev.1: Country Names. New York: United Nations, 1997.	N	9006851
	CIA, World Fact Book (1999)	US Central Intelligence Agency. 1999 World Fact Book [online]. Washington: Central Intelligence Agency, 1999. <http://www.odci.gov/cia/publications/factbook/country.html>.	M	9006852
	USBGN Bulletin, no. 20 (1999)	United States Board on Geographic Names. Foreign Names Information Bulletin: XX.  Washington: National Imagery and Mapping Agency, 1999.	N	9006812
	Kennewick Man (1997)	Chatters, James C. "Kennewick Man," from Northern Clans, Northern Traces: Journeys in the Ancient Circumpolar World. Washington, DC: Smithsonian Institution, 1998. [online]. <http://www.nmnh.si.edu/arctic/html/kennewick_man.html>.	M	9006780
	CIA, World Fact Book (1998)	US Central Intelligence Agency. 1998 World Fact Book [online]. Washington: Central Intelligence Agency, 1998. <http://www.odci.gov/cia/publications/nsolo/wfb-all.htm>.	M	9006781
	Spirit Cave, Review Journal (1997)	The Associated Press. "Tribes urge return of Spirit Cave remains." Las Vegas Review-Journal [online edition] (December 9, 1997) <http://www.lvrj.com>.	N	9006782
	Plants with a Past, Nation (1998)	"Plants with a Past." Saanti-Dharma Newsletter, Oct. 31, 1998. Satun, Thailand: SAAN, 1998. [online]. <http://www.geocities.com/RainForest/7813/index.html>.	M	9006783
	Heaton, Cave Fossils (1997)	Heaton, Timothy H. "A Report on the Cave Fossils of the Alexandria Archipelago." Vermillion, SD: University of South Dakota, 1997. http://www.usd.edu/~theaton/alaska/pubs/akc1996.html. 	N	9006784
	Smith, Horn Rock, Heritage (1996)	Smith, Calvin B. "Horn Rock Yields Important Archaeological Finds." Texas Historical Foundation: Heritage, XIV/1, 1996 [online]. <http://www.texashf.org/publications>.	N	9006785
	Collins, Brushy Creek, Heritage (1996)	Collins, Michael B. "Camping for 11,000 Years on the Banks of Brushy Creek." Texas Historical Foundation: Heritage, XIV/1, 1996 [online]. <http://www.texashf.org/publications>.	N	9006786
	Fredlund, Wilson-Leonard (n.d.)	Fredlund, Glen. "Wilson-Leonard Archaeological Project: Phytolith Morphotypes." Milwaukee: University of Wisconsin, n.d. [online]. <http://www.uwm.edu/People//fredlund>.	N	9006787
	First Japanese, New York Times (1999)	Kristof, Nicholas D. "Out of the Mist Looms, Maybe, the First Japanese." New York Times (April 2, 1999), A4	N	9006788
	Lau, First Americans (1997)	Lau, Edie. "Kennewick Man Virtual Interpretive Center: Who really were the first Americans?." Tri-City Herald (December 12, 1997) [online]. <http://www.tri-cityherald.com/BONES/news/121297.html>.	N	9006789
	Inca Mummies, New York Times (1999)	Wilford, John Noble. "Entirely Preserved Inca Mummies Found." New York Times (April 7, 1999), A1	N	9006790
	Salisbury, Maya Royal Palace, Vanderbilt University (2004)	Salisbury, David F. Vanderbilt archaeological team unearths buried Maya royal palace. [online] Vanderbilt University, 2004. http://www.vanderbilt.edu/exploration/news/news_maya.htm (5 May 2004).	N	2009007268
	Markey, Maya Masterpiece (2004)	Markey, Sean. "Archaeologists Uncover Maya "Masterpiece" in Guatemala." [online] Washington, DC: National Geographic Magazine, 23 April 2004. http://news.nationalgeographic.com/news/2004/04/0423_040423_mayapanel.html (5 May 2004)	N	2009007269
	Mayan Ruins, Associated Press, CNN (2004)	Associated Press. "Uncovered Mayan ruins depict ancient games." CNN, 23 April 2004. [online] http://www.cnn.com/2004/WORLD/americas/04/23/mayan.remains.ap/index.html (5 May 2004)	N	2009007270
	Maugh, Maya Culture, Los Angeles Times (2004)	Maugh, Thomas H., II "New finds put Maya culture back a few centuries." Los Angeles Times (5 May 2004), A14	N	2009007271
	Estrada-Belli et al, Preclassic Maya monuments, Antiquity (2003)	Estrada-Belli, Francisco, Nikolai Grube, Marc Wolf, Kristen Gardella, Claudio Lozano Guerra-Librero. "Preclassic Maya monuments and temples at Cival, Pet$00en, Guatemala." Antiquity 77/296 (2003). [online] http://antiquity.ac.uk/ProjGall/belli/belli.html (5 May 2004)	N	2009007272
	Goren et al, Petrographic investigation of Alashiyan tablets, American Journal of Archaeology  (2003)	Goren, Yuval, Shlomo Bunimovitz, Israel Finkelstein, and Nadav Na'aman. "The location of Alashiay: New evidence from petrographic investigation of Alashiyan tablets from El-Amarna and Ugarit," American Journal of Archaeology [online version], 107/2 (April 2003) http://www.ajaonline.org/archive/107.2/i_toc.html (accessed 14 May 2004)	N	2009007273
	Rosensweig, Lost City of Cleopatra, Discovery Channel (1998)	Rosensweig, Brahm. "Raising the lost city of Cleopatra." Discovery Channel. 1998. http://www.exn.ca/Stories/1998/10/28/54.asp (18 May 2005)	N	2009007274
	Foreman, Cleopatra's Palace (1999)	Foreman, Laura, Cleopatra's Palace: In Search of a Legend. New York, Discovery Books, 1999.	N	2009007275
	Peck, Harpers Dictionary of Classical Antiquities (1898)	Peck, Harry Thurston. Harpers Dictionary of Classical Antiquities. New York: Harper and Brothers, 1898.	N	2009007276
	Gwin, Tombs of Peru's Cloud People, National Geographic (2004)	Gwin, Peter. "Tombs of Peru's Cloud People," National Geographic Magazine 205/6 (2004), 56 ff.	N	2009007277
	Faherty, St. Louis History (1989)	Faherty, William B. St. Louis: A Concise History. 2nd edition. St. Louis, Missouri: Masonry Institute of St. Louis, 1989.	N	9006685
	Bosnia Herzegovina Web Site (1997)	Embassy of Bosnia and Herzegovina. The Historical Review. Washington: Embassy of Bosnia and Herzegovina, 1997 <http://www.bosniaembassy.org>.	M	9006686
	Carolina Bays, Smithsonian (1997)	Krajick, Kevin, "The Riddle of the Carolina Bays."  Smithsonian XXVIII/6 (1997), 45-55.	M	9006687
	Almaty, Los Angeles Times (1997)	"A Capital Move for Kazakhstan." Los Angeles Times (November 8, 1997), A1.	N	9006688
	Hunt, Fort Floyd (1994)	Hunt, William J., Jr. "Fort Floyd: History and Archaeology of an Enigmatic 19th Century Trading Post." North Dakota History LXI/3 (1994).	M	9006689
	Santa Rosa Island Auth., Florida (1997)	Santa Rosa Island Authority, Pensacola, Florida. Per telephone converation with the office of the Santa Rosa Island Authority on August 26, 1997.	N	9006651
	ISO Country Codes (1996)	International Organization for Standardization. ISO Codes for the Representation of Names of Countries and Their Subdivisions. Revision of 4th ed. Gen$02eve: International Organization for Standardization, 1996.	M	9006690
	Montserrat, Washington Post (1997)	Greaves, Keith. "Montserrat Volcano Threatens Biggest Eruption." The Associated Press. Washington Post [online edition] (November 4, 1997) <http://washingtonpost.com>.	N	9006691
	USBGN Bulletin, no. 14 (1997)	United States Board on Geographic Names. Foreign Names Information Bulletin: XIV.  Washington: National Imagery and Mapping Agency, 1997.	N	9006692
	USBGN Bulletin, no. 13 (1997)	United States Board on Geographic Names. Foreign Names Information Bulletin: XIII.  Washington: National Imagery and Mapping Agency, 1997.	N	9006693
	Des Moines County Courthouse, Iowa(1997)	Des Moines County Courthouse, Burlington, Iowa.  Per telephone conversation with the office of the County Clerk on June 30th, 1997.	N	9006598
	AAA: Hawaii (1987)	American Automobile Association.  Hawaii [map]. Falls Church, VA: A.A.A., 1987. 	N	9006599
	Rand McNally: California (1996)	Rand McNally.  California: Roadmap [map].  Chicago, IL: Rand McNally, 1995.	N	9006600
	Rand McNally: California (1995)	Rand McNally.  California: Roadmap [map].  Chicago, IL; Rand McNally, 1995.	N	9006601
	Hardin County Auditor, Iowa (1997)	Hardin County Office of the Auditor. Per telephone conversation on July 2, 1997.	N	9006602
	Australia, New York Times (1996)	Wilford, John Noble. "In Australia, Signs of Artists Who Predate Homo Sapiens." New York Times (September 21, 1996), A1 & A5.	N	9006603
	Rand McNally: Iowa (1996)	Rand McNally.  Iowa: State Map [map].  Chicago, Il: Rand McNally, 1996.	N	9006604
	San Joaquin County Clerk, California	San Joaquin County Clerk, Stockton, California. Per telephone conversation with office of the County Clerk on July 7, 1997.	N	9006608
	Santa Barbara County Courthouse, CA 1997	Santa Barbara County Courthouse, Santa Barbara, California. Per telephone conversation with the office of the County Surveyor on July 7, 1997.	N	9006609
	AAA: Kansas/Missouri (1993)	American Automobile Association.  Kansas-Missouri [map].  Heathrow, FL: A.A. A., 1993.	N	9006610
	AAA: Iowa/Nebraska (1993)	American Automobile Association.  Iowa-Nebraska [map].  Heathrow, FL: A.A.A., 1993.	N	9006611
	AAA: Maine (1988)	American Automobile Association. Maine-New Hampshire-Vermont [map]. Falls Church, Virginia: A.A.A., 1988.	N	9006612
	Old Bones, New York Times (1996)	Freeman, Karen. "9,700-Year-Old Bones Back Theory of a Coastal Migration." New York Times (October 6, 1996), 11.	N	9006613
	USBGN: Czechoslovakia (1955)	United States Office of Geography. Foreign Gazetteers of the U.S. Board on Geographic Names: Czechoslovakia. Washington: The Office of Geography, 1955.	M	9005506
	USBGN: Germany-BRD (1960)	United States Office of Geography. Foreign Gazetteers of the U.S. Board on Geographic Names: Germany-Federal Republic. Washington: The Office of Geography, 1960.	M	9005508
	USBGN: Yugoslavia (1983)	United States Office of Geography. Foreign Gazetteers of the U.S. Board on Geographic Names: Yugoslavia. Washington: The Office of Geography, 1983.	M	9005509
	USBGN: Canada (1953)	United States Office of Geography. Foreign Gazetteers of the U.S. Board on Geographic Names: Canada. Washington: The Office of Geography, 1953.	M	9005511
	USBGN: Algeria (1972)	United States Office of Geography. Foreign Gazetteers of the U.S. Board on Geographic Names: Algeria. Washington: The Office of Geography, 1972.	M	9005514
	USBGN: Switzerland (1950)	United States Office of Geography. Foreign Gazetteers of the U.S. Board on Geographic Names: Switzerland. Washington: The Office of Geography, 1950.	M	9005516
	USBGN: Tunisia (1964)	United States Office of Geography. Foreign Gazetteers of the U.S. Board on Geographic Names: Tunisia. Washington: The Office of Geography, 1964.	M	9005518
	USBGN: Denmark (1961)	United States Office of Geography. Foreign Gazetteers of the U.S. Board on Geographic Names: Denmark. Washington: The Office of Geography, 1961.	M	9005519
	USBGN: Syria (1983)	United States Office of Geography. Foreign Gazetteers of the U.S. Board on Geographic Names: Syria. Washington: The Office of Geography, 1983.	M	9005520
	Atlas of Greek & Roman World (1981)	Atlas of the Greek and Roman World in Antiquity. Nicholas G.L. Hammond, editor-in-chief. Park Ridge, NJ: Noyes Press, 1981.	M	9005521
	USBGN: Norway (1963)	United States Office of Geography. Foreign Gazetteers of the U.S. Board on Geographic Names: Norway. Washington: The Office of Geography, 1963.	M	9005522
	Traveller's Map of Swaziland (1989)	Swaziland Government. Traveller's Map of Swaziland. Johannesburg, South Africa: Studio Press, 1989.	N	9005462
	Nagel's: Czechoslovakia (1968)	Czechoslovakia. 4th ed. Nagel's Encyclopedia-Guides. Gen$02eve: Nagel Publishers, 1968.	M	9005399
	USBGN: United Kingdom (1950)	United States Office of Geography. Foreign Gazetteers of the U.S. Board on Geographic Names: United Kingdom. Washington: The Office of Geography, 1950.	N	9005408
	Oxford: English Place Names (1960)	Concise Oxford Dictionary of English Place-Names. Edited by Eilert Ekwall. 4th ed. Oxford: Clarendon Press, 1960.	N	9005409
	Jericho, Los Angeles Times (1994)	"Christopher 'Thrilled' Over Jericho Transfer of Power." Los Angeles Times (May 18, 1994), A9.	N	9005412
	Republika Hrvatska (1993)	Kri$07zovan, Zvonimir, et al. Republika Hrvatska: $07Zupanije, Gradovi, Op$00cine (map). Zagreb: Naklada, 1993.	N	9005414
	Guide Bleu: C$00evennes Languedoc (1970)	C$00evennes, Languedoc: Rouergue, Albigeois, Causses, G$00evaudan, Velay, Vivarais. Les Guides Bleus. Paris: Hachette, 1970.	M	9005415
	Nagel's: Soviet Union (1985)	U.S.S.R.. 5th ed. Nagel's Encyclopedia-Guides. Gen$02eve: Nagel Publishers, 1985.	N	9005416
	USBGN: Netherlands (1982)	United States Office of Geography. Foreign Gazetteers of the U.S. Board on Geographic Names: Netherlands. Washington: The Office of Geography, 1982.	N	9005417
	USBGN: Luxembourg (1951)	United States Office of Geography. Foreign Gazetteers of the U.S. Board on Geographic Names: Luxembourg. Washington: The Office of Geography, 1951.	N	9005418
	USBGN: Portugal (1961)	United States Office of Geography. Foreign Gazetteers of the U.S. Board on Geographic Names: Portugal. Washington: The Office of Geography, 1961.	N	9005421
	USBGN: Cambodia (1971)	United States Office of Geography. Foreign Gazetteers of the U.S. Board on Geographic Names: Cambodia. Washington: The Office of Geography, 1971.	N	9005422
	Orbis Latinus (1971)	Graesse, Johann Georg Theodor. Orbis Latinus: Lexikon lateinischer geographischer Namen. Edited by Helmut Plechl & G$04unter Spitzbart. Braunschweig: Klinkhardt & Biermann, 1971.	N	9005423
	USBGN: Poland (1955)	United States Office of Geography. Foreign Gazetteers of the U.S. Board on Geographic Names: Poland. Washington: The Office of Geography, 1955.	N	9005424
	Embassy of Puerto Rico, Mapa (1983)	Embassy of Puerto Rico. Aspectos Pol$00iticos-Administrativos: Mapa electoral. Puerto Rico: Estado Libre Asociado de Puerto Rico, 1983.	N	9005425
	Liechtenstein (1993)	F$00urstentum Liechtenstein: 1:50000 [scale]. Bern: Schad & Frey, 1993.	N	9005427
	USBGN: Republic of China (1974)	United States Office of Geography. Foreign Gazetteers of the U.S. Board on Geographic Names: Republic of China. Washington: The Office of Geography, 1974.	N	9005428
	Board of Tourism, St. Vincent (1994)	Saint Vincent & Grenadines Board of Tourism. Discover Exclusively Caribbean St. Vincent & the Grenadines [map]. St. George's, Grenada: Warren Associates Publishing, 1994.	N	9005429
	Matheson, Persia Archaeological (1972)	Matheson, Sylvia A. Persia: An Archaeological Guide. London: Faber and Faber, 1972.	N	9005430
	USBGN: Vietnam (1986)	United States Office of Geography. Foreign Gazetteers of the U.S. Board on Geographic Names: Vietnam. Washington: The Office of Geography, 1986.	N	9005433
	USBGN: Lebanon (1970)	United States Office of Geography. Foreign Gazetteers of the U.S. Board on Geographic Names: Lebanon. Washington: The Office of Geography, 1970.	N	9005435
	USBGN: Laos (1973)	United States Office of Geography. Foreign Gazetteers of the U.S. Board on Geographic Names: Laos. Washington: The Office of Geography, 1973.	N	9005436
	Atlas of Mesopotamia (1990)	Roaf, Michael. Cultural Atlas of Mesopotamia and the Ancient Near East. New York: Facts on File Publications, 1990.	N	9005439
	Schmmel, Georgia off Beaten Path (1989)	Schemmel, William. Georgia off the Beaten Path. Chester, CT: The Globe Pequot Press, 1989.	N	9005440
	Embassy of Bhutan, Map (1988)	Embassy of Bhutan. Royal Government of Bhutan: Bhutan Administrative Map. Bhutan: Survey of Bhutan, 1988.	N	9005441
	USBGN: Israel (1983)	United States Office of Geography. Foreign Gazetteers of the U.S. Board on Geographic Names: Israel. Washington: The Office of Geography, 1983.	N	9005443
	Immeubles: C$03otes-du-Nord	France, Direction de l'architecture. Liste des immeubles prot$00eg$00es au titre de la l$00egislation sur les monuments historiques et sur les sites dans le d$00epartement des C$03otes-du-Nord. Paris: Imprimerie nationale, n.d.	M	9006186
	Immeubles: Gers	France, Direction de l'architecture. Liste des immeubles prot$00eg$00es au titre de la l$00egislation sur les monuments historiques et sur les sites dans le d$00epartement de Gers. Paris: Imprimerie nationale, n.d.	M	9006189
	Immeubles: Cantal	France, Direction de l'architecture. Liste des immeubles prot$00eg$00es au titre de la l$00egislation sur les monuments historiques et sur les sites dans le d$00epartement de Cantal. Paris: Imprimerie nationale, n.d.	M	9006191
	Immeubles: Loire	France, Direction de l'Architecture. Liste des immeubles prot$00eg$00es au titre de la l$00egislation sur les monuments historiques et sur les sites dans le d$00epartement de la Loire. Paris: Imprimerie nationale, n.d.	M	9006193
	Immeubles: Nievre	France, Direction de l'Architecture. Liste des immeubles prot$00eg$00es au titre de la l$00egislation sur les monuments historiques et sur les sites dans le d$00epartement de Nievre. Paris: Imprimerie nationale, n.d.	M	9006195
	Immeubles: Somme	France, Direction de l'Architecture. Liste des immeubles prot$00eg$00es au titre de la l$00egislation sur les monuments historiques et sur les sites dans le d$00epartement de Somme. Paris: Imprimerie nationale, n.d.	M	9006197
	Saur: Museums of the World (1981)	Museums of the World. Handbook of International Documentation and Information. 3rd revised edition. M$04unchen; New York: K.G. Saur, 1981.	M	9006198
	Acta Historica Mediaevalia (1980-)	Acta historica et archaeologica mediaevalia. Departamento de Historia Medieval, Instituto de Historia Medieval. Barcelona: Facultad de Geograf$00ia e Historia, Universidad de Barcelona, 1980-.	M	9006200
	MacKendrick, N African Stones (1980)	MacKendrick, Paul Lachlan. The North African Stones Speak. London: Crook Helm, 1980.	M	9006201
	C$00eramique M$00edi$00evale (1980)	International Medieval Archeology Colloquium. C$00eramique M$00edi$00evale en M$00editerran$00ee Occidentale. Paris: Centre national de la recherche scientifique, 1980.	M	9006202
	Praehistorische Zeitschrift	Praehistorische Zeitschrift. Berlin; New York: Walter de Gruyter, 1909-.	M	9006203
	Blue Guide: Crete (1986)	Crete. Edited by Pat Cameron. The Blue Guides. London: A. & C. Black, 1986.	M	9005093
	Hungary Comprehensive Guide (1981)	Hungary: A Comprehensive Guide. Edited by Gyula N$00emeth. Translated by Charles Carlson. Budapest: Corvina Press, 1981.	N	9005095
	Nagel's: Hungary (1974)	Hungary. 3rd ed. English version by Sheila Richards. Nagel's Encyclopedia-Guides. Gen$02eve: Nagel Publishers, 1974.	M	9005096
	Nagel's: Hungary (1964)	Hungary. Edited by Thomas Schreiber. The Nagel Travel Guide Series. Gen$02eve: Nagel Publishers, 1964.	M	9005097
	USBGN: Russia (1970)	United States Office of Geography. Foreign Gazetteers of the U.S. Board on Geographic Names: Russia. Washington: The Office of Geography, 1970.	N	9005099
	USBGN: Djibouti (1983)	United States Office of Geography. Foreign Gazetteers of the U.S. Board on Geographic Names: Djibouti. Washington: The Office of Geography, 1983.	N	9005101
	USBGN: Chile (1967)	United States Board Office of Geography. Foreign Gazetteers of the U.S. Board on Geographic Names: Chile. Washington: The Office of Geography, 1967.	N	9005105
	USBGN: Peru (1955)	United States Office of Geography. Foreign Gazetteers of the U.S. Board on Geographic Names: Peru. Washington: The Office of Geography, 1955.	N	9005106
	USBGN: Guatemala (1984)	United States Office of Geography. Foreign Gazetteers of the U.S. Board on Geographic Names: Guatemala. Washington: The Office of Geography, 1984.	N	9005107
	USBGN: British W Indies & Bermuda (1955)	United States Office of Geography. Foreign Gazetteers of the U.S. Board on Geographic Names: British West Indies and Bermuda. Washington: The Office of Geography, 1955.	N	9005108
	USBGN: Nicaragua (1985)	United States Office of Geography. Foreign Gazetteers of the U.S. Board on Geographic Names: Nicaragua. Washington: The Office of Geography, 1985.	N	9005109
	Europe, National Geographic (1992)	"Europe." National Geographic Magazine CLXXXI/6 (1992).	N	9004972
	USBGN: Dominican Republic (1972)	United States Office of Geography. Foreign Gazetteers of the U.S. Board on Geographic Names: Dominican Republic. Washington: The Office of Geography, 1972.	N	9005110
	USBGN: Costa Rica (1983)	United States Office of Geography. Foreign Gazetteers of the U.S. Board on Geographic Names: Costa Rica. Washington: The Office of Geography, 1983.	N	9005111
	Dehio Handbuch: Hessen (1964)	Backes, Magnus. Hessen. George Dehio Handbuch der Deutschen Kunstdenkm$04aler. M$04unchen: Deutscher Kunstverlag, 1964.	M	9005112
	Cambridge Encyclopedia of India (1989)	Cambridge Encyclopedia of India, Pakistan, Bangladesh, Sri Lanka, Nepal, Bhutan and the Maldives. Edited by Francis Robinson. Cambridge, England; New York: Cambridge University Press, 1989.	N	9004813
	Hellenic Military, Hart$01ee (1985)	Hellenic Military Geographical Service. Hart$01ee: Odikou Diktuou Kai Dioik$01etik$01on Diairese$01on T$01es Ellados (map). Ath$00inai: The Hellenic Military Geographical Service, 1985.	N	9004817
	Rand McNally Atlas (1991)	Rand McNally and Company. The New International Atlas. Chicago: Rand McNally, 1991.	N	9004824
	Rand McNally Atlas (1989)	Rand McNally and Company. The New International Atlas. Chicago: Rand McNally, 1989.	M	9004825
	Rand McNally, US Data (1988)	Rand McNally and Company, Data Products Division. Extracted from the Commercial Atlas and Marketing Guide, 1988.	N	9004826
	Dehio Handbuch: Ober$04osterreich (1977)	Hainisch, Erwin. Ober$04osterreich. 6th ed. Dehio Handbuch: Die Kunstdenkm$04aler $04Osterreichs. Wien; M$04unchen: Verlag Anton Schroll & Co., 1977.	N	9004829
	Nagel's: Scandinavia (1968)	Scandinavia: Denmark, Finland, Iceland, Norway, Sweden. 3rd ed. Nagel's Encyclopedia-Guides. Gen$02eve: Nagel Publishers, 1968.	M	9004832
	Britannica Book of the Year (1992)	1992 Britannica Book of the Year. Events of 1991. Chicago: Encyclop$70aedia Britannica Inc., 1992.	N	9004837
	Tanzania: Major Centres (1998)	Tazania Tourist Board. "Major Centres: Kilwa." Dar-es-Salaam: Tanzania Tourist Board, 1998. [online]. <http://www.safariweb.com/tanzania>.	M	9006791
	World Monuments, Kilwa Kisiwani (1999)	World Monuments Fund. "World Monuments Watch: Kilwa Kisiwani." New York: Columbia University Media Center for Art History, 1999 [online]. <http://www.worldmonuments.org>.	M	9006792
	Hawai$67i State Government (1999)	State of Hawaii. "Hawai$67i State Government" [online]. Honolulu: Hawaii State Government, 1999. <http://www.www.hawaii.gov>.	N	9006793
	Lonely Planet: Canada	Lightbody, Mark. Canada: a travel survival kit. 3rd ed. Victoria: Lonely Planet	N	9006794
	Weymouth, Massachusetts (1999)	"The Official Homepage of Weymouth, Massachusetts" [online] Town of Weymouth: Weymouth, MA, 1999. <http://www.weymouth.ma.us>.	M	9006795
	Berlin, New York Times (1999)	"With Smoked Salmon and Beer, Berlin Greets Parliament." New York Times (April 20, 1999), A-12.	N	9006796
	Schuster, Alexandria, Archaeology (1999)	Schuster, Angela M.H. "Ancient Alexandria Revealed: Mapping Alexandria's Royal Quarters." Archaeology Magazine. Archaeological Institute of America, LII/2 (1999), 44-46.	M	9006797
	Pharos Sculpture, Archaeology (1996)	Slayman, Andrew L. "Pharos Sculpture Recovered" Archaeology Magazine. Archaeological Institute of America, IL/1 (1996), [online]. <http://archaeology.org>.	M	9006798
	Getty Museum, Collections [online] (2000-)	J. Paul Getty Museum. Collections.  [online] Los Angeles: J. Paul Getty Trust, 2000-. http://www.getty.edu/art/collections/	M	9006799
	Portoselvaggio (1999)	"Portoselvaggio: Un Parco per la Puglia." [online]. Nard$00o: L'Amministrazione comunale, 1999. <http://www.medea.clio.it/pselva>.	M	9006800
	Broglio, Neanderthals (1999)	Broglio, Alberto. "Neanderthals and modern humans in Europe: behavioural aspects." Venice: Istituto Veneto di Scienze, Lettere, ed Arti, 1999. <http://www.ivsla.unive.it/Istituto/Convegni/Origini/Broglio.htm>.	N	9006801
	TCI: Marche (1962)	Marche. 3rd ed. Guida d'Italia del Touring Club Italiano. Milano: Touring Club Italiano, 1962.	M	9006028
	TCI: Marche (1977)	Marche. 3rd ed. Guida d'Italia del Touring Club Italiano. Milano: Touring Club Italiano, 1977.	M	9006030
	TCI: Marche (1979)	Marche. 4th ed. Guida d'Italia del Touring Club Italiano. Milano: Touring Club Italiano, 1979.	M	9006031
	TCI: Piemonte (1976)	Piemonte. 8th ed. Guida d'Italia del Touring Club Italiano. Milano: Touring Club Italiano, 1976.	M	9006032
	Times Atlas of the World (1992)	Times Atlas of the World. 9th comprehensive edition. New York: Times Books, 1992.	M	9006037
	TCI: Atlante Internazionale (1963)	Indice dei nomi. Atlante internazionale del Touring Club Italiano. Milano: Touring Club Italiano, 1963.	M	9006040
	TCI: Atlante Internazionale (1978)	Indice dei nomi. Atlante Internazionale del Touring Club Italiano. Milano: Touring Club Italiano, 1978.	M	9006041
	Board of Tourism, Grenada (1994)	Grenada Board of Tourism. The Greeting Tourist Guide, Spring/Summer 1994: Grenada, Carriacou & Petit Martinique [map]. Boca Raton, FL: CPS Caribbean Communications, Inc., 1994.	M	9006042
	Danmark (1972)	Trap, Jens Peter. Danmark. 5th ed. K$14obenhaven: G.E.C. Grad, 1972.	M	9006044
	National Register (1972)	National Register of Historic Places. Washington: U.S. Department of the Interior, National Park Service, 1972.	M	9006045
	National Zip Code Directory (1985)	National Five Digit Zip Code and Post Office Directory. Washington: U.S. Postal Service, 1985.	M	9006048
	National Monuments of Ireland (1970)	Harbison, Peter. Guide to the National Monuments in the Republic of Ireland. Dublin: Gill & Macmillan, 1970.	M	9006051
	Two New Countries, New York Times (1993)	"The Two New Countries: Czech Republic and Slovakia." New York Times (January 1, 1993), A7.	M	9006053
	Buildings: NE & E Kent (1983)	Newman, John. North East and East Kent. 3rd ed. The Buildings of England. Harmondsworth, London; New York: Penguin Books, 1983.	M	9006054
	Times Atlas of the World (1988)	Times Atlas of the World. 7th comprehensive edition. New York: Times Books, 1988.	M	9005967
	Guide Bleu: Vosges Lorraine (1969)	Vosges, Lorraine, Alsace. Les Guides Bleus. Paris: Hachette, 1969.	M	9005901
	Guide Bleu: Corse (1983)	Corse. Les Guides Bleus. Paris: Hachette, 1983.	M	9005902
	Guide Bleu: Val de Loire (1970)	Val de Loire: Maine, Orl$00eanais, Touraine, Anjou. Les Guides Bleus. Paris: Hachette, 1970.	M	9005904
	Guide Bleu: Bulgarie (1969)	Bulgarie. Edited by Jean-Jacques Fauvel. Les Guides Bleus. Paris: Hachette, 1969.	M	9005905
	Guide Bleu: Mexique (1977)	Mexique, Guatemala. Les Guides Bleus. Paris: Hachette, 1977.	M	9005908
	Blue Guide: England (1965)	England. Edited by L. Russell Muirhead. 7th ed. The Blue Guides. London: E. Benn, 1965.	M	9005909
	Guide Bleu: Tunisie (1977)	Fauvel, Jean-Jacques. Tunisie. Les Guides Bleus. Paris: Hachette, 1977.	M	9005911
	Guide Bleu: P$00erigord (1978)	P$00erigord, Quercy: Dordogne, Lot, Lot-et-Garonne, Tarn-et-Garonne. Les Guides Bleus. Paris: Hachette, 1978.	M	9005912
	Guide Bleu: Poitou Guyenne (1964)	Poitou, Guyenne: Charentes, P$00erigord, Quercy, Bordelais, Agenais. Paris: Hachette, 1958.	M	9005913
	Zodiaque: Guyenne (1969)	Dubourg-Noves, Pierre. Guyenne romane. Nuit des temps. La Pierre-qui-Vire, Yonne: Zodiaque, 1969.	M	9005914
	Guide Bleu: Champagne-Ardenne (1971)	Champagne, Ardenne: Vall$00ee de la Meuse. Les Guides Bleus. Paris: Hachette, 1971.	M	9005915
	Flynn, Gazetteer of Yugoslavia (1983)	Gazetteer of Yugoslavia: Names Approved by the United States Board on Geographic Names. Prepared by Randall E. Flynn. 2nd ed. Washington: Defense Mapping Agency, 1983.	M	9005918
	Blue Guide: Yugoslavia (1974)	Yugoslavia. The Blue Guides. London: A. & C. Black, 1974.	M	9005919
	Guide Bleu: Bretagne (1982)	Bretagne: C$03otes du Nord, Finist$02ere, Ille-et-Vilaine, Loire-Atlantique, Morbihan. Les Guides Bleus. Paris: Hachette, 1982.	M	9005922
	Guide Bleu: URSS (1974)	URSS: Moscou, Leningrad, Kiev, Odessa, stations baln$00eaires de la mer Noire. Edited by Denise Bernard-Folliot. Les Guides Bleus. Paris: Hachette, 1974.	M	9005923
	Spit, New York Times (1997)	Onishi, Norimitsu. "A Spit That Tried to Be an Island but Sank." New York Times (March 18, 1997), A16.	N	9006614
	Grand Staircase, BLM (1996)	"Questions and Answers on the Grand Staircase-Escalante National Monument" [online]. Washington: Bureau of Land Management, 1996. <http://www.blm.gov/nhp/news/alerts/EscQA.html>.	N	9006616
	AAA: New Jersey-Pennsylvania (1993)	American Automobile Association.  New Jersey-Pennsylvania [map].  Heathrow, FL: A.A.A., 1993.	N	9006617
	AAA: Alaska, Northwestern Canada (1993)	American Automobile Association. Alaska and Northwestern Canada.  Heathrow, Florida: A.A.A., 1993.	N	9006618
	AAA: Map of Alaska and NW Canada (1993)	American Automobile Association.  Alaska and Northwestern Canada [map].  Heathrow, Florida: A.A.A., 1993.	N	9006619
	Gousha: Oregon (1993)	H.M. Gousha Company.  Oregon: Roadmap [map].  Comfort, TX: Gousha, 1993.	N	9006620
	AAA: Oregon (1993)	American Automobile Association.  Oregon: Roadmap [map]. Heathrow, FL; A.A.A. , 1993.	N	9006621
	Cecil Co. Econ. Dev. Office, MD (1997)	Cecil County Office of Economic Development, Elkton, Maryland.  Per telephone conversation on July 22nd, 1997.	N	9006622
	Gousha: Delaware & Maryland (1993)	H.M. Gousha Company.  Delaware & Maryland: Roadmap [map].  Comfort, TX: Gousha, 1993.	N	9006624
	AAA: Colorado/Wyoming (1987)	American Automobile Association. Colorado-Wyoming [map]. A.A.A., 1987.	N	9006625
	Rand McNally:  Tennessee. (1995)	Rand McNally. Tennessee:  Roadmap [map]. Chicago, IL; Rand McNally 1995.	N	9006626
	Gousha: Massachusetts (1995)	H.M. Gousha Company.  Massachusetts: Roadmap [map].  Comfort, TX: Gousha, 1995.	N	9006628
	Gousha: Pennsylvania (1996)	H.M Gousha Company. Pennsylvania: Roadmap [map]. Comfort, TX: Gousha, 1996. 	N	9006629
	AAA: New York (1988)	American Automobile Association. New York [map]. Falls Church, Virginia: A.A.A., 1988.	N	9006631
	Cambridge Italian Dictionary (1962)	The Cambridge Italian Dictionary. Cambridge, England: Cambridge University Press, 1962.	N	9006632
	Gousha: North Carolina (1995)	H.M. Gousha Company. North Carolina: Roadmap [map]. Comfort, TX: Gousha, 1995.	N	9006633
	Enciclopedia Europea (1978)	Enciclopedia Europea. Milano, Italia: Garzanti, 1978.	N	9006634
	AAA: Louisiana-Mississippi (1993)	American Automobile Association.  Louisiana/Mississippi [map]. Heathrow, FL: A.A.A., 1993.	N	9006635
	Buildings: Wiltshire (1975)	Pevsner, Nikolaus. Wiltshire. 2nd ed. Revised by Bridget Cherry. Buildings of England. Harmondsworth, London: Penguin Books, 1975.	M	9005757
	Buildings: Cumberland (1967)	Pevsner, Nikolaus. Cumberland and Westmorland. Buildings of England. Harmondsworth, London: Penguin Books, 1967.	M	9005758
	Buildings: Derbyshire (1978)	Pevsner, Nikolaus. Derbyshire. 2nd ed. Revised by Elizabeth Williamson. Buildings of England. Harmondsworth, London: Penguin Books, 1978.	M	9005760
	Buildings: Buckinghamshire (1973)	Pevsner, Nikolaus. Buckinghamshire. Buildings of England. Harmondsworth, London: Penguin Books, 1973.	M	9005761
	Buildings: Northamptonshire (1973)	Pevsner, Nikolaus. Northamptonshire. 2nd ed. Buildings of England. Harmondsworth, London: Penguin Books, 1973.	M	9005762
	Buildings: Hertfordshire (1977)	Pevsner, Nikolaus. Hertfordshire. 2nd ed. Revised by Bridget Cherry. Buildings of England. Harmondsworth, London: Penguin Books, 1977.	M	9005763
	Buildings: Surrey (1962)	Pevsner, Nikolaus and Ian Nairn. Surrey. Buildings of England. Harmondsworth, London: Penguin Books, 1962.	M	9005764
	Magazine Antiques	The Magazine Antiques. New York: Straight Enterprises, 1971-.	M	9005704
	Buildings: Oxfordshire (1974)	Pevsner, Nikolaus and Jennifer Sherwood. Oxfordshire. Buildings of England. Harmondsworth, London: Penguin Books, 1974.	M	9005766
	Buildings: Cambridgeshire (1970)	Pevsner, Nikolaus. Cambridgeshire. Buildings of England. Harmondsworth, London: Penguin Books, 1970.	M	9005767
	Buildings: Yorkshire, W Riding (1967)	Pevsner, Nikolaus. Yorkshire: The West Riding. 2nd ed. Revised by Enid Radcliffe. Buildings of England. Harmondsworth, London: Penguin Books, 1967.	M	9005768
	Buildings: NW & S Norfolk (1962)	Pevsner, Nikolaus. North-West and South Norfolk. Buildings of England. Harmondsworth, London: Penguin Books, 1962.	M	9005769
	Buildings: Sussex (1965)	Pevsner, Nikolaus and Ian Nairn. Sussex. Buildings of England. Harmondsworth, London: Penguin Books. 1965.	M	9005770
	Murray Handbook: South Wales (1890)	A Handbook for Travellers in South Wales and Its Borders, Including the River Wye. Murray's English Handbooks. London: J. Murray, 1890.	M	9005611
	Buildings of Wales: Powys (1979)	Haslam, Richard. Powys: Montgomeryshire, Radnorshire, Breconshire. Buildings of Wales. Harmondsworth, London; New York: Penguin Books; Cardiff, Wales: University of Wales Press, 1979.	M	9005613
	Hoade, Guide to Holy Land (1973)	Hoade, Eugene. Guide to the Holy Land. Yerushalayim: Franciscan Printing Press, 1973.	M	9005614
	Dehio Handbuch: Hessen (1982)	Backes, Magnus. Hessen. Georg Dehio Handbuch der Deutschen Kunstdenkm$04aler. M$04unchen: Deutscher Kunstverlag, 1982.	M	9005615
	Dehio Handbuch: Elsass (1976)	Hotz, Walter. Dehio Handbuch der Kunstdenkm$04aler im Elsass und in Lothringen. M$04unchen: Deutscher Kunstverlag, 1976.	M	9005624
	Insight Guide: Prague (1993)	Prague. Edited by Joachim Chwaszcza. Insight Guides. Hong Kong: APA Publications; Boston: Houghton Mifflin, 1993.	M	9005626
	Krautheimer, Early Christian (1986)	Krautheimer, Richard. Early Christian and Byzantine Architecture. Harmondsworth, London: Penguin Books; New York: Viking, 1986.	M	9005628
	DuMont: Albanien (1989)	Koch, Guntram. Albanien: Kunst und Kultur im Land der Skipetaren. DuMont Kunst-Reisef$04uhrer. K$04oln: DuMont Verlag, 1989.	M	9005629
	Kunstreisboek voor Nederland (1977)	Kunstreisboek voor Nederland. Amsterdam: Van Kampen, 1977.	M	9005631
	Kunstreisboek: Noord-Holland (1987)	Kunstreisboek Noord-Holland. Kunstreisboek voor Nederland. Houten, Utrecht: Van Kampen & Zoon, 1987.	M	9005633
	Saur: Museen Deutschland (1981)	Handbuch der Museen: Bundesrepublik Deutschland, Deutsche Demokratische Republik, $04Osterreich, Schweiz, Liechtenstein. M$04unchen; New York: K.G. Saur, 1981.	N	9001613
	Knaurs: Finnland (1988)	Knaurs Kulturf$04uhrer in Farbe, Finnland. Edited by Marianne Mehling. M$04unchen: Droemer Knaur, 1988.	N	9001620
	Kunstreisboek voor Nederland (1965)	Kunstreisboek voor Nederland. Amsterdam: Van Kampen, 1965.	N	9001622
	Journal of Baltic Studies	Journal of Baltic Studies. Brooklyn, NY: Association for the Advancement of Baltic Studies, 1972-.	N	9001624
	Honey, European Ceramic Art (1949)	Honey, William Bowyer. European Ceramic Art: From the End of the Middle Ages to About 1815. London: Faber and Faber, 1949.	N	9001635
	Baedekers: Northern Germany (1913)	Northern Germany as far as the Bavarian and Austrian Frontiers: Handbook for Travellers. Leipzig: K. Baedeker; New York: C. Scribner's Sons, 1913.	N	9001643
	Schulte, Het Rijk Van Nijmegen (1982)	Schulte, A.G. Het Rijk Van Nijmegen. Nederlands monumenten van geschiedenis en kunst. 's-Gravenhage: Staatsuitsgeverij, 1982.	N	9001649
	Art International	Art International. Lugano, Schweiz: J. Fitzsimmons, 1958-.	N	9001659
	Bildhandbuch: Bulgarien (1983)	Kunstdenkm$04aler in Bulgarien: Ein Bildhandbuch. Bildhandbuch der Kunstdenkm$04aler. M$04unchen: Deutscher Kunstverlag, 1983.	N	9001663
	Journal of the Walters Art Gallery	Journal of the Walters Art Gallery. Baltimore, MD: Trustees of the Walters Art Gallery, 1938-.	N	9001669
	Kerken in Friesland (1985)	Kerken in Friesland: Gebouwen, inrichting en gebruik. Edited by S. ten Hoeve, G.P. Karstkarel, et al. Baarn, Utrecht: Bosch & Keuning, 1985.	N	9001674
	Martin, Hollybush (1984)	Martin, Charles E. Hollybush: Folk Building and Social Change in an Appalachian Community. Knoxville: University of Tennessee Press, 1984.	N	9001680
	Th$00esaurus Noms de Lieux (1980)	Voionmaa, Nikki. Th$00esaurus noms de lieux. Paris: Centre National de la Recherche Scientifique, Laboratoire d'Information et de Documentation en G$00eographie, 1980.	N	9001686
	Aarhus Armeniaca (1982)	Aarhus Armeniaca. Acta Jutlandica Humanities Series, LVI. Aarhus universitet, Sept. 1980. $10Arhus, Danmark: Larde selskab, Aarhus universitet, 1982.	N	9001746
	Early Church in Britain (1982)	The Early Church in Western Britain and Ireland: Studies presented to C.A. Ralegh Radford arising from a conference organised in his honour by the Devon Archaeological Society and Exeter City Museum. Oxford: B.A.R., 1982.	N	9001751
	Baedekers: Tuscany (1985)	Baedeker's Tuscany. English translation by James Hogarth. 1st ed. Englewood Cliffs, NJ: Prentice-Hall, 1985.	N	9001430
	Buildings: S Somerset (1958)	Pevsner, Nikolaus. South and West Somerset. Buildings of England. Harmondsworth, London: Penguin Books, 1958.	N	9001035
	Lraber Hasarakakan Gitut'yunneri	Lraber hasarakakan gitut'yunneri. Yerevan, Huyasdan: Haykakan SSH Gitut'yunneri Akademiayi, 1966-.	N	9001049
	Thiasos ton Mouson (1984)	Thiasos ton mouson: Studien zu Antike und Christentum. Festschrift f$04ur Josef Fink zum 70. Geburtstag. K$04oln: B$04ohlau, 1984.	N	9001051
	Analecta Romana Instituti Danici	Analecta Romana Instituti Danici. K$14obenhavn: Danske Selskab, 1960-.	N	9001056
	Ortsnamenbuch Bayern: Dillingen (1966)	Seitz, Reinhard H. Land- und Stadtkreis Dillingen a.d. Donau. Historisches Ortsnamenbuch von Bayern, Schwaben. M$04unchen: Kommission f$04ur Bayerische Landesgeschichte, 1966.	N	9001113
	Nagel's: Czechoslovakia (1985)	Czechoslovakia. 5th ed. Nagel's Encyclopedia-Guides. Gen$02eve: Nagel Publishers, 1985.	N	9001125
	Schleswig-Holstein, Denkmalpflege (1969)	Schleswig-Holstein, Landesamt f$04ur Denkmalpflege. Kunst-Topographie Schleswig-Holstein. Die Kunstdenkm$04aler des Landes Schleswig-Holstein. Neum$04unster: K. Wachholtz, 1969.	N	9001131
	Kunstsammlungen in Baden-W$04urttemberg	Jahrbuch der Staatlichen Kunstsammlungen in Baden-W$04urttemberg. M$04unchen: Deutscher Kunstverlag, 1964-.	N	9001133
	Soester Zeitschrift	Soester Zeitschrift. Soest, Deutschland: Verein f$04ur die Geschichte von Soest und der B$04orde, 1881-.	N	9001151
	Schweizerische Archaeologie	Zeitschrift f$04ur schweizerische Archaeologie und Kunstgeschichte. Revue suisse d'art et d'arch$00eologie. Rivista svizzera d'arte e d'archeologia. Z$04urich: Anzeiger f$04ur schweizerische Altertumskunde, 1939-.	N	9001158
	Gothic Art in Bohemia (1977)	Gothic Art in Bohemia: Architecture, Sculpture, and Painting. Edited by Erich Bachmann. Translated by Gerald Onn. New York: Praeger Publishers, 1977.	N	9001161
	Gifford, Edinburgh (1984)	Gifford, John. Edinburgh. Middlesex, England; New York, NY: Penguin Books, 1984.	N	9001162
	Kunstreisboek: Drenthe (1986)	Kunstreisboek Drenthe. Kunstreisboek voor Nederland. Houten, Utrecht: Van Kampen & Zoon, 1986.	N	9001180
	Greenville County Museum (1976)	Greenville County Museum of Art. 20th Century Art Exhibition, March 2 1976-May 23 1976. Greenville, SC: Greenville County Museum of Art, 1976.	N	9001184
	G$00omez-Moreno, Provincia de Leon(1925)	G$00omez-Moreno, Manuel. Provincia de Le$00on. Madrid: Ministerio de Instrucci$00on P$00ublica y Bellas Artes, 1925.	N	9001197
	Fenton, Abstraction West (1976)	Fenton, Terry. Abstraction West: Emma Lake and After. Abstraction dans l'ouest: Le lac Emma et apr$02es. Ottawa: National Gallery of Canada, 1976.	N	9001210
	Encyclopedia of World History (1972)	An Encyclopedia of World History: Ancient, Medieval, and Modern, Chronologically-Arranged. Edited by William L. Langer. 5th ed. Boston: Houghton Mifflin, 1972.	N	9001212
	Murray Handbook: Wiltshire (1882)	A Handbook for Travellers in Wiltshire, Dorsetshire and Somersetshire. Murray's English Handbooks. London: J. Murray, 1882.	N	9001214
	Volkskunst	Volkskunst. M$04unchen: G. Callwey, 1982-.	N	9001225
	City, Town in Early Byzantine Era (1982)	City, Town, and Countryside in the Early Byzantine Era. Edited by Robert L. Hohlfelder. Boulder, CO: East European Monographs; New York: Columbia University Press, 1982.	N	9001229
	Arts Canada	Arts Canada. Artscanada. Toronto: Society for Art Publications, 1967-.	N	9001250
	Farsi, Atlas of Saudi Arabia (1989)	Farsi, Zaki M.A. National Guide and Atlas of the Kingdom of Saudi Arabia. Jiddah, Al-$67Arab$01iyah as-Su$67$01ud$01iyah: Al Madina Printing and Publication Company, 1989.	N	9004867
	Dehio Handbuch: Tirol (1980)	Ammann, Gert, et al. Tirol. Dehio Handbuch: Die Kunstdenkm$04aler $04Osterreichs. Wien: Verlag Anton Schroll & Co., 1980.	N	9004872
	Germany, National Geographic (1991)	"Germany." National Geographic Magazine CLXXX/3 (1991).	M	9004876
	Biblioteca Vaticana	Biblioteca Vaticana. Inscriptions on drawings in the Barb. lat. collection.	N	9004884
	Atlas of Thailand (1982)	Atlas of Thailand: Special Administrative Districts [map]. Krung Thep: Royal Thai Survey Department, 1982.	N	9004885
	TCI: Trentino-Alto Adige (1976)	Trentino-Alto Adige. 6th ed. Guida d'Italia del Touring Club Italino. Milano: Touring Club Italiano, 1976.	M	9004894
	Atlas Istoric (1971)	Atlas istoric. Bucure$47sti: Editura Didactic$06a $05si Pedagogic$06a, 1971.	N	9004898
	TCI: Lombardia (1970)	Lombardia (eccetto Milano e Laghi). 8th ed. Guida d'Italia del Touring Club Italiano. Milano: Touring Club Italiano, 1970.	M	9004901
	Czechs/Slovaks, Los Angeles Times (1993)	"Czecks, Slovaks Say Farewell to Unity--Warily." Los Angeles Times (January 1, 1993), A1-A11.	N	9004906
	Czechoslovakia, Los Angeles Times (1992)	"Hope Voiced for Avoiding Czechoslovak Split." Los Angeles Times (June 11, 1992), A8 ff.	N	9004907
	Lithuania, Baltic News (1992)	"Republic of Lithuania," Baltic News: Information and Analysis, II. Vilnius: Pubishing House Viltis, June 1992, 20-21.	N	9004908
	Two Republics, Washington Post (1992)	"Two Republics Reconstitute Yugoslavia." Washington Post (April 28, 1992), A17-A22.	N	9004909
	Nagel's: Spain (1981)	Spain. 5th ed. Nagel's Encyclopedia-Guides. Gen$02eve: Nagel Publishers, 1981.	N	9004921
	Nagel's: Poland (1969)	Poland. 3rd ed. Nagel's Encyclopedia-Guides. Gen$02eve: Nagel Publishers, 1969.	N	9004923
	Puerto Rico, Los Angeles Times (1992)	"'English Also' Is Now Law in Puerto Rico." Los Angeles Times (January 29, 1993), A22.	N	9004924
	LC Memorandum (1993)	Library of Congress. Memorandum-February 19, 1993. Washington: Library of Congress, 1993.	N	9004934
	Hersh, Southeast Alaska (1978)	Hersh, Jon. Southeast Alaska's Panhandle. Anchorage, AK: Alaska Northwest Publishing Company, 1978.	N	9000062
	Kalman & Roaf, Ottawa (1983)	Kalman, Harold and John Roaf. Exploring Ottawa: An Architectural Guide to the Nation's Capital. Toronto: University of Toronto Press, 1983.	N	9000063
	Nash, Ancient Rome (1981)	Nash, Ernest. Pictorial Dictionary of Ancient Rome. New York: Hacker, 1981.	N	9000067
	Africa, National Geographic (1991)	"Africa." National Geographic Magazine CLXXVIII/6 (1991).	N	9000071
	Middle East, National Geographic (1991)	"Middle East." National Geographic Magazine CLXXIX/2 (1991).	N	9000073
	China, National Geographic (1991)	"China." National Geographic Magazine CLXXX/1 (1991).	N	9000075
	Columbia Encyclopedia (1975)	The New Columbia Encyclopedia. Edited by William H. Harris and Judith S. Levey. 4th ed. New York: Columbia University Press, 1975.	N	9000086
	Artibus et Historiae	Artibus et Historiae. Venezia: IRSA; Firenze: Distribuzione LICOSA, 1980-.	N	9000116
	Byzantinobulgarica	Byzantinobulgarica. Sofiya, B$03algarija: $00Editions de l'Acad$00emie Bulgare des Sciences, 1962-.	N	9000118
	Arte Cristiana	Arte cristiana; rivista mensile illustrata. Milano: Societ$02a Amici dell'Arte Cristiana, 1913-.	N	9000127
	Wirth, Tschechoslowakei (1954)	Wirth, Zdenek and Jaroslav Benda. Burgen und Schl$04osser der Tschechoslowakei. Praha: Artia, 1954.	N	9000129
	Kwartalnik Historii Kultury	Kwartalnik historii kultury materialnej. Warszawa: Panstowowe Wydawn. Naukowe, 1953.	N	9000146
	Cassani, Fasti Farnesiani (1988)	Fasti farnesiani: Un restauro al Museo archeologico di Napoli. Edited by Silvia Cassani. Napoli: Electa, 1988.	N	9000151
	Muse$00on	Muse$00on. Revue des sciences et des lettres. Leuven, Belgi$04e: Muse$00on, 1882-.	N	9000154
	Revue des $00Etudes Ph$00eniciennes	Revue des $00etudes ph$00eniciennes-puniques et des antiquit$00es libyques. Tunis: Institut national d'arch$00eologie et d'art, 1985-.	N	9000156
	Harper's Bible Dictionary (1985)	Harper's Bible Dictionary. Paul J. Achtemeier, general editor. San Francisco, CA: Harper & Row, 1985.	N	9000158
	$00Etudes Nubiennes: Chantilly (1978)	Colloque d'$00etudes nubiennes. $00Etudes nubiennes: Colloque de Chantilly, 2-6 juillet 1975. Al-Q$01ahirah: Institut fran$05cais d'arch$00eologie orientale du Caire, 1978.	N	9000173
	Murray Handbook: Lancashire (1880)	Handbook for Lancashire. Murray's English Handbooks. London: J. Murray, 1880.	N	9000189
	Dehio Handbuch: Steiermark (1982)	Woisetschl$04ager, Kurt, and Peter Krenn. Steiermark, ohne Graz. Dehio Handbuch: Die Kunstdenkm$04aler $04Osterreichs. Wien: Verlag Anton Schroll & Co., 1982.	N	9000206
	Times Atlas of the World (1999)	Times Atlas of the World. 10th comprehensive ed. New York: Times Books, 1999.	M	2009007029
	GENUKI: UK & Ireland Genealogy	GENUKI: UK & Ireland Genealogy. London, England: GENUKI. <http://www.genuki.org.uk/big/>.	N	2009007030
	Boismier, Timber structure at Holme-next-the-Sea (1998-99)	Boismier, W.A. A timber structure at Holme-next-the-Sea, Norfolk. Project Summary 1998/99. Norfolk Archaeological Unit. English Heritage's Archaeological Division. <http://www.eng-h.gov.uk/archcom/projects/summarys/html98_9/cc2526.htm>.	N	2009007031
	BBCi [online] (2001)	BBCi [online]. London, England: British Broadcasting Corporation, 2001. <http://www.bbc.co.uk/>.	N	2009007032
	Domesday Book (1985)	The Domesday Book: English Heritage, Then and Now.  Thomas Hinde, ed. New York: Crown Publishers, 1985.	M	2009007033
	Sheaf, The History of Hampton, Hamptons Online (2000)	Sheaf, John. The History of Hampton. Hamptons Online, Hampton Online Limited, 2000. <http://www.hampton-online.co.uk/>.	N	2009007035
	Harrow Live: A Brief History [online] (2000)	Harrow Live: A Brief History. London Borough of Harrow [online], 2000. http://www.harrow.gov.uk/aboutharrow/harrhist.asp.	N	2009007036
	TCI: Napoli e Dintorni (1976)	Napoli e dintorni. 5th ed. Guida d'Italia del Touring Club Italiano. Milano: Touring Club Italiano, 1976.	M	9005926
	TCI: Veneto (1954)	 Veneto (non compresa Venezia). 4th ed. Guida d'Italia del Touring Club Italiano. Milano: Touring Club Italiano, 1954.	M	9005928
	Guide Bleu: Belgique & Luxembourg (1948)	Belgique et Luxembourg. Les Guides Bleus. Paris: Hachette, 1948.	M	9005929
	Blue Guide: Denmark (1965)	Denmark. Edited by Stuart Rossiter. The Blue Guides. London: E. Benn; Chicago: Rand McNally, 1965.	M	9005931
	Blue Guide: Egypt (1983)	Egypt. Edited by Veronica Seton-Williams and Peter Stocks. 1st ed. The Blue Guides. London: E. Benn; New York: W.W. Norton, 1983.	M	9005932
	Blue Guide: Greece (1981)	Greece. Edited by Stuart Rossiter. The Blue Guides. London: E. Benn; Chicago: Rand McNally, 1981.	M	9005933
	Guide Bleu	Les Guides Bleus. Paris: Hachette, 1923-.	M	9005934
	Guide Bleu: Pologne (1967)	Pologne. Les Guides Bleus. Paris: Hachette, 1967.	M	9005935
	Guide Bleu: C$03ote d'Azur (1961)	La C$03ote d'Azur de Marseille $02a Menton. Les Guides Bleus. Paris: Hachette, 1961.	M	9005936
	Guide Bleu: Pyr$00en$00ees (1970)	Pyr$00en$00ees-Gascogne: Pays basque, B$00earn, Bigorre, Toulousain. Les Guides Bleus. Paris: Hachette, 1970.	M	9005938
	Michelin: Pyr$00en$00ees (1969)	Pyr$00en$00ees: Guide de tourisme. Les Guides Verts Michelin. Paris: Pneu Michelin, 1969.	M	9005939
	Guide Bleu: Turquie (1983)	Turquie. Les Guides Bleus. Paris: Hachette, 1983.	M	9005940
	Blue Guide: Belgium & Luxembourg (1983)	Belgium and Luxembourg. Edited by John Tomes. 6th ed. The Blue Guides. London: E. Benn; New York: W.W. Norton, 1983.	M	9005942
	Blue Guide: Belgium & Luxembourg (1989)	Belgium and Luxembourg. Edited by John Tomes. 7th ed. The Blue Guides. London: A. & C. Black; New York: W.W. Norton, 1989.	M	9005943
	Blue Guide: Sicily (1981)	Sicily. Edited by Alta Macadam. 2nd ed. The Blue Guides. London: E. Benn; Chicago: Rand McNally, 1981.	M	9005944
	Baracconi, I Rioni di Roma (1974)	Baracconi, Giuseppe. I rioni di Roma. Roma: R. Napoleone, 1974.	N	9004310
	Armellini, Chiese di Roma (1942)	Armellini, Mariano. Le chiese di Roma. Roma: Edizioni R.O.R.E. di N. Ruffolo, 1942.	N	9004311
	American Guides: Los Angeles (1951)	Federal Writers' Project. California: Los Angeles: A Guide to the City and Its Environs. American Guide Series. Compiled by the Writers' Program of the Work Projects for Southern California. Completely revised 2nd ed. New York: Hastings House, 1951.	N	9004321
	Westfalen	Westfalen. M$04unster: Westfalen, 1909-.	N	9004326
	Blue Guide: Venice (1989)	Venice. Edited by Alta Macadam. 4th ed. The Blue Guides. London: A. & C. Black; New York: W.W. Norton, 1989.	N	9004338
	Burlington Magazine	The Burlington Magazine. London: Burlington, 1948-.	N	9004347
	Royal Commission: York (1981)	Royal Commission on Historical Monuments. An Inventory of the Historical Monuments in the City of York. London: H.M. Stationery Office, 1981.	N	9004352
	Kunstdenkm$04aler: Z$04urich (1952)	Die Kunstdenkm$04aler des Kantons Z$04urich. Die Kunstdenkm$04aler der Schweiz. Basel: Birkh$04auser, 1952.	N	9004356
	Holy Land, National Geographic (1989)	"Holy Land." National Geographic Magazine CLXXVI/6 (1989).	N	9004359
	Temples & Tombs of Ancient Nubia (1987)	Temples and Tombs of Ancient Nubia: The International Rescue Campaign at Abu Simbel, Philae, and Other Sites. Edited by Torgny Saeve-Soederbergh. New York: Thames and Hudson, 1987.	N	9004365
	Taylor, Armenian Illustration (1987)	Taylor, Alice. Armenian Gospel Illustration: The School of Vostan, 1390-1437. New York University. Ann Arbor, MI: University Microfilms International, 1989.	N	9004373
	TCI: Sardegna (1967)	Sardegna. 4th ed. Guida d'Italia del Touring Club Italiano. Milano: Touring Club Italiano, 1967.	N	9004382
	$00Cur$07ci$00c, Art of Balkans (1984)	$00Cur$07ci$00c, Slobodan. Art and Architecture in the Balkans: An Annotated Bibliography. Boston: G.K. Hall, 1984.	N	9004392
	MacDonald, Roman Empire (1982)	MacDonald, William Lloyd. The Architecture of the Roman Empire. Revised edition. New Haven: Yale University Press, 1982.	N	9004394
	Reales Sitios	Reales sitios. Madrid: Patrimonio Nacional, 1964-.	N	9004207
	Nuevo Atlas de Espa$09na (1961)	Nuevo atlas de Espa$09na. Madrid: Aguilar, 1961.	N	9004396
	Demus, Romanesque Mural Painting (1970)	Demus, Otto. Romanesque Mural Painting. New York: H.N. Abrams, 1970.	N	9004397
	Hachette: Eastern Mediterranean (1967)	The Eastern Mediterranean. Edited by Claude Janicot. Hachette World Guides. Paris: Hachette, 1967.	N	9004012
	Henze, Kirchliche Kunst (1958)	Henze, Anton. Neue kirchliche Kunst. Recklinghausen, Deutschland: Paulus, 1958.	N	9004017
	Arbeitsheft: Aachen (1976)	Ruhnau, Peter. Das Frankenberger Viertel in Aachen. Arbeitsheft, Landeskonservator Rheinland. K$04oln: Rheinland-Verlag, 1976.	N	9004018
	Millett, Excavations (1986)	Millett, Martin. Excavations on the Romano-British Small Town at Neatham Hampshire. Southampton: Hampshire Field Club, 1986.	N	9004022
	Roddy, Mills, Mansions & Mergers (1982)	Roddy, Edward G. Mills, Mansions and Mergers: The Life of William M. Wood. North Andover, MA: Merrimack Valley Textile Museum, 1982.	N	9004024
	Blue Guide: Athens (1981)	Athens and Environs. Edited by Stuart Rossiter. 2nd ed. The Blue Guides. London: E. Benn; Chicago: Rand McNally, 1981.	N	9004026
	Blue Guide: Athens (1962)	Athens and Environs. Edited by L. Russell Muirhead. The Blue Guides. London: E. Benn, 1962.	N	9004027
	Commentari	Commentari. Roma: De Luca, 1950-.	N	9004035
	Cartografia Napoletana (1983)	Cartografia napoletana dal 1781 al 1889: Il Regno, Napoli, la Terra di Bari. Edited by Giancarlo Alisio and Vladimiro Valerio. Napoli: Prismi, 1983.	N	9004036
	Baedekers: Ostberlin (1969)	Ostberlin: Kurzer Stadf$04uhrer. Freiburg im Breisgau: K. Baedeker, 1969.	N	9004041
	Schulz, Stadtf$04uhrer (1983)	Schulz, Wolfgang. Stadtf$04uhrer durch das historische Berlin. Berlin: Stiftung Deutschlandhaus, 1983.	N	9004044
	Rete di Bologna (1990-1991)	Rete di Bologna 1990-1991. Torino: Societ$02a Italiana per l'Esercizio delle Telecomunicazioni, 1990.	N	9004048
	Saller, Synagogues of Holy Land (1972)	Saller, Sylvester John. Second Revised Catalogue of the Ancient Synagogues of the Holy Land. Yerushalayim: Franciscan Printing Press, 1972.	M	9005635
	Levi, Antique Mosaic Pavements (1971)	Levi, Doro. Antique Mosaic Pavements. Roma: L'Erma di Bretschneider, 1971.	M	9005638
	Macmillan Encyclopedia Architects(1982)	Macmillan Encyclopedia of Architects. Adolf K. Placzek, editor-in-chief. New York: Free Press; London: Collier Macmillan, 1982.	M	9005640
	Encyclopedia of Glass (1981)	The Encyclopedia of Glass. Edited by Phoebe Phillips. New York: Crown Publishers, 1981.	M	9005641
	Murray Handbook: Gloucestershire (1895)	A Handbook for Travellers in Gloucestershire. Murray's English Handbooks. London: J. Murray, 1895.	M	9005645
	Murray Handbook: The Lakes (1869)	A Handbook for Travellers in Westmorland, Cumberland, and the Lakes. Murray's English Handbooks. London: J. Murray, 1869.	M	9005646
	Murray Handbook: Ireland (1912)	A Handbook for Travellers in Ireland. Murray's English Handbooks. London: Edward Stanford, 1912.	M	9005648
	Murray Handbook: Yorkshire (1874)	A Handbook for Travellers in Yorkshire. Murray's English Handbooks. London: J. Murray, 1874.	M	9005649
	Murray Handbook: Buckinghamshire (1948)	Murray's Buckinghamshire Architectural Guide. Edited by John Betjeman and John Piper. London: J. Murray, 1948.	M	9005650
	Nagel's: Bulgaria (1981)	Bulgaria. Nagel's Encyclopedia-Guides. Gen$02eve: Nagel Publishers, 1981.	M	9005655
	Nagel's: Norway (1968)	Norway. 4th ed. Nagel's Encyclopedia-Guides. Gen$02eve: Nagel Publishers, 1968.	M	9005656
	Nagel's: Rumania (1968)	Rumania. 2nd ed. Nagel's Encyclopedia-Guides. Gen$02eve: Nagel Publishers, 1968.	M	9005658
	TCI: Roma e Dintorni (1977)	Roma e dintorni. 7th ed. Guida d'Italia del Touring Club Italiano. Milano: Touring Club Italiano, 1977.	M	9005659
	TCI: Liguria (1982)	Liguria. 6th ed. Guida d'Italia del Touring Club Italiano. Milano: Touring Club Italiano, 1982.	M	9005662
	TCI: Venezia Tridentina (1958)	Venezia Tridentina. Guida d'Italia del Touring Club Italiano. Milano: Touring Club Italiano, 1958.	M	9005663
	TCI: Firenze e Dintorni (1974)	Firenze e dintorni. 6th ed. Guida d'Italia del Touring Club Italiano. Milano: Touring Club Italiano, 1974.	M	9005664
	TCI: Milano (1985)	Milano. 9th ed. Guida d'Italia del Touring Club Italiano. Milano: Touring Club Italiano, 1985.	M	9005672
	Gazette des Beaux-Arts	Gazette des Beaux-Arts. Paris: Imprimerie de J. Claye, 1929-.	N	9003248
	Paragone	Paragone: Arte. Firenze: Sansoni, 1950-.	N	9003253
	Patrimonio Art$00istico Espa$09na (1973)	Servicio de Informaci$00on Art$00istica, Arqueol$00ogica y Etnol$00ogica. Inventario del Patrimonio Art$00istico y Arqueol$00ogico de Espa$09na. Madrid: Comisaria General del Patrimonio Art$00istico Nacional, 1973.	N	9003258
	Il Carrobbio	Il Carrobbio; rivista di studi bolognesi. Bologna: Edizioni L. Parma, 1975-.	N	9003266
	Meer, Fr$04uhchristlichen Welt (1959)	Meer, Frederik van der. Bildatlas der fr$04uhchristlichen Welt. G04utersloh: G. Mohn, 1959.	N	9003292
	Symposium for Nubian Studies (1982)	Nubian Studies. Proceedings of the Symposium for Nubian Studies, Selwyn College, Cambridge, 1978. Warminster, Wiltshire: Arbis & Phillips, 1982.	N	9003297
	Reclams: Hessen (1967)	Reclams Kunstf$04uhrer, Deutschland IV: Hessen. Edited by Gerhard Bott et al. Reclams Universal-Bibliothek. Stuttgart: P. Reclam, 1967.	N	9003302
	Kostof, Caves of God (1972)	Kostof, Spiro. Caves of God: Cappadocia and Its Churches. New York; Oxford: Oxford University Press, 1972.	N	9003303
	Danmarks Kirker: Frederiksborg (1964)	Trap, Jens Peter. Danmarks Kirker: Frederiksborg Amt. K$14obenhavn: G.E.C. Gad, 1964.	N	9003306
	Dur$00an Gudiol, San Pedro (1989)	Dur$00an Gudiol, Antonio. El Monasterio de San Pedro de Siresa. Zaragoza, Espa$09na: Diputaci$00on General de Arag$00on, Departamento de Cultura y Educaci$00on, 1989.	N	9003313
	Baedekers: Egypt (1988)	Baedeker's Egypt. U.S. and Canadian ed. New York: Prentice-Hall, 1988.	N	9003327
	Atlas of Ancient Egypt (1980)	Baines, John. Atlas of Ancient Egypt. New York: Facts on File Publications, 1980.	N	9003328
	Blue Guide: Ireland (1974)	Ireland. Edited by Ian Robertson. The Blue Guides. London: E. Benn; Chicago: Rand McNally, 1974.	N	9003333
	G$00omez-Moreno, Iglesias 7 Villas(1989)	G$00omez-Moreno, Manuel. Las iglesias de las siete villas: Colomera, Guadahortuna, Illora, Iznalloz, Mocl$00in, Montefr$00io, Montej$00icar. Granada: Fundaci$00on Rodr$00iguez-Acosta, 1989.	N	9003337
	Walker, Naives & Visionaries (1974)	Walker Art Center (Minneapolis). Naives and Visionaries. 1st ed. New York: Dutton, 1974.	N	9003343
	De Gemeentehuizen van Oost-Vlaanderen	Devos, Patrick. De Gemeentehuizen van Oost-Vlaanderen. Gent, Belgi$04e: Provinciale Read van Oost-Vlaanderen, 1982.	N	9003348
	Williams College, Psalmodi (1977)	Williams College Museum of Art. Psalmodi: Eight Summers of Excavating. Williamstown, MA: Williams College Museum of Art, 1977.	N	9002963
	Hulsker, The Complete Van Gogh (1980)	Hulsker, Jan. The Complete Van Gogh: Paintings, Drawings, Sketches. Oxford: Phaidon, 1980.	N	9002576
	Pi$00et$00e Populaire en Namurois (1989)	Pi$00et$00e populaire en Namurois: Organis$00ee $02a la Maison de la culture de Namur, du 8 septembre au 8 octobre 1989. Bruxelles: Cr$00edit communal, 1989.	N	9002618
	Situla	Situla: Razprave Narodnega muzeja v Ljubljani. Dissertationes Musei Nationalis Labacensis. Ljubljana: Narodni Muzej, 1960-.	N	9002621
	Nagel's: Israel (1978)	Israel. Nagel's Encyclopedia-Guides. Gen$02eve: Nagel Publishers, 1978.	N	9002625
	Kunst in Ungarn 1900-1950 (1975)	Kunst in Ungarn 1900-1950: Erzsebet Schaar. Kunstmuseum Luzern, 13 Juli-9 September 1975. Luzern: Kunstmuseum Luzern, 1975.	N	9002634
	Devonshire Association for Science	Devonshire Association for the Advancement of Science, Literature and Art. Calendars of Wills and Adminstrations Relating to the Court of the Principal Registry of the Bishop of Exeter. Plymouth, England: W. Brendon, 1908-.	N	9002656
	Buildings: Berkshire (1966)	Pevsner, Nikolaus. Berkshire. Buildings of England. Harmondsworth, London: Penguin Books, 1966.	N	9002657
	Koch, Albanien: Kulturdenkm$04aler(1985)	Koch, Guntram. Albanien: Kulturdenkm$04aler eines unbekannten Landes aus 2200 Jahren. Marburg: n.p., 1985.	M	9006372
	Marburger Index (1976-)	Bildarchiv Foto Marburg. Marburger Index [microform]: Bilddokumentation zur Kunst in Deutschland. M$04unchen: Verlag Dokumentation, 1976-.	M	9006375
	Baedekers: Bamberg (1969)	Bamberg: Kurzer Stadtf$04uhrer. Freiburg im Breisgau: K. Baedeker, 1969.	M	9006376
	Seal, Cataloguing in UK (1980)	Seal, A.W. Automated Cataloguing in the U.K.: A Guide to Services. Bath: Centre for Catalogue Research, Bath University Library, 1980.	N	9006377
	Blue Guide: North-Western France (1958)	North-Western France. Edited by L. Russell Muirhead. 3rd ed. The Blue Guides. London: E. Benn, 1958.	M	9006380
	Histoire Sundgauvienne	Annuaire de la Soci$00et$00e d'histoire sundgauvienne. Jahrbuch des Sundgauvereins. Mulhouse, France: La Soci$00et$00e d'histoire sundgauvienne, 1933-.	M	9006381
	Encyclopaedia Britannica (1985)	The New Encyclop$70aedia Britannica. 15th ed. Chicago: Encyclop$70aedia Britannica Inc., 1985.	M	9006382
	Arch$04aologie in L$04ubeck (1988)	25 Jahre Arch$04aologie in L$04ubeck: Erkenntnisse von Arch$04aologie und Bauforschung zur Geschichte und Vorgeschichte der Hansestadt. L$04ubecker Schriften zur Arch$04aologie und Kulturgeschichte XVII. Bonn: R. Habelt, 1988.	M	9006384
	Dunbabin, Roman African Mosaics (1978)	Dunbabin, Katherine M.D. Mosaics of Roman North Africa: Studies in Iconography and Patronage. Oxford: Clarendon Press; New York: Oxford University Press, 1978.	M	9006385
	Official Museum Directory (1989)	The Official Museum Directory. 19th ed. Washington: American Association of Museums, 1989.	M	9006386
	Oprescu, Istoria Artelor Plastice (1968)	Oprescu, George. Istoria artelor plastice in Rom$06ania. Bucure$47sti: Meridiane, 1968.	M	9006387
	MapArt, Ontario Road Map (1991)	MapArt. Ontario Road Map. n.p.: MapArt, 1991.	M	9006389
	Atlas of the Jewish World (1984)	De Lange, Nicholas. Atlas of the Jewish World. New York: Facts on File Publications, 1984.	N	9005445
	USBGN: Japan (1978)	United States Office of Geography. Foreign Gazetteers of the U.S. Board on Geographic Names: Japan. Washington: The Office of Geography, 1978.	N	9005446
	USBGN: Burundi (1968)	United States Office of Geography. Foreign Gazetteers of the U.S. Board on Geographic Names: Burundi. Washington: The Office of Geography, 1968.	N	9005447
	USBGN: Bulgaria (1959)	United States Office of Geography. Foreign Gazetteers of the U.S. Board on Geographic Names: Bulgaria. Washington: The Office of Geography, 1959.	N	9005450
	USBGN: Brazil (1963)	United States Office of Geography. Foreign Gazetteers of the U.S. Board on Geographic Names: Brazil. Washington: The Office of Geography, 1963.	N	9005451
	USBGN: Sudan (1989)	United States Office of Geography. Foreign Gazetteers of the U.S. Board on Geographic Names: Sudan. Washington: The Office of Geography, 1989.	N	9005455
	USBGN: Rwanda (1964)	United States Office of Geography. Foreign Gazetteers of the U.S. Board on Geographic Names: Rwanda. Washington: The Office of Geography, 1964.	N	9005456
	Embassy of Lesotho, Motoring (1989)	Embassy of Lesotho. Motoring in Lesotho: Department of Community and Rural Development, Maseru [map]. Maseru, Lesotho: Automobile Association of South Africa, 1989.	N	9005457
	USBGN: Morocco (1970)	United States Office of Geography. Foreign Gazetteers of the U.S. Board on Geographic Names: Morocco. Washington: The Office of Geography, 1970.	N	9005458
	USBGN: Angola (1986)	United States Office of Geography. Foreign Gazetteers of the U.S. Board on Geographic Names: Angola. Washington: The Office of Geography, 1986.	N	9005459
	Embassy of Eritrea, Map (1994)	Embassy of Eritrea. Eritrea [map]. Eritrea: n.p., 1994.	N	9005460
	Embassy of South Africa, Maps (1994)	Embassy of South Africa. New Provinces: Maps & Figures [map]. Johannesburg: Department of Regional and Land Affairs, 1994.	N	9005461
	USBGN: Haiti (1973)	United States Office of Geography. Foreign Gazetteers of the U.S. Board on Geographic Names: Haiti. Washington: The Office of Geography, 1973.	N	9005397
	Guide Bleu: Suisse (1956)	Suisse. Les Guides Bleus. Paris: Hachette, 1956.	M	9005257
	Blue Guide: Boston & Cambridge (1984)	Boston and Cambridge. Edited by John Freely. 1st ed. The Blue Guides. London: E. Benn; New York: W.W. Norton, 1984.	M	9005277
	Baedekers: Schweiz (1922)	Die Schweiz, Chamonix, du oberitalienischen See: Handbuch f$04ur Reisende. Leipzig: K. Baedeker, 1922.	M	9005281
	Baedekers: Schweiz (1986)	Reiseland Schweiz. Baedekers Allianz Reisef$04uhrer. Stuttgart: Baedekers Autof$04uhrer-Verlag, 1986.	M	9005282
	Guide Bleu: Suisse (1982)	Suisse. Les Guides Bleus. Paris: Hachette, 1982.	M	9005291
	Michelin: Switzerland (1985)	Switzerland: Tourist Guide. Michelin Green Guides. London: Michelin Tyre Public Limited Company, 1985.	M	9005292
	Blue Guide: Switzerland (1989)	Switzerland. Edited by Ian Robertson. London: A. & C. Black; New York: W.W. Norton, 1989.	M	9005295
	Baedekers: Austria (1970)	Baedeker's Austria. Englewood Cliffs, NJ: Prentice-Hall, 1970.	M	9005297
	Baedekers: Austria (1988)	Baedeker's Austria. 3rd ed. New York: Prentice-Hall, 1988.	M	9005299
	Dehio Handbuch: $00Osterreich I (1933)	Dehio, Georg. $00Osterreich I: K$04arnten, Salzburg, Steiermark, Tirol und Vorarlberg. Edited by Dagobert Frey and Karl Ginhart. Berlin: Deutscher Kunstverlag; Wien: Verlag Anton Schroll & Co., 1933.	M	9005302
	USBGN: Austria (1962)	United States Office of Geography. Foreign Gazetteers of the U.S. Board on Geographic Names: Austria. Washington: The Office of Geography, 1962.	M	9005306
	Baedekers: Greece (1985)	Baedeker's Greece. English translation by James Hogarth. Englewood Cliffs, NJ: Prentice-Hall, 1985.	M	9005307
	Blue Guide: Rome (1989)	Rome and Environs. Edited by Alta Macadam. The Blue Guides. London: A. & C. Black; New York: W.W. Norton, 1989.	M	9005310
	Nagel's: Rome (1968)	Rome and Its Environs. Text by Roberto Villavecchia. 4th ed. Nagel's Encyclopedia-Guides. Gen$02eve: Nagel Publishers, 1968.	M	9005313
	Baedekers: Yugoslavia (1983)	Baedeker's Yugoslavia. Englewood Cliffs, NJ: Prentice-Hall, 1983.	M	9005315
	City of Norwich web site (2000)	City of Norwich web site. Norwich City Council (UK), 2000. <http://www.norwich.gov.uk/>	N	2009007037
	Oxford English Dictionary [online]	Oxford English Dictionary (OED) [online].  Oxford, England: Oxford University, 2002. <http://dictionary.oed.com>	N	2009007038
	Bible Encyclopedia [online] (2002)	International Standard Bible Encyclopedia. [online] (Originally published in 1915 by Wm. B. Eerdmans Publishing Co.) Austin, Texas:Heartlight, Inc., 2002.  <http://studylight.org/enc/isb>	N	2009007039
	The City of Auburn Hills web site	The City of Auburn Hills web site <http://www.auburn-hills.org/>.	N	2009007040
	Rand McNally Commercial Atlas (1992)	Rand McNally Commercial Atlas and Marketing Guide, 125th edition. Chicago: Rand McNally and Company, 1992.	M	2009007041
	National Gallery of Slovenia (2001)	Jaki, Barbara, ed. National Gallery of Slovenia: Guide to the Permanent Collection, Painting and Sculpture in Slovenia from the 13th to the 20th century. Ljubljana: National Gallery of Slovenia, 2001.	N	2009007042
	Encyclopaedia Britannica Online (2002-)	Encyclop$70aedia Britannica. Britannica Online. Chicago: Encyclop$70aedia Britannica, Inc., 2002-. http://www.eb.com/  (1 July 2002)	N	2009007043
	Scharon und Arafat, Die Welt (2002)	"Scharon und Arafat suchen Bush und Blair einzunehmen." Die Welt (April 7, 2002) [online].	N	2009007044
	Isra$04el est d$00ecid$00e, Le Monde (2002)	"Isra$04el est d$00ecid$00e $02a poursuivre plusieurs jours encore son offensive." Le Monde (April 8, 2002) [online]. http://www.lemonde.fr/	N	2009007045
	Powell: mogelijk ontmoeting, De Telegraaf (2002)	"Powell: mogelijk ontmoeting met Arafat." De Telegraaf (April 7, 2002) [online]. http://www.telegraaf.nl/	N	2009007046
	Sharon: l'op$00eration continue, Le Monde (2002)	"Ariel Sharon: l'op$00eration Rempart continue." Le Monde (April 7, 2002) [online]. http://www.lemonde.fr/	N	2009007047
	Sharon: $02E la battaglia decisiva, La Repubblica (2002)	"Sharon: Per Israele $02e la battaglia decisiva." La Repubblica (April 7, 2002) [online]. http://www.repubblica.it/online/	N	2009007048
	"Underground Maresha" (1997)	Kloner, Amos. "Underground Metropolis-The Subterranean World of Maresha." Biblical Archaeology Society, Mar/Apr 1997.	N	9006922
	DigMaster Archaeology Database	Cobb Institute of Archaeology: DigMaster Archaeology Database. <http://wwww.cobb.msstate.edu/dig/>	N	9006923
	Chizhik, Bottom Loss (1995)	Chizhik, Dmitry. "Bottom loss measurements and analysis on the eastern Mediterranean sea." For ASA 129th Meeting in Washington, DC, 1995. Boston: Massachusetts Institute of Technology (MIT), 1995. <http://www.sound.media.mit.edu>.	N	9006924
	Deepest Wreck, Archaeology (2001)	Phaneuf, Brett A., et al. "Deepest Wreck: The search for amissing submarine turns up a second-century B.C. shipwreck at nearly 10,000 feet." Archaeology Magazine. Archaeological Institute of America, LIV/2 (2001), 26.	M	9006925
	Ca' Belvedere di Monte Poggiolo web page	Antoniazzi, Alberto; Antoniazzi Aldo; and C. Peretto. "Ca' Belvedere di Monte Poggiolo" web page. Universit$02a degli Studi di Ferrara web site. <http://www.unife.it/notes/epoggiol.htm> 	N	9006926
	Ekron-Archaeology (1996)	Watzman, Haim. "Ekron Identity Confirmed." Archaeology Magazine Newsbriefs. Vol. 49 No. 6 Nov./Dec. 1996. Archaeological Institute of America, 1996. <http://www.archaeology.org/9611/newsbriefs/ekron.html>	N	9006927
	Ekron-Globe & Mail (1996)	Wilpord, John Noble. "Stone Reveals Secrets of Ancient City," The Globe & Mail, July 23, 1996. <http://www.lostcitypress.com/Ekron.html>	N	9006928
	Reconstructed Philistine Street (2001)	"A Reconstructed Philistine Street," Gems in Israel. Published by Yael Zisling, 2001. <http://www.imakenews.com/gems/e_article000008701.cfm>	N	9006929
	Science Frontiers Online (1982)	"Africa Not Man's Origin!" Science Frontiers Online. no. 24: Nov.-Dec. 1982. Abstract from 1982 article in "Nature" by A. Charles & Oldrich Fejfar. <http://www.science-frontiers.com/sf024/sf024p01.htm>	N	9006930
	Markiani-Geoarchaeology (1998)	French, C. & T.M. Whitelaw. "Soil erosion, agricultural terracing & site formation processes at Markiani, Amorgos, Greece: The micromorphological perspective," Geoarchaeology 14 (2): 151-189.	N	9006931
	Harvard Magazine online (1999)	Shaw, Jonathan. "Paleolithic Fast Food," Harvard Magazine. May-June 1999. <http://www.harvard-magazine.com/issues/mj99/right.paleothic.html>	N	9006932
	Kalavasos-Tenta	Todd, Ian A. & Douglas Baird. Excavations at Kalavasos-Tenta. Studies in Mediterranean archaeology, v. 71, 6, 1987.	N	9006894
	Kosovo Road, Washington Post (1999)	"Kosovo: The Road Ahead." Washington Post [online edition] (June 6, 1999) <http://washingtonpost.com>.	N	9006854
	Browning, Pied Piper (1934)	Browning, Robert. Pied Piper of Hamlin. London: Harrap Publishers, 1934.	N	9006855
	Calamaro, Flutiste de Jamelin (1992)	Le Flutiste de Jamelin. Emanuel Calamaro, translator. New York: Aims International Books, 1992.	N	9006856
	Montenegro, New York Times (2000)	"Montenegro: Ties to Albania." New York Times (April 26, 2000), A8.	N	9006857
	Vikings, New York Times (2000)	Wilford, John Noble. "Ancient Site Offers Clues to Vikings in America." New York Times (May 9, 2000), D1.	N	9006858
	Instituto de Estad$00istas (2000)	INE: Instituto Nacional de Estad$00isticas. Censos Demogr$00aficos. [online]. Madrid: INE, 2000. <http://www.ine.es>.	M	9006859
	S$00i, Spain (2000)	Spanish Ministry of Foreign Affairs. S$00i, Spain. [online]. Fudesco, Spain: S$00i, Spain, 2000. <http://www.sispain.org>.	M	9006860
	Grove Dictionary of Art (1996)	The Grove Dictionary of Art. New York: Grove's Dictionaries Inc., 1996. 	N	9006861
	NIMA, Geographic Names Database (2000)	United States National Imagery and Mapping Agency. Geographic Names Data [database on CD-ROM]. Edited by the U.S. Board on Geographic Names. Washington: National Imagery and Mapping Agency, 2000.	M	9006862
	Cambria (2000)	"Cambria: Historic Tour" [online]. Cambria, California: Cambria, 1999. <http://www.cambria-online.com>.	M	9006863
	Provincia di Prato (2000)	Provincia di Prato. Prato, Italy: Provincia di Prato, 2000. <http://www.provincia.prato.it/>.	M	9006864
	Institut Dominicain du Caire, MIDEO	Institut dominicain d'$00etudes orientales du Caire. M$00elanges. M.I.D.E.O. Al-Q$01ahirah: Dar al-Maaref, 1954-.	N	9004058
	Bollettino d'Arte	Bollettino d'arte. Roma: La Libreria dello Stato, 1907-.	N	9004061
	Bach, Chicago on Foot (1987)	Bach, Ira J. Chicago on Foot. 4th ed. Chicago: Chicago Review Press, 1987.	N	9004062
	American Preservation	American Preservation. Little Rock, AR: P. Briggs, 1977-.	N	9004063
	Avery Index, 10th Supplement (1989)	Avery Index to Architectural Periodicals. Tenth Supplement. Boston: G.K. Hall, 1989.	N	9004065
	Baedekers: Essen (1965)	Essen: Kurzer F$04uhrer. Freiburg im Breisgau: K. Baedeker, 1965.	N	9004073
	Rete di Firenze (1991-1992)	Rete di Firenze. Torino: Societ$02a Italiana per l'Esercizio delle Telecomunicazioni, 1991.	N	9004074
	Blue Guide: Florence (1957)	Florence and Environs. Edited by L. Russell Muirhead. The Blue Guides. London: E. Benn, 1957.	N	9004077
	Rivista d'Arte	Rivista d'arte. Firenze: Leo S. Olschi, 1903-.	N	9004078
	Cochrane, Florence (1973)	Cochrane, Eric W. Florence in the Forgotten Centuries, 1527-1800. A History of Florence and the Florentines in the Age of the Grand Dukes. Chicago: University of Chicago Press, 1973.	N	9004079
	Companion Guide: Florence (1966)	Borsook, Eve. The Companion Guide to Florence. London: Collins, 1966.	N	9004080
	Baedekers: Florence (1987)	Baedeker's Florence. New York: Prentice-Hall, 1987.	N	9004081
	Journal of Museum Management	The International Journal of Museum Management and Curatorship. Guilford, England: Butterworths, 1982-.	N	9004083
	Deutsche B$04urgerhaus: Baden (1986)	Ossenberg, Horst. Das B$04urgerhaus in Baden. Das Deutsche B$04urgerhaus, XXXV. T$04ubingen: Verlag Ernst Wasmuth, 1986.	N	9004085
	Arts Magazine	Arts Magazine. New York: Art Digest Inc., 1961-.	N	9004090
	1200 Jahre Herford (1989)	1200 Jahre Herford: Spuren der Geschichte. Herford, Nordrhein Westfalen (Germany): Maximilian, 1989.	N	9004103
	Shaver-Crandell and Gerson, Pilgrim's Guide to Santiago de Compostela (1995)	Shaver-Crandell, Annie and Paula Gerson. Pilgrim's Guide to Santiago de Compostela: A Gazetteer. London, England: Harvery Miller Publishers, 1995.	N	2009007150
	Historical Atlas of Iran (1971)	Prepared by professors of the Faculty of Letters and Humanities, Tehran University : Mohammad Ebrahim Bastani-Parizi ... [et al.] ; Editorial Board : Seyyed Hossein Nasr, Ahmad Mostofi, [and] Abbas Zaryab,Tehran : Tehran University Press, 1951	N	2009007151
	Fotiadis, Synopsis of the Pontian-Greek History [online]	Fotiadis, Dr. Konstantinos. Short Synopsis of the Pontian-Greek History. Professor of the History at the University of Thessaloniki and the Pedagogic College Florina. http://www.pontos.org/index.htm?/englsh/istoria/fotiad1.htm (3 July 2003).	N	2009007152
	AIDS-Afflicted Villagers. New York Times (2003)	Buckley, Chris. "AIDS-Afflicted Villagers Say Chinese Police Attacked Them."New York Times, July 8, 2003. A3.	N	2009007153
	Map of the Pontos	Map of the Pontos, lithograph. Lithographer V. Papachrysanthou G. Staitea & Sas. Athens.	N	2009007154
	Harris, Yangtze River Dam, Art Newspaper [online] (2003)	Harris, Lucian. "Yangtze River Dam Floods 1,200 Sites." The Art Newspaper.com, 11 July 2003 [online]. http://www.theartnewspaper.com/news/article.asp?idart=11215 (11 July 2003).	N	2009007155
	Palestinian Village, New York Times (2003)	Myre, Greg. "Palestinian Village Finds Itself Walled In, Not Out. New York Times, July 14, 2003. A3	N	2009007156
	China Online [online] (2002)	China Online: The Information Network for China [online], 2002. http://www.chinaonline.com (15 July 2003).	N	2009007157
	Livius [online] (2003)	Livius. Articles on ancient history [online] (2003). http://www.livius.org/ (16 July 2003).	N	2009007158
	Ecuador, Ministry of Tourism [online] (2001-2003)	Ecuador [online]. Ministerio de Turismo del Ecuador, 2001-2003. http://www.vivecuador.com (16 July 2003).	N	2009007159
	Will, Bavai, cit$00e gallo-romaine (1957)	Will, Ernest. Bavai, cit$00e gallo-romaine. Douai: Lefebvre-L$00ev$00eque, 1957.	N	2009007160
	Mohen and Bailloud, Fouilles du Fort-Harrouard (1987)	Mohen, Jean-Pierre and G$00erard Bailloud. La vie quotidienne: les fouilles du Fort-Harrouard. Paris: Picard, 1987.	N	2009007161
	Fort-Harrouard, Yahoo Encyclop$00edie [online] (2001)	Fort-Harrouard, Yahoo Encyclop$00edie [online]. Donn$00ees encyclop$00ediques, Hachette Multim$00edia/Hachette Livre, 2001. http://fr.encyclopedia.yahoo.com/articles/f/f0002672_p0.html (16 July 2003).	N	2009007162
	Longworth, Rise of the Golden West, European Heritage (1994)	Longworth, Ian. "The Rise of the Golden West," European Heritage, The Bronze Age: the first golden age of Europe, number 2, 1994.	N	2009007163
	Nougier and Robert, Pech-Merle de Cabrerets (1954)	Nougier, Louis-Ren$00e and Romain Robert. Pech-Merle de Cabrerets. Toulouse: E. Privat, 1954.	N	2009007164
	Pech Merle Prehistory Center [online] (1999)	Pech Merle Prehistory Center/Centre de Pr$00ehistoire de Pech Merle [online]. Cabrerets: Commune de Cabrerets et Quercy, 1999. http://www.quercy.net/pechmerle/english/introduction.html (16 July 2003).	N	2009007165
	New Encyclopaedia Britannica (1988)	New Encyclop$70aedia Britannica. 15th ed. Chicago: Encyclopaedia Britannica, Inc.,1988.	N	2009007166
	Gobierno del Estado de Durango [online] (2003)	Sitio Oficial del Gobierno del Estado de Durango [online] Gobierno de Durango, 2003. http://www.durango.gob.mx (20 July 2003).	N	2009007167
	Oriental Travel [online], 2003	Oriental Travel [online], 2003. http://www.orientaltravel.com.hk	N	2009007168
	Iran Chamber [online] (2001)	Iran Chamber [online], 2001. http://www.iranchamber.com/index.php (24 July 2003).	N	2009007169
	Saint-Gilles, Belgium, Online Highways (1995-2000)	"Saint-Gilles, Belgium." Online Highways. 1995-2000. http://www.2hwy.com/be/s/stgilles.htm (28 July 2003)	N	2009007170
	A Mexican Village, New York Times (2003)	Thompson, Ginger "A Mexican Village Mourns Its Abducted Sons." New York Times. July, 28, 2003, A4.	N	2009007171
	Excavations at Nichoria (1983)	University of Minnesota Messenia Expedition. Excavations at Nichoria in Southwest Greece. Edited by George Rapp, Jr. and S.E. Aschenbrenner. Minneapolis: University of Minnesota Press, 1978-1983.	N	9002660
	Denkm$04aler Bayern: Oberpfalz (1985)	Lampl, Sixtus. Denkm$04aler in Bayern III: Oberpfalz. M$04unchen: R. Oldenbourg, 1985.	N	9002668
	USBGN: Iraq (1957)	United States Office of Geography. Foreign Gazetteers of the U.S. Board on Geographic Names: Iraq. Washington: The Office of Geography, 1957.	N	9002685
	Andersen, Nordic Countries (1983)	Andersen, Ole Ejnar. Working Together: An Opinion Poll of the Nordic Countries. Stockholm: Nordic Council, 1983.	N	9002703
	Sippel, Grabfunde in Nordhessen (1984)	Sippel, Klaus. Die fr$04uhmittelalterlichen Grabfunde in Nordhessen. Materialien zur Vor- und Fr$04uhgeschichte von Hesse, VII. Wiesbaden, Deutschland: Selbstverlag des Landesamtes f$04ur Denkmalpflege Hessen, 1989.	N	9002705
	Fodor's: Scandinavia (1987)	Scandinavia. Fodor's Modern Guides. New York: David McKay, 1987.	N	9002707
	Murray Handbook: Derbyshire (1874)	A Handbook for Travellers in Derbyshire, Nottinghamshire, Leicestershire, and Staffordshire. Murray's English Handbooks. London: J. Murray, 1874.	N	9002712
	Bildhandbuch: Ukraine & Moldawien (1984)	Logwin, Grigori Nikonowitsch. Kunstdenkm$04aler in der Sowjetunion, IV: Ukraine und Moldawien. Bildhandbuch der Kunstdenkm$04aler. Darmstadt: Wissenschaftliche Buchgesellschaft, 1984.	N	9002719
	Portoghesi, Modern Architecture (1982)	Portoghesi, Paolo. After Modern Architecture. New York: Rizzoli, 1982.	N	9002724
	Baedekers: Schweiz (1982)	Reiseland Schweiz. Baedekers Allianz Reisef$04uhrer. Stuttgart: Baedekers Autof$04uhrer-Verlag, 1982.	N	9002732
	DuMont: Oberpfalz (1980)	Dettelbacher, Werner. Oberpfalz, Bayerischer Wald, Niederbayern. DuMont Kunst-Reisef$04uhrer. K$04oln: DuMont Verlag, 1980.	N	9002788
	Architectura	Architectura: Arkitekturhistorisk aarsskrift. K$14obenhavn: Selskabet for arkitekturhistorie, 1980-.	N	9002792
	De Nederlandse Museumgids (1986)	De Nederlandse museumgids: Musea, oudheidkamers, bezoekerscentra, planten- endierentuinen. 's-Gravenhage: Staatsuitgeverij, 1986.	N	9002794
	USBGN: Finland (1962)	United States Office of Geography. Foreign Gazetteers of the U.S. Board on Geographic Names: Finland. Washington: The Office of Geography, 1962.	N	9002799
	Oxford Companion to Art (1996)	Oxford Companion to Art. Edited by Harold Osborne. 17th impression. Melbourne; Oxford: Clarendon Press, 1996.	N	2009007278
	Library of Congress Subject Headings 	Library of Congress Authorities. Subject Headings (LCSH). http://authorities.loc.gov/ (13 March 2003)	N	2009007279
	Handbook de la SRAC (2003)	L'Observer's Handbook de la Soci$00et$00e Royale d'Astronomie du Canada (SRAC), ? 2003; as cited at Meteorite and Impacts Advisory Committee to the Canadian Space Agency [online] http://miac.uqac.ca/ (9 June 2004)	N	2009007280
	word iQ [online] (2004)	word iQ. [online] 2004. http://www.wordiq.com.html (14 June 2004)	N	2009007281
	Vagalinski, Heritage Conservation at Deultum [online]	Vagalinski, Lyudmil F. Heritage Conservation at Deultum, online paper abstract for The Black Sea Region: Past, Present and Future conference. http://66.102.7.104/search?q=cache:eiAdXKLsm1AJ:www.biaa.ac.uk/blackseaconference/Paper%2520abstracts%2520B.rtf+burgas+deultum&hl=en (accessed 8 July 2004).	N	2009007282
	Inca Heartland, Archaeology (1999)	"Exploring the Inca Heartland." Archaeology Magazine. Archaeological Institute of America, September 1, 1999. http://www.archaeology.org/online/features/peru/machu.html.	N	2009007283
	St. Albans City and District [online] (2000)	Saint Albans City and District [online]. Saint Albans District Council, 2000. http://www.stalbans.gov.uk/ (3 August 2004).	N	2009007284
	Wacher, Roman Britain (1998)	Wacher, John. Roman Britain, revised edition. Stroud, Gloucestershire: Sutton Publishing Limited, 1998.	N	2009007285
	Roman-Britian.org [online]	White, Kevan W. Roman-Britain.org [online]. http://www.roman-britain.org/ (3 August 2004).	N	2009007286
	Ireland, Roman Britain (1986)	Ireland, S. Roman Britain: A Sourcebook. New York: St. Martin's Press, 1986.	N	2009007287
	Salway, Roman Britain (1991)	Salway, Peter. Roman Britain. Oxford: Clarendon Press, 1991.	N	2009007288
	Tell el-Far'ah, Archaeology Timeline (2003-)	Claremont Graduate University, Trinity College, Pomona College, Ben Gurion University. Archaeological and Biblical Timeline, Tell el-Far'ah: Israel Excavation Project. http://farahsouth.cgu.edu/ (4 August 2004)	N	2009007289
	Government of Nunavut (2003-)	Government of Nunavut. 2003-  http://www.gov.nu.ca/Nunavut/ (5 August 2004)	N	2009007290
	Athena, Antonine Wall [online] (1996-2001)	"The Antonine Wall," Athena Review: Journal of Archaeology, History, and Exploration, I/1, 1996-2001 [online]. http://www.athenapub.com/antwall1.htm (5 August 2004).	N	2009007291
	AllRefer.com Reference [online] (2004-)	AllRefer.com Reference [online]. http://reference.allrefer.com/ (6 August 2004).	N	2009007292
	Welcome to Wellington (2003-)	Welcome to Wellington, New Zealand. http://www.wellingtonnz.com/AboutWellington/ (10 August 2004)	N	2009007293
	Hewsen, Armenia: a historical atlas (2001)	Hewsen, Robert H. Armenia: a historical atlas. Chicago: University of Chicago Press, 2001.	N	2009007294
Contributions in Asian Studies, Number 5	Chapuis, History of Vietnam (1995)	Chapuis, Oscar. A History of Vietnam: From Hong Bang to Tu Duc. Westport, CT: Greenwood Press, 1995.	N	2009007295
	Viet Nam News [online] 	Viet Nam News: The National English Language Daily [online]. http://vietnamnews.vnagency.com.vn/Home.htm (10 August 2004).	N	2009007296
	National Geographic Atlas (1999)	National Geographic Atlas of the World. Revised 7th ed. Washington: National Geographic Society, 1999.	N	2009007297
	Bigelow, Hell Creek Faunal Facies (1997-2001)	Bigelow, Phillip. Cretaceous "Hell Creek Faunal Facies"; Late Maastrichtian. (1997-2001) http://www.isgs.uiuc.edu/dinos/jdp/misc/hellcreek.html (9 August 2004)	N	2009007299
	Turk and Bastiani, Mouste$00erienska "ko$07scena pi$07scal" (1997)	Turk, Ivan and Giuliano Bastiani. Mouste$00erienska "ko$07scena pi$07scal" in druge najdbe is Divjih bab I v Sloveniji. Ljubljana: Zalozba, ZRC, Znanstvenoraziskovalni center SAZU, 1997.	N	2009007385
	Comuni Italiani (2000-)	Comuni Italiani: Informazioni e dati statistici sui comuni in Italia [online]. 2000-. http://www.comuni-italiani.it/ (accessed 7 December 2005)	N	2009007386
	Rivet and Smith, Roman Britain (1979)	Rivet, A.L.F. and Colin Smith. The Place-Names of Roman Britain. Princeton: Princeton University Press, 1979.	N	2009007388
	Gill and Chippindale, Cycladic Figures, American Journal of Archaeology (1993)	Gill, David W.J. and Christopher Chippindale. "Material and Intellectual Consequences of Esteem for Cycladic Figures." American Journal of Archaeology 97/4 (1993): 601-659.	N	2009007389
	Lago di Garda (2005-)	Lago di Garda [online]. Garda Vacanze. http://www.gardalake.it/ (27 February 2006)	N	2009007390
	Global Gazetteer [online] (2006-)	Global Gazetteer Version 2.1 [online]. Falling Rain Genomics, Inc. 2006-. http://www.fallingrain.com/world/ (2 March 2006).	N	2009007391
	Huntington, Art of Ancient India (1985)	Huntington, Susan L. Art of Ancient India: Buddhist, Hindu, Jain. John C. Huntington, contrib. [1st ed.]. New York: Weatherhill, 1985.	N	2009007392
	Los Angeles Public Library [online] (2004-)	Los Angeles Public Library [online] 2004-. http://www.lapl.org (21 March 2006).	N	2009007393
	Department of Neighborhood Empowerment [online] (1999-)	City of Los Angeles Department of Neighborhood Empowerment [online] 1999-. www.lacityneighborhoods.com (21 March 2006).	N	2009007394
	Global Positioning System (GPS) receiver (n.d.)	Global Positioning System (GPS) receiver. n.d.	N	2009007398
	L.A. Inc. Convention and Visitors Bureau [online] (2006-)	L.A. Inc. The Convention and Visitors Bureau [online] 2006-. www.lacvb.com (21 March 2006).	M	2009007397
	Excavations in Holy Land (1975)	Encyclopedia of Archaeological Excavations in the Holy Land. Edited by Michael Avi-Yonah. London: Oxford University Press; Yerushalayim: Israel Exploration Society and Massada Press, 1975-.	M	9006451
	Classical Armenian Culture (1982)	Dr. H. Markarian Conference on Armenian Culture. Classical Armenian Culture: Influences and Creativity. Edited by Thomas J. Samuelian. Chico, CA: Scholars Press, 1982.	M	9006452
	Cabrol, Arch$00eologie (1907-1953)	Cabrol, Fernand and Henri Laclercq. Dictionnaire d'arch$00eologie chr$00etienne et de liturgie. Paris: Letouzey et An$00e, 1907-1953.	M	9006453
	Zodiaque: Pr$00eroman Hispanique (1973)	Fontaine, Jacques. L'art pr$00eroman hispanique. La Pierre-qui-Vire, Yonne: Zodiaque, 1973-1977.	M	9006454
	Dizionario Geografico Toscana (1972)	Repetti, Emanuele. Dizionario geografico fisico storico della Toscana. (Anastatic reproduction of 1833-1846 edition.) Firenze: Cassa di Risparmio di Firenze, 1972.	M	9006455
	Dehio Handbuch: Rheinland-Pfalz (1982)	Caspary, Hans, et al. Rheinland-Pfalz, Saarland. Georg Dehio Handbuch der Deutschen Kunstdenkm$04aler. Darmstadt: Wissenschaftliche Buchgesellschaft, 1982.	M	9006456
	Dehio Handbuch: Baden-W$04urtemb. (1964)	Piel, Friedrich. Baden-W$04urttemberg. Georg Dehio Handbuch der Deutschen Kunstdenkm$04aler. M$04unchen: Deutscher Kunstverlag, 1964.	M	9006457
	Firatli, St$02eles de Byzance (1964)	Firatli, Nezih. Les st$02eles fun$00eraires de Byzance gr$00eco-romaine. Biblioth$02eque Arch$00eologique et Historique de l'institut Fran$05cais d'arch$00eologie d'Istanbul. Paris: A. Maisonneuve, 1964.	M	9006458
	Mairs Deutscher Generalatlas (1966)	Mairs Geographischer Verlag. Deutscher Generalatlas: Deutsche Generalkarte. Stuttgart: 1966-1968.	M	9006459
	USBGN: Liberia (1979)	United States Office of Geography. Foreign Gazetteers of the U.S. Board on Geographic Names: Liberia. Washington: The Office of Geography, 1979.	M	9006354
	Blue Guide: London (1978)	Rossiter, Stuart, ed. London, Blue Guide, 11th ed. London: E. Benn; Chicago: Rand McNally, 1978.	M	9006355
	Blue Guide: Portugal (1984)	Portugal. Edited by Ian Robertson. 2nd ed. New York: W.W. Norton, 1984.	M	9006356
	Bartholomew Gazetteer of Britain (1970)	Bartholomew Gazetteer of Britain. Compiled by Oliver Mason. Edinburgh: John Bartholomew and Son Ltd., 1970.	M	9006357
	Bean, Aegean Turkey (1966)	Bean, George Ewart. Aegean Turkey: An Archaeological Guide. New York: F.A. Praeger, 1966.	M	9006358
	Blue Guide: Rome (1979)	Rome and Environs. Edited by Alta Macadam. 2nd ed. The Blue Guides. London: E. Benn; Chicago: Rand McNally, 1979.	M	9006359
	Ravenstein: Benelux (1965)	Ravenstein Geografische Verlagsanstalt und Druckerei. Auto-Atlas Benelux & Europa. Frankfurt am Main: Ravenstein International, 1965.	M	9006360
	Baedekers: Russia 1914 (1971)	Baedekers Russia 1914 (reprint). London: G. Allen & Unwin, 1971.	M	9006361
	Blue Guide: Northern Italy (1960)	Northern Italy from the Alps to Florence. Edited by L. Russell Muirhead. 5th ed. The Blue Guides. London: E. Benn; Chicago: Rand McNally, 1960.	M	9006362
	Guide Bleu: $00Etats Unis (1974)	$00Etats-Unis. Les Guides Bleus. Paris: Hachette, 1974.	M	9006363
	Blue Guide: England (1980)	England. Edited by Stuart Rossiter. 9th ed. The Blue Guides. London: E. Benn; Chicago: Rand McNally, 1980.	M	9006364
	Alinari Photo Archive (1983)	The Alinari Photo Archive. Alinari, Anderson and Brogi photo collections of Italian and other art and architecture (microfiches). Edited by L.D. Couprie. Firenze: Archivi Alinari, 1983.	M	9006365
	Carta's Official Guide to Israel (1983)	Carta's Official Guide to Israel and Complete Gazetteer to All Sites in the Holy Land. Yerushalayim: Carta, 1983.	M	9006366
	Jenny: Kunstf$04uhrer Schweiz (1976)	Kunstf$04uhrer durch die Schweiz. Gesellschaft f$04ur Schweizerische Kunstgeschichte. Edited by Hans Jenny. Revised edition by Hans R. Hahnloser and Alfred A. Schmid. Z$04urich: B$04uchler-Verlag, 1976.	M	9006367
	Szaraniec, Muzeum Slaskie (1990)	Szaraniec, Lech. Muzeum Slaskie w Katowicach. Silesian Museum in Katowice. Katowice: Muzeum Slaskie, 1990.	M	9006369
	Gazetteer of Great Britain (1987)	The Ordnance Survey Gazetteer of Great Britain. London: Macmillan Reference Books, 1987.	N	9006867
	Associvile Online	Associazione Volontari Protezione Civile online. 1995-98. <http://wwww.associvile.it.indloc/>	N	9006869
	Arran (2000)	"Archaeology of Arran." [online]. Arran: Isle of Arran, 2000. <http://www.arran-online.co.uk/archaeology>.	M	9006870
	Gazetteer of Great Britain (1999)	The Ordinance Survey Gazetteer of Great Britain. London: Macmillan Reference Books, 1999.	N	9006871
	Ancient City, Los Angeles Times (2000)	Maugh, Thomas. H., "Ancient City's Churches Hold Clue to Its Past." Los Angeles Times (August 10, 2000), B2.	N	9006872
	California Storm, Associated Press(1998)	Wilson, Jeff, "Latest California storm blamed for 2 deaths." Associated Press. Posted by the Seattle Times Company (February 24, 1998). <seattletimes.nwsource.com>	N	9006873
	Oxford Classical World (1986)	Oxford History of the Classical World. Edited by John Boardman, Jasper Griffin, and Oswyn Murray. Oxford: Oxford University Press, 1986	N	9006874
	Sansoni, Italian Dictionary (1984)	Dizionari Sansoni: Inglese-Italiano/Italiano-Inglese. 2nd edition. Edited by Vladimiro Macchi. Firenze: Sansoni, 1984.	N	9006875
	Scientific American: Nabada (2000)	"Nabada: The Buried City" in Scientific American, October 2000, pp. 74-81. 	N	9006876
	Paradigm-UCLA (1995)	"The discovery of yesterday" by Tiffany McElroy, 1995. <http://www.paradigm.asucla.ucla.edu>	N	9006877
	Cambridge Archaeology website	University of Cambridge, Department of Archaeology website. ,http://www.arch.cam.ac.uk>	N	9006878
	NIMA, GEOnet Names Server (2000-2003)	United States National Imagery and Mapping Agency (NIMA). GEOnet Names Server [online database]. Edited by the U.S. Board on Geographic Names. Washington: National Imagery and Mapping Agency, 2000-. http://gnpswww.nima.mil/geonames/GNS/ (10 January 2000)	M	9006879
	Asbury, Barbary Coast (1933)	Asbury, Herbert. The Barbary Coast. New York: A.A. Knopf, 1933.	N	9006880
	Proceedings of the Royal Irish Academy	Proceedings of the Royal Irish Academy, Section C. Archeology, Celtic Studies, History, Linguistics and Literature. Dublin: Royal Irish Academy, 1969-.	M	9006206
	Winkler Prins (1966-1975)	Grote Winkler Prins: Encyclopedie in twintig delen. Amsterdam: Elsevier, 1966-1975.	M	9006208
	Archivo Espa$09nol	Archivo espa$09nol de arte y arqueolog$00ia. Madrid: Instituto Diego Vel$00azquez, 1940-.	M	9006209
	Burgen und Schl$04osser	Burgen und Schl$04osser. D$04usseldorf: Burgen und Schl$04osser, 1960-.	M	9006210
	Journal of Field Archeaology	Journal of Field Archaeology. Boston: Boston University, 1974-.	M	9006211
	Yearbook of Higher Education	Yearbook of Higher Education. Chicago: Marquis Academic Media, 1969-1984.	M	9006212
	Antiek	Antiek. Lochem, Nederland: De Tijdstroom, 1966-.	M	9006213
	Die Weltkunst	Die Weltkunst. Berlin: Die Weltkunst, 1930-.	M	9006214
	Michel: Dictionnaire des Communes (1977)	Dictionnaire national des communes de France. Edited by Jean Bourdeaux. Paris: $00Editions Albin Michel, 1977.	M	9006221
	Michel: Dictionnaire des Communes (1974)	Dictionnaire national des communes de France. Edited by Jean Bourdeaux. Paris: $00Editions Albin Michel, 1974.	M	9006222
	Michel: Dictionnaire des Communes (1989)	Dictionnaire national des communes de France. Edited by Jean Bourdeaux. Paris: $00Editions Albin Michel, 1989.	M	9006223
	Michel: Dictionnaire des Communes (1986)	Dictionnaire national des communes de France. Edited by Jean Bourdeaux. Paris: $00Editions Albin Michel, 1986.	M	9006224
	Fragmentos	Fragmentos. Madrid: Ministerio de Cultura, 1984-.	M	9006225
	American Guides: Montana (1973)	Federal Writers' Project. Montana: A State Guide Book. American Guide Series. Compiled by the Writers' Program of the Work Projects for the state of Montana. Saint Clair Shores, MI: Somerset Publishers, 1973.	M	9006171
	Knaurs: Elsass (1984)	Knaurs Kulturf$04uhrer in Farbe, Elasass. Edited by Marianne Mehling. M$04unchen: Droemer Knaur, 1984.	M	9006120
	Reisef$04uhrer Ungarn/Rum$04anien (1978)	$04Osterreichischer Automobil-, Motorrad- und Touring-Club. Reisef$04uhrer Ungarn/Rum$04anien. Wien: Osterreichischer Touring-Club, 1978.	M	9006125
	Atlas van de Nederlandse Kastelen (1980)	Atlas van de Nederlandse kastelen. Edited by K.A. Kalwiek and A.I.J.M. Schellart. Nederland in kaart gebracht. Alphen aan den Rijn, Zuid-Holland: Sijthoff, 1980.	M	9006127
	Kristusfremstillinger (1980)	Nordiska symposiet for ikonografiske studier. Kristusfremstillinger: Foredrag holdt ved det 5. nordiske symposium for ikonografiske studier pa Fuglsang 29. aug.-3. sept. 1976. K$14obenhavn: I kommission, G.E.C. Gad, 1980.	M	9006129
	Adamiak, Kunstland DDR (1980)	Adamiak, Josef. Kunstland DDR: Ein Reisef$04uhrer. 2nd ed. Leipzig: E.A. Seemann, 1980.	M	9006131
	Sovetskoe Dekorativnoe Iskusstvo	Sovetskoe dekorativnoe iskusstvo. Moskva: Sov. khudozhnik, 1973-.	M	9006132
	Soobshcheniia	Gosudarstvennyi Ermitazh. Soobshcheniia. Sankt-Petersburg: Iskusstvo, 1940-.	M	9006133
	LC Subject Headings, 10th edition (1986)	Library of Congress Subject Cataloging Division. Library of Congress Subject Headings. 10th ed. Washington: Cataloging Distribution Service, Library of Congress, 1986.	M	9006134
	Monuments Historiques de la France	Les Monuments historiques de la France. Paris: Caisse nationale des monuments historiques et des sites, 1936-.	M	9006135
	American Guides: Massachusetts (1973)	Federal Writers' Project. Massachusetts: A Guide to Its Places and People. American Guide Series. Compiled by the Writers' Program of the Work Projects for the state of Massachusetts. Saint Clair Shores, MI: Somerset Publishers, 1973.	M	9006138
	Michelin: Riviera-C$03ote d'Azur (1985)	French Riviera: C$03ote d'Azur: Tourist Guide. Michelin Green Guides. London: Michelin Tyre Public Limited Company, 1985.	M	9006140
	Lef$02evre-Pontalis, Soissons (1896)	Lef$02evre-Pontalis, Eug$02ene Am$00ed$00ee. L'architecture religieuse dans l'ancien dioc$02ese de Soissons au XIe et au XIIe si$02ecle. Paris: Nourrit, 1894-1896.	M	9006141
	ISO Newsletter (1997)	International Organization for Standardization. ISO 3166 Newsletter. Berlin: 1997.	N	2009007172
	Iran Caravan [online] (2002)	Iran Caravan [online], 2002. http://www.irancaravan.com/ (30 July 2003).	N	2009007173
	Ausw$04artiges Amt Deutschland (2003-)	Ausw$04artiges Amt Deutschland [online] 2003- http://www.auswaertiges-amt.de/www/de/index_html (30 July 2003)	N	2009007174
	Embajada de M$00exico Serbia y Montenegro (2000-)	Embajada de M$00exico Serbia y Montenegro. [online] 2000- http://www.mexican-embassy.org.yu/Embassy_Library.html (30 July 2003)	N	2009007175
	Web Site of the Serbian Government (2000-)	Web Site of the Serbian Government. [online] 2000- http://www.serbia.sr.gov.yu/ (30 July 2003)	N	2009007176
	UC Berkeley Library, Serbian and Montenegran News Sources (2001)	UC Berkeley Library: Digital Resources. "Serbian and Montenegran News Sources." Berkeley: University of California at Berkeley, 2001. http://www.lib.berkeley.edu/Collections/Slavic/serbnews.html (30 July 2003)	N	2009007177
	NIMA, GEOnet Names Server (2003-2004)	United States National Imagery and Mapping Agency (NIMA). GEOnet Names Server [online database]. Edited by the U.S. Board on Geographic Names. Washington: National Imagery and Mapping Agency, 2003-2004. http://gnswww.nima.mil/geonames/GNS/index.jsp (1 August 2003).	M	2009007178
	Halle, Belgium, Online Highwqays (2001-.)	"Halle, Belgium." Online Highwqays. 2001-. http://www.2hwy.com/be/h/halle.htm (01 Aug. 2003).	N	2009007179
	Geraardsbergen in Flanders. [online]  n.d. 	Geraardsbergen in Flanders. [online]  n.d. http://www.geraardsbergen.be/engels/engels.htm  (4 August 2003)	N	2009007180
	Encyclopaedia Britannica Online (1994-2002)	Encyclop$70aedia Britannica Online. Encyclopaedia Britannica Inc., 1994-2002. http://www.eb.com (1 July 1994).	M	2009007181
	Axion Spacial Imaging (1999)	"Axion Spacial Imaging." [online]. <http://www.axionspatial.com>.	M	9006766
	NPC, Nunavut Planning Commission (1999)	NPC, Nunavut Planning Commission. [online]. Cambridge Bay, Northwest Territories, Canada, 1999. <http://npc.nunavut.ca/>	N	9006767
	NIMA, Geographic Names Data CD (1997)	United States National Imagery and Mapping Agency. Geographic Names Data [database on CD-ROM]. Edited by the U.S. Board on Geographic Names. Washington: National Imagery and Mapping Agency, 1997.	M	9006768
	Sandars, Prehistoric Europe (1985)	Sandars, N.K. Prehistoric Art in Europe. New Haven: Yale University Press, 1985.	M	9006769
	Orlando, Storia della Calabria (1997)	Orlando, Armando. Riassunto della Storia della Calabria. [online] Los Angeles: Formula G International, 1997. <http://www.g-site.com/orlando/index.html>	M	9006770
	Norwich, Connecticut (1999)	"Welcom to Norwich, Connecticut: The Rose of New England." [online]. Norwich: City of Norwich, 1999. <http://www.norwichct.org>.	M	9006771
	Channel Island, Los Angeles Times (1999)	Polakovic, Gary. "Channel Island Woman's Bones May Rewrite History." Los Angeles Times (April 11, 1999), A1 ff.	N	9006772
	GRI Photo Archive, Authority File (1998)	Getty Research Institute, Photo Archive. Authority Files, 1998.	M	9006736
	Pleistocene (1998)	Museum of Paleontology, U.C., Berkeley. "Locations of the Pleistocene." Berkeley, CA: University of California, Berkeley, 1998. [online]. <http://www.ucmp.berkeley.edu>.	M	9006773
	Page Museum (1999)	Natural History Museum of Los Angeles County. "Page Museum at the La Brea Tar Pits." Los Angeles, CA: Page Museum, 1998. [online]. <http://www.tarpits.org>.	M	9006774
	Online Places, Idaho (1998)	"Online Places: Idaho Site." Boise: Online Places, 1998. [online]. <http://onlineplaces.com>.	M	9006777
	Buhl Woman, Archaeology (1998)	Slayman, Andrew L. "Buhl Woman." Archaeology Magazine. Archaeological Institute of America, LI/6 (1998).	M	9006778
	Ciudad de Cipolletti (1998)	"Ciudad de Cipolletti." [online]. Cipolletti, 1998. <http://webs.satlink.com/usuarios/m/municipo/muninoti.htm>.	M	9006695
	Hunt, correspondence (1998)	Per e-mail correspondence with William J. Hunt, Jr., archeologist, Midwest Archeological Center, Jan. & Feb., 1998.	N	9006696
	Ward, correspondence (1998)	Per e-mail correspondence with Dr. Graeme K. Ward, Research Fellow Sites, Australian Institute of Aboriginal & Torres Strait Islander Studies, Canberra, Jan., 1998.	N	9006697
	Keller, correspondence (1998)	Per correspondence with Steve Keller, Weston City Commissioner, City of Weston, Florida, Feb., 1998.	N	9006698
	Microsoft Expedia Maps (1997)	Microsoft Corporation. Expedia Maps. Redmond, Washington: Microsoft Corporation, 1997. <http://www.expediamaps.com/>.	M	9006699
	Efrat (1998)	"Efrat - A Great Place to Live." [online]. <http://www.tchelet.co.il/efrat/efrat.htm>.	M	9006700
	Kerkenes (1998)	Summers, Geoffrey and Fran$05coise. Kerkenes. Ankara: British Institute of Archaeology at Ankara, 1998.  <http://www.metu.edu.tr/home/wwwkerk/non/index.html>.	M	9006701
	Summers, correspondence (1998)	Per e-mail correspondence with Dr. Geoffrey Summers, Assistant Professor, Department of Political Science and Public Administration, Middle East Technical University (METU), Ankara, Jan.-Mar., 1998.	N	9006702
	NIMA, GEOnet Names Server (1998-2000)	United States National Imagery and Mapping Agency. GEOnet Names Server [online database]. Edited by the U.S. Board on Geographic Names. Washington: National Imagery and Mapping Agency, 1998. <http://164.214.2.59/gns/html/index.html>.	M	9006703
	Anatolian Studies (1951-)	Anatolian Studies. London: British Institute of Archaeology at Ankara, 1951-.	M	9006704
	Impington (1998)	Welcome to Impington. Cambridgeshire, England: Cambridgeshire County Council, 1998. <http://www.camcnty.gov.uk/partners/parish/impingtn/index.htm>	N	9006705
	Britannica Book of the Year (1998)	1998 Britannica Book of the Year. Events of 1997. Chicago: Encyclop$70aedia Britannica Inc., 1998.	N	9006706
	Pausanias, Guide to Greece (1971)	Pausanias. Guide to Greece. Translated by Peter Levi. Harmondsworth, U.K.: Penguin Classics, 1971.	M	9006708
	Hazor, Archaeology (1998)	Rabinovich, Abraham & Neil Ahser Silberman. "The Burning of Hazor." Archaeology. New York: Archaeological Institute of America LI/3 (1998), 50-55.	N	9006709
	Wikipedia [online] (2001-)	Wikipedia, the free encyclopedia [online]. Wikimedia Foundation Inc., 2001-. http://en.wikipedia.org/wiki/Main_Page (11 August 2004).	N	2009007300
	Millard and Bordreuil, Statue from Syria, Biblical Archaeologist (1982)	Millard, A. R. and P. Bordreuil, Statue from Syria with Assyrian and Aramaic Inscriptions, Biblical Archaeologist, 45, 1982: 135-141.	N	2009007301
	Oxford Atlas of the World (1996)	Oxford Atlas of the World. 4th edition. New York: Oxford University Press, and London: Reed International Books Limited, 1996.	N	2009007302
	Princeton Encyclopedia of Classical Sites (1976)	The Princeton Encyclopedia of Classical Sites. Princeton, NJ: Princeton University Press, 1976.	M	2009007303
	Scottish Villages [online] 	Scottish Villages [online]. http://www.the-scottish-villages.co.uk/ (16 August 2004).	N	2009007304
	Romano-British Placenames [online] (1999)	Romano-British Placenames. Roman Britian: A Bibliography of Sources [online], 1999. http://www.btinternet.com/~britannica/roname.html (16 August 2004).	N	2009007305
	NGA, GEOnet Names Server (2004-)	National Geospatial-Intelligence Agency (NGA). GEOnet Names Server (GNS) [online database; formerly NIMA]. Washington: National Geospatial-Intelligence Agency, 2004-. http://gnswww.nga.mil/geonames/GNS/index.jsp. (1 September 2004).	N	2009007306
	Kumeyaay Nation [online] (2004)	Kumeyaay Nation [online], 2004. http://kumeyaay.com (2 September 2004)	N	2009007307
	William Morris Society Web Site (1996-)	William Morris Society Web Site. London: William Morris Society, 1996-. http://www.morrissociety.org/ (6 September 2004)	N	2009007308
	Goodman, Roman World (1997)	Goodman, Martin. The Roman World: 44 BC-AD 180. London: Routledge, 1997.	N	2009007309
	UNRV Roman History [online] (2003-2004)	UNRV Roman History [online], 2003-2004. http://www.unrv.com/ (27 September 2004).	N	2009007310
	Mathisen, Geography of Roman Gaul [online] (1996)	Mathisen, Ralph W. The Geography of Roman Gaul [online]. University of South Carolina, 1996. http://www.sc.edu/ltantsoc/geogmain.htm (1July 1996).	M	2009007312
	Dayton Peace Accords on DOSFAN (1997)	"The Dayton Peace Accords" on Department of State Foreign Affairs Network (DOSFAN) [official Department of State web site]. Washington: U.S. Department of State, 1997. <http://www.state.gov/www/current/bosnia/bosagree.html>.	N	9006587
	CIA, World Fact Book (1996)	US Central Intelligence Agency. 1996 World Fact Book [online]. Washington: Central Intelligence Agency, 1996. <http://www.odci.gov/cia/publications/nsolo/wfb-all.htm>.	M	9006588
	ICG Bosnia Project Report (1997)	International Crisis Group Bosnia Project. "State Succession to the Immovable Assets of Former Yugoslavia" [online]. London: International Crisis Group, 1997. <http://www.intl-crisis-group.org/projects/bosnia/report/bh20rep.htm>.	N	9006589
	A-Z: Great Britain (1996)	Geographers' A-Z Map Company Ltd. New Counties and Unitary Authorities Map of Great Britain. Sevenoaks, Kent, England: A-Z, 1996.	N	9006590
	London Map (1995)	The London Map. London: Pathmedia Publications Limited, 1995.	N	9006591
	USGS, Geographic Names System [online] (1998-)	United States Geological Survey (USGS). Geographic Names Information System (GNIS) [online database]. Washington: U.S. Geological Survey, 1998-. <http://geonames.usgs.gov> (7 January 2004)	M	9006592
	AAA: Road Atlas (1993)	American Automobile Association.  Road Atlas: Connecticut, Massachusetts, Rhode Island. Heathrow, Florida: A.A.A., 1993.	N	9006593
	Boone County Courthouse, Nebraska (1997)	Boone County Courthouse, Albion, Nebraska.  Per telephone conversation with the office of the County Clerk on June 23rd, 1997. 	N	9006594
	Gousha: Indiana (1996)	H.M. Gousha Company.  Indiana: Roadmap [map].  Comfort, TX: Gousha, 1996.	N	9006595
	Ramallah, New York Times (1995)	"Arafat Exults at the Takeover of Ramallah." New York Times (December 31, 1995), A5.	M	9006554
	Ministry of Tourism, Jordan (1990)	Ministry of Tourism and Antiquities. The Hashemite Kingdom of Jordan [map]. Amman: Ministry of Tourism and Antiquities, 1990.	M	9006510
	Directory Assistance NYC (1995)	Directory Assistance, New York City. Per telephone conversation on January 20, 1995.	N	9006511
	Embassy of Turkey (1995)	Embassy of Turkey. Per letter and enclosed map from Aykut Sezgin, dated February 13, 1995.	N	9006512
	Namibia, Report on Population (1993)	Republic of Namibia. National Report on Population. Windhoek: Population Planning Unit, National Planning Commission, 1993.	N	9006513
	Mission of Namibia, Map (1986)	Permanent Mission of the Republic of Namibia. Namibia: United Nations Map no. 3381. New York: United Nations, 1986.	N	9006514
	Isles, Namibia Yearbook (1992-1993)	Williams, Tony. "The Isles of White Gold." Namibia Yearbook III (1992-1993).	N	9006516
	Asia-Pacific, National Geographic (1989)	"Asia-Pacific." National Geographic Magazine CLXXVI/5 (1989).	M	9006517
	Lietuvos Respublika, Map (1992)	Lietuvos Respublika [map]. Riga: Valstybin$08e Geodezijos Tarnyba, 1992.	N	9006518
	Hong Kong Official Guide Map (1989)	Hong Kong Official Guide Map. 9th ed. Hong Kong: Survey and Mapping Office, Buildings and Lands Department, 1989.	N	9006519
	Hong Kong, Stay an Extra Day Map (1993)	Hong Kong: Stay an Extra Day Guide Map. Hong Kong: Hong Kong Tourist Association, 1993.	N	9006520
	Embassy of Liberia, Map (1995)	Embassy of Liberia. Per letter and enclosed map from William S. Salley, dated January 31, 1995.	N	9006521
	Embassy of Micronesia, Maps (1995)	Embassy of the Federated States of Micronesia. Per letter and enclosed maps from Enrico Calderon, dated January 21, 1995.	N	9006522
	Embassy of Laos, Laos (1995)	Embassy of the Lao People's Democratic Republic. Laos. Washington: Embassy of the Lao People's Democratic Republic, 1995.	N	9006523
	Blue Guide: Yugoslavia (1989)	Yugoslavia. Edited by Paul Blanchard. The Blue Guides. London: A. & C. Black, 1989.	M	9005316
	Nagel's: Yugoslavia (1968)	Yugoslavia. 2nd. ed. Nagel's Encyclopedia-Guides. Gen$02eve: Nagel Publishers, 1968.	M	9005319
	Blue Guide: Southern France (1926)	Southern France. Edited by Findlay Muirhead & Marcel Monmarch$00e. The Blue Guides. London: Macmillan & Co., 1926.	M	9005322
	Blue Guide: New York (1983)	New York. Edited by Carol von Pressentin Wright. 1st ed. The Blue Guides. London: A. & C. Black; New York: W.W. Norton, 1983.	M	9005328
	Blue Guide: Portugal (1982)	Portugal. Edited by Ian Robertson. 1st ed. The Blue Guides. London: E. Benn; New York: W.W. Norton, 1982.	M	9005331
	Guide Bleu: Su$02ede (1974)	Su$02ede. Les Guides Bleus. Paris: Hachette, 1974.	M	9005334
	Guido, Sicily (1967)	Guido, Margaret. Sicily: An Archaeological Guide to Prehistoric and Roman Remains and the Greek Cities. London: Faber and Faber, 1967.	M	9005336
	Blue Guide: Paris (1968)	Paris. Edited by Stuart Rossiter. 3rd ed. The Blue Guides. London: E. Benn; Chicago: Rand McNally, 1968.	M	9005337
	Guide Bleu: Moyen-Orient (1965)	Moyen-Orient: Liban, Syrie, Jordanie, Irak, Iran. Edited by Robert Boulanger. Les Guides Bleus. Paris: Hachette, 1965.	M	9005339
	Blue Guide: Venice (1980)	Venice. Edited by Alta Macadam. 2nd expanded ed. The Blue Guides. Chicago: Rand McNally, 1980.	M	9005340
	Guide Bleu: France Centre et Sud (1920)	France: Centre et sud, r$00eseaux d'Orl$00eans et du Midi. Les Guides Bleus. Paris: Hachette, 1920.	M	9005341
	AIA Guide to New York City (1978)	American Institute of Architects, New York Chapter. AIA Guide to New York City. New York: Collier Books; London: Collier Macmillan, 1978.	M	9005343
	Blue Guide: Scotland (1980)	Scotland. Edited by John Tomes. 8th ed. The Blue Guides. London: E. Benn; Chicago: Rand McNally, 1980.	M	9005345
	Garner, Company Town New England (1984)	Garner, John S. The Model Company Town: Urban Design Through Private Enterprise in Nineteenth-Century New England. Amherst, MA: University of Massachusetts Press, 1984.	N	9001263
	Angles, Saxons & Jutes (1981)	Angles, Saxons and Jutes: Essays Presented to J.N.L. Myers. Edited by Vera I. Evison. Oxford: Clarendon Press; New York: Oxford University Press, 1981.	N	9001281
	Michelin: Germany (1986)	Germany: West German and Berlin: Tourist Guide. Michelin Green Guides. Harrow, Middlesex: Michelin Tyre Public Limited Company, 1986.	N	9001290
	Kunsthistorisches Jahrbuch Graz	Kunsthistorisches Jahrbuch Graz. Graz, $04Osterreich: Akademische Druck- und Verlagsanstalt, 1978-.	N	9001292
	Osservatorio delle Arti	Osservatorio delle arti. Accademia Carrara. Bergamo: Pierluigi Lubrina Editore, 1988-.	N	9001293
	Studi Medievali	Studi medievali. Spoleto: Studi Medievali, 1904-.	N	9001295
	Pupils of Redout$00e (1981)	Hardouin-Fugier, Elisabeth. The Pupils of Redout$00e. Leigh-on-Sea, Essex: F. Lewis, 1981.	N	9001309
	Buildings: Gloucestershire II (1976)	Verey, David. Gloucestershire II: The Vale and the Forest of the Dean. 2nd ed. Buildings of England. Harmondsworth, London; New York: Penguin Books, 1976-1979.	N	9001327
	Blue Guide: Scotland (1967)	Scotland. Edited by L. Russell Muirhead. 5th ed. The Blue Guides. London: E. Benn; Chicago: Rand McNally, 1967.	N	9001330
	Michelin: Alpes du Nord (1988)	Alpes du Nord: Savoie-Dauphin$00e: Guide de tourisme. Les Guides Verts Michelin. Paris: Pneu Michelin, 1988.	N	9001339
	Hare, South-Western France (1890)	Hare, Augustus John Cuthbert. South-Western France. London: G. Allen, 1890.	N	9001340
	Backes, Dehio Handbuch: Hessen (1966)	Backes, Magnus. Hessen. Georg Dehio Handbuch der Deutschen Kunstdenkm$04aler. M$04unchen: Deutscher Kunstverlag, 1966.	N	9001344
	Denkm$04aler Bayern: Schwaben (1985)	Schaul, Bernd-Peter. Denkm$04aler Bayern VII: Schwaben. R. Oldenbourg, 1985.	N	9001360
	G$04unther, Rokoko f$04ur Kirchen (1988)	G$04unther, Matth$04aus. Matth$04aus Gunther, 1705-1788: Festliches Rokoko f$04ur Kirchen, Kl$04oster, Residenzen. M$04unchen: Klinkhardt & Biermann, 1988.	N	9001361
	Boger, World Pottery (1971)	Boger, Louise Ade. The Dictionary of World Pottery and Porcelain. New York: Scribner, 1971.	N	9001382
	Zeitschrift f$04ur Archaeologie	Zeitschrift f$04ur Archaeologie. Berlin: Deutscher Verlag der Wissenschaften, 1967-.	N	9001403
	Zukowsky, Hudson River Villas (1985)	Zukowsky, John. Hudson River Villas. New York: Rizzoli, 1985.	N	9001025
	Dehio Handbuch: Cottbus (1964)	Cottbus. Georg Dehio Handbuch der Deutschen Kunstdenkm$04aler. M$04unchen: Deutscher Kunstverlag, 1964.	N	9001414
	Daidalos	Daidalos. Berlin: Bertelsmann, 1981-.	N	9001428
	Rozman, Breg Pri Preddvoru (1977)	Rozman, Ksenija. Breg Pri Preddvoru. Ljubljana: Zavod za spomenisko varstvo Slovenije, 1977.	N	9000660
	Harrap's French/English Dictionary(1972)	Harrap's New Standard French and English Dictionary. London: Harrap, 1972-1980.	N	9000672
	Royal Commission, Scotland: Rousay(1982)	Lamb, R.G. Rousay, Egilsay and Wyre, with Adjacent Small Islands. Orkney Islands Area: An Archaeological Survey. Edinburgh: Royal Commission on the Ancient and Historical Monuments of Scotland; H.M. Stationery Office, 1982.	N	9000676
	Baedekers: Southern Italy (1900)	Southern Italy and Sicily, with Excursions to the Lipari Islands, Malta, Sardinia, Tunis and Corfu: Handbook for Travellers. Leipzig: K. Baedeker, 1900.	N	9000678
	Jaarboek Van Het Koninklijk	Jaarboek van het Koninklijk Museum voor Schone Kunsten Antwerpen. Antwerpen: The Koninklijk Museum, 1966-.	N	9000680
	Smith, Architecture of the USA (1981)	Smith, G.E. Kidder. Architecture of the United States: An Illustrated Guide to Notable Buildings, A.D. 1115 to the Present, Open to the Public. 1st ed. Garden City, NY: Anchor Press, 1981.	N	9000691
	Smith, Architecture in America (1981)	Smith, G.E. Kidder. A Pictorial History of Architecture in America. New York: Bonanza books, 1981.	N	9000692
	Poisson, L'Abbaye de Saint-G$00enis	Poisson, Olivier and Robert Grau. L'Abbaye de Saint-G$00enis des Fontaines. Perpignan, Pyr$00en$00ees-Orientales: Le Publicateur, 1989.	N	9000708
	Soci$00et$00e Nationale des Antiquaires (1857-)	Bulletin de la Soci$00et$00e nationale des antiquaires de France. Paris: Soci$00et$00e nationale des antiquaires de France, 1857-.	M	9006142
	Lewis, Topographical Dictionary (1842)	Lewis, Samuel. A Topographical Dictionary of England: Comprising the Several Counties, Cities, Boroughs, Corporate and Market Towns, Parishes, and Townships, and the Islands of Guernsey, Jersey, and Man. London: Lewis & Co., 1842.	M	9006144
	Aardrijkskundige Namen Nederland (1936)	Nederlands Aardrijkskundig Genootschap. Lijst der Aadrijkskundige namen van Nederland. Leiden: E.J. Brill, 1936.	M	9006145
	Michelin: Rome (1990)	Rome: Tourist Guide. Michelin Green Guides. Harrow, Middlesex: Michelin Tyre Public Limited Company, 1990.	M	9006146
	American Guides: Tennessee (1939)	Federal Writers' Project. Tennessee: A Guide to the State. American Guide Series. Compiled by the Writers' Program of the Work Projects for the state of Tennessee. Saint Clair Shores, MI: Somerset Publishers, 1939.	M	9006148
	American Guides: California (1967)	Federal Writers' Project. California: A Guide to the Golden State. American Guide Series. Compiled by the Writers' Program of the Work Projects for the state of California. Edited by Harry Hansen. New revised ed. New York: Hastings House, 1967.	M	9006149
	Immeubles (1949-1976)	France, Direction de l'Architecture. Liste des immeubles prot$00eg$00es au titre de la l$00egislation sur les monuments historiques et sur les sites dans les d$00epartements. Paris: Imprimerie nationale, 1949-1976.	M	9006150
	Immeubles: Haut Rhin (1973)	France, Direction de l'Architecture. Liste des immeubles prot$00eg$00es au titre de la l$00egislation sur les monuments historiques et sur les sites dans le d$00epartement du Haut Rhin. Paris: Imprimerie nationale, 1973.	M	9006153
	Michelin: Germany (1967)	Germany, West Germany and Berlin: Tourist Guide. Michelin Green Guides. London: Michelin Tyre Public Limited Company, 1967.	M	9006154
	Michelin: Vosges, Lorraine  (1989)	Vosges, Lorraine, Alsace. Les Guides Verts Michelin. Paris: Services de tourisme Michelin, 1989.	M	9006155
	Atti e Memorie Provincie Modenesi	Atti e memorie: Deputazione di storia patria per le antiche provincie modenesi. Modena, Emilia-Romagna: Aedes Muratoriana, 1892-.	M	9004942
	Russia, National Geographic (1993)	"Russia." National Geographic Magazine CLXXXIII/3 (1993).	N	9004947
	ISO Newsletter (1991)	International Organization for Standardization. ISO 3166 Newsletter. Berlin: 1991.	N	9004952
	ISO Newsletter (1992)	International Organization for Standardization. ISO 3166 Newsletter. Berlin: 1992.	N	9004953
	ISO Handbook (1988)	International Organization for Standardization. ISO Standards Handbook I: Documentation and Information. 3rd ed. Gen$02eve: International Organization for Standardization, 1988.	M	9004954
	AA: Big Road Atlas-Britain (1986)	The Automobile Association. Big Road Atlas-Britain. 6th ed. Basingstoke, Hampshire: A.A., 1986.	N	9004955
	Michelin: Canada (1982)	Canada: Tourist Guide. 1st ed. Michelin Green Guides. Qu$00ebec: Michelin Tires Ltd., 1982.	N	9004958
	Langenscheidt German Dictionary (1974)	Langenscheidt New Muret-Sanders Encyclopedic Dictionary of the English and German Languages. Revised edition, based on the original work by E. Muret and D. Sanders. Edited by Otto Springer. Berlin: Langenscheidt, 1974.	M	9004959
	Britannica Book of the Year (1993)	1993 Britannica Book of the Year. Events of 1992. Chicago: Encyclop$70aedia Britannica Inc., 1993.	N	9004960
	African Horn, National Geographic (1993)	"Tragedy Stalks the Horn of Africa." National Geographic Magazine CLXXXIV/2 (1993).	N	9004961
	Africa, Los Angeles Times (1993)	"Africa Moves Fitfully Toward Democracy." Los Angeles Times (July 27, 1993), F1 ff.	N	9004962
	ISO Newsletter (1993)	International Organization for Standardization. ISO 3166 Newsletter. Berlin: 1993.	N	9004964
	ISO Newsletter (1990)	International Organization for Standardization. ISO 3166 Newsletter. Berlin: 1990.	N	9004965
	UN Terminology Bulletin, no. 345 (1993)	United Nations. Terminology Bulletin No. 345: Country Names. New York: United Nations, 1993.	N	9004966
	NBC News & Rand McNally, Atlas (1993)	NBC News and Rand McNally. World Atlas and Review. Skokie, IL: NBC News; Rand McNally, 1993.	N	9004969
	Mideast Issues, Los Angeles Times (1993)	"Mideast Issues." Los Angeles Times (September 14, 1993), A6.	N	9004970
	Peace, Los Angeles Times (1993)	"Giving Peace a Chance." Los Angeles Times (September 14, 1993), H1-H8.	N	9004971
	Britannica Book of the Year (1988)	1988 Britannica Book of the Year. Events of 1987. Chicago: Encyclop$70aedia Britannica Inc., 1988.	N	9004804
	Zodiaque: Aragon (1971)	Canellas L$00opez, Angel. Aragon roman. Nuit des temps. La Pierre-qui-Vire, Yonne: Zodiaque, 1971.	N	9004648
	Baedekers: Spain (1982)	Baedeker's Spain. English translation by James Hogarth. Englewood Cliffs, NJ: Prentice-Hall, 1982.	N	9004650
	Zodiaque: Galice (1973)	Chamoso Lamas, Manuel. Galice romane. Nuit des temps. La Pierre-qui-Vire, Yonne: Zodiaque, 1973.	N	9004654
	Mango, Byzantine Architecture (1976)	Mango, Cyril A. Byzantine Architecture. New York: H.N. Abrams, 1976.	N	9004672
	Oxford: Dictionary of Byzantium (1991)	The Oxford Dictionary of Byzantium. Alexander P. Kazhdan, editor-in-chief. New York: Oxford University Press, 1991.	N	9004673
	Ulbert, Resafa-Sergiupolis (1985)	Ulbert, Thilo. Die Basilika des Heiligen Kreuzes in Resafa-Sergiupolis. Mainz: P. von Zabern, 1985.	N	9004674
	Von Euw, Sammlung Ludwig (1979)	Euw, Anton von. Die Hanschriften der Sammlung Ludwig. K$04oln: Schn$04utgen-Museum, 1979.	N	9004687
	Bean, Lycian Turkey (1978)	Bean, George Ewart. Lycian Turkey: An Archaeological Guide. London: E. Benn; New York: W.W. Norton, 1978.	N	9004693
	Thomas Brothers, LA County (1979)	Thomas Brothers Maps. Los Angeles County Popular Street Atlas. Los Angeles, CA: Thomas Brothers Maps, 1979.	N	9004701
	Fredericksen, Italian Paintings (1972)	Fredericksen, Burton B. and Federico Zeri. Census of Pre-Nineteenth-Century Italian Paintings in North American Public Collections. Cambridge, MA: Harvard University Press, 1972.	N	9004703
	Israel, Archaeology (1998)	"Travel Guide to Israel." Compiled by Samuel Wolff. Archaeology Magazine. New York: Archaeological Institute of America, LI/3 (1998), 56-59.	N	9006710
	Ellis Island, New York Times (1998)	Greenhouse, Linda. "High Court Awards New Jersey Sovereignty Over Most of Ellis Island." New York Times (May 27, 1998), A1.	N	9006711
	Livingston County (1998)	"Livingston County Michigan: 1895 Atlas." [online]. <http://www.livgenmi.com>.	M	9006712
	Avery Authority Files	Avery Index to Architectural Periodicals.  Authority Files.	M	9006713
	Craddick, correspondence (1998)	Per e-mail correspondence with Robert Craddick, Visual Resources Curator, Olin Library, Rollins College, Winter Park, Florida, May 7, 1998.	N	9006714
	Russell, Saskatchewan Names (1980)	Russell, E.T. What's in a Name: The Story Behind Saskatchewan Place Names. 3rd ed. Saskatoon, Saskatchewan: Prairie Books, 1980.	N	9006715
	Discovery, Los Angeles Times (1998)	Hotz, Robert Lee. "Discovery Alters Views on History of Agriculture." Los Angeles Times (March 13, 1998), A20.	N	9006716
	Terraced Village, Science (1998)	Hard, Robert J. and John R. Roney. "A Massive Terrraced Village Complex in Chihuahua, Mexico, 3000 Years Before Present." Science CCCLXXIX (March 13, 1998), 1661 ff.	M	9006717
	Maya Explorer (1998)	"Maya Explorer." [online]. 1998. <http://www.mayaexplorer.com.mx/>.	M	9006718
	Federal Archeology Program (1998)	Haas, Daniel. Federal Archeology Program: Secretary of the Interior's Report to Congress: 1994-1995. Washington, DC: US Department of the Interior, National Park Service, 1998.	N	9006720
	America's Historic Places (1996)	America's Historic Places. Washington: National Geographic Society, 1996.	N	9006721
	OED2 on CD-ROM (1994)	OED2 on CD-ROM [Oxford English Dictionary]. Oxford: Oxford University Press, 1994.	M	9006722
	Michelin	Guides Verts Michelin. Paris: Services de Tourisme Michelin, 1955-.	M	9005948
	Michelin: Greece (1987)	Greece: Tourist Guide. Michelin Green Guides. Harrow, Middlesex: Michelin Tyre Public Limited Company, 1987.	M	9005949
	Michelin: Environs de Paris (1968)	Environs de Paris. Guide de tourisme. Les Guides Verts Michelin. Paris: Pneu Michelin, 1968.	M	9005950
	Michelin: New York City (1985)	New York City: Tourist Guide. Michelin Green Guides. Lake Success, NY: Michelin Tire Corporation, 1985.	M	9005951
	Michelin: Normandy (1985)	Normandy: Tourist Guide. Michelin Green Guides. London: Michelin Tyre Public Limited Company, 1985.	M	9005952
	Michelin: Nord de la France (1982)	Nord de la France, Champagne, Ardennes: Guide de tourisme. Les Guides Verts Michelin. Paris: Pneu Michelin, 1982.	M	9005954
	Michelin: Belgique, Luxembourg (1983)	Belgique, Grand-Duch$00e de Luxembourg: Guide de tourisme. Les Guides Verts Michelin. Paris: Pneu Michelin, 1983.	M	9005955
	Nagel's	Nagel's Guide Books. Gen$02eve: Nagel Publishers, 1950-.	M	9005956
	TCI: Campania (1981)	Campania. 4th ed. Guida d'Italia del Touring Club Italiano. Milano: Touring Club Italiano, 1981.	M	9005958
	TCI: Campania (1980)	Campania. 3rd ed. Guida d'Italia del Touring Club Italiano. Milano: Touring Club Italiano, 1980.	M	9005960
	Guide Bleu: Paris (1977)	Paris: Hauts-de-Seine, Seine-St. Denis, Val-de-Marne. Les Guides Bleus. Paris: Hachette, 1977.	M	9005900
	King, New Zealand Handbook (1990)	King, Jane. The New Zealand Handbook. Chico, CA: Moon Publications, 1990.	M	9005961
	Murray Handbook: Warwickshire (1899)	A Handbook for Travellers in Warwickshire. Murray's English Handbooks. London: J. Murray, 1899.	M	9005962
	Murray Handbook: Hertfordshire (1895)	Handbook for Hertfordshire, Bedfordshire, and Huntingdonshire. Murray's English Handbooks. London: J. Murray, 1895.	M	9005963
	Murray Handbook: Somersetshire (1899)	A Handbook for Travellers in Wiltshire, Dorsetshire and Somersetshire. Murray's English Handbooks. London: J. Murray, 1899.	M	9005964
	Dehio Handbuch: Mitteldeutschland (1924)	Dehio, Georg. Handbuch der Deutschen Kunstdenkm$04aler I: Mitteldeutschland. Berlin: Verlag Ernst Wasmuth, 1924.	M	9005848
	Dehio Handbuch: Neubrandenburg (1964)	Die Bezirke Neubrandenburg, Rostock, Schwerin. Georg Dehio Handbuch der Deutscher Kunstdenkm$04aler. M$04unchen: Deutscher Kunstverlag, 1964.	M	9005849
	Dehio Handbuch: Nieder$04oster. (1955)	Donin, R.K., et al. Nieder$04osterreich. Dehio Handbuch: Die Kunstdenkm$04aler $04Osterreichs. Wien; M$04unchen: Verlag Anton Schroll & Co., 1955.	M	9005850
	Dehio Handbuch: Bremen (1977)	Bremen, Niedersachsen. Edited by Gottfried Kiesow. Georg Dehio Handbuch der Deutschen Kunstdenkm$04aler. M$04unchen: Deutscher Kunstverlag, 1977.	M	9005851
	Dehio Handbuch: Ober$04osterreich (1960)	Hainisch, Erwin. Ober$04osterreich. Dehio Handbuch: Die Kunstdenkm$04aler $04Osterreichs. Wien; M$04unchen: Verlag Anton Schroll & Co., 1960.	M	9005853
	Dehio Handbuch: Oberbayern (1952)	Gall, Ernst. Oberbayern. Georg Dehio Handbuch der Deutschen Kunstdenkm$04aler. Berlin: Deutscher Kunstverlag, 1952.	M	9005856
	Dehio Handbuch: Die Rheinlande (1947)	Gall, Ernst. Die Rheinlande. George Dehio Handbuch der Deutschen Kunstdenkm$04aler. Berlin: Deutscher Kunstverlag, 1947.	M	9005858
	Dehio Handbuch: Wien (1960)	Schmidt, Justus and Hans Tietze. Wien. Dehio Handbuch: Die Kunstdenkm$04aler $04Osterreichs. Wien; M$04unchen: Verlag Anton Schroll & Co., 1960.	M	9005860
	Dehio Handbuch: Nordwestdeutschl. (1912)	Dehio, Georg. Handbuch der Deutschen Kunstdenkm$04aler V: Nordwestdeutschland. Berlin: Verlag Ernst Wasmuth, 1912.	M	9005862
	Dehio Handbuch: S$04udwestdeut. (1911)	Dehio, Georg. Handbuch der Deutschen Kunstdenkm$04aler IV: S$04udwestdeutschland. Berlin: Verlag Ernst Wasmuth, 1911.	M	9005864
	Dehio Handbuch: Halle (1964)	Der Bezirk Halle. Abteilung Forschung des Instituts f$04ur Denkmalpflege. Georg Dehio Handbuch der Deutschen Kunstdenkm$04aler. M$04unchen; Berlin: Deutscher Kunstverlag, 1964.	M	9005865
	Dehio Handbuch: Oberbayern (1964)	Gall, Ernst. Oberbayern. Georg Dehio Handbuch der Deutschen Kunstdenkm$04aler. Berlin: Deutscher Kunstverlag, 1964.	M	9005866
	Jamaica Tourist Board, Jamaica (n.d.)	Jamaica Tourist Board. Discover Jamaica: Road Map. New York: American Map Corporation, n.d.	M	9006524
	Santa Barbara: When & Where (1990)	Santa Barbara County Vintners' Association. Santa Barbara: When & Where. Los Olivos, CA: n.p., 1990.	N	9006525
	Cassell's Spanish Dictionary (1990)	Cassell's Spanish Dictionary. Completely revised by Anthony Gooch. New York: Macmillan Publishing Co., 1990.	N	9006526
	Cassell's German Dictionary (1982)	Cassell's German Dictionary. Completely revised by Harold T. Betteridge. London; New York: Macmillan Publishing Co., 1982.	N	9006527
	Cassell's French Dictionary (1981)	Cassell's French Dictionary. Completely revised by Denis Girard. New York: Macmillan Publishing Co., 1981.	N	9006528
	Ancient World, Archaeology (1995)	"Archaeology Magazine Travel Guide to the Ancient World 1995." Compiled and edited by Debbie Beaudry. Archaeology Magazine, XLVIII/2 (1995), 7-20.	M	9006529
	Tunisia: Basic Data 1995 (1994)	Tunisia: Basic Data 1995. Tunis: Tunisian External Communication Agency, 1994.	M	9006530
	Hong Kong, Los Angeles Times (1995)	"The Basics of the Basic Law in Hong Kong." Los Angeles Times (May 2, 1995), H4.	N	9006531
	Palau, National Geographic (1995)	"Geographica: Pacific Islands of Palau Are Independent at Last." National Geographic Magazine CLXXXVII/6 (1995).	N	9006532
	Signature, Federal Archeology (1995)	"Signature of the Past." Federal Archeology VIII/1 (1995).	N	9006533
	Brady et al, Skulls and Bones, Archaeology (1995)	Brady, James E., George Hasemann, and John H. Fogarty. "Harvest of Skulls and Bones." Archaeology Magazine. New York: Archaeological Institute of America, 48/3 (1995).	M	9006534
	New World, Archaeology (1995)	"Archaeology Magazine Travel Guide to the New World 1995." Compiled and edited by Andrew Slayman. Archaeology Magazine, XLVIII/3 (1995).	M	9006535
	Sagalassos, Archaeology (1995)	Waelkens, Marc. "Rise and Fall of Sagalassos." Archaeology Magazine. New York: Archaeological Institute of America, XLVIII/3, (1995).	M	9006536
	TCI: Umbria (1966)	Umbria. 4th ed. Guida d'Italia del Touring Club Italiano. Milano: Touring Club Italiano, 1966.	M	9006539
	Rand McNally Atlas (1994)	Rand McNally and Company. The New International Atlas. 25th Anniversary Edition. Chicago: Rand McNally, 1994.	N	9006541
	LC Subject Headings, 11th edition (1988)	Library of Congress Subject Cataloging Division. Library of Congress Subject Headings. 11th ed. Washington: Cataloging Distribution Service, Library of Congress, 1988.	M	9005681
	TCI: Campania (1963)	Campania. 3rd ed. Guida d'Italia del Touring Club Italiano. Milano: Touring Club Italiano, 1963.	M	9005682
	Knaurs: Griechenland (1985)	Knaurs Kulturf$04uhrer in Farbe, Griechenland. Greece. A Phaidon Cultural Guide. Englewood Cliffs, NJ: Prentice-Hall, 1985.	M	9005683
	Colloque sur la Lycie Antique (1980)	Actes du Colloque sur la Lycie antique. Paris: Librairie d'Am$00erique et d'Orient Adrien Maisonneuve, 1980.	M	9005684
	Byzantios: Festschrift H. Hunger (1984)	Byzantios: Festschrift f$04ur Herbert Hunger zum 70. Geburtstag. Herausgegeben von Wolfram H$04orander. Wien: E. Becvar, 1984.	M	9005685
	Ch$03ateau Gaillard (1982)	Ch$03ateau Gaillard: $00Etudes de castellologie m$00edi$00evale IX-X. Actes des colloques internationaux tenus $02a Basel (1978) et $02a Durham (1980). Caen, France: Centre de recherches arch$00eologiques m$00edi$00evales, Universit$00e de Caen, 1982.	M	9005687
	County Louth Archaeological Journal	County Louth Archaeological Journal. Dundalk, $00Eire: W. Tempest, 1904-.	M	9005690
	TCI: Lombardia (1987)	Lombardia (esclusa Milano). 9th ed. Guida d'Italia del Touring Club Italiano. Milano: Touring Club Italiano, 1987.	M	9005691
	TCI: Puglia (1986)	Puglia. Guida d'Italia del Touring Club Italiano. Milano: Touring Club Italiano, 1986.	M	9005697
	TCI: Venezia (1985)	Venezia. 3rd ed. Guida d'Italia del Touring Club Italiano. Milano: Touring Club Italiano, 1985.	M	9005700
	TCI: Veneto (1967)	Veneto (non compresa Venezia). 4th ed. Guida d'Italia del Touring Club Italiano. Milano: Touring Club Italiano, 1967.	M	9005701
	Acta Archaeologica (1951-)	Acta Archaeologica Academiae Scientiarum Hungaricae. Budapest: Magyar Tudomanyos Akademia, 1951-.	M	9005702
	Antichit$02a Viva	Antichit$02a viva. Firenze: Editrice Edam, 1962-.	M	9005703
	Historic Houses of America (1980)	Historic Houses of America Open to the Public. New York: Simon and Schuster, 1980.	M	9005610
	USBGN: Rumania (1960)	United States Office of Geography. Foreign Gazetteers of the U.S. Board on Geographic Names: Rumania. Washington: The Office of Geography, 1960.	M	9005524
	USBGN: Ireland (1950)	United States Office of Geography. Foreign Gazetteers of the U.S. Board on Geographic Names: Ireland. Washington: The Office of Geography, 1950.	M	9005525
	Great Soviet Encyclopedia (1973-1982)	Great Soviet Encyclopedia. A.M. Prokhorov, editor-in-chief. New York: Macmillan, 1973-1982.	M	9005531
	USBGN: USSR (1970)	United States Office of Geography. Foreign Gazetteers of the U.S. Board on Geographic Names: U.S.S.R. Washington: The Office of Geography, 1970.	M	9005533
	Nagel's: Soviet Union (1973)	U.S.S.R. 4th ed. Nagel's Encyclopedia-Guides. Gen$02eve: Nagel Publishers, 1973.	M	9005534
	USBGN: Spain (1961)	United States Office of Geography. Foreign Gazetteers of the U.S. Board on Geographic Names: Spain and Andorra. Washington: The Office of Geography, 1961.	M	9005538
	USBGN: Poland (1988)	United States Office of Geography. Foreign Gazetteers of the U.S. Board on Geographic Names: Poland. Washington: The Office of Geography, 1988.	M	9005540
	Courtauld, Conway Library (1987)	Courtauld Institute of Art. The Conway Library (microfiches). Haslemere, Surrey: Emmet Publishing, 1987.	M	9005543
	USBGN: Germany-DDR (1983)	United States Office of Geography. Foreign Gazetteers of the U.S. Board on Geographic Names: German Democratic Republic. Washington: The Office of Geography, 1983.	M	9005544
	USBGN: Turkey (1984)	United States Office of Geography. Foreign Gazetteers of the U.S. Board on Geographic Names: Turkey. Washington: The Office of Geography, 1984.	M	9005545
	Heath's French Dictionary	Heath's Standard French and English Dictionary. Edited by J.E. Mansion. Boston: Heath, 1966-1968.	N	9000720
	Lazarev, Pittura Bizantina (1967)	Lazarev, Viktor Nikitich. Storia della pittura bizantina. Torino: G. Einaudi, 1967.	N	9000725
	Michelin: New England (1981)	New England: Tourist Guide. Michelin Green Guides. Lake Success, NY: Michelin Tire Corporation, 1981.	N	9000755
	DuMont: Normandie (1981)	Sch$04afke, Werner. Die Normandie: Vom Seine-Tal zum Mont-Saint-Michel. DuMont Kunst-Reisef$04urer. K$04oln: DuMont Verlag, 1981.	N	9000757
	Cambridge Italian Dictionary (1984)	The Cambridge Italian Dictionary. Barbara Reynolds, general editor. Cambridge, England; New York: Cambridge University Press, 1984.	N	9000763
	American Art Directory	American Art Directory. American Art Annual. New York: R.R. Bowker, 1898-.	N	9000780
	Metodo e Scienza Operativita (1982)	Metodo e scienza operativit$02a e ricerca nel restauro, Firenze, 23 giugno 1982-1986 gennaio 1983. Edited by Umberto Baldini. Firenze: Sansoni, 1982.	N	9000791
	SE College Art Conference Review	Southeastern College Art Conference Review. S.E.C.A.C. Review. Atlanta, GA: Southeastern College Art Association, 1973-.	N	9000794
	Bollettino Senese	Bollettino senese di storia patria. Siena: Bollettino Senese, 1894-.	N	9000808
	Clausse, Les San Gallo (1900)	Clausse, Gustave. Les San Gallo: Architects, peintres, sculpteurs, m$00edailleurs, XVe et XVIe si$02ecles. Paris: E. Leroux, 1900-1902.	N	9000832
	Anglo-Saxon Settlement (1984)	Studies in Late Anglo-Saxon Settlement. Edited by Margaret L. Faull. Oxford: Oxford University Department for External Studies, 1984.	N	9000836
	Reclams: Toskana (1984)	Reclams Kunstf$04uhrer, Italien III, 2: Toskana, ohne Florenz. Reclams Universal-Bibliothek. Stuttgart: P. Reclam, 1984.	N	9000844
	Munigua (2000)	"Santuario Romano de Munigua."  [online].  Villanueva del Rio y Minas, Spain:  Juan Rogo, 2000. <http://www.galeon.com/villanuevadelasminas/turismo/munigua/Munigua.htm>	N	9007013
	Gazetteer of Slovakia online	Gazetteer of Slovakia. Czech and Slovak WebRing. It's All Relative. <http://www.iarelative.com/gazateer.htm>.	N	9007014
	Zilina Historical Monuments	Zilina Historical Monuments online. University of $07Zilina. UVT VSDS Zilina. <http://uvtnt.utc.sk/asp/utc/regionza//hist-taE.html>.	N	9007015
	FTOW: Flags of the World website	FTOW: Flags of the World website. <http://www.fotw.ca/flags>.	N	9007016
	Zalamea (2001)	"La Web Oficial del Ayuntamiento de Zalamea."  [online].  Zalamea de la Serena, Spain:  MundoRed, 2001.  <http://www.zalamea.com>	N	9007017
	Varazdin 2000 website	Varazdin 2000 website. Orbis Internet Services. <http://www.varazdin.com/info/>.	N	9007018
	Contrebia Belaisca (1999)	"El Gran Mercado de Pieles."  [online]. Botorrita, Spain:  Manuel Medrano and Mar$00ia Antonia D$00iaz. 1999.  <http://www.arxeos.com/Adobe.html>	N	9007019
	Buitrago (1999)	"Buitrago de Lozoya."  [online].  Madrid, Espa$09na:  Servicio de Estudios y Apoyo a las Haciendas Locales, 1999.  <http://www.comadrid.es/gema/goc/027/>	N	9007020
	Hythe, Kent website (2000)	Hythe, Kent website. Hythe Town Council, 2000. <http://www.hythe-kent.com>.	N	9007021
	Fort Kearny State Park website	Fort Kearny State Historical Park. The Nebraska Game & Parks Commission. <http://www.ngpc.state.ne.us/parks/ftkearny.html>.	N	9007022
	Fort Phil Kearny, Wyoming web site	Fort Phil Kearny State Historic Site web site. State of Wyoming, 1998. <http://commerce.state.wy.us/sphs/kearny1.htm>.	N	9007023
	San Diego Historical Society web site	San Diego Historical Society web site. San Diego Historical Society, 2001. <http://www.sandiegohistory.org>.	N	9007024
	Sevilla On Line (2001)	"Alcal$00a de Guadaira."  [online].  Sevilla, Spain:  Sevilla On Line S. L., 2001.  <http://www.sol.com/surrounding/alcala.htm>	N	9007025
	Letchworth Garden City Heritage website	Letchworth Garden City Heritage Foundation website. Letchworth Garden City Heritage Foundation. <http://www.letchworth.com/lhf.html>.	N	9007026
	"Letchworth," Town & Country Planning	Miller, M. "Letchworth Garden City- dream and reality." Town and Country Planning: the quarterly review of the Town and Country Planning Association. 67, Supp/1 (1998): 20.	N	9007027
	Madinat Al-Zahra (2001)	"Palatine City of Madinat Al-Zahra."  [online].  Boston, MA:  Archnet, 2001.  <http://www.archnet.org/library/sites/one-site.tcl?site_id=3946>	N	9007012
	Vinca-Belo & SE European Archaeology	Vinca-Belo brdo site & the Southeast European archaeology. <http://www.qal.berkeley,edu/%7Emirjana/vinca_balkanpg.html>.	N	9006974
	Wadi Shaw (M. Lange)	Lange, Mathias. "Wadi Shaw 82/52 - a Peridynastic Settlement in Northern Sudan," M.A. thesis (in progress), Institute for Prehistoric Archaeology, University of Cologne. <http://www.uni-koeln.de/phil-fak/praehist/abstract.html>.	N	9006975
	ADAM Project [online] (-2001)	Anthropology Department of the University of Geneva: ADAM Project [online]. http:anthro.unige.ch/~puissant/LP/ADAM/adam.html.	N	9006976
	Settlement in Wadi Shaw (1989)	Schuck, Werner." From Lake to Well: 5,000 Years of Settlement in Wadi Shaw (Northern Sudan)," in Late Prehistory of the Nile Basin and the Sahara, ed. by Lech Krzyzaniak and Michal Kobusiewicz. Poznan: Poznan Archaeological Museum (1989): 421-429. 	N	9006977
	N$04ahrsch$04utz (1995)	Falkenhausen, Eliane von. N$04ahrsch$04utz: ein altes Zaudendorf. Steinau: Steinauer Heimatbote, 1995.	N	9006978
	West Berkshire Council web site	West Berkshire Council web site (2001). <http://www.westberks.gov.uk>.	N	9006979
	Bracknell Forest Online	Bracknell Forest Online. <http://www.bracknell-forest.gov.uk>.	N	9006980
	Wokingham District Web Site	Wokingham District Web. Wokingham District Council. <http://www.wokingham.gov.uk/>.	N	9006981
	Hutchinson Family Encyclopedia Online	Hutchinson Family Encyclopedia, Online Edition. Helicon Publishing Ltd., 1999. <http://ebooks.whsmithonline.co.uk>.	N	9006982
	GENUKI: Administrative Areas of England	GENUKI: UK & Ireland Geneaology. Administrative Areas of England. <http://www.genuki.org.uk/big/Regions/England.html>.	N	9006983
	British Museum, Etruscan & Roman (1933)	British Museum, Department of Greek and Roman Antiquities. Catalogue of the Greek, Etruscan and Roman Paintings and Mosaics in the British Museum. Edited by R.P. Hinks. London: British Museum, 1933.	N	9004708
	British School, Museo Capitolino (1912)	British School at Rome. A Catalogue of the Ancient Sculptures Preserved in the Municipal Collections of Rome: The Sculptures of the Museo Capitolino. Edited by H.S. Jones. Oxford: Clarendon Press, 1912.	N	9004709
	Friedl$04ander, Netherlandish (1967)	Friedl$04ander, Max J. Early Netherlandish Painting. New York: Praeger, 1967-1976.	N	9004711
	Archeologia Sarda	Archeologia sarda. Cagliari, Sardegna: Cosma Editoriale, 1955-.	N	9004723
	Havelock, Hellenistic Art (1981)	Havelock, Christine Mitchell. Hellenistic Art: The Art of the Classical World from the Death of Alexander the Great to the Battle of Actium. New York: Norton, 1981.	N	9004732
	Homburger, Handschriften Bern (1962)	Homburger, Otto Sigmund. Die Illustrierten Handscriften der Burgerbibliothek Bern: die Vorkarolingischen und Karolingischen Handschriften. Bern: Selbtverlag der Burgerbibliothek Bern, 1962.	N	9004734
	Hesperia	Hesperia. Princeton, NJ: Institute for Advanced Study, 1932-.	N	9004737
	Sprenger, The Etruscans (1983)	Sprenger, Maja. The Etruscans: Their History, Art and Architecture. Translated from the German and Italian by Robert Erich Wolf. New York: H.N. Abrams, 1983.	N	9004741
	Mosa$04iques Romaines du Louvre (1978)	Catalogue des mosa$04iques romaines et pal$00eochr$00etiennes du Mus$00ee du Louvre. Edited by Fran$05cois Baratte. Paris: $00Editions de la R$00eunion des mus$00ees nationaux, 1978.	N	9004746
	Necr$00opolis Romana Carmona (1969)	Museo Arqueol$00ogico de la Necr$00opolis Romana. Gu$00ia del museo y necr$00opolis romana de Carmona (Sevilla). 2nd ed. Gu$00ias de los museos de Espa$09na. Madrid: Ministerio de Educaci$00on y Ciencia, 1969.	N	9004748
	Bean, Turkey's Southern Shore (1968)	Bean, George Ewart. Turkey's Southern Shore: An Archaeological Guide. London: E. Benn, 1968.	N	9004753
	Israel setzt Offensive fort, Die Welt (2002)	"Israel setzt Offensive fort, trotz Warnungen der USA." Die Welt (April 7, 2002) [online]. http://www.welt.de	N	2009007049
	Word Reference Dot Com, Dictionaries 0nline (2002)	Word Reference Dot Com Dictionaries Online.  Harper Collins Publishing, 2002. <http://wordreference.com>	N	2009007050
	Oil Embargo, New York Times (2002)	Associated Press. "Rice Dismisses Iraq's Oil Embargo." New York Times (April 8, 2002.) [online] http://www.nytimes.com	N	2009007052
	Kurz, Israel Anti-Media, Washington Post (2002)	Kurz, Howard. "Israel's Anti-Media Offensive Raises Questions ." Washington Post (April 8, 2002) [online] <http://washingtonpost.com>.	N	2009007053
	Learning Network, Info Please (2002)	Learning Network. Info Please, 2002. [online] http.www.infoplease.com	N	2009007055
	US Renews Demands, New York Times (2002)	Reuters. "U.S. Renews Demands for Israeli Withdrawal." New York Times (April 9, 2002) [online].	N	2009007056
	Hockstader, Shattered City, Washington Post (2002)	Hockstader, Lee. "Residents Emerge From a Shattered City." New York Times (9 April 2002) [online].	N	2009007057
	Columbia Encyclopedia [online] (2000)	Columbia Encyclopedia. 6th edition. New York: Columbia University Press, 2000. [online, at Bartleby.com] http://www.bartleby.com/  (1 July 2000)	M	2009007058
	Middle East [map], New York Times (2002)	"Middle East." New York Times, 9 April 2002. [map] [online] http://www.nytimes.com (9 April 2002).	N	2009007059
	Israeli operations [map], CNN (2002)	"Israeli operations." CNN, 9 April 2002. [map] [online] http://www.cnn.com (9 April 2002)	N	2009007060
	BBC, Israeli Pull-Out (2001)	BBC. "Israeli Pull-Out on hold after bombing." London: British Broadcasting Corporation. 1 June 2001 [online]. http://www.bbc.co.uk/. (1 June 2001).  	N	2009007061
	Seized towns, New York Times [online] (2002)	Agence France-Presse. "Seized Towns: Nablus Makes 8." New York Times, 4 April 2002. [online] http://www.nytimes.com (10 April 2002)	N	2009007062
	Sharon Proposes Exile, New York Times [online] (2002)	Associated Press. "Sharon Proposes Arafat's Exile While Israeli Forces Shell His Compound." New York Times, 2 April 2002. [online] (10 April 2002) http://www.nytimes.com	N	2009007063
	Powell arrives in Israel, CNN (2002)	"Powell arrives in Israel as military operations continue." CNN, 11 April 2002. [online] http://www.cnn.com (11 April 2002)	N	2009007064
	Richburg and Moore, Israel Invades, Washington Post (2002)	Richburg, Keith B. and Molly Moore. "Israel Invades Refugee Camp." Washington Post, 11 April 2002. [online] (11 April 2002)	N	2009007065
	Kashmir's forgotten plebiscite, BBC [online] (2002)	"Kashmir's forgotten plebiscite." [online] London: British Broadcasting Company (BBC), 17 January, 2002. http://news.bbc.co.uk/ (28 May 2002) 	N	2009007080
	Benezit, Dictionnaire des Peintres (1976)	B$00en$00ezit, Emmanuel, ed. Dictionnaire critique et documentaire des Peintres, Sculpteurs, Dessinateurs et Graveurs. Originally published 1911-1923. Paris: Librairie Gr$04und, 1976.	N	2009007067
	Devil's Lake State Park (2002)	Devil's Lake State Park Visitor's Guide. 2002. http://www.devilslakewisconsin.com (1 May 2002)	N	2009007068
	Revkin, River teems with life, New York Times (2002)	Revkin, Andrew C., "More Acidic Than Vinegar, River Teems With Tiny Life," New York Times, 21 May 2002, D4	N	2009007072
	Schuster, Maya Relics in Caves, New York Times (2002)	Schuster, Angela M.H., "Divers discover Maya relics in caves that became rivers," New York Times, 21 May 2002, D3	N	2009007073
	Test source #1	Test Source #1, 05/08/2002	M	2009007071
	Lascaux, French Ministry of Culture and Communication (2002)	Ministry of Culture and Communication. The Cave of Lascaux. Dordogne: Service d$00epartemental d'arch$00eologie de la Dordogne, Conseil G$00en$00eral de la Dordogne, 2002. www.culture.fr/culture/arcnat/lascaux/en/	N	2009007074
	Dehio Handbuch: Rheinland (1966)	Schmitz-Ehmke, Ruth. Nordrhein-Westfalen I: Rheinland. Georg Dehio Handbuch der Deutschen Kunstdenkm$04aler. M$04unchen; Berlin: Deutscher Kunstverlag, 1966.	M	9005867
	Dehio Handbuch: K$04arnten (1976)	Ginhart, Karl, et al. K$04arnten. Dehio Handbuch: Die Kunstdenkm$04aler $04Osterreichs. Wien: Verlag Anton Schroll & Co., 1976.	M	9005868
	Dehio Handbuch: Bayern (1964)	Bayern. Vols. I-III. Georg Dehio Handbuch der Deutschen Kunstdenkm$04aler. M$04unchen: Deutscher Kunstverlag, 1964.	M	9005869
	Denkm$04aler Bayern: Oberbayern (1986)	Neu, Wilhelm, and Volker Liedke. Denkm$04aler in Bayern I-2: Oberbayern. M$04unchen: R. Oldenbourg, 1986.	M	9005871
	Knaurs: Norwegen (1989)	Knaurs Kulturf$04uhrer in Farbe, Norwegen. Edited by Marianne Mehling. M$04unchen: Droemer Knaur, 1989.	M	9005872
	Knaurs: Schleswig-Holstein (1983)	Knaurs Kulturf$04uhrer in Farbe, Schleswig-Holstein. Edited by Marianne Mehling. M$04unchen: Droemer Knaur, 1983.	M	9005873
	Knaurs: D$04anemark (1987)	Knaurs Kulturf$04uhrer in Farbe, D$04anemark. Edited by Marianne Mehling. M$04unchen: Droemer Knaur, 1987.	M	9005875
	Baedekers: Nordbayern (1962)	Nordbayern, Ostbayern, Franken, Oberpfalz, Niederbayern: Reisehandbuch. Freiburg im Breisgau: K. Baedeker, 1962.	M	9005876
	Baedekers: Bulgarien (1964)	Bulgarien, mit Zufahrts-Route von Jugoslawien und Anschluss-Strecke nach Instanbul. Stuttgart: Baedekers Autof$04uhrer-Verlag, 1964.	M	9005878
	Baedekers: Deutschland (1988)	Deutschland. Baedekers Allianz Reisef$04uhrer. Stuttgart: K. Baedeker, 1988.	M	9005879
	Baedekers: T$04urkei (1973)	T$04urkei, mit Zufahrtsrouten durch $04Osterreich, Jugoslawien, Bulgarien und Griechenland, nebst Anschluss-Strecken durch Syrien, den Libanon und Jordanien nach Jerusalem. Stuttgart: Baedekers Autof$04uhrer-Verlag, 1973.	M	9005882
	Baedekers: Benelux (1974)	Benelux: Belgien, Niederlande, Luxemburg. Baedekers Autoreisef$04uhrer. Stuttgart: Baedekers Autof$04uhrer-Verlag, 1974.	M	9005883
	Baedekers: Tirol (1929)	Tirol, Vorarlberg, Etschland, Westliche Teile von Salzburg und von K$04arnten: Handbuch f$04ur Reisende. Leipzig: K. Baedeker, 1929.	N	9004104
	Murray Handbook: Northamptonshire (1878)	A Handbook for Travellers in Northamptonshire and Rutland. Murray's English Handbooks. London: J. Murray, 1878.	N	9004106
	Northamptonshire Past & Present	Northamptonshire Past and Present. Northampton: Northampton Record Society, 1948-.	N	9004108
	Baedekers: Istanbul (1987)	Baedeker's Istanbul. English translation by James Hogarth. New York: Prentice-Hall, 1987.	N	9004113
	Fleischer, Ture i K$14obenhavn (1986)	Fleischer, Jens. Ture i K$14obenhavn. K$14obenhavn: Politikens, 1986.	N	9004126
	Kultur-Szene (1984)	Kultur-Szene: Ein St$04adtef$04uhrer durch die Bundesrepublik und Westberlin. Edited by Horst Linder. K$04onigstein: Athen$04aum, 1984.	N	9004130
	Rocznik Statystyczny ziemi Krakowskiej (1963-)	Rocznik statystyczny ziemi krakowskiej. Krak$00ow: Wojew$00odski Urzad Statystyczny, 1963-.	N	9004133
	Reclams: Schleswig-Holstein (1983)	Reclams Kunstf$04uhrer, Niedersachsen, Jansest$04adte, Schleswig-Holstein. Edited by Jans-Herbert M$04oller. Reclams Universal-Bibliothek. Stuttgart: P. Reclam, 1984.	N	9004138
	Deutsche B$04urgerhaus: L$04ubeck (1968)	H$04ubler, Hans. Das B$04urgerhaus in L$04ubeck. Das Deutsche B$04urgerhaus, X. T$04ubingen: E. Wasmuth, 1968.	N	9004147
	Baedekers: Portugal (1987)	Baedeker's Portugal. English translation by James Hogarth. New York: Prentice-Hall, 1987.	N	9004151
	Dmochowski, Architecture Poland (1956)	Dmochowski, Z.R. The Architecture of Poland: An Historical Survey. London: The Polish Research Centre, 1956.	N	9003991
	Livorno, Modigliani (1963)	Premio Biennale di Pittura e Scultura. VII Premio Biennale di Pittura e Scultura: Amedeo Modigliani-Citt$02a di Livorno. Roma: De Luca, 1963.	N	9004155
	Baedekers: London (1987)	Baedeker's London. English translation by James Hogarth. New York: Prentice-Hall, 1987.	N	9004177
	A-Z: London Street Atlas (1990)	A-Z London Street Atlas. A to Z Publications. Sevenoaks, Kent: The A to Z Company, 1990.	N	9004188
	Braden, Artists & People (1978)	Braden, Su. Artists and People. London; Boston: Routledge and K. Paul, 1978.	N	9004192
	Buildings: London I (1984)	Pevsner, Nikolaus. London I: The Cities of London and Westminster. 3rd ed. Revised by Bridget Cherry. Buildings of England. New York: Viking, 1984.	N	9004197
	Baedekers: Benelux (1982)	Baedeker's Netherlands, Belgium and Luxembourg. English translation by James Hogarth. Englewood Cliffs, NJ: Prentice-Hall, 1982.	N	9003654
	Revue Roumaine d'Histoire de l'Art	Revue roumaine d'histoire de l'art. Bucure$47sti: Acad$00emie de la R$00epublique Socialiste de Roumanie, 1964-.	N	9003668
	Arte e Cultura Artistica Bizantina(1986)	Gruppo Nazionale di Coordinamento "Storia dell'Arte e della Cultura Artistica Bizantina": Atti della Giornata di Studio, Roma, 4 dicembre 1986. Collana Milion: Studi e ricerche d'arte bizantina. Roma: Biblioteca di Storia Patria, 1988.	N	9003679
	Recovery of Meaning, Eastern USA (1988)	The Recovery of Meaning: Historical Archaeology in the Eastern United States. Edited by Mark P. Leone and Parker B. Potter, Jr. Washington: Smithsonian Institution Press, 1988.	N	9003683
	Kunstdenkm$04aler: Thurgau (1950)	Die Kunstdenkm$04aler des Kantons Thurgau. Edited by Albert Knoepfli. Die Kunstdenkm$04aler der Schweiz. Basel: Birkh$04auser, 1950.	N	9003698
	Archaeol$00ogiai $00Ertesit$12o	Archaeol$00ogiai $00Ertesit$12o. Budapest: Aigner Lajos Bizomanya, 1868-.	N	9003704
	Agt, Zuid-Limburg (1983)	Agt, J.F. van. Zuid-Limburg, Vaals, Witten, en Slenaken. 's-Gravenhage: Staatsuitgeverij, 1983.	N	9003711
	KAKs Bilatlas Sverige (1960)	Kungliga Automobil Klubben. KAKs bilatlas oever Sverige. Stockholm: Generalstabens Litografiska Anstalt, 1960.	N	9003714
	Ricci, Repubblica di San Marino (1906)	Ricci, Corrado. La repubblica di San Marino. 2nd ed. Bergamo: Istituto italiano d'arti grafiche, 1906.	N	9003729
	USBGN: Belgium (1963)	United States Office of Geography. Foreign Gazetteers of the U.S. Board on Geographic Names: Belgium. Washington: The Office of Geography, 1963.	M	9005546
	Studi in Memoria di G. Bovini (1989)	Studi in memoria di Giuseppe Bovini. Ravenna: Lapucci, 1989.	M	9005548
	Avi-Yonah, Roman Palestine (1976)	Avi-Yonah, Michael. Gazetteer of Roman Palestine. Yerushalayim: Institute of Archaeology, Hebrew University of Jerusalem, 1976.	M	9005551
	Blue Guide: Cyprus (1981)	Cyprus. Edited by Ian Robertson. 1st ed. The Blue Guides. London: E. Benn; Chicago: Rand McNally, 1981.	M	9005552
	London Encyclopaedia (1986)	The London Encyclopaedia. Edited by Ben Weinreb and Christopher Hibbert. New York: St. Martin's Press, 1986.	M	9005555
	London Phone Book (1987)	The Phone Book 1987/1988. London: British Telecommunications, 1987.	M	9005556
	Baedekers: Berlin (1965)	Berlin: Handbook for Travellers. Freiburg im Breisgau: K. Baedeker; New York: Macmillan, 1965.	M	9005558
	Baedekers: Israel (1983)	Baedekers Israel. Englewood Cliffs, NJ: Prentice-Hall, 1983.	M	9005560
	Bajcar, Polen (1980)	Bajcar, Adam. Reisef$04uhrer durch Polen. Warszawa: Interpress, 1980.	M	9005563
	Baedekers: Rhine (1985)	Baedeker's Rhine. English translation by James Hogarth. Englewood Cliffs, NJ: Prentice-Hall, 1985.	M	9005564
	Baedekers: Switzerland (1909)	Switzerland and the Adjacent Portions of Italy, Savoy, and Tyrol: Handbook for Travellers. Leipzig: K. Baedeker; New York: C. Scribner's Sons, 1909.	M	9005566
	MapArt, Austria Road Map (1990)	MapArt. Austria Road Map. n.p.: MapArt, 1990.	M	9005567
	Barth, Els$04assichen Kirchen (1980)	Barth, M$00edard. Handbuch der els$04assischen Kirchen im Mittelalter. Bruxelles: $00Editions culture et civilisation, 1980.	M	9005569
	Berg, Noordelijk Oostergo (1981-1989)	Berg, Herma M. van den. Noordelijk Oostergo. 's-Gravenhage: Staatsuitgerverij; Zeist: Rijkdienst voor de Monumentenzorg, 1981-1989.	M	9005574
	Stylianou, Churches of Cyprus (1964)	Stylianou, Andreas and Judith A. Stylianou. The Painted Churches of Cyprus: Treasures of Byzantine Art. London: Trigraph, 1964.	M	9005576
	Bell, Photographic Archive (1976)	Bell, Gertrude. Gertrude Bell: A Selection from the Photographic Archive on an Archaeologist and Traveller. Compiled by Stephen Hill. Newcastle upon Tyne: Department of Archaeology, the University of Newcastle upon Tyne, 1976.	M	9005577
	MoMA, Buildings for Best Products (1979)	Museum of Modern Art, New York. Buildings for Best Products. New York: The Museum of Modern Art, 1979.	N	9002803
	Archaeological Journal	The Archaeological Journal. London: Longman, Brown, Green & Longman, 1845-.	N	9002810
	Atlas of the Roman World (1983)	Cornell, Tim. Atlas of the Roman World. New York: Facts on File Publications, 1983.	N	9002819
	World Almanac (1988)	The World Almanac and Book of Facts. New York: The New York World-Telegram, 1868-.	N	9002824
	AAA: Road Atlas (1989)	American Automobile Association. Road Atlas. Washington: A.A.A., 1989.	N	9002825
	Fischer, Sp$04atgotische Kirchen (1962)	Fischer, Friedhelm Wilhelm. Die Sp$04atgotische Kirchenbaukunst am Mittelrhein, 1410-1520. Heidelberg: Winter, 1962.	N	9002828
	Polish Art Studies	Polish Art Studies. Polska Akademia Nauk., Instytut Sztuki. Wroc$13law: Zak$13lad Narodowy im. Ossoli$00nskich, 1979-.	N	9002835
	Michelin: England, West Country (1989)	England, the West Country: Tourist Guide. Michelin Green Guides. London: Michelin Tyre Public Limited Company, 1989.	N	9002860
	Bildhandbuch: Schweiz (1969)	Hootz, Reinhardt. Kunstdenkm$04aler in der Schweiz: Ein Bildhandbuch. Bildhandbuch der Kunstdenkm$04aler. M$04unchen: Deutscher Kunstverlag, 1969-1970.	N	9002878
	Prospettiva	Prospettiva. Firenze: Centro Di, 1975-.	N	9002889
	Buildings: Worcestershire (1968)	Pevsner, Nikolaus. Worcestershire. Buildings of England. Harmondsworth, London: Penguin Books, 1968.	N	9002893
	Weston, Daybooks (1961-1966)	Weston, Edward. Daybooks: I Mexico, II California. Edited by Nancy Newhall. Rochester, NY: George Eastman House; New York: Horizon Press, 1961-1966.	N	9002907
	Weston, Flame of Recognition (1971)	Weston, Edward. Edward Weston: The Flame of Recognition, His Photographs Accompanied by Excerpts from the Daybooks and Letters. Edited by Nancy Newhall. New York: Aperture, 1975.	N	9002908
	Musei Ferraresi	Musei ferraresi: Bollettino annuale. Firenze: Centro Di, 1971-.	N	9002912
	Congresso dell'Architettura (1986)	Atti del XXII congresso di storia dell'architettura, Roma, 19-21 febbraio 1986. Antonio da Sangallo, il giovane: La vita e le opere. Edited by Gianfranco Spanesi. Roma: Centro di studi per la storia dell'architettura, 1986.	N	9002947
	Vangard	Vangard. Cincinnati, OH: Vangard, 1965-.	N	9002951
	Godi$07snjak Grada Beograda	Godi$07snjak grada Beograda. Beograd: Izdanje novinske ustanove Beogradske novine, 1954-.	N	9002958
	TCI: Lazio (1964)	Lazio. 3rd ed. Guida d'Italia del Touring Club Italiano. Milano: Touring Club Italiano, 1964.	N	9002567
	Blue Guide: Belgium & Luxembourg (1977)	Belgium and Luxembourg. Edited by John Tomes. 5th ed. The Blue Guides. London: E. Benn; Chicago: Rand McNally, 1977.	N	9002202
	M$00elanges $02a Dimier (1982-1987)	M$00elanges $02a la m$00emoire du P$02ere Anselme Dimier. Edited by Beno$03it Chauvin. Arbois, Jura: Beno$03it Chauvin, 1982-1987.	N	9002219
	Michelin: Berry, Limousin (1987)	Berry, Limousin: Guide de tourisme. Les Guides Verts Michelin. Paris: Pneu Michelin, 1987.	N	9002240
	History of Photography	History of Photography. London: Taylor and Francis Ltd., 1977-.	N	9002250
	Oriens Christianus	Oriens Christianus. Wiesbaden: O. Harrassowitz, 1901-.	N	9002257
	Gu$00ias Art$00isticas: Huesca (1957)	Dur$00an Gudiol, Antonio. Huesca y su provincia. Gu$00ias art$00isticas de Espa$09na. Barcelona: Editorial Aries, 1957.	N	9002273
	TCI: Lombardia (1954)	Lombardia, eccetto Milano e Laghi. 7th ed. Guida d'Italia del Touring Club Italiano. Milano: Touring Club Italiano, 1954.	N	9002278
	Michelin: Ch$03ateaux de la Loire (1987)	Ch$03ateaux de la Loire: Guide de tourisme. Les Guides Verts Michelin. Paris: Pneu Michelin, 1987.	N	9002289
	Encyclopaedia Britannica (1976)	The New Encyclop$70aedia Britannica. 15th ed. Chicago: Encyclop$70aedia Britannica Inc., 1976.	M	9006314
	Encyclopaedia Britannica (1926)	The Encyclop$70aedia Britannica. 13th ed. Chicago: Encyclop$70aedia Britannica Inc., 1926.	M	9006315
	Fr$04uhmittelalterliche Studien	Fr$04uhmittelalterliche Studien. Berlin; New York: W. de Gruyter, 1967-.	M	9006318
	Schoen, Kappadokien (1989)	Schoen, Michael and Herbert Kral. Kappadokien. Graz, $04Osterreich: Akademische Druk, 1989.	M	9006319
	Dumbarton Oaks Papers	Dumbarton Oaks Papers. Dumbarton Oaks Studies. Washington: Dumbarton Oaks Research Library and Collection, 1941-.	M	9006321
	Skrbek, Dopravn$00a Geografia (1984)	Skrbek, Kamil. Dopravn$00a geografia $07Ceskoslovenska a svetadielov. Bratislava: Alfa, 1977-1984.	M	9006322
	Enciclopedia Italiana (1949)	Enciclopedia Italiana di scienze, lettere ed arti. Roma: Istituto della Enciclopedia Italiana, 1949-1951.	M	9006324
	Journal of Garden History	Journal of Garden History. London: Taylor and Francis Ltd., 1981-.	M	9006326
	American Art Journal	American Art Journal. New York: Kennedy Galleries/Da Capo Press, 1969-.	M	9006327
	Art Bulletin (1919-)	Art Bulletin. New York: College Art Association of America, 1919-.	M	9006328
	Guide Bleu: Espagne (1967)	Espagne. Edited by Marcel N. Schveitzer. Les Guides Bleus. Paris: Hachette, 1967.	M	9006330
	Dumbarton Oaks Bibliographies (1892-)	Dumbarton Oaks Bibliographies Based on Byzantinische Zeitschrift. New York: Mansell Publishing, 1892-.	M	9006333
	$00Eglises de France (1966-1971)	Dictionnaire des $00eglises de France, Belgique, Luxembourg, Suisse. Preface by Andr$00e Chastel. Paris: R. Laffont, 1966-1971.	M	9006335
	Blue Guide: Austria (1985)	Austria. Edited by Ian Robertson. 1st ed. The Blue Guides. London: A. & C. Black; New York: W.W. Norton, 1985.	M	9006336
	Journal of Architectural Historians	Journal of the Society of Architectural Historians. Philadelphia: Society of Architectural Historians, 1941-.	M	9006337
	Bottin des Communes (1952)	Bottin des communes. Dictionnaire g$00en$00eral des communes, principaux hameaux, $00ecarts et lieux dits. Paris: Annuaire du Commerce Didot-Bottin, 1952.	M	9005359
	Guide Bleu: Yougoslavie (1974)	Yougoslavie. Les Guides Bleus. Paris: Hachette, 1974.	M	9005361
	Times Map of the Balkans (1993)	The Times Map of the Western Balkans. London: Times Books, 1993.	N	9005362
	Autoatlas der DDR (1962)	Autoatlas der Deutschen Demokratischen Republik. Berlin: Landkartenverlag, 1962.	M	9005364
	Knaurs: DDR (1990)	Knaurs Kulturf$04uhrer in Farbe, Deutsche Demokratische Republik. Edited by Marianne Mehling. M$04unchen: Droemer Knaur, 1990.	M	9005366
	Anderes, Svizzera Italiana (1980)	Anderes, Bernhard. Guida d'arte della Svizzera italiana. Porza-Lugano: Edizioni Trelingue; Bern: Societ$02a di storia dell'arte in Svizzera, 1980.	M	9005372
	Guide Bleu: Bourgogne (1978)	Bourgogne. Les Guides Bleus. Paris: Hachette, 1978.	M	9005376
	Michelin: Bourgogne (1988)	Bourgogne, Morvan: Guide de tourisme. Les Guides Verts Michelin. Paris: Pneu Michelin, 1988.	M	9005377
	Blue Guide: Crete (1974)	Crete. Edited by Stuart Rossiter. The Blue Guides. London: E. Benn; Chicago: Rand McNally, 1974.	M	9005382
	Blue Guide: Switzerland (1987)	Switzerland. Edited by Ian Robertson. 4th ed. The Blue Guides. London: A. & C. Black; New York: W.W. Norton, 1987.	M	9005253
	Guide Bleu: Provence (1925)	Provence. Les Guides Bleus. Paris: Hachette, 1925.	M	9005383
	Blue Guide: Istanbul (1983)	Freely, John. Istanbul. The Blue Guides. London: E. Benn; New York: W.W. Norton, 1983.	M	9005384
	Guide Bleu: Savoie (1970)	Savoie. Les Guides Bleus. Paris: Hachette, 1970.	M	9005385
	Hoddinott, Bulgaria in Antiquity (1975)	Hoddinott, Ralph F. Bulgaria in Antiquity: An Archaeological Introduction. London: E. Benn; Toronto: Distributed by General Publishing Company, 1975.	M	9005390
	Michel: Dictionnaire des Communes (1992)	Dictionnaire national des communes de France. Edited by Jean Bourdeaux. Paris: $00Editions Albin Michel, 1992.	M	9005395
	USBGN: Chad (1989)	United States Office of Geography. Foreign Gazetteers of the U.S. Board on Geographic Names: Chad. Washington: The Office of Geography, 1989.	N	9005396
	Names & Flags, Los Angeles Times (1994)	"A Matter of Names and Flags [Macedonia]." Los Angeles Times (May 10, 1994), H3.	N	9005119
	Blue Guide: Ireland (1979)	Ireland. Edited by Ian Robertson. The Blue Guides. London: E. Benn; Chicago: Rand McNally, 1979.	M	9005120
	Blue Guide: Ireland (1949)	Ireland. Edited by L. Russell Muirhead. 2nd ed. The Blue Guides. London: E. Benn, 1949.	M	9005121
	Department of Tourism, Bermuda (1993)	Bermuda Department of Tourism. Bermuda Handy Reference Map. Bermuda: Bermuda Press Ltd., 1993.	N	9005122
	Guide Bleu: France (1983)	France. Les Guides Bleus. Paris: Hachette, 1983.	M	9005134
	Blue Guide: Southern France (1954)	Southern France, with Corsica. Edited by Findlay Muirhead and Marcel Monmarch$00e. 2nd ed. The Blue Guides. London: E. Benn, 1954.	M	9005141
	Baedekers: France (1991)	Baedeker's France. New York: Prentice-Hall, 1991.	M	9005144
	Baedekers: Sud-Est de la France (1906)	Le Sud-est de la France du Jura $02a la M$00editerran$00ee y compris la Corse: Manuel du voyageur. Leipzig: K. Baedeker, 1906.	M	9005145
	Baedekers: Northern France (1909)	Northern France from Belgium and the English Channel to the Loire, excluding Paris and its Environs: Handbook for Travellers. Leipzig: K. Baedeker; New York: C. Scribner's Sons, 1909.	M	9005146
	Michelin: France (1991)	France: Tourist Guide. 1st ed. Michelin Green Guides. Harrow, Middlesex: Michelin Tyre Public Limited Company, 1991.	M	9005147
	Hachette: Spain (1961)	Spain. Prepared by Marcel N. Schveitzer. Hachette World Guides. Paris: Hachette, 1961.	M	9005158
	Blue Guide: Spain (1980)	Robertson, Ian. Spain: The Mainland. 4th ed. The Blue Guides. London: Benn, 1980.	M	9005163
	Michelin: Italy (1988)	Italy: Tourist Guide. Michelin Green Guides. Harrow, Middlesex: Michelin Tyre Public Limited Company, 1988.	M	9005171
	Whitehouse, Ice Age Faces, BBC (2002)	Whitehouse, David. "Faces from the Ice Age." [online] London: British Broadcasting Company (BBC), 28 May 2002.  http://news.bbc.co.uk/ (28 May 2002)	N	2009007075
	Blombos Cave Project, Stony Brook (2002)	The Blombos Cave Project: Origins of Modern Human Behaviour. [online] Stony Brook State University of New York. http://naples.cc.sunysb.edu/CAS/cape.nsf/pages/blombos (28 May 2002)	N	2009007076
	Henshilwood, Blombos Cave, South African Museum (2002)	Henshilwood, Christopher. Blombos Cave: early evidence for modern human behaviour.  [online] South African Museum. http://www.museums.org.za/sam/muse/9904.htm  (28 May 2002) 	N	2009007077
	American Journal of Archaeology (1897-)	American Journal of Archaeology and of the History of the Fine Arts. New York: Archaeological Institute of America, 1897-.	M	2009007078
	Thieme-Becker, Allgemeines Lexikon der Kunstler (1980-1986)	Thieme, Ulrich and Felix Becker, editors.  Allgemeines Lexikon der bildenden K$04unstler von der Antike bis zur Gegenwart. Reprint of 1907 edition. 37 vols. Leipzig: Veb E.A. Seemann Verlag, 1980-1986.	M	2009007079
	Hildebrand, Chicxulub Crater, Meteorite and Impacts Advisory Committee [online] (2002)	Hildebrand, Alan. Geological Survey of Canada. "Chicxulub Crater, Mexico, and the Cretaceous - Tertiary boundary." Ottawa: Meteorite and Impacts Advisory Committee to the Canadian Space Agency [online]. http://miac.uqac.ca/MIAC/chicxulub.htm (11 June 2002).	N	2009007081
	Dino heatwave, BBC (2002)	"Dino heatwave recorded in leaves." London: British Broadcasting Company (BBC), 11 June 2002 [online].  http://news.bbc.co.uk/hi/english/sci/tech/newsid_2038000/2038599.stm (11 June 2002)	N	2009007082
	Silk Road Equal, Associated Press, CNN (2002)	Associated Press. "Archaeologists find Silk Road equal: Dig shows extensive Roman sea trade with India." CNN, 12 June 2002. [online] http://www.cnn.com/2002/TECH/science/06/12/ancient.trade.ap/index.html (12 June 2002)	N	2009007083
	Baldridge, Berenike, University of Pennsylvania [online] (2002)	Baldridge, Jason. "Berenike: Roman Trade on the Red Sea Coast of Egypt." University of Pennsylvania, 1995 [online]. http://www.ling.upenn.edu/~jason2/papers/bnikeppr.htm (12 June 2002).	N	2009007084
	Spain, Provincias (2000)	"Registro de Entidades Locales: Provincias." [online]. Madrid: Ministro de Administraciones P$00ublicas, 2000. <http://www.map.es>.	N	9006881
	City Swallowed, New York Times (2000)	Wilford, John Noble. "Ruins may be ancient city swallowed by the sea." New York Times (October 17,2000), D3.	N	9006882
	Ethnologue Language Index (1996)	Grimes, Joseph E. and Barbara F. Grimes. "Ethnologue Language Family Index." [online]. Summer Institute of Linguistics, Inc., 1996. <http:/www.sil.org/ethnologue/families/>.	M	9006885
	Perseus Digital Library (2000-)	Perseus Digital Library. Boston: Tufts University, 2000-. <http://www.perseus.tufts.edu>.	M	9006886
	Megalithic Mysteries website	Megalithic Mysteries: a photographic guide. www.megalithic.co.uk	N	9006887
	Ethnologue (2000)	Ethnologue: Languages of the World. [CD]. 14th edition. Edited by Barbara Grimes. Dallas, Texas: International Academic Bookstore, 2000.	M	9006888
	Columbia Encyclopedia, 6th ed. (2000)	Columbia Encyclopedia. 6th edition. New York: Columbia University Press, 2000.	M	9006889
	Ashkelon, National Geographic (2001)	"Ashkelon: Ancient City of the Sea." edited by Rick Gore. National Geographic Magazine CXCI/1 (2001).	N	9006890
	Bewcastle (1996)	"Bewcastle Heritage Society." [online]. Bewcastle: Bewcastle Heritage Society, 1996. <http://www.ourworld.compuserve.com/homepages/noble/bewsoc.htm>.	M	9006891
	Athena, Romano-British Sites [online] (2000)	"Romano-British Sites and Museums," Athena Review: Journal of Archaeology, History, and Exploration, I/1, 2000 [online]. http://www.athenapub.com/rombridx.htm. 	N	9006892
	Yugoslavia, Express India (1999)	"Samata Party to launch stir against NATO raids on Yugoslavia."  Express India News [online edition] (May 23, 1999) <http://expressindia.com/news/>.	N	9006853
	Getty Conservation Institute (GCI) Authority Files (2001-)	Getty Conservation Institute (GCI). Authority files and various databases in the GCI. 2001-	N	9006893
	Amorgos (1997)	"About Amorgos Island." [online]. Athens, Greece: Tourist Guide of Greece, 1997. <http://odysseas.com/amorgos.html>.	M	9006813
	Oxford: Classical Civilization (1998)	Oxford Companion to Classical Civilization. Edited by Simon Hornblower and Antony Spawforth. New York: Oxford University Press, 1998.	N	9006814
	Dictionary of British Place Names (1994)	Currie, Andrew M. Dictionary of British Place Names. London: Tiger Books International, 1994.	M	9006817
	Tibet, New York Times (1998)	"Tibet at a Glance." New York Times, (November 9, 1998), A10.	N	9006818
	Longmen (1999)	College of the Arts, Ohio State University. "Longmen cave temples." Columbus, Ohio: Ohio State University, 1999. [online] <http://128.146.41.30>.	M	9006819
	Karadut Journal, New York Times (1999)	"Karadut Journal: On a Peak in Turkey, Closing In on a Fabled Tomb." New York Times (July 8, 1999), A-4.	N	9006820
	Minoan Tombs [online] (1999)	Indiana University. "Prehistoric Greek Archaeology: Early Minoan Crete: The Tombs." Bloomington, IN: Indiana University, 1999 [online]. http://www.indiana.edu/~classics/aegean/R06.html.	M	9006821
	Oxford Companion to Art (1987)	Oxford Companion to Art. Edited by Harold Osborne. Melbourne; Oxford: Clarendon Press, 1987.	N	9006822
	Valley of Mummies, New York Times (1999)	"In the 'Valley of the Mummies,' Revelations of a Golden Past." New York Times (August 24, 1999), D-1.	N	9006823
	Eastern Mediterranean,Archaeology (1994)	"Archaeology Travel Guide: Site Seeing in the Eastern Mediterranean 1994."  Archaeology Magazine, XLVII/2 (1994), A-P.	M	9006824
	Oasis of the Dead, Archaeology (1999)	Hawas, Zahi. "Oasis of the Dead." Archaeology Magazine. Archaeological Institute of America, LII/5 (1999).	M	9006825
	Handbook of Texas (1999)	Handbook of Texas Online. Austin, Texas: University of Texas at Austin, 1999. <http://www.tsha.utexas.edu/handbook/online/search.html> (1 July 2001)	M	9006826
	Bottega dei Coda e Valdragone (1988)	La Bottega dei Coda e il polittico di Valdragone: Valdragone, Convento di Santa Maria dei Servi. Mostre del Museo di Stato. San Marino: Museo di Stato, 1988.	N	9003730
	Murray Handbook: North Wales (1855)	A Handbook for North Wales. Murray's English Handbooks. London: J. Murray, 1855.	N	9003733
	Clarion	Clarion. Sacramento: California Library Association, 1979-.	N	9003758
	Buxton, Russian Architecture (1934)	Buxton, David Roden. Russian Mediaeval Architecture, with an Account of the Transcaucasian Styles and Their Influence in the West. Cambridge, England: Cambridge University Press, 1934.	N	9003769
	Bollettino del Centro Andrea Palladio	Centro internazionale di studi di architettura "Andrea Palladio" di Vicenza. Bollettino del Centro internazionale di studi di architettura Andrea Palladio. Vicenza: Centro internazionale Palladio, 1959-.	N	9003772
	Polyglott-Reisef$04uhrer: Paris (1978)	Polyglott-Reisef$04uhrer. Paris. M$04unchen: Polyglott-Verlag, 1978.	N	9003792
	Petteys, Women Artists (1985)	Petteys, Chris. Dictionary of Women Artists: An International Dictionary of Women Artists Born Before 1900. Boston: G.K. Hall, 1985.	N	9003796
	Gu$00ia Parochial Lisboa (1880)	Silva Pereira, Augusto Xavier da. Gu$00ia parochial da cidade de Lisboa: Para o ano civil de 1880. Lisboa: Imprensa Democr$00atica, 1880.	N	9003810
	II Congreso de Castilla-La Mancha (1988)	II Congreso Joven de Historia de Castilla-La Mancha. Castilla-La Mancha: Auryn, 1988.	N	9003818
	Vlastivedny Vestnik Moravsky	Vlastivedny vestnik moravsky. Musejni spolek v Brne. Brno: Musejni spolek s dotaci Jm KNV v Brne, 1946-.	N	9003860
	Finlay, Jordan & Syria (1987)	Finlay, Hugh. Jordan and Syria: A Travel Survival Kit. 1st ed. South Yarra, Victoria, Australia; Berkeley, CA: Lonely Planet Publications, 1987.	N	9003869
	Avery Index, 5th Supplement (1984-1985)	Avery Index to Architectural Periodicals. Fifth Supplement. Boston: G.K. Hall, 1984-1985.	N	9003887
	National Register (1992)	National Register of Historic Places (computer file): U.S. Places of Historical Importance. Mineral, VA: Buckmaster Publishing, 1992.	N	9003892
	Diksmuide Belgium, Online Highways (1995-2000)	"Diksmuide Belgium." Online Highways. 1995-2000.  http://www.2hwy.com/be/d/diksmuid.htm (6 Auguest 2003)	N	2009007182
	Female Suicide Bombers. New York Times (2003)	Meyers, Steven Lee. "Female Suicide Bombers Unerve Russians." New York Times, August 7, 2003. A1.	N	2009007183
	Mandelieu-la Napoule online (2000)	Mandelieu-la Napoule. [online] 2000. fr/http://www.mandelieulanapoule.fr/ (7 August 2003)	N	2009007184
	LC Name Authority Headings. [online] (2002-)	"Name Authority Headings." Library of Congrress Authorities. [online]. 2002-. http://authorities.loc.gov/. (12 August 2003)	N	2009007185
	World Gazetteer [online] (1990-)	The World Gazetteer. [online] 1990-. http://www.world-gazetteer.com/fr/home.html (13 August 2003)	N	2009007186
	Runyan, Shared Perspectives, Monitor on Psychology [online] (Sept. 2000)	Runyan, William McKinley. Shared Perspectives: Preserving William James's Legacy." Monitor on Psychology 31/8 [online], September 2000. http://www.apa.org/monitor/sep00/sp.html (21 Aug 2003).	N	2009007187
	Blue Guide: London (1998)	French, Ylva, ed. London, Blue Guide, 16th ed. London: A & C Black Publishers, 1998.	M	2009007188
	Village of Giverny [online] (2003)	Village of Giverny [online]. http://giverny.org/giverny/index.htm (26 August 2003)	N	2009007189
	Nydam Mose archeological site [online]	Nydam Mose archeological site [online]. http://www.nydam.nu (28 Aug 2003).	N	2009007190
	Rieck, Nydam Mose (1994)	Rieck, Flemming. Jernalderkrigernes skibe: nye og gamle udgravninger i Nydam Mose. Vikingeskibshallen i Roskilde, 1994.	N	2009007191
	Malkata Expeditions, University of Pennsylvania [online] 	Malkata Expeditions Past and Present, A New Look at an Ancient Culture: Egypt. University of Pennsylvania Museum of Archaeology and Anthropology. http://www.museum.upenn.edu/new/exhibits/online_exhibits/egypt/malkata.shtml (28 August 2003).	N	2009007192
	Fletcher, Malkata: Palace of the Sun King [online]	Fletcher, Joann. Malkata: Palace of the Sun King [online]. Horus Egyptology Society, 2001. http://www.horusegyptology.com/chronicles/malkata/malkata.html (28 August 2003).	N	2009007193
	Cissbury Ring, Sussex Archaeology and Folklore [online]	Cissbury Ring, Sussex Archaeology and Folklore [online]. http://www2.prestel.co.uk/aspen/sussex/cissbury.html (28 August 2003).	N	2009007194
	Bodkin, Report on the Arts in Ireland (1949)	Bodkin, Thomas. Tuarasc$00ail ar na heala$00iona in $00Eirinn. Report on the arts in Ireland. Dublin, Stationery Office, 1949.	N	2009007195
	Lobley, Mount Vesuvius (1889)	Lobley, J. Logan. Mount Vesuvius: a descriptive, historical, and geological account of the volcano and its surroundings. London: Roper and Drowley, 1889.	N	2009007196
	Bastogne Belgium, Online Highways.(1995-2000)	"Bastogne Belgium." Online Highways. 1995-2000.  http://www.2hwy.com/be/b/bastogne.htm (15 September 2003)	N	2009007197
	Canoe Club Gyoma (Hungary). [online] (2003)	Canoe Club Gyoma (Hungary). [online] 2003. http://www.kanu.hu/index.htm (16 Sept. 2003)	N	2009007198
	Marsman-Slot, Mapping the Berkel River, History of Cartography in the Netherlands [online] (1989)	Marsman-Slot, Henriette. "Mapping the Berkel River: The maps of Gerrit Ravenschot a.o. (1763), the foundation of the second Cornpany of the Berkel." Journal for the History of Cartography in the Netherlands [online] 8/1:8-11 (1989). http://www.maphist.nl/ct/ct_08.html  (16 Sept. 2003).	N	2009007199
	CIA, World Fact Book (2003-)	US Central Intelligence Agency. 2003 World Fact Book [online]. Washington: Central Intelligence Agency, 2003. <http://www.cia.gov/cia/publications/factbook>.	M	2009007200
	LC Subject Authority Headings. [online] (2002-)	"Subject Authority Headings." Library of Congrress Authorities. [online]. 2002-. http://authorities.loc.gov/. (8 October 2003)	N	2009007201
	Geodaetisk Institut, Danmark (1987)	Geodaetisk institut. Danmark, 1:100,000 [map]. K$14obenhavn: Geodaetisk Institut, 1987.	N	9002321
	Danmarks Kirker: Ribe Amt (1987)	Nyborg, E. Danmarks Kirker XX: Ribe Amt. K$14obenhavn: G.E.C. Gad, 1987.	N	9002322
	Revue Belge de Numismatique	Revue belge de numismatique et de sigillographie. Revue de la numismatique belge. Bruxelles: Soci$00et$00e Royale de Numismatique, 1842-.	N	9002330
	Young, Quatre Cimeti$02eres (1984)	Young, Bailey K. Quatre cimeti$02eres m$00erovingiens de l'Est de la France: Lavoye, Dieue-sur-Meuse, Mezieres-Manchester et Mazerny: $00Etude quantitative et qualitative des pratiques fun$00eraires. Oxford: B.A.R., 1984.	N	9002332
	Baedekers: M$04unchen (1955)	M$04unchen und Umgebung, Schliersee, Oberammergau, Garmisch-Partenkirchen: Reisehandbuch. Hamburg: K. Baedeker, 1955.	N	9002335
	Nagel's: Switzerland (1968)	Switzerland. English version by G. Stokes. 3rd ed. Nagel's Encyclopedia-Guides. Gen$02eve: Nagel Publishers, 1968.	N	9002336
	Biographisch Woordenboek (1969)	Aa, Abraham Jacob van der. Biographisch woordenboek der Nederlanden. Amsterdam: B.M. Israel, 1969.	N	9002346
	National Union Catalog, Pre-1956 (1980)	The National Union Catalog: Pre-1956 Imprints. Edited by the Library of Congress and the National Union Catalog subcommittee of the American Library Association. London: Mansell, 1980-.	N	9002347
	Swank, Pennsylvania Germans (1983)	Swank, Scott T. Arts of the Pennsylvania Germans. 1st ed. New York, NY: Published for the Henry Francis du Pont Winterthur Museum by W. W. Norton and Company, 1983.	N	9002367
	Reed, Decorated Furniture (1987)	Reed, Henry M. Decorated Furniture of the Mahantongo Valley. Lewisburg, PA: Center Gallery, Bucknell University; distributed by the University of Pennsylvania Press, 1987.	N	9002368
	Buildings: Cornwall (1970)	Pevsner, Nikolaus. Cornwall. 2nd ed. Revised by Enid Radcliffe. Buildings of England. Harmondsworth, London: Penguin Books, 1970.	N	9002371
	Oxford: Economic Atlas of Africa (1965)	Ady, Peter H. Africa. Oxford Regional Economic Atlas. Oxford: Clarendon Press, 1965.	N	9002385
	Compostellanum	Compostellanum: Revista Trimestral de la Archidi$00ocesis de Santiago de Compostela. Santiago de Compostela: Consejo Superior de Investigaciones Cient$00ificas, Centro de Estudios Jacobeos, 1956-.	N	9002391
	EPA Queensland [online] (2004) 	Environmental Protection Agency/Queensland Parks and Wildlife Service [online], 2004. http://www.epa.qld.gov.au (28 September 2004).	N	2009007313
	ChinaCulture.org [online] (2003)	ChinaCulture.org [online], 2003. http://www.chinaculture.org/gb/en/node_2.htm (28 September 2004)	N	2009007314
	UNESCO World Heritage Centre [online] (2004)	UNESCO World Heritage Centre [online], 2004. http://whc.unesco.org (28 September 2004)	N	2009007315
	RLG Union Catalog [online] (1993-2004)	RLG Union Catalog (Rlin) [online], 1993-2004. http://eureka.rlg.org/Eureka/zgate2.prod (29 September 2004)	N	2009007316
	Egypt Sites [online] (2004)	Egypt Sites [online], 2004. http://www. egyptsites.co.uk (29 September 2004)	N	2009007317
	Monash University [online] (2003)	Monash University [online], 2003. http://www.monash.edu.au (29 September 2004)	N	2009007318
	China.org [online] (2004)	China.org [online], 2004. http://www.china.org.cn (29 September 2004)	N	2009007319
	Archaeological Museum of KSU [online] (1995-2004)	Archaeological Museum of Kazan State University [online], 1995-2004. http://www.kcn.ru/tat_en/university/archeol/index.htm (29 September 2004)	N	2009007320
	Volpe, San Giusto (1998)	Volpe, Giuliano and Annalisa Biffino. San Giusto, la villa, le ecclesiae: primi risultati dagli scavi nel sitio rurale di San Giusto (Lucerna): 1995-1997. Bari: Edipuglia, 1998.	N	2009007321
	Universit$00a degli Studi di Bologna [online] (2001)	Universit$00a degli Studi di Bologna [online], 2001. http://www2.unibo.it (13 September 2004)	N	2009007322
	Donnen and Cock, Pacatnamu Papers (1986)	Donnen, Christopher B. and Guillermo A. Cock. The Pacatnamu Papers. Los Angeles: Museum of Cultural History, University of California, 1986.	N	2009007323
	Ancient Cyprus Web Project [online] (2004)	Ancient Cyprus Web Project [online], 2004. http://www.ancientcyprus.ac.uk (30 September 2004)	N	2009007324
	Hellenic Society of Archaeometry [online] (2004)	HSA: Hellenic Society of Archaeometry [online], 2004. http://www.archaeometry.gr/eae/HSA.htm (30 September 2004)	N	2009007325
	Markt Neubeuern [online] (1998-2004)	Markt Neubeuern am Inn [online]. Verkehrsverein Neubeuern, 1998-2004. http://www.neubeuern.org/ (12 October 2004).	N	2009007327
	Movius and Judson, Rock-Shelter of La Colombi$02ere (1956)	Movius, Hallam L. and Sheldon Judson. The Rock-Shelter of La Colombi$02ere. Cambridge, Massachusetts: Peabody Museum, 1956.	N	2009007328
	BBC [online] (2002-2004)	BBC [online]. London, England: British Broadcasting Corporation, 2002-2004. <http://www.bbc.co.uk/>.	N	2009007329
	ArchaeoSpain [online] 	ArchaeoSpain [online], International Archaeology Programs.  http://www.archaeospain.com/index.htm (13 October 2004).	N	2009007330
	Archaeological Institute of America [online] (2004)	Archaeological Institute of America, AIA [online], 2004. http://www.archaeological.org/ (13 October 2004).	N	2009007331
	Keys to the Past [online] (2004)	Keys to the Past [online]. Durham County Council and Northumberland County Council, 2004. http://www.keystothepast.info/k2p/usp.nsf/pws/keys+to+the+Past+-+home+page (13 October 2004).	N	2009007332
	MacKendrick, Roman France (1971)	MacKendrick, Paul. Roman France. London: Bell & Sons Ltd., 1971.	N	2009007333
	NASA Ames Research Center [online] (2004)	NASA Ames Research Center [online], 2004. http://www.arc.nasa.gov (3 November 2004)	N	2009007334
	Herefordshire Council web site	Herefordshire Council web site, Herefordshire Council, 1999. <http://www.herefordshire.gov.uk/>.	N	9006984
	UK National Statistics web site	National Statistics: the official UK statistics site. http://www.statistics.gov.uk (1 May 2001)	N	9006985
	Worcestershire County online	Worcestershire County Council website, Worcestershire County Council, 2000. <http://www.worcestershire.gov.uk/>.	N	9006986
	Bournemouth website	Bournemouth website, Bournemouth Borough Council. <http://www.bournemouth.gov.uk/>.	N	9006987
	Blackpool Borough Council web site	Blackpool Borough Council. <http://www.blackpool.gov.uk/>.	N	9006988
	Brighton & Hove web site (2001)	This is Brighton & Hove. Newsquest Media Group - A Gannett Company, 2001. <http://www.thisisbrighton.co.uk/>.	N	9006989
	Halton Borough Council web site (2001)	Halton Borough Council web site. Halton Borough Council, 2001. <http://www.halton.gov.uk>.	N	9006990
	Olham, England web site	Oldham Metropolitan Borough web site. Oldham MBC. <http://www.oldham.gov.uk>.	N	9006991
	Trafford, UK web site	Trafford Metropolitan Borough web site. <http://www.trafford.gov.uk>.	N	9006992
	Wigan, UK web site	Wigan Metropolitan Borough Council web site. <http://www.wiganmbc.gov.uk>.	N	9006993
	Rochdale, UK web site	Metropolitan Borough Council of Rochdale web site. Rochdale Metropolitan Borough Council, 1997-present. <http://www.rochdale.gov.uk>.	N	9006994
	Sandwell, West Midlands UK web site	Sandwell Metropolitan Borough Council web site. Sandwell Metropolitan Borough Council, 2001. <http://www.sandwell.gov.uk>.	N	9006995
	Solihull, UK web site	Solihull Metropolitan Borough Council web site. Solihull Metropolitan Borough Council, 2000. <http://www.solihull.gov.uk>.	N	9006996
	Dudley, UK web site	Dudley Metropolitan Borough Council web site. <http://www.dudley.gov.uk>.	N	9006997
	$13Loz$00inski, Architecture (1967)	$13Loz$00inski, Jerzy Z. and Adam Milobedzki. Guide to Architecture in Poland. Warszawa: Polonia Publishing House, 1967.	M	9006390
	Patrimoine Monumental de la Belgique	Le Patrimoine monumental de la Belgique. Li$02ege: Soledi, 1971-.	M	9006391
	Library of Congress Name Authority File	Library of Congress Name Authority File. Available through the RLIN, the Research Libraries Information Network.	M	9006392
	Revue des $00Etudes Arm$00eniennes	Revue des $00etudes arm$00eniennes. Paris: Imprimerie nationale, 1964-.	M	9006393
	USBGN: Jordan (1971)	United States Office of Geography. Foreign Gazetteers of the U.S. Board on Geographic Names: Jordan. Washington: The Office of Geography, 1971.	M	9006353
	Sveriges Kyrkor: Gaestriklands (1936)	Hellner, Brynolf. Gaestriklands Landskyrkor: Konsthistoriskt Inventarium. Sveriges Kyrkor. Stockholm: Svenska Bokhandelscentralen, 1936.	M	9006397
	Congr$00es Arch$00eologique de France	Congr$00es Arch$00eologique de France. S$00eances g$00en$00erales. Paris: Soci$00et$00e Fran$05caise d'Arch$00eologie, 1834-.	M	9006398
	Genava (1953-)	Genava: Bulletin du Mus$00ee d'Art et d'Histoire de Gen$02eve. Gen$02eve: Mus$00ee d'Art et d'Histoire, 1953-.	M	9006399
	Espasa: Enciclopedia universal (1907)	Enciclopedia universal ilustrada europeo-americana. Madrid: Espasa-Calpe, 1907-1930.	M	9006402
	Fort	Fort. Liverpool: Fortress Study Group, 1977-.	M	9006403
	Shepherd's Historical Atlas (1967)	Shepherd, William R. Historical Atlas. 9th ed. New York: Barnes and Noble, 1967.	M	9006405
	S$13lownik Geograficzny (1880-1904)	S$13lownik geograficzny Kr$00olestwa Polskiego i innych kraj$00ow s$13lowianskich. Warszawa: Sulimierski, 1880-1904.	M	9006407
	Atlante Stradale d'Italia (1984)	Atlante stradale d'Italia. Novara: Istituto geografico De Agostini, 1984.	M	9006408
	Rand McNally Road Atlas, USA (1993)	Rand McNally Road Atlas: United States, Canada, Mexico. 69th ed. Chicago: Rand McNally & Company, 1993.	M	9006293
	Rand McNally Road Atlas, USA (1986)	Rand McNally Road Atlas: United States, Canada, Mexico. Chicago: Rand McNally & Company, 1986.	M	9006294
	Cambridge World Gazetteer (1988)	Cambridge World Gazetteer: A Geographical Dictionary. Edited by David Munro. Cambridge, England; New York: Cambridge University Press, 1988.	M	9006295
	Rayonnement Grec (1982)	Rayonnement grec: Hommages $02a Charles Delvoye. Edited by Lydie Hadermann-Misguich and Georges Raepsaet. Bruxelles: $00Editions de l'Universit$00e de Bruxelles, 1982.	M	9006297
	Congresso Internazionale dell'Arte(1981)	Atti del XXIV Congresso internazionale di storia dell'arte, Bologna, 1979. Comit$00e international d'histoire de l'art. Bologna: CLUEB, 1981-1984.	M	9006298
	Carnoy, Dictionnaire Etymologique (1959)	Carnoy, Albert Joseph. Dictionnaire $00etymologique des noms grecs de plantes. Leuven, Belgi$04e: Publications universitaires, 1959.	M	9006299
	Cumberland & Westmorland Antiquarian	Transactions of the Cumberland and Westmorland Antiquarian and Archaeological Society. Cumbria, England: Cumberland and Westmorland Antiquarian and Archaeological Society, 1866-.	M	9006301
	Society of Antiquaries of Scotland	Proceedings of the Society of Antiquaries of Scotland. Edinburgh: Neill, 1855-.	M	9006302
	Columbia Lippincott Gazetteer (1961)	Columbia Lippincott Gazetteer of the World. Edited by Leon E. Seltzer. Morningside Heights, NY: Columbia University Press, 1961.	M	9006303
	Col$00oquio Artes	Col$00oquio Artes. Lisboa: Funda$05c$09ao Calouste Gulbenkian, 1971-.	M	9006304
	Collin, $00Eglises de Lorraine (1981)	Collin, Hubert. Les $00eglises romanes de Lorraine. Nancy, France: Soci$00et$00e d'arch$00eologie lorraine, Mus$00ee lorrain, 1981.	M	9006305
	Guide Bleu: $03Ile de France (1976)	$03Ile de France: Aisne, Aube, Essonne, Eure, Eure-et-Loir, Loiret, Marne, Oise, Seine-et-Marne, Val d'Oise, Yonne, Yvelines. Les Guides Bleus. Paris: Hachette, 1976.	M	9006309
	Encyclopaedia Britannica (1911)	The Encyclop$70aedia Britannica. 11th ed. Chicago: Encyclop$70aedia Britannica Inc., 1911.	M	9006313
	Canadian Geographical Names (1999)	Geographical Names of Canada. GEOames Server [online]. Ottawa: Natural Resources Canada and Geomatics Canada, 1999. <http://geonames.nrcan.gc.ca/english/query.html>.	M	9006827
	Egyptian Ministry of Tourism (1999)	Ministry of Tourism of Egypt. Cairo: Ministry of Tourism and Egyptian Tourist Authority, 1999. <http://interoz.com/Egypt/index>.	M	9006828
	Calcutta Journal, New York Times (1999)	Bearak, Barry. "Calcutta Journal: Intellectuals' Pursuit: Putting English in Its Place." New York Times (September 9, 1999), A4.	M	9006829
	India's River, New York Times (1999)	Morris, Bob. "On India's Holiest River." New York Times Magazine (September 26, 1999), 24 ff.	M	9006830
	King, East Timor, Los Angeles Times (1999)	King, Laura. "East Timor to be World's Newest Nation." The Associated Press. Los Angeles Times [online edition] <http://www.latimes.com> (19 October 1999).	N	9006831
	Paradors, Guipuzcoa (1999)	"Paradors: Guipuzcoa." Turvisa Spain, 1999. <http://www.turvisa.com/paradores>.	N	9006832
	Jacobean Basque Country (1999)	"From Hondarribia to Balmaseda: the Jacobean Route in the Basque Country." Turespa$09na, 1999. <http://www.tourspain.es>.	N	9006833
	Thomas Guide (1999)	Thomas Guide. Los Angeles, Thomas Guide, 1999.	M	9006834
	Ancient Skull Challenges Theories, New York Times (1999)	Rohter, Larry. "An Ancient Skull Challenges Long-Held Theories." New York Times (October 26, 1999), D1 & D5.	N	9006835
	Alphabet, New York Times (1999)	Wilford, John Noble. "Finds in Egypt Date Alphabet in Earlier Era." New York Times (November 14, 1999), A1 & A10.	N	9006836
	Compton's Encyclopedia (1999)	Compton's Encyclopedia Online. New York: The Learning Company, Inc., 1999. <http://oplonline.com/comptons/>.	M	9006837
	USBGN Bulletin, no. 21 (1999)	United States Board on Geographic Names. Foreign Names Information Bulletin: XXI.  Washington: National Imagery and Mapping Agency, 1999.	N	9006838
	Panama Canal, New York Times (1999)	Gonzalez, David. "'It's Yours,' Says Carter, Opening Era for Panama." New York Times (December 15, 1999), A1.	M	9006839
	Sotheby's (1999)	"Sotheby's." [online]. London: Sotheby's, 1999. <http://sothebys.amazon.com>.	M	9006840
	Michelin: Portugal (1982)	Portugal, Madeira: Tourist Guide. Michelin Green Guides. London: Michelin Tyre Public Limited Company, 1982.	M	9006156
	Louis, Guide to the Soviet Union (1976)	Louis, Victor E. The Complete Guide to the Soviet Union. New York: St. Martin's Press, 1976.	M	9006157
	Bildhandbuch: Polen (1984)	$13Lozi$00nski, Jerzy Z. Kunstdenkm$04aler in Polen: Ein Bildhandbuch. Bildhandbuch der Kunstsdenkm$04aler. M$04unchen: Deutscher Kunstverlag, 1984.	M	9006158
	American Guides: Connecticut (1973)	Federal Writers' Project. Connecticut: A Guide to Its Roads, Lore, and People. American Guide Series. Compiled by the Writers' Program of the Work Projects for the state of Connecticut. Saint Clair Shores, MI: Somerset Publishers, 1973.	N	9006162
	American Guides: Minnesota (1976)	Federal Writers' Project. Minnesota: State Guide. American Guide Series. Compiled by the Writers' Program of the Work Projects for the state of Minnesota. Saint Clair Shores, MI: Scholarly Press, 1976.	M	9006164
	American Guides: Virginia (1947)	Federal Writers' Project. Virginia: A Guide to the Old Dominion. American Guide Series. Compiled by the Writers' Program of the Work Projects for the state of Virginia. New York: Oxford University Press, 1947.	M	9006167
	American Guides: Wisconsin (1948)	Federal Writers' Project. Wisconsin : Indian Place Names. American Guide Series. Compiled by the Writers' Program of the Work Projects for the state of Wisconsin. Madison: D.M. Brown, 1948.	M	9006169
	American Guides: Florida (1939)	Federal Writers' Project. Florida: A Guide to the Southern-Most State. American Guide Series. Compiled by the Writers' Program of the Work Projects for the state of Florida. New York: Oxford University Press, 1939.	M	9006170
	Jordan, Department of Antiquities	Jordan. Annual of the Department of Antiquities. Amman: Hashemite Kingdom of Jordan, Department of Antiquities, 1960-.	M	9006119
	Arch$00eologie M$00edi$00evale	Arch$00eologie M$00edi$00evale. Paris: $00Editions du Centre national de la recherche scientifique, 1971-.	M	9006056
	No$04el Hume, Martin's Hundred (1982)	No$04el Hume, Ivor. Martin's Hundred. New York: Knopf, 1982.	M	9006057
	Royal Society of Antiquaries of Ireland	Journal of the Royal Society of Antiquaries of Ireland. Dublin: Royal Society of Antiquaries of Ireland, 1849-.	M	9006059
	Oxford: Classical Dictionary (1970)	The Oxford Classical Dictionary. Edited by N.G.L. Hammond and H.H. Scullard. Oxford: Clarendon Press, 1970.	M	9006064
	Balkow, Ortslexikon der DDR (1986)	Balkow, Karla. Ortslexikon der Deutschen Demokratischen Republik. Edited by Karla Balkow & Werner Christ. Heidelberg: R. v. Decker, 1986.	M	9006065
	Biuletyn Historii Sztuki	Biuletyn historii sztuki i kultury. Warszawa: Pa$00nstwowy Instytut Sztuki, 1933-.	M	9006066
	Pamiatniki Kultury SSSR (1988)	Drevnie pamiatniki kultury na territorii SSSR: Sbornik nauchnykh trudov. Sankt-Petersburg: Ermitazh, 1986.	M	9006067
	Ovadiah, Byzantine Churches (1970)	Ovadiah, Asher. Corpus of the Byzantine Churches in the Holy Land. Translated from the Hebrew by Rose Kirson. Theophaneia-Beitr$04age zur Religions- und Kirchengeschichte des Altertums. Bonn: P. Hanstein, 1970.	M	9006069
	Projekt Albertslund (1978)	Projekt Albertslund 1977. K$14obenhavn: Kunstakademiets mur- og rumskole, 1978.	M	9006072
	Van Marle, Pittura Italiana (1932)	Marle, Raimond van. Le Scuole della Pittura Italiana. Milano: Treves-Treccani-Tumminelli, 1932.	M	9006073
	Rivista di Archeologia Cristiana	Rivista di archeologia cristiana, della Pontificia comissione di archeologia sacra, Roma. Citt$02a del Vaticano: Pontificio Istituto di Archeologia Cristiana, 1924-.	M	9006074
	Congresso Archeologia Cristiana (1989)	Congresso internazionale di archeologia cristiana. Actes du XIe Congr$02es international d'arch$00eologie chr$00etienne. Citt$02a del Vaticano: Pontificio Istituto di Archeologia Cristiana, 1989.	M	9006077
	Getty Museum, Authority file (2003-)	J. Paul Getty Museum. Authority file. [unpublished database] Los Angeles, CA, 2003-.	N	2009007204
The Bibliography of the History of Art indexes and abstracts articles, art-related books, conference proceedings, dissertations, and art exhibition and dealer's catalogs. This extensive and comprehensive index covers European and American art from late antiquity to the present. The Bibliography of the History of Art includes and extends the coverage of its two predecessor art indexes: RAA (Repertoire d'Art et d'Archeologie) from 1973 to 1989 and RILA (International Repertory of the Literature of Art) from 1975 to 1989. 	BHA, Authority file (1973-)	Bibliography of the History of Art (BHA) [editorial database]. Los Angeles: Getty Research Institute, 1973-.	M	2009007203
	Tory Island/Oilean Toraigh [online] (1997)	County Donegal at the Net: Tory Island/Oilean Toraigh. [online] Fintown, Donegal, 1997. http://www.dun-na-ngall.com/tory.html	N	2009007205
	Baja Land Rush. New York Times (2003)	"Americans Stake Claim in a Baja Land Rush." New York Times, October 26, 2003. A1	N	2009007207
	GCI Newletter, Volume 17, Number 3, Fall 2002	The Getty Conservation Newsletter. Volume 17, Number 3, Fall 2002.	N	2009007208
	G.I.'s Battle Guerrillas. New York Times (2003)	Berenson, Alex and Susan Sachs. "G.I.'s Battle Guerrillas As Protest Turns Violent." New York Times, November 1, 2003, A5	N	2009007210
	Queensland Heritage Trails Network [online] (2003)	Queensland Heritage Trails Network [online], 2003. http://www.heritagetrails.qld.gov.au (6 November 2003)	N	2009007211
	Australian Government Department of Environment and Heritage [online] (2003)	Australian Government Department of Environment and Heritage [online], 2003. http://www.ea.gov.au (6 November 2003)	N	2009007212
	Huge Urns, Los Angeles Times (2003)	Paddock, Richard C. "Huge Urns Hold a Big Mystery." Los Angeles Times (6 November 2003)	N	2009007213
	R$00eunion des mus$00ees nationaux [online] (2003)	R$00eunion des mus$00ees nationaux [online], 2003. http://www.rmn.fr/index-gb.html (11 November 2003)	N	2009007214
	ARLIS/NA: Ancient Site Names (1995)	ARLIS/NA. Concordance of Ancient Site Names. Edited by Eileen Fry and Maryly Snow. Raleigh NC: Art Libraries Society of North America, 1995.	N	9006723
	Dark Ages, Archaeology (1998)	Hodges, Richard. "The Not-So-Dark Ages." Archaeology Magazine. New York: Archaeological Institute of America, LI/5 (1998), 61-65.	N	9006724
	Visit New England: Ferrisburgh (1998)	Vermont: Ferrisburgh. (October 7, 1998) <http://www.visitnewengland.com>	N	9006725
	National Museum of African Art (1998)	National Museum of African Art.  Submission dated 08/09/98.	N	9006726
	Martin, Loango Coast (1998)	Martin, Phyllis. The External Trade of the Loango Coast: 1576-1870. Oxford: Clarendon Press, 1972.	N	9006727
	Hanish Island, New York Times (1997)	"Eritrea and Yemen: Islands' Sovereignty." New York Times (October 14, 1997), A8.	N	9006728
	Hebron, New York Times (1998)	"Divided Land." New York Times (October 15, 1998), A10.	M	9006729
	Lesotho, New York Times (1998)	"Lesotho: Settlement Reached." New York Times (October 15, 1998), A8.	M	9006730
	Navassa, New York Times (1998)	Rohter, Larry. "Whose Rock Is It?" New York Times (October 16, 1998), A4.	M	9006732
	Chechnya, New York Times (1994)	Lyons, Richard. "An Explosive Mix Roils Chechnya." New York Times (December 14, 1994), A10.	M	9006734
	USBGN Bulletin, no. 16 (1998)	United States Board on Geographic Names. Foreign Names Information Bulletin: XVI.  Washington: National Imagery and Mapping Agency, 1998.	N	9006735
	ISO Newsletter (2003)	International Organization for Standardization. ISO 3166-1 Newsletter No. V-8 Date: 2003-07-23 [online]. Berlin: ISO, 2003 http://www.iso.ch/iso/ (30 July 2003).	N	9006694
	Chamber of Commerce, Florida (1997)	Milton City Chamber of Commerce, Milton, Florida. Per telephone conversation with the office of the Milton City Chamber of Commerce on August 26, 1997.	N	9006652
	Allegan County Surveyor, Michigan (1997)	Allegan County Surveyor, Allegan Michigan. Per conversation with the Allegan County Surveyor on August 27, 1997. 	N	9006653
	AAA: Michigan (1993)	American Automobile Association. Michigan [map]. Heathrow, Florida: A.A.A., 1994.	N	9006654
	Gousha: Texas (1995)	H.M. Gousha Company. Texas: Roadmap [map]. Comfort, TX: Gousha, 1995.	N	9006655
	Rand McNally Road Atlas, USA (1990)	Rand McNally Road Atlas: United States, Canada, Mexico. Chicago: Rand McNally, & Company, 1990.	N	9006657
	Newton Co. Courthouse, Missouri (1997)	Newton County Courthouse, Neosho, Missouri.  Per telephone conversation with the office of the County Clerk on September 9th, 1997.	N	9006658
	Islands, National Geographic (1997)	"Islands at the Edge." National Geographic Magazine CLXXXII/2 (1997).	N	9006659
	River Isle, Boston Globe (1997)	"Babbit Likes Students' Name for Connecticut River Isle." Boston Globe (June 11, 1997).	N	9006660
	US Department of Interior (1997)	United States Department of the Interior. Welcome to the Department of the Interior Homepage [online]. Washington: U.S. Department of the Interior, 1997. <http://www.ios.doi.gov>.	M	9006661
	Wyoming Butte, New York Times (1997)	Brooke, James. "What's in a Name? At Wyoming Butte, a Culture and a History." New York Times (1997).	M	9006662
	Hong Kong, New York Times (1997)	"China Resumes Control of Hong Kong, Ending 156 Years of British Rule." New York Times (July 1, 1997), A1, A6.	N	9006663
	Handover, Los Angeles Times (1997)	"Hong Kong Handover." Los Angeles Times (July 1, 1997), A11.	N	9006664
	Nice-Cimiez, Athena Review [online]	Sites and Museums in Roman Gaul: Nice-Cimiez, Athena Review 1/4 (1996-2001). http://www.athenapub.com/nicecim1.htm (3 November 2004).	N	2009007335
	Republic of Turkey Ministry of Culture (2004)	Republic of Turkey Ministry of Culture and Tourism [online]. Ankara, Turkey: Ministry of Culture, 2004. http://www.kultur.gov.tr/portal/default_en.asp (4 November 2004).	N	2009007337
	Buxted Parish Villages [online] (2002)	Buxted Parish Villages [online]. Buxted Village, 2002. http://www.buxtedvillage.org.uk/ (10 November 2004).	N	2009007339
	Stone and Clowes, Cawthorn Camps, Photogrammetric Record (2004)	Stone, Jane L. and Michael Clowes. Photogrammetric recording of the Roman earthworks "Cawthorn camps," North Yorkshire," The Photogrammetric Record 19/106 (June 2004): 94.	N	2009007340
	Lonely Planet: Iran (1992)	St. Vincent, David. Iran: a travel survival kit. Victoria, Australia: Lonely Planet, 1992	N	2009007341
	Curtis. Nush-i Jan III (1984)	Curtis, John. Nush-i Jan III: the small finds. London: British Institute of Persian Studies, 1984.	N	2009007342
	Lonely Planet: Israel & the Palestine Territories (1999)	Tilbury, Neil. Israel & the Palestine Territories: a travel survival kit. Victoria: Australia: Lonley Planet, 1999. 	N	2009007343
	Lonely Planet: Egypt (1999)	Andrew Humphreys... [et al.]. Egypt. Victoria, Oakland : Lonely Planet, 1999. 	N	2009007344
	Fagnioni, Lucques, Techniques et architecture (1941)	Fagnioni, Raffaello. "Le stade de Lucques." Techniques et architecture Sept.-Oct. 1 (1941): 64	N	2009007345
	History of Herford, Royal Signal Contact Site. [online] (2001)	"A History of Herford as a German Town." Royal Signals Contyact Site. [online[ 2001. http://www.royal-signals.org.uk/herford_01.php (23 Nov. 2004)	N	2009007346
	culture.pl [online] (2004)	culture.pl: Adam Mickiewicz Institut [online], 2004. <http://www.culture.pl/en/culture/>. (23 November 2004)	N	2009007348
	Old Stone Age [online] (2004)	Old Stone Age [online], 2004. http://www.oldstoneage.com (12 August 2004)	N	2009007350
	Encyclopedia of World History (1980)	An Encyclopedia of World History: Ancient, Medieval, and Modern, Chronologically-Arranged. Edited by William L. Langer. 5th ed. Boston: Houghton Mifflin, 1980.	N	9006542
	NYPL Book of Chronologies (1990)	Watterau, Bruce. The New York Public Library Book of Chronologies. New York: Simon and Schuster, Inc., 1990.	N	9006543
	Macmillan Visual Desk Reference (1993)	The Macmillan Visual Desk Reference. Edited by Louise Bostock and Helen Varley. New York: Macmillan Publishing Company, 1993.	N	9006544
	NYPL Desk Reference (1989)	The New York Public Library Desk Reference. New York: Prentice Hall General Reference, 1989.	N	9006545
	Times Concise Atlas of the World (1995)	Times Atlas of the World. Concise Edition. London: Times Books, 1995.	M	9006546
	Times Atlas of World History (1993)	Barraclough, Geoffrey, ed. The Times Atlas of World History, 4th ed. Maplewood, NJ: Hammond Incorporated, 1993.	N	9006548
	Times Atlas of the World (1994)	Times Atlas of the World. 9th comprehensive edition. New York: Times Books, 1994.	M	9006549
	Engels Woordenboek (1987)	Engels Woordenboek. Compiled by J. Gerritsen and N.E. Osselton. Groningen: Wolters-Noordhoff, 1987.	N	9006550
	Cassell's Spanish Dictionary (1978)	Cassell's Spanish Dictionary. Completely revised by Anthony Gooch. New York: Macmillan Publishing Co., 1978.	N	9006551
	Shanks, International Atlas (1991)	Shanks, Thomas G. The International Atlas. Revised 3rd edition. San Diego: ACS Publications, Inc., 1991.	N	9006552
	USGS, GNIS Digital Gazetteer (1994)	United States Department of the Interior and U.S. Geological Survey (USGS). Geographic Names Information System Digital Gazetteer. Reston, Virgina: U.S. Geological Survey, 1994.	N	9006553
	Death Toll, New York Times (1995)	"Death Toll in Japanese Quake Nears 2,000." New York Times (January 18, 1995), A1.	M	9006509
	US Dictionary of Places (1988)	The United States Dictionary of Places. 1st ed. New York: Somerset Publishers, 1988.	M	9006463
	Espasa: Madrid (1979)	Madrid. Madrid: Espasa-Calpe, 1979-1980.	M	9006464
	Guide Bleu: $02A Lyon (1982)	Hennequin, Bernard. $02A Lyon: Lyonnais, Beaujolais, Forez. Les Guides Bleus. Paris: Hachette, 1982.	M	9006466
	GRI Photo Study, Authority File (1989)	Getty Research Institute, Photo Study Collection. Authority Files, 1989.	M	9006467
	Knaurs: Schweiz (1982)	Knaurs Kulturf$04uhrer in Farbe, Schweiz. Guide culturel de la Suisse. Switzerland. Compiled by Niklaus Fl$04ueler. A Phaidon Cultural Guide. Englewood Cliffs, NJ: Prentice-Hall, 1982.	M	9006468
	Grada Spomenika Kulture Vojvodine	Gradja za proucavanje spomenika kulture Vojvodine. Materials for the Study of the Cultural Monuments of Vojvodina. Novi Sad: Zavod za zastitu i naucno proucavanje spomenika kulture Automne Pokrajine Vojvodine, 1957-.	M	9006470
	Immeubles: C$03ote-d'Or	France, Direction de l'architecture. Liste des immeubles prot$00eg$00es au titre de la l$00egislation sur les monuments historiques et sur les sites dans le d$00epartement de la C$03ote-d'Or. Paris: Imprimerie nationale, n.d.	M	9006473
	Immeubles: Oise	France, Direction de l'architecture. Liste des immeubles prot$00eg$00es au titre de la l$00egislation sur les monuments historiques et sur les sites dans le d$00epartement de Oise. Paris: Imprimerie nationale, n.d.	M	9006474
	Ravenstein: Deutschland (1987)	Ravenstein Geografische Verlagsanstalt und Druckerei. Strassen 1987: Der aktuelle Auto-Atlas Deutschland & Europa. Bad Soden, Darmstadt: Ravenstein Verlag, 1987.	M	9006477
	Reisgidsen: Roemenie (1968)	Roemenie. Allert de Lange's reisgidsen. Amsterdam: Allert de Lange, 1968.	M	9006479
	Hallwag: Europa Auto-Atlas (1970-1971)	Europa Auto-Atlas. Bern: Hallwag, 1970-1971.	M	9006481
	Gollwitzer, Post Bultmann Locutum (1965)	Gollwitzer, Helmut. Post Bultmann locutum: eine Diskussion zwischen Helmut Gollwitzer und Herbert Braun am 13, Februar 1964 in der Johannes-Gutenberg-Universit$04at zu Mainz am Rhein. Theologische Forschung. Hamburg: H. Reich, 1965-1966.	N	9006482
	Blue Guide: Southern Italy (1982)	Southern Italy from Rome to Calabria. Edited by Paul Blanchard. 4th ed. The Blue Guides. London: E. Benn; New York: W.W. Norton, 1982.	M	9005173
	Baedekers: Italy (1987)	Baedeker's Italy. English translation by James Hogarth. Englewood Cliffs, NJ: Prentice-Hall, 1987.	M	9005176
	Baedekers: Northern Italy (1930)	Northern Italy, Including Ravenna, Florence, and Pisa: Handbook for Travellers. Leipzig: K. Baedeker; New York: C. Scribner's Sons, 1930.	M	9005177
	Baedekers: Northern Germany (1925)	Northern Germany, Excluding the Rhineland: Handbook for Travellers. Leipzig: K. Baedeker; New York: C. Scribner's Sons, 1925.	M	9005182
	Baedekers: Deutschland (1975)	Deutschland, die Bundesrepublik. Baedekers Autoreisef$04urer. Stuttgart: Baedekers Autof$04uhrer-Verlag, 1975.	M	9005184
	Knaurs: Deutschland (1976)	Knaurs Kulturf$04uhrer in Farbe, Deutschland. M$04unchen; Z$04urich: Droemer Knaur, 1976.	M	9005185
	Baedekers: Southern Germany (1929)	Southern Germany (Baden, Black Forest, Wurtemberg, and Bavaria): Handbook for Travellers. Lepizig: K. Baedeker; New York: C. Scribner's Sons, 1929.	M	9005190
	Kunstreisboek: Zuid-Holland (1985)	Kunstreisboek Zuid-Holland. Kunstreisboek voor Nederland. Weesp, Noord-Holland: Van Kampen & Zoon, 1985.	M	9005193
	Blue Guide: Holland (1961)	Holland. Edited by L. Russell Muirhead. 2nd ed. The Blue Guides. London: E. Benn; Chicago: Rand McNally, 1961.	M	9005195
	Nagel's: Holland (1974)	Holland. 5th ed. Nagel's Encyclopedia-Guides. Gen$02eve: Nagel Publishers, 1974.	M	9005196
	Phaidon Art Guide: Holland (1987)	Holland: A Phaidon Art and Architecture Guide. New York: Prentice-Hall Press, 1987.	M	9005197
	Penguin: Guide to Ancient Egypt (1983)	Murnane, William J. The Penguin Guide to Ancient Egypt. A Penguin Handbook. Harmondsworth, London; New York: Penguin Books, 1983.	M	9005199
	Blue Guide: England (1989)	England. Edited by Ian Ousby. 10th ed. The Blue Guides. London: A. & C. Black; New York: W.W. Norton, 1989.	M	9005212
	Wallraf-Richartz Jahrbuch	Wallraf-Richartz Jahrbuch. Wallraf-Richartz-Gesellschaft in K$04oln. K$04oln: F.J. Marcan; Wienand, 1924-.	N	9000859
	Guide Bleu: France (1923)	France en 4 volumes. Edited by Marcel Monmarch$00e. Les Guides Bleus. Paris: Hachette, 1920-1923.	N	9000864
	Guide Bleu: Dauphin$00e	Dauphin$00e. Les Guides Blues. Paris: Hachette, 1939.	N	9000869
	Avery Index (1965-)	Avery Index to Architectural Periodicals. Supplement. Boston: G.K. Hall, 1965-.	N	9000875
	Murray Handbook: Isle of Wight (1888)	A Handbook for Travellers in Surrey, Hampshire, and the Isle of Wight. Murray's English Handbooks. London: J. Murray, 1888.	N	9000891
	James, Ungava Portraits (1983)	James, William C. A.A. Chesterfield: Ungava Portraits. Gens de l'Ungava, 1902-1904. Kingston, Ontario: Agnes Etherington Art Centre, Queen's University, 1983.	N	9000902
	Peritia	Peritia. Galway: Medieval Academy of Ireland, 1982-.	N	9000926
	Irish Antiquity (1981)	Irish Antiquity: Essays and Studies Presented to Professor M.J. O'Kelly. Edited by Donnchadh O'Corrain. Cork: Tower Books, 1981.	N	9000927
	Oxford Art Journal	Oxford Art Journal. Oxford: Whitney Press, 1978-.	N	9000955
	Inventario Art$00istico: Tarragona(1983)	Lian$09no Mart$00inez, Emma. Inventario art$00istico de Tarragona y su provincia. Madrid: Ministerio de Cultura, Direcci$00on General de Bellas Artes y Archivos, Centro Nacional de Informaci$00on Art$00istica, Arqueol$00ogica y Etnol$00ogica, 1983.	N	9000958
	Hurtaut, Ville de Paris (1973)	Hurtaut, Pierre-Thomas-Nicolas. Dictionnaire historique de la ville de Paris et de ses environs. (Reprint of 1779 edition.) Gen$02eve: Minkoff Reprint, 1973.	N	9000966
	Christianity & the Renaissance (1990)	Christianity and the Renaissance: Image and Religious Imagination in the Quattrocento. Edited by Timothy Verdon and John Henderson. Syracuse, NY: Syracuse University Press, 1990.	N	9000968
	Kunstdenkm$04aler: Schweiz (1927)	Die Kunstdenkm$04aler der Schweiz. Les monuments d'art et d'historie de la Suisse. Basel: Birkh$04auser, 1927-.	N	9000984
	Da Cezanne e Morandi e Oltre (1983)	Fondazione Magnani Rocca, Corte di Mamiano (Parma). Da Cezanne a Morandi e oltre. Firenze: Centro Di, 1983.	N	9000985
	Guide Artistique: Espagne (1968)	Guide artistique de l'Espagne. Edited by Pierre Tisne and Laurent Tisne. Paris: P. Tisne, 1967.	N	9001005
	M$04uller-Wiener, Burgen (1966)	M$04uller-Wiener, Wolfgang. Burgen der Kreuzritter im Heiligen Land, auf Zypern und in der $04Ag$04ais. Edited by E.F. Kersting. M$04unchen; Berlin: Deutscher Kunstverlag, 1966.	N	9001012
	Beridze, Baukunst in Georgien (1980)	Beridze, Vakhtang Vukolovich. Die Baukunst des Mittelalters in Georgien vom 4. bis zum 18. Jahrhundert. Berlin: Union Verlag, 1980.	N	9001024
	Barthou, Toute la France (1917)	Barthou, Louis. Toute la France pour toute la guerre. Paris: Ligue fran$05caise de l'enseignement, 1917.	N	9000640
	Boase, Crusading Kingdom (1967)	Boase, Thomas Sherrer Ross. Castles and Churches of the Crusading Kingdom. London; New York: Oxford University Press, 1967.	N	9000229
	Harvard Armenian Texts: Aghtamar (1965)	Der Nerstssian, Sirarpie. Aghtamar, Church of the Holy Cross. Harvard Armenian Texts and Studies. Cambridge, MA: Harvard University Press, 1965.	N	9000236
	Byzantinoslavica	Byzantinoslavica. Praha: Byzantinoslavica, 1929-.	N	9000238
	Institut de Philologie	Universit$00e libre de Bruxelles. Annuaire de l'Institut de philologie et d'histoire orientales. Bruxelles: l'Institut de philologie, 1936-.	N	9000244
	Blue Guide: Southern Italy (1959)	Southern Italy, with Sicily, and Sardinia. Edited by L. Russell Muirhead. 3rd ed. London: E. Benn, 1959.	N	9000262
	Landscape History	Landscape History. Wakefield, England: Society for Landscape Studies, 1979-.	N	9000270
	Cooper-Hewitt Museum, Lace (1982)	Cooper-Hewitt Museum. Lace: In the Collection of the Cooper-Hewitt Museum, The Smithsonian Institution's National Museum of Design. Washington: Smithsonian Institution, 1982.	N	9000271
	Jackson, Hand-Made Lace (1900)	Jackson, Emily. A History of Hand-Made Lace. London: L.U. Gill, 1900.	N	9000272
	Van Goor's Nederland (1968)	Laan, Kornelis ter. Van Goor's Aardrijkskundig Woordenboek van Nederland. Revised A.G.C. Baert. 's-Gravenhage; Bruxelles: Van Goor, 1968.	M	9006078
	Encyclopedia of World Art (1959-1987)	Encyclopedia of World Art. Edited by David Eggenberger and Susan Carroll. New York: McGraw-Hill, 1959-1987.	M	9006081
	Grande Encyclop$00edie Larousse (1983)	La Grande Encyclop$00edie. Paris: Librairie Larousse, 1983.	M	9006083
	Petit Robert II, Noms (1989)	Le Petit Robert II: Dictionnaire universel des noms propres, alphabetique et analogique. Edited by Paul Robert. Revised edition by Alain Rey. Paris: Le Robert, 1989.	M	9006084
	Piccirillo, Chiese Giordania (1981)	Piccirillo, Michele. Chiese e mosaici della Giordania settentrionale. Collectio minor, Studium Biblicum Franciscanum. Yerushalayim: Franciscan Printing Press, 1981.	M	9006086
	Papers of the British School at Rome	Papers of the British School at Rome. London: British School at Rome, 1902-.	M	9006087
	Vermeule, Imperial Roman Art (1968)	Vermeule, Cornelius Clarkson. Roman Imperial Art in Greece and Asia Minor. Cambridge, MA: Belknap Press of Harvard University Press, 1968.	M	9006088
	Bildhandbuch: Ober$04osterreich (1967)	Hootz, Reinhardt. Kunstdenkm$04aler in $04Osterreich, III: Ober$04osterreich, Nieder$04osterreich, Burgenland. Bildhandbuch der Kunstdenkm$04aler. M$04unchen; Berlin: Deutscher Kunstverlag, 1967.	M	9006089
	International Directory of Arts (1985)	International Directory of Arts. Internationales Kunst-Adressbuch. 17th ed., 1985/1986. Frankfurt: Art Address Verlag M$04uller, 1985.	M	9006095
	International Directory of Arts (1989)	International Directory of Arts. Internationales Kunst-Adressbuch. 19th ed., 1989/1990. Frankfurt: Art Address Verlag M$04uller, 1989.	M	9006096
	International Directory of Arts (1987)	International Directory of Arts. Internationales Kunst-Adressbuch. 18th ed., 1987/1988. Frankfurt: Art Address Verlag M$04uller, 1987.	M	9006098
	Bildhandbuch: Niederlanden (1971)	Hootz, Reinhardt. Kunstdenkm$04aler in den Niederlanden: Ein Bildhandbuch. Bildhandbuch der Kunstdenkm$04aler. M$04unchen: Deutscher Kunstverlag, 1971.	M	9006099
	Lanckoronski, Villes de Pamphylie (1893)	Lanckoronski, Charles. Les villes de la Pamphylie et de la Pisidie. Paris: Firmin-Didot, 1893.	N	9004755
	Companion Guide: Florence (1979)	Borsook, Eve. The Companion Guide to Florence. 4th ed. London: Collins, 1979.	N	9004757
	Milanesi, Storia dell'Arte Senese (1969)	Milanesi, Gaetano. Documenti per la storia dell'arte senese. Siena: Onorato Prri, 1854-1856; Doornspijk, Nederland: DAVACO Publishers, 1969.	N	9004777
	Dizionario Corografico Toscana (1977)	Repetti, Emanuele. Dizionario corografico della Toscana. (Reproduction of 1855 edition.) Firenze: Cassa di Risparmio di Firenze, 1977.	N	9004778
	Times Atlas of the World (1990)	Times Atlas of the World. 8th comprehensive edition. New York: Times Books, 1990.	M	9004779
	Encyclopedia Americana (1986)	Encyclopedia Americana: International Edition. Danbury, CT: Grolier, 1986.	N	9004782
	National Geographic Atlas (1987)	National Geographic Atlas of the World. 5th ed. Washington: National Geographic Society, 1987.	N	9004786
	Britannica Book of the Year (1990)	1990 Britannica Book of the Year. Events of 1989. Chicago: Encyclop$70aedia Britannica Inc., 1990.	N	9004788
	National Geographic Atlas (1990)	National Geographic Atlas of the World. 6th ed. Washington: National Geographic Society, 1990.	N	9004789
	Britannica Book of the Year (1986)	1986 Britannica Book of the Year. Events of 1985. Chicago: Encyclop$70aedia Britannica Inc., 1986.	N	9004790
	Britannica Book of the Year (1989)	1989 Britannica Book of the Year. Events of 1988. Chicago: Encyclop$70aedia Britannica Inc., 1989.	N	9004792
	Michelin: Gr$02ece (1983)	Gr$02ece: Guide de tourisme. Les Guides Verts Michelin. Paris: Pneu Michelin, 1983.	N	9004793
	Atlas of the Bible Lands (1984)	Atlas of the Bible Lands. Harry Thomas Frank, ed. Maplewood, New Jersey: Hammond Incorporated, 1984.	N	9004794
	Ambasz, Luis Barrag$00an (1976)	Ambasz, Emilio. The Architecture of Luis Barrag$00an. New York: Museum of Modern Art, 1976.	M	9004801
	Britannica Book of the Year (1991)	1991 Britannica Book of the Year. Events of 1990. Chicago: Encyclop$70aedia Britannica Inc., 1991.	N	9004802
	Crowther, India (1990)	Crowther, Geoff, et al. India: A Travel Survival Kit. 4th ed. Hawthorne, Victoria, Austrialia; Berkeley, CA: Lonely Planet Publications, 1990.	N	9004803
	Iba$09nez P$00erez, Burgos (1987)	Iba$09nez P$00erez, Alberto C. Historia de la Casa del Cord$00on de Burgos. Burgos, Espa$09na: Caja de Ahorros Municipal de Burgos, 1987.	N	9004641
	Dehio Handbuch: Wien (1973)	Schmidt, Justus and Hans Tietze. Wien. Dehio Handbuch: Die Kunstdenkm$04aler $04Osterreichs. Wien; M$04unchen: Verlag Anton Schroll & Co., 1973.	N	9004403
	Berger, L'Oeil & l'$00Eternit$00e (1977)	Berger, Jacques $00Edouard. L'Oeil et l'$00Eternit$00e: Portraits romains d'Egypte. Paudex, Schweiz: $00Editions de Fontainemore, 1977.	N	9004420
	Rainey, Mosaics of Roman Britain (1973)	Rainey, Anne. Mosaics of Roman Britain: A gazetteer. Totowa, NJ: Rowman and Littlefield, 1973.	N	9004423
	Buildings: Hampshire (1967)	Pevsner, Nikolaus and David Lloyd. Hampshire and the Isle of Wight. Buildings of England. Harmondsworth, London: Penguin Books, 1967.	N	9004426
	Giraudon, Documents Artistiques (1889)	A. Giraudon. Documents artistiques en photographie: Aper$05cu des collections en vente dans la Maison. Paris: A. Giraudon, 1889.	N	9004438
	Cottineau, Abbayes et Prieures (1935)	Cottineau, L.H. R$00epertoire topo-bibliographique des abbayes et prieures. M$03acon, Bourgogne: Protat fr$02eres, 1939.	N	9004449
	Sculptures Romanes (1961)	Mus$00ee des Augustins, Toulouse. Sculptures romanes. Edited by Paul Mesple. Paris: $00Editions des Mus$00ees nationaux, 1961.	N	9004466
	Guide Bleu: Bourgogne & Lyonnais (1965)	Bourgogne, Lyonnais: Norvan, Nivernais. Les Guides Bleus. Paris: Hachette, 1965.	N	9004484
	Congo, Los Angeles Times (1997)	"Latest African Upheaval Puts Neighbors at Risk." Los Angeles Times (July 3, 1997), A19.	N	9006665
	Thalay Sagar, National Geographic (1997)	"The Frozen Face of Thalay Sagar." National Geographic Magazine CXCII/2 (1997).	M	9006667
	Gay Head Votes, Boston Globe (1997)	"Gay Head Votes to Change Name." Boston Globe (May 15, 1997).	N	9006668
	Kinshasa, Washington Post (1997)	Duke, Lynne. "Victorious Rebels Pour Into Kinshasa." Washington Post [online edition] (May 19, 1997) <http://washingtonpost.com>.	N	9006669
	Pyramids, Archaeology (1997)	Hawass, Zahi and Mark Lehner. "Builders of the Pyramids." Archaeology Magazine. New York: Archaeological Institute of America, L/1 (1997), 30-38.	N	9006670
	Gousha: Minnesota (1996)	H.M. Gousha Company. Minnesota: Roadmap [map]. Comfort, TX: Gousha, 1996.	M	9006671
	AAA: Delaware (1993)	American Automobile Association. Delaware-District of Columbia-Maryland-Virginia [map]. Heathrow, Florida: A.A.A., 1993.	N	9006672
	AAA: Florida (1997)	American Automobile Association. Florida [map]. Heathrow, FL: A.A.A., 1997.	N	9006673
	Gousha: Kentucky (1995)	H.M. Gousha Company. Kentucky: Roadmap [map]. Comfort, TX: Gousha, 1995.	N	9006674
	King, Czech & Slovak Republics  (1995)	King, John and Richard Nebesk$00y. Czech and Slovak Republics: A Travel Survival Kit. 1st ed. Hawthorn, Victoria, Australia; Oakland, CA: Lonely Planet Publications, 1995.	N	9006675
	Gousha: New Mexico (1996)	H.M. Gousha Company.  New Mexico: Roadmap [map]. Comfort, TX: Gousha, 1996.	N	9006676
	Congo, New York Times (1997)	"Refugees from Congo Give Vivid Accounts of Killings." New York Times (September 23, 1997), A-1.	N	9006677
	Gousha: Ohio (1992)	H.M. Gousha. Ohio: Roadmap [map]. Hendersonville, NC: Gousha, 1992.	N	9006678
	International Directory of Arts (1995)	International Directory of Arts. Internationales Kunst-Adressbuch. 22nd ed., 1995/1996. Frankfurt: Art Address Verlag M$04uller, 1995.	M	9006679
	Antique Maps (1996)	Antique Maps: 1997 Calendar. New York: Barnes and Noble, 1997.	M	9006680
	Gousha: Delaware-Maryland (1995)	H.M. Gousha Company. Delaware-Maryland: Roadmap [map]. Comfort, TX: Gousha, 1995.	N	9006681
	National Geographic Atlas (1995)	National Geographic Atlas of the World. Revised 6th ed. Washington: National Geographic Society, 1995.	N	9006682
	Gousha: South Carolina (1993)	H.M. Gousha Company. South Carolina: Roadmap [map]. Comfort, TX: Gousha, 1993.	N	9006683
	AAA: Road Atlas (1997)	American Automobile Association. Road Atlas: United States, Canada, Mexico. Heathrow, Florida: A.A.A., 1997.	M	9006684
	Baedekers: Scandinavia (1987)	Baedeker's Scandinavia. English translation by James Hogarth. New York: Prentice-Hall, 1987.	M	9005884
	Baedekers: Japan (1983)	Baedekers Japan. English translation by James Hogarth. Englewood Cliffs, NJ: Prentice-Hall, 1983.	M	9005885
	Baedekers: Mittel- & Unteritalien (1972)	Mittel- und Unteritalien, mit Sizilien und Sardinien. Baedekers Autoreisef$04uhrer. Stuttgart: Baedekers Autof$04uhrer-Verlag, 1972.	M	9005886
	Baedekers: $04Osterreich (1975)	$04Osterreich, mit Zufahrtsrouten durch Bayern. Baedekers Autoreisef$04uhrer. Stuttgart: Baedekers Autof$04uhrer-Verlag, 1975.	M	9005888
	Baedekers: L$04ubeck (1971)	L$04ubeck: Kurzer F$04urhrer. Freiburg im Breisgau: K. Baedeker, 1971.	M	9005890
	Baedekers: Schweiz (1972)	Schweiz: F$04uhrer des Automobil-Clubs der Schweiz. Baedekers Autoreisef$04uhrer. Stuttgart: Baedekers Autof$04uhrer-Verlag, 1972.	M	9005891
	Baedekers: Great Britain (1966)	Great Britain: Handbook for Travellers. Freiburg im Breisgau: K. Baedeker; London: Allen & Unwin; New York: Macmillan, 1966.	M	9005893
	Blue Guide: Northern Italy (1978)	Northern Italy from the Alps to Rome. Edited by Alta Macadam. 7th ed. The Blue Guides. London: E. Benn; Chicago: Rand McNally, 1978.	M	9005895
	Blue Guide: Northern Spain (1958)	Northern Spain, with the Balearic Islands. Edited by L. Russell Muirhead. 2nd ed. The Blue Guides. Chicago; New York: Rand McNally, 1958.	M	9005896
	Blue Guide: Southern Spain (1964)	Southern Spain, with Gibraltar, Ceuta and Tangier. Edited by L. Russell Muirhead. 2nd ed. The Blue Guides. London: E. Benn, 1964.	M	9005897
	Blue Guide: Moscow & Leningrad (1980)	Moscow and Leningrad. Edited by Evan and Margaret Mawdsley. London: A. & C. Black; New York: W.W. Norton, 1980.	M	9005898
	Guide Bleu: Normandie (1972)	Normandie. Les Guides Bleus. Paris: Hachette, 1972.	M	9005899
	Dehio Handbuch: K$04arnten (1981)	Ginhart, Karl, et al. K$04arnten. 2nd ed. Dehio Handbuch: Die Kunstdenkm$04aler $04Osterreichs. Wien: Verlag Anton Schroll & Co., 1981.	M	9005847
	Buildings: Shropshire (1958)	Pevsner, Nikolaus. Shropshire. Buildings of England. Harmondsworth, London: Penguin Books, 1958.	M	9005772
	Pevsner, Best Buildings of England(1986)	Pevsner, Nikolaus. The Best Buildings of England. An anthology by Bridget Cherry and John Newman. Harmondsworth, London; New York: Viking, 1986.	M	9005774
	TCI: Friuli-Venezia Giulia (1963)	Friuli-Venezia Guilia. 4th ed. Guida d'Italia del Touring Club Italiano. Milano: Touring Club Italiano, 1963.	M	9005777
	Ausgrabungen und Funde	Ausgrabungen und Funde. Berlin: Akademie-Verlag, 1956-.	M	9005779
	Tierras de Le$00on	Tierras de Le$00on. Le$00on, Espa$09na: Deputaci$00on Provincial de Le$00on, 1961-.	M	9005781
	Um$07en$00i	Um$07en$00i: $07casopsis Kabinetu theorii a d$07ejin um$07en$00i $07Ceskoslovensk$07e akademie v$07ed. Praha: Akademia, 1953-.	M	9005782
	AA Files (1981-)	AA Files: Annals of the Architectural Association School of Architecture. Architectural Association Files. London: The Architectural Association, 1981-.	M	9005784
	Architectural History	Architectural History. London: Society of Architectural Historians of Great Britain, 1958-.	M	9005785
	Pays Lorrain	Le Pays Lorrain. Soci$00et$00e d'arch$00eologie lorraine et du Mus$00ee historique lorrain. Nancy, France: 1932-.	M	9005786
	Industrial Archeology	IA: The Journal of the Society for Industrial Archeology. Washington: The Society for Industrial Archeology, 1975-.	M	9005787
	Kratkie Soobshcheniia	Kratkie soobshcheniia. Akademiia nauk SSSR, Institut arkheologii. Moskva: Nauka, 1970-.	M	9005792
	Rand McNally Atlas (1986)	Rand McNally and Company. The New International Atlas. Chicago: Rand McNally, 1986.	N	9006483
	Gu$00ias Azules: Espa$09na (1981)	Espa$09na. Edited by G$00erald Gassiot-Talabot. Las Gu$00ias Azules. Madrid: Alce, 1981.	M	9006484
	Rand McNally World Guide (1953)	Rand McNally World Guide. New York: Rand McNally, 1953.	M	9006485
	Akurgal, Ancient Ruins of Turkey (1983)	Akurgal, Ekrem. Ancient Civilizations and Ruins of Turkey: From Prehistoric Times until the End of the Roman Empire. Translated by John Whybrow and Mollie Emre. $08Istanbul: Haset Kitabevi, 1983.	M	9006486
	TCI: Umbria (1978)	Umbria. 5th ed. Guida d'Italia del Touring Club Italiano. Milano: Touring Club Italiano, 1978.	M	9006487
	TCI: Venezia (1979)	Venezia. 2nd ed. Guida d'Italia del Touring Club Italiano. Milano: Touring Club Italiano, 1979.	M	9006488
	USBGN: Madagascar (1989)	United States Office of Geography. Foreign Gazetteers of the U.S. Board on Geographic Names: Madagascar. Washington: The Office of Geography, 1989.	N	9006489
	USBGN: Mexico (1956)	United States Office of Geography. Foreign Gazetteers of the U.S. Board on Geographic Names: Mexico. Washington: The Office of Geography, 1956.	M	9006490
	Classical News & Views	$00Echos du monde classique. Classical News and Views. Downsview, Ontario: Classical Association of Canada, 1956-.	M	9006491
	Supis Pamiatok na Slovensku (1967-1978)	S$00upis pamiatok na Slovensku. Slovensk$00y $00ustav pamiatkowej starostlivosti a ochrany pr$00irody. Edited by Ivan Harminc et al. Bratislava: Obzor, 1967-1978.	M	9006492
	Facts About Germany (1992)	Facts about Germany. Edited by A. Hoffmann. Translated by Gerard Finan. Frankfurt am Main: Societ$04ats-Verlag, 1992.	N	9006493
	Pond, Beyond the Wall (1993)	Pond, Elizabeth. Beyond the Wall: Germany's Road to Unification. A Twentieth Century Fund Book. Washington: The Brookings Institution, 1993.	N	9006494
	Germany in Transition, D$70aedalus (1994)	"Germany in Transition." D$70aedalus: Journal of the American Academy of Arts and Sciences 123/1 (1994).	N	9006495
	Bonniers Folklexikon (1951-1953)	Bonniers folklexikon. Edited by Axel Elvin. Stockholm: Nordiska Uppslagsb$14ocker, 1951-1953.	M	9005581
	Bonniers Kulturguide: Sverige (1987)	Sverige: Bonniers Kulturguide. Stockholm: Bonniers, 1987.	M	9005582
	Borgens Kulturguide: Danmark (1989)	Borgens Kulturguide: Danmark. K$14obenhavn: Borgens, 1989.	M	9005584
	Boldizs$00ar, Hungary (1969)	Boldizs$00ar, Ivan. Hungary: A Comprehensive Guidebook for Visitors and Armchair Travellers. New York: Hastings House, 1969.	M	9005585
	Baedekers: Ireland (1987)	Baedeker's Ireland. New York: Prentice-Hall, 1987.	M	9005586
	National Zip Code Directory (1987)	National Five Digit Zip Code and Post Office Directory. Washington: U.S. Postal Service, 1987.	M	9005587
	National Zip Code Directory (1986)	National Five Digit Zip Code and Post Office Directory. Washington: U.S. Postal Service, 1986.	M	9005588
	Hayden, American Utopias (1976)	Hayden, Dolores. Seven American Utopias: The Architecture of Communitarian Socialism, 1790-1975. Cambridge, MA: MIT Press, 1976.	M	9005589
	Nagel's: Greece (1968)	Greece. 3rd ed. Nagel's Encyclopedia-Guides. Gen$02eve: Nagel Publishers, 1968.	M	9005594
	Blue Guide: Channel Islands (1981)	The Channel Islands. Edited by Peter McGregor Eadie. 1st ed. The Blue Guides. London: E. Benn; Chicago: Rand McNally, 1981.	M	9005598
	Barber, Pictorial History of NY (1846)	Barber, John Warner. Pictorial History of the State of New York. Cooperstown, NY: H. & E. Phinney, 1846.	M	9005599
	Blue Guide: Holland (1982)	Holland. Edited by John Tomes. 3rd ed. The Blue Guides. London: E. Benn; New York: W.W. Norton, 1982.	M	9005608
	Historic Buildings: Virginia (1976)	Historic American Buildings Survey: Virginia Catalog. Compiled by the Virginia Historic Landmarks Commission and the Historic American Buildings Survey. Charlottesville, VA: University Press of Virginia, 1976.	M	9005609
	USBGN: Sweden (1989)	United States Office of Geography. Foreign Gazetteers of the U.S. Board on Geographic Names: Sweden. Washington: The Office of Geography, 1989.	M	9005523
	USBGN: Egypt (1959)	United States Office of Geography. Foreign Gazetteers of the U.S. Board on Geographic Names: Egypt. Washington: The Office of Geography, 1959.	N	9005465
	USBGN: Namibia (1988)	United States Office of Geography. Foreign Gazetteers of the U.S. Board on Geographic Names: Namibia. Washington: The Office of Geography, 1988.	N	9005468
	Rider University, Lawrenceville,  NJ	School named Rider University per telephone conversation with Pat Krupa on July 2, 1997.	N	9005469
	Embassy of Iceland, Island (1990)	Embassy of Iceland. Landm$70aelinger Islands [map]. Iceland: Iceland Geodetic Survey, 1990.	N	9005470
	Embassy of South Africa (1994)	Embassy of South Africa. Per telephone conversation with Marthi Scheepers, July 12, 1994.	N	9005471
	Getting Around in Los Angeles (1987)	Greater Los Angeles Visitors & Convention Bureau. Getting Around in Los Angeles and Southern California. Los Angeles, CA: Greater LA Convention Bureau, 1987.	N	9005473
	Los Angeles Visitors Guide (1988)	Los Angeles Visitors & Convention Bureau. L.A.'s the Place: The 1987/88 Los Angeles Visitors Guide. Los Angeles, CA: Crawford & Company, 1987.	N	9005474
	Gambia Tourist Office, Gambia (1990)	The Gambia National Tourist Office. The Smiling Coast, The Gambia. London: V.T. Print Services, 1990.	N	9005475
	Gambian Consulate (1994)	Gambian Consulate. Per telephone conversation with Counselor Aminatta Dibba of Gambian Consulate in Washington D.C., regarding internal subdivisions and their capitals on July 18, 1994.	N	9005476
	American Universities & Colleges (1928-)	American Universities and Colleges. New York: W. de Gruyter, 1928-.	M	9005478
	Trinidad Consulate, Map (1990)	Trinidad and Tobago Consulate. Trinidad and Tobago [map]. Port of Spain: Trinidad and Tobago, 1990.	N	9005480
	Medieval Georgia (1980)	Alpago-Novello, Adriano. Art and Architecture in Medieval Georgia. Louvain-la-Neuve, Belgi$04e: Institut Sup$00erieur d'Arch$00eologie et d'Histoire de l'Art, Coll$02ege $00Erasme, 1980.	M	9005481
	Nagel's: Germany (1965)	Germany. Translated and adapted by Donald M. Christie. The Nagel Travel Guide Series. New York: McGraw-Hill, 1965.	N	9000275
	$00Etudes Byzantines	$00Etudes byzantines. $00Echos d'Orient. Revue des $00etudes byzantines. Bucure$47sti: Institut fran$05cais d'$00etudes byzantines, 1943-.	N	9000316
	Gesta	Gesta. Fort Tryon Park, NY: International Center of Medieval Art, 1963-.	N	9000331
	Baister, Guide to East Germany (1990)	Baister, Stephen. Guide to East Germany. Chalfont St. Peter, Buckinghamshire: Bradt, 1990.	N	9000339
	Guide Bleu: Hollande (1979)	Hollande. Les Guides Bleus. Paris: Hachette, 1979.	N	9000365
	Graham-Campbell, Vikings (1980)	Graham-Campbell, James. The Vikings: The British Museum, London & the Metropolitan Museum of Art, New York. New York: W. Morrow, 1980.	N	9000376
	Ameritech: Chicago (1990-1991)	Ameritech Pages Plus 1990-1991: Chicago. Chicago: Illinois Bell, 1990.	N	9000380
	Brown, Gold Breast Chain (1984)	Brown, Katharine Reynolds. The Gold Breast Chain from the Early Byzantine Period in the R$04omish-Germanisches Zentralmuseum. Mainz: R$04omisch-Germanischen Zentral Museums, 1984.	N	9000412
	Michelin: Dordogne (1984)	Dordogne: P$00erigord, Limousin. Tourist Guide. Michelin Green Guides. London: Michelin Tyre Public Limited Company, 1984.	N	9000421
	Dimier, l'Art Cistercien (1971)	Dimier, Anselme. L'art cistercien hors de France. La Pierre-qui-Vire, Yonne: Zodiaque, 1971.	N	9000423
	Denkm$04aler Bayern: Mittelfranken(1985)	L$04ubbeke, Hans Wolfram. Denkm$04aler in Bayern V: Mittelfranken. M$04unchen: R. Oldenbourg, 1985.	N	9000431
	Clio et Son Regard (1982)	Clio et son regard: M$00elanges d'histoire, d'histoire d'art et d'arch$00eologie offerts $02a Jacques Stiennon $02a l'occasion de ses vingt-cinq ans d'enseignement $02a l'Universit$00e de Li$02ege. Li$02ege: Pierre Mardaga, 1982.	N	9000434
	Schmid, Otto Reiniger (1982)	Schmid, Ingobert. Der Landschaftsmaler Otto Reiniger. Stuttgart: K. Theiss, 1982.	N	9000476
	Zei, Viterbo (1913)	Zei, Constantino. Viterbo: Sixty-four Illustrations. L'Italia Monumentale. Milano: E. Bonomi, 1913.	N	9000492
	Wolverhampton City Council Online	Wolverhampton City Council Online. Wolverhampton MBC, 1999. <http://www.wolverhampton.gov.uk>.	N	9006998
	Liverpool City Council web site	Liverpool City Council web site. Liverpool City Council, 2001. <http://www.liverpool.gov.uk>.	N	9006999
	St. Helens Council web site (2001)	St. Helens Council web site. St. Helens Council, 2001. <http://www.sthelens.gov.uk>.	N	9007000
	Barnsley MBC web site	Barnsley Metropolitan Borough web site. Barnsley MBC. <http://www.barnsley.gov.uk>.	N	9007001
	St. Barth: French West Indies (1997)	Didcott, Charles, et al. St. Barth: French West Indies. New York: W.W. Norton & Co., 1997.	N	9007002
	Expedia-St. Barthelemy History (2000)	St. Barthelemy History. Expedia.co.uk. Expedia, Inc., 2000. <http://www.expedia.co.uk/wg/Caribbean/St_Barthelemy/P22567.asp>.	N	9007003
	St. Kitts-Nevis History [online] (1998)	Goodwill, Frank. St. Kitts-Nevis History Page: The Slave Trade. http://website.lineone.net/~stkittsnevis/thetrade/htm (1998).	N	9007004
	Prince, London Times (2001)	Farrell, Stephen. "Witness tells how prince turned killer." London Times [online edition] (June 06, 2001) <http://www.thetimes.co.uk>.	N	9007005
	Counties & UA's: map of GB & N Ireland	New Counties and Unitary Authorities: Map of Great Britain and Northern Ireland, ed. 4. Kent, England: AZ Geographers' Map Company Ltd., 1999. 	N	9007006
	Paleolithic sites near Moravany (1995)	Hromada, Josef and Janusz Krzysztof Kozlowski. Complex of Upper Paleolithic Sites near Moravany, western Slovakia. Krak$00ow: Jagellonian University Press, 1995-.	N	9007007
	CIA, World Fact Book (2000-2003)	US Central Intelligence Agency. 2000 World Fact Book [online]. Washington: Central Intelligence Agency, 2000-. <http://www.cia.gov/cia/publications/factbook>.	M	9007008
	Global Statistics online (2001)	Global Statistics online, 2001. <http://www.xist.org>.	N	9007009
	Spain: Oxford Guides(1998)	Collins, Roger. Spain: An Oxford Archaeological Guide. New YorK: Oxford University Press, 1998.	N	9007010
	Clunia [online] (2001)	"Location & Clunia: Brief History."  [online].  Clunia, Spain: Yacimiento Arqueol$00ogico Colonia Clunia Sulpicia, 2001. http://go.to/clunia (2001).	N	9007011
	Pottery from Deultum	Kuleff, I., Djingova, R., & P. Balabanov. "Archaeometric Investigation of Pottery from VII-IV c. B.C. Excavated in Thracian Town Deultum," 3rd Symposium of the Greek Society for Archaeometry, Athens, 1996. <http://www.archaeometry.gr/eae/abstracts/s6-3.html>.	N	9006973
	Prehistoric Bhimbetka (1984)	Mathpal,Yashodhar. Prehistoric rock paintings of Bhimbetka, Central India. New Dehli: Abhinav Publications, 1984.	N	9006934
	Madhya Pradesh web site	Madhya Pradesh website. Madhya Pradesh State Tourism Development Corp. <http://mptourism.com/index.html>	N	9006935
	YatraIndia website (1999-2000)	Vatraindia website.<http://www.yatraindia.com>	N	9006936
	Ancient History Bulletin (1997)	Hammond, Philip C. The Ancient History Bulletin 11.2-3 (1997): 63-88.	N	9006937
	UCL Dept. of Archaeology & Art History	UCL: Universit$00e catholique de Louvain, D$00epartement d'arch$00eologie et d'histoire de l'art. 	N	9006938
	La Recherche Online	La Recherche Online. <http://web.larecherche.fr>	N	9006939
	Virtual Nimrin (2001)	Virtual Nimrin: Case Western Reserve University. <http://www.cwru.edu/affil/nimrin/menu/nimrin.htm>	N	9006940
	Soil of Wadi Ziglab (1966)	Fisher, W.B. Soil Survey of Wadi Ziglab, Jordan. 1966.	N	9006941
	Wadi Ziqlab Project [online] (2000)	Wadi Ziqlab Project [online], 2000. Banning, E.B., University of Toronto. http://www.chass.utoronto.ca/~banning/Ziqlab/main.htm (2000).	N	9006942
	CSA/AIA Archaeological Proj.	CSA/AIA Guide to Archaeological Projects. Center for the Study of Architecture. <http://www.csanet.org/archproj/>	N	9006944
	Wadi Feinan: Inst. of Arch., UCL	Wright, Katherine & Mohammed Najjar, co-directors. "Wadi Feinan in the 4th & 3rd Millennia BC, Wadi Feinan, Southern Jordan," Institute of Archaeology, University College London website. <http://www.ucl.ac.uk/archaeology/research/profiles/kwright/wadires.htm>	N	9006945
	Dehio Handbuch: Nordostdeutschland(1922)	Dehio, Georg. Handbuch der Deutschen Kunstdenkm$04aler II: Nordostdeutschland. Berlin: Verlag Ernst Wasmuth, 1922.	N	9004493
	Meer, Western Civilization Atlas (1960)	Meer, Frederik van der and T.A. Birrel. Atlas of Western Civilization. 2nd rev. ed. Princeton, NJ: Van Nostrand, 1960.	N	9004494
	Michelin: Germany (1984)	Germany: West Germany and Berlin: Tourist Guide. Michelin Green Guides. London: Michelin Tyre Public Limited Company, 1984.	N	9004499
	Wachsmann, Chorschrankenmalereien (1985)	Wachsmann, Ute. Die Chorschrankenmalereien im Koelner Dom: Untersuchungen zur Ikonologie. Bonn: Rheinische Friedrich-Wilhelms-Universit$04at, 1985.	N	9004508
	Budde, Romanische Skulptur (1979)	Budde, Rainer. Deutsche romanische Skulptur, 1050-1250. M$04unchen: Hirmer, 1979.	N	9004509
	Schn$04utgen-Museum Katalog (1990)	Schn$04utgen-Museum. Ikonen und Ostkirchliches Kultger$04at aus Rheinischem Privatbesitz. Katalog zur Ausstellung im Schnutgen-Museum. K$04oln: Das Schnutgen Museum, 1990.	N	9004515
	Graham, Palaces of Crete	Graham, James Walter. The Palaces of Crete. Princeton, NJ: Princeton University Press, 1962.	N	9004523
	Quinet, Gr$02ece Moderne (1984)	Quinet, Edgar. La Gr$02ece moderne et ses rapports avec l'Antiquit$00e. Paris: Les Belles Lettres, 1984.	N	9004527
	Atlante Stradale d'Italia (1981)	Atlante stradale d'Italia. Novara: Istituto geografico De Agostini, 1981.	N	9004534
	Hutzelmann, Museen (1989)	Hutzelmann, Reinhard. Museen in der Stadt. Bayreuth: Universit$04at Bayreuth, 1989.	N	9004543
	Anderson, Greece & Rome (1902)	Anderson, William James. The Architecture of Greece and Rome: A Sketch of Its Historic Development. London: B.T. Batsford, 1902.	N	9004557
	Blue Guide: Northern Italy (1986)	Northern Italy: From the Alps to Rome. Edited by Alta Macadam. 8th ed. The Blue Guides. London: A. & C. Black; New York: W.W. Norton, 1986.	N	9004561
	Ambrosiana, Western Manuscripts (1984)	Biblioteca Ambrosiana. Inventory of Western manuscripts in the Biblioteca Ambrosiana: From the Medieval Institute of the University of Notre Dame. Edited by Louis Jordan and Susan Wool. Notre Dame, IN: University of Notre Dame Press, 1984.	N	9004563
	Baedekers: Berlin (1986)	Berlin: Stadtf$04uhrer. Freiburg im Breisgau: Karl Baedeker, 1986.	M	2009007085
	Baedekers: DDR (1988)	DDR: Deutsche Demokratische Republik. Freiburg im Breisgau: Karl Baedeker Verlag, 1988.	M	2009007086
	Vranich, Bolivia - Tiwanaku, Archaeology (2002)	Vranich, Alexei. "Revealing Ancient Bolivia: Join archaeologists in the search for Tiwanaku's past." Archaeology Magazine. Archaeological Institute of America, Summer 2002. [online] http://www.archaeology.org/magazine.php?page=online/features/tiwanaku/index (27 June 2002)	M	2009007087
	Cassell's Dutch-English Dictionary (1981)	Cassell's English-Dutch Dutch-English Dictionary. Revised by J.A. Jockin-la Bastide and G. van Kooten. London: Cassell, Ltd., and New York: Macmillan Publishing Co., Inc., 1981.	N	2009007088
	UCSD, Bronze Age Metal Factory (2002)	"UC San Diego Archaeologists Discover Largest Bronze Age Metal Factory In Middle East." [online] San Diego: University of California at San Diego (UCSD), 25 June 2002 [online]. http://ucsdnews.ucsd.edu/newsrel/soc/dlevymetalfactory.htm  (8 July 2002).	N	2009007089
	Roach, Bronze Age Factory (2002)	Roach, John. "Bronze Age Factory Discovered in Jordan." [online] Washington, DC: National Geographic Magazine, 25 June 2002. http://news.nationalgeographic.com/news/2002/06/0620_020625_metalfactory.html (8 July 2002)	N	2009007090
	Historic Pittsburgh [online] (2002)	Digital Research Library. Historic Pittsburgh. Pittsburgh: University of Pittsburgh. [online] http://digital.library.pitt.edu (7 August 2002)	N	2009007095
	Catholic Ireland (2002)	Catholic Ireland. [online] http://www.catholicireland.net/parishes (24 July 2002)	N	2009007092
	New Catholic Encyclopedia [online] (2002)	Catholic University of America. New Catholic Encyclopedia. [online through New Advent] http://www.newadvent.org/cathen/ (25 July 2002)	M	2009007093
	Getty Vocabulary Program	Getty Vocabulary Program.  Term warranted by consensus of editorial staff.	M	2009007094
	Ancient Civilizations and Ruins of Turkey (1983)	Akurgal, Ekrem,  Ancient Civilizations and Ruins of Turkey: From Prehistoric Times Until the End of the Roman Empire. Istanbul : Ha$47set Kitabevi, 1983.	N	2009007096
	Trollope, The Way We Live Now  (reprint, 1999)	Trollope, Anthony. The Way We Live Now. Reprint edition. Edited by John Sutherland. Oxford: Oxford University Press, 1999.	N	2009007097
	Whitehead, La Piana (1999)	Whitehead, Jane. The Late Etruscan Settlement at La Piana: La Piana in its geographical and historical context. Etruscan Foundation, 1999. (24 September 2002) http://www.lapianaexc.org/	N	2009007098
	Knopf Guides: Italy (1998)	Knopf Guides: Italy. New York: Alfred A. Knopf Inc., 1998.	N	2009007099
	Yale University/Harriman Instituite/Columbia University, Chornobyl (1996)	A Commemorative Conference: Chornobyl: 10 Years After. Yale University/Harriman Instituite/Columbia University. April 8 and 9, 1996 [online]. http://www.yale.edu/rees/chornobyl.html (8 October 2002).  	N	2009007100
	Island off Sicily, Reuters, CNN (2002)	Reuters. "Hidden island off Sicily may reappear." CNN, 12 June 2002. [online] http://asia.cnn.com/2002/TECH/science/11/25/italy.island.reut/ (03 December 2002)	N	2009007101
	Census UK: County Abbreviations [online]	Census UK: County Abbreviations [online]. http://censusuk.co.uk/abbrev.htm (16 Dec 2002).	N	2009007102
	Curious Fox: UK Counties and Shires [online] (2002).	Curious Fox: Guide to UK Counties and Shires [online], 2002. http://www.curiousfox.com/sitemap.html (16 Dec 2002).	N	2009007103
	BIAB Online (1999-2000)	BIAB Online: the British and Irish Archaeological Bibliography. http://www.biab.ac.uk/index.asp (16 Dec 2002).	N	2009007104
	Royal Mail: PAF Digest [online] (2002)	Royal Mail: PAF (Postcode Address File) Digest [online], version 5. http://www.royalmail.com/docContent/other/Downloadable_Files/PAF_Digest_Issue_5_0.pdf (16 Dec 2002).	N	2009007105
	Tchalenko, Villages de Syrie (1953-1958)	Tchalenko, Georges. Villages antiques de la Syrie du Nord: Le massif du B$00elus $02a l'$00epoque romaine. Paris: P. Geuthner, 1953-1958.	M	9005794
	Tesoros Art$00isticos Espa$09na (1979)	Tesoros art$00isticos de Espa$09na. 5th ed. Madrid; New York: Selecciones del Reader's Digest, 1979.	M	9005796
	TCI: Basilicata Calabria (1980)	Basilicata Calabria. 4th ed. Guida d'Italia del Touring Club Italiano. Milano: Touring Club Italiano, 1980.	M	9005797
	TCI: Emilia-Romagna (1971)	Emilia-Romagna. 5th ed. Guida d'Italia del Touring Club Italiano. Milano: Touring Club Italiano, 1971.	M	9005798
	Kunstdenkm$04aler: Ticino (1983)	I Monumenti d'arte e di storia del canton Ticino. Die Kunstdenkm$04aler der Schweiz. Basel: Birkh$04auser, 1983.	M	9005800
	Kunstdenkm$04aler: Aargau (1948)	Die Kunstdenkm$04aler des Kantons Aargau. Die Kunstdenkm$04aler der Schweiz. Basel: Birkh$04auser, 1948.	M	9005801
	Bildhandbuch: Jugoslawien (1981)	Kunstdenkm$04aler in Jugoslawien: Ein Bildhandbuch. Bildhandbuch der Kunstdenkm$04aler. M$04unchen: Deutscher Kunstverlag, 1981.	M	9005802
	TCI: Friuli-Venezia Guilia (1982)	Friuli-Venezia Guilia. 5th ed. Guida d'Italia del Touring Club Italiano. Milan: Touring Club Italiano, 1982.	M	9005804
	Bildhandbuch: Bayern S$04udlich (1967)	Bayern s$04udlich der Donau. Deutsche Kunstdenkm$04aler: Ein Bildhandbuch. M$04unchen: Deutscher Kunstverlag, 1967.	M	9005805
	Unsere Kunstdenkm$04aler	Unsere Kunstdenkm$04aler. Nos monuments d'art et d'histoire. I nostri monumenti storici. Bern, 1950-.	M	9005806
	Kunstdenkm$04aler: Luzern (1946)	Die Kunstdenkm$04aler des Kantons Luzern. Die Kunstdenkm$04aler der Schweiz. Basel: Birkh$04auser, 1946.	M	9005808
	Dehio Handbuch: Rheinland-Pfalz (1985)	Caspary, Hans, et al. Rheinland-Pfalz, Saarland. Georg Dehio Handbuch der Deutschen Kunstdenkm$04aler. Darmstadt: Wissenschaftliche Buchgesellschaft, 1985.	M	9005809
	Bildhandbuch: Rum$04anien (1986)	Kunstdenkm$04aler in Rum$04anien: Ein Bildhandbuch. Bildhandbuch der Kunstdenkm$04aler. M$04unchen: Deutscher Kunstverlag, 1986.	M	9005810
	M$04ullers Deutsches Ortsbuch (1988)	M$04uller, Joachim. M$00ullers Grosses Deutsches Ortsbuch: Bundesrepublik Deutschland. Wuppertal: Post- und Ortsbuchverlag, 1988.	M	9005815
	M$04ullers Deutsches Ortsbuch (1972)	M$04uller, Joachim. M$00ullers Grosses Deutsches Ortsbuch: Bundesrepublik Deutschland. Wuppertal: Post- und Ortsbuchverlag, 1972.	M	9005820
	M$04ullers Deutsches Ortsbuch (1980)	M$04uller, Joachim. M$00ullers Grosses Deutsches Ortsbuch: Bundesrepublik Deutschland. Wuppertal: Post- und Ortsbuchverlag, 1980.	M	9005821
	Ravenstein: Europa (1966)	Ravenstein Geographische Verlagsanstalt und Druckerei. Auto-Atlas Europa. Frankfurt am Main: Ravenstein International, 1966.	N	9003896
	Ausgrabungen in Westfalen-Lippe	Ausgrabungen und Funde in Westfalen-Lippe. Auftrag des Landschaftsverbandes Westfalen-Lippe. Mainz: P. von Zabern, 1984-.	N	9003914
	Michelin: Netherlands (1990)	Netherlands: Tourist Guide. Michelin Green Guides. Harrow, Middlesex: Michelin Tyre Public Limited Company, 1990.	N	9003915
	AAA: Connecticut (1993)	American Automobile Association. Connecticut-Massachusetts-Rhode Island [map]. Heathrow, FL: A.A.A., 1993.	N	9003916
	Buildings: Gloucestershire I (1976)	Verey, David. Gloucestershire I: The Cotswolds. 2nd ed. Buildings of England. Harmondsworth, London; New York: Penguin Books, 1976-1979.	N	9003918
	Baudenkmale in Hessen I (1986)	Baudenkmale in Hessen: Lahn-Dill-Kreis I. Wiesbaden: Vieweg, 1986.	N	9003921
	Geological Survey of Britain (1966)	Geological Survey of Great Britain. Geological Map of Great Britain. 2nd ed. Chessington, Surrey: Director of the General of the Ordnance Survey, 1966.	N	9003926
	McKearin, American Glass (1948)	McKearin, Helen and G. S. McKearin. American Glass. New York: Crown Publishers, 1948.	N	9003929
	Newman, Dictionary of Glass (1977)	Newman, Harold. An Illustrated Dictionary of Glass. London: Thames and Hudson, 1977.	N	9003931
	Buildings: London II (1984)	Pevsner, Nikolaus and Bridget Cherry. London II: South. Buildings of England. New York: Viking, 1984.	N	9003933
	Doubleday Atlas of the World (1990)	Doubleday Atlas of the World. Morrebank, New South Wales: Mallard, 1990.	N	9003937
	Blue Guide: London (1965)	Rossiter, Stuart, ed. London, Blue Guide, 9th ed. London: E. Benn; Chicago: Rand McNally, 1965.	N	9003943
	Dehio Handbuch: $04Ost. Schwaben (1954)	Gall, Ernst. $04Ostliches Schwaben. Georg Dehio Handbuch der Deutschen Kunstdenkm$04aler. Berlin: Deutscher Kunstverlag, 1954.	N	9003952
	Britten, Clocks & Watches (1971)	Britten, Frederick James. Old Clocks and Watches and Their Makers. East Ardsley, Wakefield, England: S.R. Publishers, 1971.	N	9003974
	$07Ceskoslovensk$00a M$07esta (1974)	$07Ceskoslovensk$00a historick$00a m$07esta. Czechoslovak Historic Towns and Cities. Praha: Orbis, 1974.	N	9003989
	Villa e Paese (1980)	Villa e Paese: Dimore nobili del Tuscolo e di Marino: Mostra documentaria, Roma, Museo di Palazzo Venezia, marzo-maggio 1980. Catalogued by Almamaria Tantillo Mignosi. Roma: De Luca, 1980.	N	9003652
	Material History Bulletin (1977)	Material History Bulletin. Bulletin d'histoire de la culture materielle. Mercury Series. Ottawa: National Museums of Canada, 1977.	N	9003361
	Bornholms Kunstmuseum, Olaf Rude (1986)	Bornholms Kunstmuseum. Olaf Rude. R$14onne, Danmark: Bornholms Kunstmuseum, 1986.	N	9003362
	Danmarks Kirker: Aarhus Amt (1941)	Danmarks Kirker XVII: Aarhus Amt. K$14obenhavn: G.E.C. Gad, 1941.	N	9003366
	Atti dell'Accademia di Udine	Atti dell'Accademia di scienze, lettere e arti di Udine. Udine, Friuli-Venezia Giulia: Arti Grafiche Friulane, 1979-.	N	9003371
	Hare, Studies in Russia (1834-1903)	Hare, Augustus John Cuthbert. Studies in Russia. London: Smith, Elder, & Co., 1834-1903 (microfiche edition: Cambridge, England: Chadwyck-Healey, 1993).	N	9003375
	Decorative & Propaganda Arts Journal	The Journal of Decorative and Propaganda Arts. Miami, FL: Wolfson Foundation of Decorative and Propaganda Arts, 1986-.	N	9003384
