12TH REGIMENT
16TH MIDDLESEX VOLUNTEER CORPS
17TH MIDDLESEX RIFLE VOLUNTEER CORPS
1ST BATTALION CHESHIRE REGIMENT
21ST MIDDLESEX VOLUNTEERS
2ND MANCHESTER, 20TH LANCASHIRE RIFLE VOLUNTEERS
2ND ROYAL SCOTS REGIMENT
30TH REGIMENT
3RD MIDDLESEX RIFLE VOLUNTEERS
43RD  AND  52ND LIGHT INFANTRY
59TH REGIMENT
5TH FUSILIERS
7TH DRAGOON GUARDS
93RD REGIMENT
A COUNCIL OF FRIENDS
A SOCIETY OF PHYSICIANS AND SURGEONS
A SOCIETY OF PRACTICAL PHYSICIANS
A1 FOREIGN STAMP EXCHANGE
AFD SOCIETY
ABBEY CHURCH OF ST. PETER AND ST. PAUL
ABBEY GLEE CLUB
ABERGAVENNY JOINT LUNATIC ASYLUM
ABINGDON FREE GRAMMAR SCHOOL
ABORIGINES' PROTECTION SOCIETY
ABSTAINERS' SOCIETY
ACADEMY OF MEDICINE IN IRELAND
ACCIDENT RELIEF SOCIETY
ACCLIMATISATION SOCIETY OF GREAT BRITAIN, IRELAND, AND THE COLONIES
ACETYLENE ASSOCIATION
ACKWORTH OLD SCHOLARS' ASSOCIATION
ACKWORTH SCHOOL ASSOCIATION
ACTON PUBLIC LIBRARY
ADDINGHAM MECHANICS' INSTITUTE
ADDITIONAL CURATES' SOCIETY
ADELPHI PERMANENT BENEFIT SOCIETY
ADMINISTRATIVE REFORM ASSOCIATION
ADMIRALTY - HYDROGRAPHIC DEPARTMENT
ADULT INSTRUCTION INSTITUTION
AELFRIC SOCIETY
AERONAUTICAL SOCIETY OF GREAT BRITAIN
AESCULAPIAN SOCIETY
AFRICAN AID SOCIETY
AFRICAN ASSOCIATION FOR PROMOTING THE DISCOVERY OF THE INTERIOR PARTS OF AFRICA
AFRICAN INSTITUTION
AGED PILGRIMS' FRIEND SOCIETY
AGENCY AMONG THE SCOTTISH WORKING AND POORER CLASSES RESIDENT IN LIVERPOOL
AGRICULTURAL ASSOCIATION FOR WOMEN
AGRICULTURAL LABOUR LEAGUE
AGRICULTURAL LABOURERS' UNION
AGRICULTURAL SOCIETY
AGRICULTURAL STUDENTS ASSOCIATION
AGRICULTURAL AND HORTICULTURAL ASSOCIATION
AGRICULTURAL AND HORTICULTURAL CO-OPERATIVE ASSOCIATION
AGRICULTURAL AND HORTICULTURAL SOCIETY OF INDIA
AIR MINISTRY
AIR MINISTRY METEOROLOGICAL OFFICE
AIRBRAKE ASSOCIATION
ALCUIN CLUB
ALDENHAM GRAMMAR SCHOOL
ALDENHAM PARISH CHURCH OF ST. JOHN THE BAPTIST
ALEMBIC CLUB
ALGEMEINEM IDISHEN ARBEITER BUND IN RUSSLAND UN POILEN
ALL NATIONS MISSIONARY UNION AND PEACE ASSOCIATION
ALL SAINT'S CHURCH
ALL SAINTS' CHURCH
ALL SOULS' COLLEGE
ALLELODIDACTIC SOCIETY
ALLIANCE NATIONAL LAND, BUILDING AND INVESTMENT COMPANY
ALLIANCE SOCIETY
ALLIANCE OF REFORMED CHURCHES HOLDING THE PRESBYTERIAN SYSTEM
ALLOA SOCIETY OF NATURAL HISTORY, SCIENCE AND ARCHAEOLOGY
ALLOA SOCIETY OF NATURAL SCIENCE AND ARCHAEOLOGY
ALMAGAMATED SOCIETY OF HOUSE DECORATORS AND PAINTERS
ALNWICK URBAN DISTRICT
ALPINE CLUB
ALTRINCHAM GIRL'S HOMES
ALTRINCHAM AND BOWDON ENTOMOLOGICAL SOCIETY
AMALGAMATED ENGINEERING UNION
AMALGAMATED MUSICIANS' UNION
AMALGAMATED SOCIETY OF CARPENTERS AND JOINERS
AMALGAMATED SOCIETY OF CARPENTERS, CABINET MAKERS AND JOINERS
AMALGAMATED SOCIETY OF ENGINEERS
AMALGAMATED SOCIETY OF JOURNEYMEN FELT HATTERS
AMALGAMATED SOCIETY OF TAILORS
AMALGAMATED SOCIETY OF TAILORS AND TAILORESSES
AMALGAMATED SOCIETY OF WOODWORKERS
AMALGAMATED UNION OF CABINET MAKERS
AMALGAMATED UNION OF CO-OPERATIVE EMPLOYEES
AMALGAMATED WAITERS' SOCIETY
AMATEUR ASSOCIATION
AMATEUR AUTHORS' ASSOCIATION
AMATEUR MECHANICAL SOCIETY
AMATEUR NATURAL HISTORY SOCIETY
AMATEUR PRINTERS' ASSOCIATION
AMERICAN ANTI-SLAVERY SOCIETY
AMERICAN ART ASSOCIATION OF PARIS
AMERICAN COMMITTEE FOR LECTURES ON THE HISTORY OF RELIGIONS
AMERICAN COUNCIL OF LEARNED SOCIETIES
AMERICAN EPISCOPAL CHURCH
AMERICAN HISTORICAL ASSOCIATION
AMERICAN MEDICAL ASSOCIATION
AMERICAN RAILWAY AGENCY
AMERICAN SURGICAL ASSOCIATION
ANALYTICAL SOCIETY
ANASTATIC DRAWING SOCIETY
ANATOMICAL SOCIETY OF GREAT BRITAIN AND IRELAND
ANATOMICAL AND SURGICAL SOCIETY
ANCIENT ORDER OF FORESTERS
ANECDOTA OXONIENSIA
ANGLERS' ASSOCIATION
ANGLIA CHRISTIANA SOCIETY
ANGLICAN COMMUNION
ANGLICAN AND EASTERN ASSOCIATION
ANGLICAN AND FOREIGN CHURCH SOCIETY
ANGLO-AMERICAN ANTI-SLAVERY ASSOCIATION
ANGLO-AMERICAN CHURCH EMIGRANT'S AID SOCIETY
ANGLO-AMERICAN SYNDICATE
ANGLO-CONTINENTAL SOCIETY
ANGLO-INDIAN CHRISTIAN UNION
ANGLO-INDIAN TEMPERANCE ASSOCIATION
ANGLO-ISRAEL ASSOCIATION
ANGLO-JEWISH ASSOCIATION
ANGLO-JEWISH COMMUNITY
ANGLO-JEWISH PERIODICAL PRESS
ANGLO-ORIENTAL SOCIETY FOR THE SUPPRESSION OF THE OPIUM TRADE
ANGLO-RUSSIAN LITERARY SOCIETY
ANIMALS' FRIEND SOCIETY
ANNUAL ASSOCIATION FOR THE BENEFIT OF THE CONNEXION
ANNUAL CONFERENCE OF HEAD MASTERS
ANNUAL CONFERENCE OF THE LABOUR REPRESENTATION COMMITTEE
ANNUAL TRADES' UNION CONGRESS
ANSWERS BILLIARD TOURNAMENT
ANTHONY, DORR  AND  CO
ANTHROPOLOGICAL INSTITUTE
ANTHROPOLOGICAL INSTITUTE OF GREAT BRITAIN
ANTHROPOLOGICAL INSTITUTE OF GREAT BRITAIN AND IRELAND
ANTHROPOLOGICAL SOCIETY
ANTHROPOLOGICAL SOCIETY OF LONDON
ANTHROPOLOGICAL AND ETHNOLOGICAL SOCIETIES OF LONDON
ANTI-BRIBERY SOCIETY
ANTI-CATHOLICISM
ANTI-CORN LAW ASSOCIATION
ANTI-CORN LAW LEAGUE
ANTI-DEAR BEEF, MUTTON AND COAL ASSOCIATION
ANTI-GAME LAW LEAGUE
ANTI-LIBERATION SOCIETY
ANTI-NARCOTIC LEAGUE
ANTI-PAPAL LEAGUE
ANTI-PERSECUTION UNION
ANTI-SLAVERY LEAGUE, LONDON
ANTI-SLAVERY SOCIETY
ANTI-SLAVERY AND ABORIGINES' PROTECTION SOCIETY
ANTI-SUNDAY TRAVELLING UNION
ANTI-TEAPOT SOCIETY OF EUROPE
ANTI-TITHE LEAGUE
ANTI-VIVISECTION SOCIETY
ANTIQUARIAN ETCHING CLUB
APOSTLESHIP OF PRAYER
ARCH-SODALITY OF THE CHILDREN OF MARY
ARCHAEOLOGICAL ASSOCIATION
ARCHAEOLOGICAL INSTITUTE
ARCHAEOLOGICAL INSTITUTE AND ASSOCIATION
ARCHAEOLOGICAL INSTITUTE OF AMERICA
ARCHAEOLOGICAL INSTITUTE OF GREAT BRITAIN
ARCHAEOLOGICAL INSTITUTE OF GREAT BRITAIN AND IRELAND
ARCHAEOLOGICAL SOCIETY
ARCHAEOLOGICAL SOCIETY OF NORTH OXFORD
ARCHAEOLOGICAL SOCIETY OF NORTH OXFORDSHIRE
ARCHAEOLOGICAL AND ARCHITECTURAL SOCIETY OF BEDFORDSHIRE
ARCHAEOLOGICAL AND NATURAL HISTORY SOCIETY OF NORTH OXFORDSHIRE
ARCHAEOLOGICAL AND NATURAL HISTORY SOCIETY OF WILTSHIRE
ARCHAEOLOGICAL, ARCHITECTURAL AND HISTORIC SOCIETY FOR CHESTER AND CHESHIRE
ARCHBISHOP TENISON'S GRAMMAR SCHOOL
ARCHBISHOP OF CANTERBURY
ARCHBISHOP'S MISSION TO THE ASSYRIAN CHRISTIANS
ARCHITECTURAL ASSOCIATION
ARCHITECTURAL COLLEGE OF FREEMASONS OF CHURCH
ARCHITECTURAL PUBLICATION SOCIETY
ARCHITECTURAL SOCIETY
ARCHITECTURAL SOCIETY OF THE ARCHDEACONRY OF NORTHAMPTON
ARCHITECTURAL AND ARCHAEOLOGICAL SOCIETY
ARCHITECTURAL AND ARCHAEOLOGICAL SOCIETY OF DURHAM AND NORTHUMBERLAND
ARCHITECTURAL AND ARCHAEOLOGICAL SOCIETY OF THE COUNTY OF BUCKINGHAM
ARCHITECTURAL, ARCHAEOLOGICAL AND HISTORIC SOCIETY
ARCHITECTURAL, ARCHAEOLOGICAL AND HISTORIC SOCIETY
ARCHITECTURAL, ARCHÊOLOGICAL AND HISTORICAL SOCIETY, FOR THE COUNTY, CITY, AND NEIGHBOURHOOD OF CHESTER
ARDINGLY COLLEGE
ARISTOTELIAN SOCIETY FOR THE SYSTEMATIC STUDY OF PHILOSOPHY
ARMAGH OBSERVATORY
ARMSTRONG COLLEGE
ARMY  AND  NAVY CO-OPERATIVE SOCIETY LTD
ARMY GUILD OF THE HOLY STANDARD
ARMY MEDICAL DEPARTMENT
ARMY REFORM ASSOCIATION
ARMY TEMPERANCE ASSOCIATION
ARMY VETERINARY DEPARTMENT
ARMY AND AUXILIARY FORCES
ARMY AND NAVY
ARMY AND NAVY
ARMY AND NAVY CO-OPERATIVE SOCIETY
ART-UNION
ART-UNION OF LONDON
ARTICLED CLERKS SOCIETY
ARTISTS' FUND SOCIETY
ARTISTS' GENERAL BENEVOLENT INSTITUTION
ARTIZAN CLUB
ARTIZANS', LABOURERS' AND GENERAL DWELLINGS CO
ARTS SCHOOLS OF ENGLAND
ARTS SOCIETY
ARTS AND CRAFTS EXHIBITION SOCIETY
ARUNDEL SOCIETY
ASHLEY-GROVE SOCIETY
ASHMOLEAN NATURAL HISTORY SOCIETY OF OXFORDSHIRE
ASHMOLEAN SOCIETY
ASHTON-UNDER-LYNE FREE LIBRARY
ASIATIC SOCIETY
ASIATIC SOCIETY OF BENGAL
ASIATIC SOCIETY OF GREAT BRITAIN
ASIATIC SOCIETY OF GREAT BRITAIN AND IRELAND
ASSISTANT MASTER'S ASSOCIATION
ASSOCIATE INSTITUTE FOR IMPROVING AND ENFORCING THE LAWS FOR THE PROTECTION OF WOMEN
ASSOCIATE PRESBYTERY
ASSOCIATED APOTHECARIES AND SURGEON-APOTHECARIES OF ENGLAND AND WALES
ASSOCIATED ARCHITECTURAL SOCIETIES
ASSOCIATED BOARD OF THE ROYAL SCHOOLS OF MUSIC
ASSOCIATED BODY OF CHURCH SCHOOLMASTERS
ASSOCIATED IRON AND STEEL WORKERS OF GREAT BRITAIN
ASSOCIATED NATURAL HISTORY, PHILOSOPHICAL AND ARCHÊOLOGICAL SOCIETIES AND FIELD CLUBS OF THE MIDLAND COUNTIES
ASSOCIATED PHYSICIANS AND SURGEONS
ASSOCIATED SHIPWRIGHTS' SOCIETY
ASSOCIATED SOCIETY OF LOCOMOTIVE ENGINEERS AND FIREMEN
ASSOCIATED THEOLOGICAL COLLEGES
ASSOCIATION FOOTBALL
ASSOCIATION PATRIOTIQUE ARMENIENNE
ASSOCIATION FOR ENGINEERS-IN-CHARGE
ASSOCIATION FOR MORAL AND SOCIAL HYGIENE
ASSOCIATION FOR PROMOTING RATIONAL HUMANITY TOWARDS THE ANIMAL CREATION
ASSOCIATION FOR PROMOTING A REVISION OF THE PRAYER-BOOK AND A REVIEW OF THE ACTS OF UNIFORMITY
ASSOCIATION FOR PROMOTING THE DISCOVERY OF THE INTERIOR PARTS OF AFRICA
ASSOCIATION FOR PROMOTING THE EDUCATION OF GIRLS IN WALES
ASSOCIATION FOR PROMOTING THE EDUCATION OF WOMEN IN OXFORD
ASSOCIATION FOR PROMOTING THE EXTENSION OF THE CONTAGIOUS DISEASES ACT, 1866, TO THE CIVIL POPULATION OF THE UNITED KINGDOM
ASSOCIATION FOR PROMOTING THE GENERAL WELFARE OF THE BLIND
ASSOCIATION FOR PROMOTING THE RELIEF OF DESTITUTION IN THE METROPOLIS
ASSOCIATION FOR PROMOTING THE REPEAL OF THE TAXES ON KNOWLEDGE
ASSOCIATION FOR PROMOTING THE STUDY OF PROPHECY
ASSOCIATION FOR PROMOTION OF SOCIAL SCIENCE
ASSOCIATION FOR THE ADVANCEMENT OF EDUCATION IN INDUSTRY AND COMMERCE
ASSOCIATION FOR THE DISCOURAGEMENT OF DUELING
ASSOCIATION FOR THE FURTHERANCE OF CHRISTIANITY IN EGYPT
ASSOCIATION FOR THE IMPROVEMENT OF GEOMETRICAL TEACHING
ASSOCIATION FOR THE PREVENTION OF STEAM BOILER EXPLOSIONS
ASSOCIATION FOR THE PROMOTION OF USEFUL KNOWLEDGE IN CONNECTION WITH TEMPERANCE
ASSOCIATION FOR THE PROMOTION OF THE UNITY OF CHRISTENDOM
ASSOCIATION FOR THE REFORM AND CODIFICATION OF THE LAWS OF NATIONS
ASSOCIATION FOR THE REFUTATION OF INFIDEL PUBLICATIONS
ASSOCIATION FOR THE RELIEF OF THE MANUFACTURING AND LABOURING POOR
ASSOCIATION OF ALL CLASSES
ASSOCIATION OF ALL CLASSES OF ALL NATIONS
ASSOCIATION OF ASSISTANT LIBRARIANS
ASSOCIATION OF ASSISTANT MASTER
ASSOCIATION OF BRITISH CHAMBERS OF COMMERCE
ASSOCIATION OF CHAMBERS OF COMMERCE OF THE UNITED KINGDOM
ASSOCIATION OF CONSERVATIVE CLUBS
ASSOCIATION OF COUNTY COUNCILS IN SCOTLAND
ASSOCIATION OF EMPLOYERS, DRAUGHTSMEN, AND MECHANICAL TRADES OF GREAT BRITAIN
ASSOCIATION OF ENGINEERING SOCIETIES
ASSOCIATION OF GAS ENGINEERS AND MANAGERS, UNITED KINGDOM
ASSOCIATION OF GERMAN GOVERNESSES IN ENGLAND
ASSOCIATION OF INVENTORS
ASSOCIATION OF MASTERS OF HARRIERS AND BEAGLES
ASSOCIATION OF MEDICAL OFFICERS OF ASYLUMS AND HOSPITALS FOR THE INSANE
ASSOCIATION OF MEDICAL OFFICERS OF HEALTH
ASSOCIATION OF MUNICIPAL CORPORATIONS
ASSOCIATION OF MUNICIPAL AND SANITARY ENGINEERS AND SURVEYORS
ASSOCIATION OF ORGANIZING SECRETARIES AND DIRECTORS FOR TECHNICAL EDUCATION
ASSOCIATION OF PRAYER AND WORK FOR COREA [SIC]
ASSOCIATION OF RAILROAD AIR BRAKE MEN
ASSOCIATION OF REVIVERS OF BRITISH INDUSTRY
ASSOCIATION OF SCHOOL BOARDS OF ENGLAND  AND  WALES
ASSOCIATION OF SHEPHERDS
ASSOCIATION OF TEACHERS OF MATHEMATICS FOR THE SOUTH-EASTERN PART OF ENGLAND
ASSOCIATION OF WATER ENGINEERS
ASSOCIATION OF THE FRIENDS OF POLAND
ASSOCIATION OF THE NEW CONNEXION OF GENERAL BAPTISTS
ASSURANCE MEDICAL SOCIETY
ASSURANCE MEDICAL SOCIETY, LONDON
ASSYRIAN MISSION
ASTRO-METEOROLOGICAL SOCIETY
ASTROLOGICAL SOCIETY
ASTRONOMER TO THE MARINE COMMITTEE, MERSEY SOCKS AND HARBOR BOARD
ASTRONOMICAL SOCIETY OF LONDON
ASYLUM OF THE GOOD SHEPHERD
ATHENAEUM SOCIETY
ATHENIAN SOCIETY
ATKINSON LIBRARY, SOUTHPORT
ATKINSON'S PONTEFRACT BOROUGH
ATTIC SOCIETY
AUCTIONEERS' INSTITUTE OF THE UNITED KINGDOM
AUGUSTINE'S COLLEGE
AUGUSTINE'S COLLEGE, CANTERBURY
AULD LICHTS
AUXILARY BIBLE SOCIETY, LEEDS
AUXILIARY BIBLE SOCIETY, STIRLINGSHIRE
AUXILIARY SOCIETY OF HULL
AVICULTURAL SOCIETY
BABLAKE SCHOOL, COVENTRY
BACON SOCIETY
BAILEY-DAYLEY FAMILY ASSOCIATION
BAKERS'  AND  CONFECTIONERS' NATIONAL ASSOCIATION
BAKEWELL AND DISTRICT NATURALISTS' FIELD CLUB
BALHAM AND DISTRICT ANTIQUARIAN AND NATURAL HISTORY SOCIETY
BALLAD SOCIETY
BANBURY CO-OPERATIVE INDUSTRIAL SOCIETY
BANCROFT'S SCHOOL
BAND OF HOPE
BAND OF HOPE UNION
BAND OF KINDNESS
BAND OF MERCY
BAND OF MERCY SOCIETIES
BANGOR NORMAL COLLEGE
BANKERS INSTITUTE
BAPTIST BODY
BAPTIST CONGREGATIONAL [ASSOCIATION] CHURCHES
BAPTIST MISSIONARY SOCIETY
BAPTIST STUDENTS' FRATERNAL UNION
BAPTIST SUNDAY SCHOOL UNION
BAPTIST TOTAL ABSTINENCE ASSOCIATION
BAPTIST TRACT SOCIETY
BAPTIST UNION
BAPTIST UNION OF GREAT BRITAIN AND IRELAND
BARCLAY OBSERVATORY
BARNARD FREEDMEN'S AID SOCIETY OF DORCHESTER
BARNSLEY NATURALISTS' SOCIETY
BARROW NATURALISTS' FIELD CLUB
BARROW NATURALISTS' FIELD CLUB AND LITERARY AND SCIENTIFIC ASSOCIATION
BARROW NATURALISTS' FIELD CLUB AND PHOTOGRAPHIC SOCIETY
BATH AGRICULTURAL SOCIETY.  (1780 - 1806)
BATH ASSOCIATION FOR PROMOTING THE DUE OBSERVANCE OF THE LORD'S DAY
BATH COLLEGE
BATH DISTRICT NATIONAL SCHOOLS
BATH MICROSCOPICAL SOCIETY
BATH NATURAL HISTORY SOCIETY
BATH NATURAL HISTORY AND ANTIQUARIAN FIELD CLUB
BATH PROPRIETARY COLLEGE
BATH REFORMATION SOCIETY
BATH SOCIETY FOR PROMOTING THE PRINCIPLES OF THE REFORMATION
BATH SOCIETY FOR THE SUPPRESSION OF VAGRANTS, STREET-BEGGARS, AND IMPOSTERS
BATH AND WEST SOCIETY
BATH AND WEST AND SOUTHERN COUNTIES SOCIETY
BATH AND WEST OF ENGLAND SOCIETY
BATH AND WEST OF ENGLAND SOCIETY
BATH AND WEST OF ENGLAND SOCIETY AND SOUTH COUNTIES
BATH AND WEST OF ENGLAND SOCIETY AND SOUTHERN COUNTIES ASSOCIATION
BATH AND WEST OF ENGLAND SOCIETY AND SOUTHERN COUNTIES ASSOCIATION FOR THE ENCOURAGEMENT OF AGRICULTURE, ARTS, MANUFACTURES, AND COMMERCE
BATH AND WEST OF ENGLAND SOCIETY FOR THE ENCOURAGEMENT OF AGRICULTURE, ARTS, MANUFACTURES, AND COMMERCE
BATLEY ANTIQUARIAN SOCIETY
BATTERSEA POLYTECHNIC INSTITUTE ATHLETIC AND SOCIAL UNION
BEAMINSTER AND NETHERBURY GRAMMAR SCHOOL
BEAUMARIS GRAMMAR SCHOOL
BEAUMONT COLLEGE
BEAUMONT PARK MUSEUM
BECKENHAM ABSTAINERS' UNION
BEDFORD GRAMMAR SCHOOL
BEDFORD INSTITUTE
BEDFORD LITERARY AND SCIENTIFIC INSTITUTE AND GENERAL LIBRARY
BEDFORD LUNATIC ASYLUM
BEDFORD MODERN SCHOOL
BEDFORDSHIRE ARCHITECTURAL  AND  ARCHAEOLOGICAL SOCIETY
BEDFORDSHIRE ARCHITECTURAL SOCIETY
BEDFORDSHIRE NATURAL HISTORY SOCIETY AND FIELD CLUB
BELFAST NATURAL HISTORY AND PHILOSOPHICAL SOCIETY
BELL'S WEEKLY MAGAZINE OFFICE
BELLE ALLIANCE
BENEFIT SOCIETIES
BENEFIT SOCIETIES
BERKSHIRE ARCHAEOLOGICAL SOCIETY
BERKSHIRE ARCHAEOLOGICAL AND ARCHITECTURAL SOCIETY
BERMONDSEY PARISH
BERMONDSEY SETTLEMENT MAGAZINE
BERWICKSHIRE NATURALIST'S CLUB
BEST BROAD CHURCHMAN
BETHEL FLAG UNION
BETHLEM ROYAL HOSPITAL
BIBLE  AND  PRAYER UNION
BIBLE ADVOCATE COMMITTEE
BIBLE BAND OF BRITAIN
BIBLE CHRISTIAN
BIBLE CLASS MOVEMENT AND PRAYER UNION
BIBLE LANDS MISSION AIDS SOCIETY
BIBLE READING BAND
BIBLE SCIENCE INSTITUTE
BIBLE SOCIETY
BIBLIOGRAPHICAL SOCIETY
BILLIARD ASSOCIATION OF GREAT BRITAIN AND IRELAND, INDIA AND THE COLONIES
BIMETALLIC LEAGUE
BIMETALLIC LEAGUE AND THE GOLD STANDARD DEFENCE ASSOCIATION
BIRKENHEAD AND DISTRICT TEMPERANCE FEDERATION
BIRMINGHAM ARCHAEOLOGICAL SOCIETY
BIRMINGHAM ARCHITECTURAL ASSOCIATION
BIRMINGHAM ASSOCIATION OF MECHANICAL ENGINEERS
BIRMINGHAM BOROUGH LUNATIC ASYLUM
BIRMINGHAM CENTRAL LITERARY ASSOCIATION
BIRMINGHAM CHURCH OF ENGLAND LAY ASSOCIATION
BIRMINGHAM CO-OPERATIVE SOCIETY
BIRMINGHAM HISTORICAL SOCIETY
BIRMINGHAM JEWELLERS' AND SILVERSMITHS' ASSOCIATION
BIRMINGHAM LIBERAL ASSOCIATION
BIRMINGHAM MEDICAL INSTITUTE
BIRMINGHAM NATURAL HISTORY AND MICROSCOPICAL SOCIETY
BIRMINGHAM NATURAL HISTORY AND PHILOSOPHICAL SOCIETY
BIRMINGHAM NATURALISTS' FIELD CLUB
BIRMINGHAM PHILOSOPHICAL SOCIETY
BIRMINGHAM PHOTOGRAPHIC SOCIETY
BIRMINGHAM POLITICAL UNION
BIRMINGHAM PROTESTANT ASSOCIATION
BIRMINGHAM RIFLE CLUB
BIRMINGHAM SCHOOL OF ART
BIRMINGHAM SCRIPTURAL EDUCATION UNION
BIRMINGHAM SPECULATIVE CLUB
BIRMINGHAM STAMP SOCIETY
BIRMINGHAM TRADES COUNCIL
BIRMINGHAM UNIVERSITY
BIRMINGHAM AND MIDLAND ECLECTIC SOCIETY
BIRMINGHAM AND MIDLAND INSTITUTE
BIRMINGHAM AND MOSELEY SOCIETY
BIRMINGHAM AND WARWICKSHIRE ARCHAEOLOGICAL SOCIETY
BIRMINGHAM, MOSELEY AND KING'S HEATH SOCIETY
BISHOP CORFE'S MISSION TO COREA [SIC]
BLACKHEATH ART CLUB
BLACKPOOL CO-OPERATIVE SOCIETY
BLACKPOOL GAZETTE
BLACKWELL AND DISTRICT SCIENTIFIC AND LITERARY SOCIETY
BLAVATSKY LODGE OF THE THEOSOPHICAL SOCIETY
BLOOMSBURY BANK FOR SAVINGS
BLOOMSBURY YOUNG MEN'S CHRISTIAN UNION
BLUNDELL'S SCHOOL
BOARD OF ADMIRALTY IN OBEDIENCE TO HER MAJESTY'S COMMAND
BOARD OF AGRICULTURE
BOARD OF AGRICULTURE AND FISHERIES
BOARD OF EDUCATION
BOARD OF INLAND REVENUE
BOARD OF ORDNANCE
BOARD OF TRADE
BOARD OF THE ADMIRALTY
BODMIN WESLEYAN METHODIST CIRCUIT
BOLANOS MINING COMPANY
BOLTON CO-OPERATIVE SOCIETY
BOLTON GRAMMAR AND HIGH SCHOOL
BOLTON AND DISTRICT CHURCH OF ENGLAND TEMPERANCE SOCIETY
BOND-STREET INSTITUTE
BOOK-BINDERS' PROVIDENT ASYLUM SOCIETY
BOOKBINDERS' CONSOLIDATED UNION
BOOKBINDERS' AND MACHINE RULERS' CONSOLIDATED UNION
BOOTHAM SCHOOL
BOOTHAM SCHOOL NATURAL HISTORY, LITERARY AND POLYTECHNIC SOCIETY
BORDER MEDICAL SOCIETY
BOROUGH POLYTECHNIC INSTITUTE
BOROUGH OF BRADFORD
BOROUGH OF GREENWICH AND WEST KENT BAND OF HOPE UNION
BOTANIC GARDEN SYNDICATE
BOTANICAL CONGRESS . . . LONDON
BOTANICAL EXCHANGE CLUB
BOTANICAL EXCHANGE CLUB OF THE BRITISH ISLES
BOTANICAL LOCALITY RECORD CLUB
BOTANICAL MAGAZINE
BOTANICAL RECORD CLUB
BOTANICAL SOCIETY
BOTANICAL SOCIETY AND EXCHANGE CLUB OF THE BRITISH ISLES
BOTANICAL SOCIETY OF EDINBURGH
BOTANICAL SOCIETY OF LONDON
BOTANICAL SOCIETY OF THE BRITISH ISLES
BOTANICAL AND NATURAL HISTORY SOCIETY
BOURNEMOUTH METEOROLOGICAL SOCIETY
BOURNEMOUTH STUDENTS' ASSOCIATION
BOYS' EMPIRE LEAGUE
BOYS' HOME (DEPTFORD)
BOYS' HOME (SOUTHWARK)
BOYS' ORPHAN HOME
BOYS' PROTESTANT UNION
BOYS' AND GIRLS' REFUGE
BRADFORD  AND  DISTRICT CYCLISTS' UNION
BRADFORD ANTIQUARIAN AND HISTORICAL SOCIETY
BRADFORD HISTORICAL AND ANTIQUARIAN SOCIETY
BRADFORD MICROSCOPICAL SOCIETY, THE.
BRADFORD NATURAL HISTORY SOCIETY
BRADFORD NATURAL HISTORY AND MICROSCOPICAL SOCIETY
BRADFORD PARLIAMENTARY DEBATING SOCIETY
BRADFORD SCIENTIFIC ASSOCIATION
BRADFORD TEMPERANCE SOCIETY
BRADFORD TEXTILE SOCIETY
BRADFORD AND DISTRICT LABOUR UNION
BRENTWOOD FREE GRAMMAR SCHOOL
BRETHREN'S SOCIETY FOR THE FURTHERANCE OF THE GOSPEL
BRETHREN'S SOCIETY; SOCIETY FOR THE FURTHERANCE OF THE GOSPEL
BREWERS' COMPANY
BREWERS' SOCIETY
BRIDEWELL ROYAL HOSPITAL
BRIGHTON COLLEGE
BRIGHTON HEALTH CONGRESS
BRIGHTON SCHOOL
BRIGHTON SOCIETY
BRIGHTON AND HOVE CO-OPERATIVE SUPPLY ASSOCIATION
BRIGHTON AND HOVE NATURAL HISTORY AND PHILOSOPHICAL SOCIETY
BRIGHTON AND SUSSEX MEDICO-CHIRURGICAL SOCIETY
BRIGHTON AND SUSSEX NATURAL HISTORY SOCIETY
BRIGHTON AND SUSSEX NATURAL HISTORY AND PHILOSOPHICAL SOCIETY
BRIGHTON, HOVE AND SUSSEX GRAMMAR SCHOOL
BRISTOL CITY AND COUNTY LUNATIC ASYLUM
BRISTOL ESTABLISHED CHURCH SOCIETY AND BOOK ASSOCIATION
BRISTOL INSTITUTION
BRISTOL MEDICO-CHIRURGICAL SOCIETY
BRISTOL MUSEUM AND REFERENCE LIBRARY
BRISTOL NATURALISTS' SOCIETY
BRISTOL NONCONFORMISTS
BRISTOL ROYAL INFIRMARY
BRISTOL SOCIETY OF THE NEW CHURCH
BRISTOL SUNDAY SOCIETY
BRISTOL TOTAL ABSTINENCE SOCIETY, COMMITTEE OF THE
BRISTOL TYPOGRAPHICAL SOCIETY
BRISTOL AND GLOUCESTERSHIRE ARCHAEOLOGICAL SOCIETY
BRISTOL AND WEST OF ENGLAND ARCHITECTURAL AND HERALDIC SOCIETY
BRISTOL AND WEST OF ENGLAND TEMPERANCE ASSOCIATION
BRISTOL, BATH, WEST OF ENGLAND, AND SOUTH WALES GENERAL EMPLOYMENT AGENCY AND DOMESTIC SERVANTS' REGISTRY
BRITISH AMATEUR PRESS ASSOCIATION
BRITISH ANTI-STATE CHURCH ASSOCIATION
BRITISH ANTI-TOBACCO SOCIETY
BRITISH ARCHAEOLOGICAL ASSOCIATION
BRITISH ARCHAEOLOGICAL ASSOCIATION
BRITISH ARCHAEOLOGICAL SOCIETY
BRITISH ASSOCIATION
BRITISH ASSOCIATION AT CAMBRIDGE
BRITISH ASSOCIATION FOR ASTRAL, CEREBRAL, AND MESMERIC SCIENCE
BRITISH ASSOCIATION FOR PROMOTING CO-OPERATIVE KNOWLEDGE
BRITISH ASSOCIATION FOR THE ADVANCEMENT OF SCIENCE
BRITISH ASSOCIATION FOR THE PROMOTION OF TEMPERANCE
BRITISH ASSOCIATION OF DERMATOLOGY AND SYPHILOGY
BRITISH ASSOCIATION OF ELECTRICIANS
BRITISH ASSOCIATION OF WATERWORKS ENGINEERS
BRITISH ASSOCIATION ON STANDARDS OF ELECTRICAL RESISTANCE
BRITISH ASTRONOMICAL ASSOCIATION
BRITISH BALNEOLOGICAL AND CLIMATOLOGICAL SOCIETY
BRITISH BEE-KEEPERS' ASSOCIATION
BRITISH BERKSHIRE SOCIETY
BRITISH BRYOLOGICAL SOCIETY
BRITISH CHESS ASSOCIATION
BRITISH CHILD-STUDY ASSOCIATION
BRITISH CHRISTIAN INSTITUTE
BRITISH COLLEGE CHRISTIAN UNION
BRITISH COLLEGE OPHTHALMIC OPTICIANS (OPTOMETRISTS)
BRITISH COLLEGE OF HEALTH
BRITISH COMMITTEE OF THE INTERNATIONAL FEDERATION FOR THE ABOLITION OF STATE REGULATION OF VICE
BRITISH CONSTABULARY
BRITISH DAIRY FANCIER'S ASSOCIATION
BRITISH DAIRY FARMERS' ASSOCIATION
BRITISH DEAF-MUTE BUREAU
BRITISH DENTAL ASSOCIATION
BRITISH DOMINIONS EMIGRATION SOCIETY
BRITISH ECOLOGICAL SOCIETY
BRITISH ECONOMIC ASSOCIATION
BRITISH EMPIRE LEAGUE
BRITISH FEDERATED SOCIETY
BRITISH FIELD CLUB
BRITISH FIRE PREVENTION COMMITTEE
BRITISH FIRE SERIVCE
BRITISH FOUNDRYMEN'S ASSOCIATION
BRITISH FREELAND ASSOCIATION
BRITISH GEOLOGICAL SURVEY
BRITISH GOAT SOCIETY
BRITISH GYNAECOLOGICAL SOCIETY
BRITISH HOMOEOPATHIC SOCIETY
BRITISH HOROLOGICAL INSTITUTE
BRITISH INDIA SOCIETY
BRITISH INSTITUTE OF PREVENTIVE MEDICINE
BRITISH INSTITUTE OF PUBLIC HEALTH
BRITISH INSTITUTE OF RADIOLOGY
BRITISH IRON TRADE ASSOCIATION
BRITISH IRON AND STEEL TRADE ASSOCIATION
BRITISH LARYNGOLOGICAL RHINOLOGICAL AND OTOLOGICAL ASSOCIATION
BRITISH LARYNGOLOGICAL AND RHINOLOGICAL ASSOCIATION
BRITISH LARYNGOLOGICAL, RHINOLOGICAL AND OTOLOGICAL ASSOCIATION
BRITISH LEAGUE
BRITISH LIBRARY
BRITISH LIBRARY UNION
BRITISH LITERARY UNION
BRITISH MEDICAL ASSOCIATION
BRITISH MEDICAL BENEVOLENT FUND
BRITISH MEDICAL TEMPERANCE ASSOCIATION
BRITISH MEDICO-CHIRURGICAL SOCIETY
BRITISH METEOROLOGICAL SOCIETY
BRITISH MUSEUM
BRITISH MUSEUM AND REFERENCE LIBRARY
BRITISH MUSICAL AND DRAMATIC INSTITUTE
BRITISH MYCOLOGICAL SOCIETY
BRITISH NATIONAL VETERINARY CONGRESS
BRITISH OPTICAL ASSOCIATION
BRITISH ORNITHOLOGISTS' CLUB
BRITISH ORNITHOLOGISTS' UNION
BRITISH ORTHOPEDIC SOCIETY
BRITISH PHARMACEUTICAL CONFERENCE
BRITISH PHARMACEUTICAL CONGRESS
BRITISH PHRENOLOGICAL ASSOCIATION
BRITISH POMOLOGICAL SOCIETY
BRITISH RAILWAYS TEMPERANCE UNION
BRITISH RECORD SOCIETY
BRITISH RED CROSS SOCIETY
BRITISH REFORMATION SOCIETY
BRITISH SAILORS' SOCIETY
BRITISH SCHOOL AT ATHENS
BRITISH SCHOOL OF ARCHAELOGY IN EGYPT
BRITISH SCHOOL OF ART
BRITISH SCIENTIFIC ASSOCIATION
BRITISH SOCIALIST PARTY
BRITISH SOCIETY FOR PROMOTING THE RELIGIOUS PRINCIPLES OF THE REFORMATION
BRITISH SOCIETY FOR THE PROPAGATION OF THE BIBLE AMONG THE JEWS
BRITISH SOCIETY FOR THE PROPAGATION OF THE GOSPEL AMONG THE JEWS
BRITISH SOCIETY OF MINING STUDENTS
BRITISH STUDENT'S ESTABLISHMENT
BRITISH TEMPERANCE LEAGUE
BRITISH TEMPERANCE SOCIETY
BRITISH TYPOGRAPHIA
BRITISH UNION FOR THE ABOLITION OF VIVISECTION
BRITISH VETERINARY ASSOCIATION
BRITISH WOMEN'S TEMPERANCE ASSOCIATION
BRITISH AND FOREIGN ABORIGINES PROTECTION SOCIETY
BRITISH AND FOREIGN ANTI-SLAVERY SOCIETY
BRITISH AND FOREIGN AUTHORITIES
BRITISH AND FOREIGN BIBLE SOCIETY
BRITISH AND FOREIGN CORRESPONDENCE ASSOCIATION
BRITISH AND FOREIGN INSTITUTE
BRITISH AND FOREIGN SAILOR'S SOCIETY
BRITISH AND FOREIGN SAILORS' SOCIETY
BRITISH AND FOREIGN SCHOOL SOCIETY
BRITISH AND FOREIGN SEAMAN'S SOCIETY
BRITISH AND FOREIGN SEAMEN'S FRIEND SOCIETY AND BETHEL UNION
BRITISH AND FOREIGN TEMPERANCE SOCIETY
BRITISH AND FOREIGN UNITARIAN ASSOCIATION
BRITISH AND FOREIGN YOUNG MEN'S SOCIETY
BRITISH AND IRISH LADIES' SOCIETY
BRITISH AND WEST INDIAN ALLIANCE
BRITISH, CONTINENTAL AND GENERAL FEDERATION FOR THE ABOLITION OF STATE REGULATION OF VICE
BRITISH-ISRAEL WORLD FEDERATION
BROAD CHURCHMEN
BROADMOOR CRIMINAL LUNATIC ASYLUM
BROADSTAIRS AND ST. PETER'S RATEPAYERS ASSOCIATION  AND  CHAMBER OF COMMERCE
BROMLEY BRANCH OF THE SOCIAL-DEMOCRATIC FEDERATION
BRONTÎ SOCIETY
BROTHERHOOD OF POETS
BROWNING SOCIETY
BUCKINGHAM ARCHAEOLOGICAL SOCIETY
BUCKINGHAMSHIRE COUNTY LUNATIC ASYLUM
BUCKS ARCHAEOLOGICAL SOCIETY
BUFFS
BUILDING SOCIETY
BUILDING TRADES FEDERATION
BURDETT'S HOSPITALS AND CHARITIES
BURNLEY EQUITABLE CO-OPERATIVE SOCIETY
BURNLEY LITERARY AND SCIENTIFIC SOCIETY
BURTON-ON-TRENT NATURAL HISTORY AND ARCHAEOLOGICAL SOCIETY
BURY  AND  WEST SUFFOLK ARCHAEOLOGICAL INSTITUTE
BURY DISTRICT CO-OPERATIVE SOCIETY
BURY NATURAL HISTORY SOCIETY
BURY SAINT EDMUNDS, MUNICIPAL INSTITUTIONS, CORPORATION
CAERLEON ANTIQUARIAN ASSOCIATION
CAGE BIRD CLUB
CALEDONIAN SOCIETY OF LONDON
CALVIN TRANSLATION SOCIETY
CALVINIST METHODIST CHURCH OF WALES
CAMBORNE SCHOOL OF MINES
CAMBRIAN ARCHAEOLOGICAL ASSOCIATION
CAMBRIAN INSTITUTE
CAMBRIDGE ANALYTICAL SOCIETY
CAMBRIDGE ANTIQUARIAN SOCIETY
CAMBRIDGE APOSTLES
CAMBRIDGE APPOINTMENTS ASSOCIATION
CAMBRIDGE CAMDEN SOCIETY
CAMBRIDGE CONVERSAZIONE SOCIETY
CAMBRIDGE MEDICAL SOCIETY
CAMBRIDGE MISSION FOR THE PREVENTION OF VICE IN YOUNG WOMEN
CAMBRIDGE MISSION TO DELHI, NORTH INDIA
CAMBRIDGE OBSERVATORY
CAMBRIDGE PHILOLOGICAL SOCIETY
CAMBRIDGE PHILOSOPHICAL SOCIETY
CAMBRIDGE UNION SOCIETY
CAMBRIDGE UNIVERSITY
CAMBRIDGE UNIVERSITY ASSOCIATION OF BRASS COLLECTORS
CAMBRIDGE UNIVERSITY OBSERVATORY
CAMBRIDGE YOUTHS' CLUB
CAMBRIDGE, ENGLAND UNIVERSITY ASTRONOMICAL OBSERVATORY
CAMBRIDGESHIRE AND HUNTINGDONSHIRE ARCHAEOLOGICAL SOCIETY
CAMBRIDGESHIRE AND ISLE OF ELY FARMER'S ASSOCIATION
CAMBRIDGESHIRE, ISLE OF ELY AND BOROUGH OF CAMBRIDGE LUNATIC ASYLUM
CAMDEN SOCIETY
CAMERA CLUB
CAMP HILL GRAMMAR SCHOOL
CAMP-MEETING METHODISTS OR RANTERS OR PRIMITIVE METHODISTS
CANNING TOWN, EAST LONDON
CANOE CLUB
CANTERBURY ASSOCIATION FOR FOUNDING A SETTLEMENT IN NEW ZEALAND
CANTERBURY DIOCESAN CHURCH BUILDING SOCIETY
CANTERBURY DIOCESAN SUNDAY SCHOOL TEACHERS' ASSOCIATION
CANTERBURY MUSEUM
CANTERBURY PHILOSOPHICAL AND LITERARY ASSOCIATION
CANTERBURY PHILOSOPHICAL AND LITERARY INSTITUTION
CANTERBURY SOLDIERS' AND SAILORS' INSTITUTE
CAPE GENERAL MISSION
CAPE OBSERVATORY
CAPE OF GOOD HOPE OBSERVATORY
CARADOC FIELD CLUB FOR THE STUDY OF NATURAL HISTORY IN SHROPSHIRE
CARADOC AND SEVERN VALLEY FIELD CLUB
CARDIFF EVANGELISTIC MOVEMENT
CARDIFF NATURALISTS' SOCIETY
CARDIFF SOCIALIST PARTY
CARLISLE CONSERVATIVE COMMITTEE
CARLISLE DEMOCRATIC ASSOCIATION
CARLISLE GRAMMAR SCHOOL
CARLISLE SCIENTIFIC AND LITERARY SOCIETY AND FIELD NATURALISTS' CLUB
CARR'S LANE CONGREGATIONAL CHURCH
CARRICKFERGUS AND KILLROOT AGRICULTURAL SOCIETY
CARVERS AND GUILDERS, PICTURE FRAMERS, PRINTSELLERS, AND FINE ART REPOSITORY
CAT CLUB
CATERHAM SCHOOL
CATHEDRAL SCHOOL
CATHOLIC ASSOCIATION
CATHOLIC ASSOCIATION OF IRELAND
CATHOLIC CHURCH OF ENGLAND
CATHOLIC COLLEGES UPON SECONDARY EDUCATION
CATHOLIC INDUSTRIAL DEMOCRACY
CATHOLIC INSTITUTE
CATHOLIC INSTITUTE OF GREAT BRITAIN
CATHOLIC POOR-SCHOOL COMMITTEE
CATHOLIC TRUTH SOCIETY
CATHOLIC UNION OF GREAT BRITAIN
CATHOLIC UNIVERSITY OF IRELAND
CATHOLICON PRESS
CATTON, SPROWSTON  AND DISTRICT HORTICULTURAL SOCIETY
CAVE HOUSE SCHOOL
CAVENDISH SOCIETY
CAXTON SOCIETY
CELTIC SOCIETY
CENTRAL AFRICAN MISSION
CENTRAL AGENCY FOR ADVERTISEMENTS
CENTRAL AGRICULTURAL SOCIETY
CENTRAL BOARD OF HEALTH
CENTRAL BUREAU FOR THE EMPLOYMENT OF WOMEN
CENTRAL CHAMBER OF AGRICULTURE
CENTRAL CONFERENCE OF WOMEN WORKERS
CENTRAL DEBATING SOCIETY
CENTRAL DISCHARGED PRISONERS' AID SOCIETY
CENTRAL LONDON THROAT, NOSE AND EAR HOSPITAL
CENTRAL NATIONAL SOCIETY FOR WOMEN'S SUFFRAGE (ASSOCIATED)
CENTRAL PATHOLOGICAL LABORATORY OF THE LONDON COUNTY MENTAL HOSPITALS ETC
CENTRAL SCHOLASTIC AND GENERAL SUPPLY ASSOCIATION
CENTRAL SOCIETY FOR HIGHER RELIGIOUS EDUCATION
CENTRAL SOCIETY FOR WOMEN'S SUFFRAGE
CENTRAL SOCIETY OF EDUCATION
CENTRAL SOCIETY OF SACRED STUDY
CENTRAL SUDAN MISSION
CENTRAL TEMPERANCE ASSOCIATION
CENTRAL AND EAST OF ENGLAND SOCIETY FOR WOMEN'S SUFFRAGE
CENTURY GUILD OF ARTISTS
CEYLON AND INDIAN GENERAL MISSION
CHAIN MAKERS' TRADES' UNION
CHAMBER OF AGRICULTURE
CHAMBER OF COMMERCE AND MANUFACTURES AT MANCHESTER
CHARING CROSS HOSPITAL
CHARITABLE SOCIETY FOR RELIEVING THE SICK AND NEEDY
CHARITY ORGANISATION SOCIETY
CHARTERED ACCOUNTANTS OF SCOTLAND
CHARTERED AUCTIONEERS' AND ESTATE AGENTS' INSTITUTE
CHARTERED INSTITUTE OF PATENT AGENTS
CHARTERED INSTITUTE OF SECRETARIES
CHARTERED INSTITUTE OF SECRETARIES OF JOINT STOCK COMPANIES
CHARTERED INSTITUTE OF SECRETARIES OF JOINT STOCK COMPANIES AND OTHER PUBLIC BODIES
CHARTERED INSURANCE INSTITUTE
CHARTERHOUSE SCHOOL
CHARTIST ORGANISATION OF FERGUS O'CONNOR
CHATHAM GARRISON
CHATHAM AND DISTRICT TRADES AND LABOUR COUNCIL
CHAUCER SOCIETY
CHELSEA ATHENAEUM
CHELTENHAM EXPRESS
CHELTENHAM PUBLIC LIBRARY COMMITTEE
CHELTENHAM WORKING MEN'S COLLEGE
CHEMICAL SOCIETY
CHEMICAL SOCIETY OF LONDON
CHEMIST AND DRUGGIST
CHEMISTS' ASSISTANTS' ASSOCIATION
CHEMISTS, AERATED  AND  MINERAL WATERS' ASSOCIATION
CHESHIRE LUNATIC ASYLUM
CHESTER ARCHAEOLOGICAL SOCIETY
CHESTER ARCHAEOLOGICAL AND HISTORIC SOCIETY
CHESTER ARCHITECTURAL, ARCHAEOLOGICAL, AND HISTORIC SOCIETY
CHESTER ART SCHOOL
CHESTER SOCIETY OF NATURAL SCIENCE
CHESTER SOCIETY OF NATURAL SCIENCE AND LITERATURE
CHESTER SOCIETY OF NATURAL SCIENCE, LITERATURE AND ART
CHESTER AND NORTH WALES ARCHITECTURAL, ARCHÊOLOGICAL AND HISTORIC SOCIETY
CHESTERFIELD AND DERBYSHIRE INSTITUTE OF MINING, CIVIL AND MECHANICAL ENGINEERS
CHESTERFIELD AND MIDLAND COUNTIES INSTITUTE OF ENGINEERS
CHETHAM SOCIETY
CHICHESTER AND WEST SUSSEX NATURAL HISTORY AND MICROSCOPICAL SOCIETY
CHIEF INSPECTOR
CHIEF INSPECTOR, HOME OFFICE
CHIGWELL SCHOOL
CHILDREN OF MARY
CHILDREN OF MARY OF GREAT BRITAIN
CHILDREN'S EVANGELISTIC MISSION
CHILDREN'S EVANGELISTIC MISSION, AND SCRIPTURE, PRAYER, AND WORK UNION
CHILDREN'S HOME AND THE DEACONESS MOVEMENT
CHILDREN'S SPECIAL SERVICE MISSION
CHINA ASSOCIATION
CHINA INLAND MISSION
CHINESE BIBLE WOMAN'S MISSION
CHINESE CUSTOMS EPITOME
CHINESE EVANGELIZATION SOCIETY
CHIROLOGICAL SOCIETY
CHISWICK PRESS
CHOIR AND MUSICAL RECORD
CHORAL AND ORCHESTRAL UNION OF GLASGOW
CHORLEY CO-OPERATIVE SOCIETY
CHORLTON PHOTOGRAPHIC ASSOCIATION
CHORLTON ROAD CONGREGATIONAL CHURCH
CHOVEVI ZION ASSOCIATION
CHRIST CHURCH (ASTON)
CHRIST CHURCH (MANCHESTER)
CHRIST CHURCH SOCIETY
CHRIST'S COLLEGE
CHRIST'S HOSPITAL
CHRISTIAN
CHRISTIAN BOND OF BROTHERHOOD
CHRISTIAN CABINET
CHRISTIAN ENDEAVOUR COUNCIL
CHRISTIAN ENDEAVOUR MOVEMENT
CHRISTIAN ENDEAVOUR UNION
CHRISTIAN ENDEAVOUR UNION OF GREAT BRITAIN AND IRELAND
CHRISTIAN ERA BIBLE AND PRAYER UNION
CHRISTIAN EVIDENCE SOCIETY
CHRISTIAN INSTRUCTION SOCIETY
CHRISTIAN KINGDOM SOCIETY
CHRISTIAN KNOWLEDGE SOCIETY
CHRISTIAN LITERATURE SOCIETY FOR CHINA
CHRISTIAN LITERATURE SOCIETY FOR INDIA
CHRISTIAN MISSION
CHRISTIAN POST OFFICE ASSOCIATION
CHRISTIAN SOCIAL UNION
CHRISTIAN SOCIAL UNION LONDON BRANCH
CHRISTIAN SOCIALIST MOVEMENT
CHRISTIAN SOCIALIST SOCIETY
CHRISTIAN SOCIETY
CHRISTIAN VERNACULAR EDUCATION SOCIETY
CHRISTIAN WORKERS' MISSION
CHRONOLOGICAL INSTITUTE OF LONDON
CHRONOLOGICAL AND ASTRONOMICAL ASSOCIATION
CHRYSTALLOGICAL SOCIETY
CHURCH ASSOCIATION
CHURCH BUILDING SOCIETY
CHURCH CHOIR GUILD
CHURCH COMMITTEE FOR CHURCH DEFENCE AND CHURCH INSTRUCTION
CHURCH DEFENCE INSTITUTION
CHURCH EMIGRATION SOCIETY
CHURCH EXTENSION ASSOCIATION
CHURCH GUILDS UNION
CHURCH HOMILETICAL SOCIETY
CHURCH INSTITUTION
CHURCH LADS' BRIGADE
CHURCH MISSIONARY SOCIETY
CHURCH MISSIONARY SOCIETY FOR AFRICA AND THE EAST
CHURCH PASTORAL AID SOCIETY
CHURCH PENITENTIARY ASSOCIATION
CHURCH REFORM LEAGUE
CHURCH REFORM SOCIETY
CHURCH SANITARY ASSOCIATION
CHURCH SOCIETY FOR THE PROMOTION OF KINDNESS TO ANIMALS
CHURCH ST MARY THE VIRGIN (OLD HUNSTANTON)
CHURCH SUNDAY SCHOOL UNION
CHURCH TEACHERS' UNION
CHURCH UNION
CHURCH AND SCHOOL GAZETTE
CHURCH OF ALL SAINTS (CHELTENHAM)
CHURCH OF ALL SAINTS (FALMOUTH)
CHURCH OF ALL SAINTS (MARAZION)
CHURCH OF ENGLAND
CHURCH OF ENGLAND
CHURCH OF ENGLAND ASSURANCE INSTITUTION
CHURCH OF ENGLAND BOOK-HAWKING UNION
CHURCH OF ENGLAND CENTRAL SOCIETY FOR PROVIDING HOMES FOR WAIFS AND STRAYS
CHURCH OF ENGLAND DEANERY OF BLOFIELD
CHURCH OF ENGLAND DIOCESE OF CARLISLE
CHURCH OF ENGLAND DIOCESE OF SOUTHWELL
CHURCH OF ENGLAND HIGH SCHOOL FOR GIRLS
CHURCH OF ENGLAND LEAGUE
CHURCH OF ENGLAND MISSION TO COREA [SIC]
CHURCH OF ENGLAND NORTH CHINA MISSION ASSOCIATION
CHURCH OF ENGLAND PROTECTION SOCIETY
CHURCH OF ENGLAND PURITY SOCIETY
CHURCH OF ENGLAND SCHOOL SOCIETY FOR NEWFOUNDLAND AND THE COLONIES
CHURCH OF ENGLAND SCRIPTURE READERS' ASSOCIATION
CHURCH OF ENGLAND SOCIETY
CHURCH OF ENGLAND SOLDIERS' INSTITUTES ASSOCIATION
CHURCH OF ENGLAND SUNDAY SCHOOL INSTITUTE
CHURCH OF ENGLAND TEMPERANCE BENEFIT SOCIETY
CHURCH OF ENGLAND TEMPERANCE SOCIETY
CHURCH OF ENGLAND TOTAL ABSTINENCE SOCIETY
CHURCH OF ENGLAND WOMAN'S HELP SOCIETY
CHURCH OF ENGLAND WOMEN'S MISSIONARY SOCIETY
CHURCH OF ENGLAND WORKING MEN'S SOCIETY
CHURCH OF ENGLAND YORK, GENERAL LITERATURE COMMITTEE
CHURCH OF ENGLAND YOUNG MEN'S SOCIETY
CHURCH OF ENGLAND YOUNG MEN'S SOCIETY (NORWICH)
CHURCH OF ENGLAND ZENANA MISSIONARY SOCIETY
CHURCH OF ENGLAND AND IRELAND REFORMATION SOCIETY
CHURCH OF ENGLAND, THE MEMBERS OF THE
CHURCH OF HUMANITY
CHURCH OF IRELAND
CHURCH OF LONDON
CHURCH OF ROME
CHURCH OF SCOTLAND
CHURCH OF SCOTLAND
CHURCH OF ST. JOHN THE BAPTIST (HARROW)
CHURCH OF THE HOLY TRINITY (WORTHING)
CHURCH OF THE NEW JERUSALEM
CHURCH OF THE SAVIOUR
CHURCH OF THE UNITED BRETHREN
CHURCHES OF CHRIST IN GREAT BRITAIN AND IRELAND
CHURCHES OF CHRIST IN SCOTLAND
CITY LIFE ASSURANCE CO
CITY LUNATIC ASYLUM AT STONE
CITY WAITERS' PROVIDENT SOCIETY
CITY YOUNG MEN'S ASSOCIATION
CITY AND GUILDS OF LONDON INSTITUTE
CITY OF LONDON
CITY OF LONDON BIBLE CLASS UNION
CITY OF LONDON CHESS CLUB
CITY OF LONDON COLLEGE SCIENCE SOCIETY
CITY OF LONDON ENTOMOLOGICAL  AND  NATURAL HISTORY SOCIETY
CITY OF LONDON LITERARY CLUB
CITY OF LONDON LITERARY AND SCIENTIFIC INSTITUTION
CITY OF LONDON TRADE PROTECTION SOCIETY
CITY OF LONDON AND WESTERN LITERARY AND SCIENTIFIC INSTITUTIONS
CITY OF NORWICH, COURTS AND YARDS COMMITTEE
CITY OF PERTH CO-OPERATIVE SOCIETY
CIVIL PROTECTION FORCES OF THE UNITED KINGDOM
CIVIL SERVICE
CIVIL SERVICE COMMISSIONERS
CIVIL SERVICE SUPPLY ASSOCIATION
CIVIL AND MECHANICAL ENGINEERS' SOCIETY
CLAPTON AND DARENTH ASYLUMS FOR IMBECILE CHILDREN
CLARE COLLEGE
CLARK'S CIVIL SERVICE COLLEGE
CLASSICAL ASSOCIATION
CLERKS OF WORKS ASSOCIATION
CLERKS OF WORKS ASSOCIATION OF GREAT BRITAIN
CLEVELAND LITERARY AND PHILOSOPHICAL SOCIETY
CLEWER HOUSE SCHOOL
CLIFTON ANTIQUARIAN CLUB
CLIFTON COLLEGE
CLIFTON COLLEGE SCIENTIFIC SOCIETY
CLIFTON SOCIETY
CLIMBERS' CLUB
CLINICAL HOSPITAL
CLINICAL HOSPITAL FOR THE DISEASES OF CHILDREN
CLINICAL SOCIETY
CLINICAL SOCIETY OF LONDON
CLUB
CLUB AND INSTITUTE UNION
CLYDESDALE HORSE SOCIETY OF GREAT BRITAIN AND IRELAND
CO-OPERATIVE CONGRESS
CO-OPERATIVE PRINTING SOCIETY
CO-OPERATIVE PRODUCTIVE FEDERATION LTD
CO-OPERATIVE SOCIETY
CO-OPERATIVE UNION
CO-OPERATIVE WHOLESALE SOCIETY LIMITED
COAL AND CORN COMMITTEE
COASTGUARD BENEVOLENT FUND
COBBETT CLUB OF LONDON
COBDEN CLUB
COFFEE TAVERN PROTECTION SOCIETY
COLCHESTER SOCIETY OF THE NEW CHURCH
COLD STORAGE AND ICE ASSOCIATION
COLEBROOKE ROWING CLUB
COLFE'S GRAMMAR SCHOOL, LEWISHAM
COLLEGE SHAKESPEARE SOCIETY
COLLEGE FOR BLIND SONS OF GENTLEMEN
COLLEGE OF DENTISTS OF ENGLAND
COLLEGE OF PHYSICIANS
COLLEGE OF PRECEPTORS
COLLEGE OF PSYCHIC STUDIES
COLLEGE OF S. PETER, RADLEY
COLLEGE OF STATE MEDICINE, LONDON
COLNEY HATCH COUNTY LUNATIC ASYLUM
COLONIAL BISHOPRICS FUND
COLONIAL CHURCH AND SCHOOL SOCIETY
COLONIAL COLLEGE
COLONIAL MISSIONARY SOCIETY
COLONIAL OFFICE
COLONIAL SCHOOL SOCIETY
COLONIAL TRAINING SCHOOL OF INDUSTRY
COLONIAL AND CONTINENTAL CHURCH SOCIETY
COLUMBUS HORTICULTURAL SOCIETY
COLYTON PARISH CHURCH
COMMERCIAL TRAVELLERS' CHRISTIAN ASSOCIATION
COMMISSION FOR BUILDING NEW CHURCHES
COMMISSIONERS APPOINTED FOR ENQUIRING INTO THE COURTS OF JUSTICE IN SCOTLAND
COMMISSIONERS FOR ADMINISTERING THE LAWS FOR RELIEF OF THE POOR IN IRELAND
COMMISSIONERS IN LUNACY
COMMISSIONERS IN LUNACY FOR SCOTLAND
COMMISSIONERS OF HER MAJESTY'S TREASURY
COMMISSIONERS OF INLAND REVENUE
COMMISSIONERS OF INLAND REVENUE AND THE LAW SOCIETY
COMMISSIONERS OF NAVAL ENQUIRY
COMMISSIONERS OF THE PUBLIC RECORDS OF THE KINGDOM
COMMITTE FOR  THE ABOLITION OF SLAVERY
COMMITTEE FOR THE AFFAIRS OF THE ESTATE OF THE TRUSTEES OF THE LIVERPOOL DOCKS
COMMITTEE FOR THE SURVEY OF THE MEMORIALS OF GREATER LONDON
COMMITTEE OF COUNCIL ON EDUCATION
COMMITTEE OF POOR LAW CONFERENCES
COMMITTEE OF PRACTICAL SURVEYORS, ENGINEERS, AND ARCHITECTS, OF MUCH EXPERIENCE AND IN ACTIVE EMPLOYMENT
COMMITTEE OF THE CHURCH CONGRESS
COMMITTEE OF THE HERD BOOK
COMMITTEE OF THE LEAGUE OF SOCIAL PROGRESS
COMMITTEE OF THE LIVERPOOL HEALTH OF TOWNS
COMMITTEE OF THE ROYAL MUSEUM AND LIBRARY, PEEL PARK
COMMITTEE OF THE SCHOOLS OF SCIENCE AND ART
COMMITTEE OF THE STOCK EXCHANGE
COMMITTEES OF THE GENERAL ASSEMBLY
COMMON LODGING HOUSE MISSION
COMMON PLEAS DIVISION
COMMONWEALTH INSTITUTE
COMMONWEALTH AND CONTINENTAL CHURCH SOCIETY
COMMUNIST CHURCH
COMMUNITARIAN SCHOOL OF SOCIETARIAN REFORMERS
COMPANIES' GUARDIAN SOCIETY LTD
COMPETITION HELP LEAGUE
CONCHOLOGICAL SOCIETY OF GREAT BRITAIN
CONCHOLOGICAL SOCIETY OF GREAT BRITAIN AND IRELAND
CONFERENCE OF LIBRARIANS
CONFERENCE ON LABOUR REPRESENTATION
CONGREGATIONAL BOARD OF EDUCATION
CONGREGATIONAL BODY
CONGREGATIONAL CHURCH-AID AND HOME MISSIONARY SOCIETY
CONGREGATIONAL TOTAL ABSTINENCE SOCIETY
CONGREGATIONAL UNION OF ENGLAND AND WALES
CONGRES INTERNATIONAL D'HYGIENE ET DI DEMOGRAPHIE
CONGRES INTERNATIONAL D'OTOLOGIE ET DE LARYNGOLOGIE
CONGRES INTERNATIONAL DE DERMATOLOGIE ET DE SYPHILOGRAPHIE
CONGRES INTERNATIONAL DE STATISTIQUE
CONGRES MEDICAL INTERNATIONAL
CONGRES PERIODIQUE INTERNATIONAL D'OPTHALMOLOGIE
CONGRESS AND THE PARLIAMENTARY COMMITTEE
CONGRESS OF ARCHAEOLOGICAL SOCIETIES
CONGRESS OF CHAMBER OF COMMERCE OF THE EMPIRE
CONGRESS OF THE TRADES UNIONS
CONGRËS GÈOLOGIQUE INTERNATIONAL
CONSERVATIVE PARTY
CONSERVATIVE AND LIBERAL UNIONIST LEADERS OF THE DEWSBURY, MORLEY, AND SPEN VALLEY PARLIAMENTARY ELECTORAL DIVISION
CONSERVATIVE AND UNIONIST PARTY
CONTINENTAL CHURCH SOCIETY
CONVOCATION OF THE PROVINCE OF CANTERBURY
CONVOCATION OF THE PROVINCE OF YORK
COPARTNERSHIP TENANT'S COUNCIL
COPE'S TOBACCO PLANT
COPERNICAN METEOROLOGICAL SOCIETY
CORAL MISSION SCHOOLS
CORDWAINERS' GENERAL MUTUAL ASSISTANCE ASSOCIATION
CORK CUVIERIAN SOCIETY
CORK HERALD OFFICE
CORK HISTORICAL  AND  ARCHÊOLOGICAL SOCIETY
CORK INSTITUTION
CORK UNIVERSITY COLLEGE
CORN TRADE NEWS
CORNWALL AUXILIARY BIBLE SOCIETY
CORNWALL COUNTY COUNCIL
CORNWALL LITERARY PHILOSOPHICAL INSTITUTION
CORNWALL LUNATIC ASYLUM
CORNWALL MEDICAL ASSOCIATION
CORNWALL POLYTECHNIC SOCIETY
CORPORATION OF LIVERPOOL
CORPORATION OF S.S. MARY AND NICOLAS
CORPORATION OF THE CHURCH HOUSE
CORPS OF COMMISSIONAIRES
CORPS OF ROYAL ENGINEERS
CORPUS CHRISTI COLLEGE
COSMOPOLITAN PRESS
COTSWOLD NATURALISTS' FIELD CLUB
COTSWORLD SHEEP SOCIETY
COTTAGE IMPROVEMENT SOCIETY FOR NORTH NORTHUMBERLAND
COTTESWOLD NATURALISTS' CLUB
COTTESWOLD NATURALISTS' FIELD CLUB
COTTON SUPPLY ASSOCIATION
COUNCIL OF FRIENDS
COUNCIL OF LAW REPORTING FOR ENGLAND AND WALES
COUNCIL OF LEGAL EDUCATION
COUNCIL OF THE BAPTIST UNION OF GREAT BRITAIN
COUNCIL OF THE BRITISH EMPIRE LEAGUE
COUNCIL OF THE CORPORATION OF FOREIGN BONDHOLDERS
COUNCIL OF THE EVANGELICAL FREE CHURCH OF BIRMINGHAM
COUNCIL OF THE MIDLAND INSTITUTE
COUNCIL OF THE UNITED SERVICE INSTITUTION
COUNTESS OF HUNTINGDON'S CONNEXION
COUNTRY BREWERS' SOCIETY
COUNTRY GENTLEMAN'S ASSOCIATION
COUNTRY GENTLEMEN'S ASSOCIATION
COUNTY COUNCILS ASSOCIATION
COUNTY COUNCILS OF NORTHUMBERLAND AND DURHAM
COUNTY INTERMEDIATE SCHOOL
COUNTY [CORNWALL  AND  DEVON] ASSOCIATION
COUNTY OF ESSEX
COUNTY OF ESSEX TECHNICAL INSTRUCTION COMMITTEE
COUNTY OF LANCASHIRE
COUNTY OF LEICESTER
COUNTY OF MIDDLESEX NATURAL HISTORY AND SCIENCE SOCIETY
COUPLAND STREET PRESBYTERIAN CHURCH
COURT OF COMMON COUNCIL
COVENTRY GRAMMAR SCHOOL: KING HENRY VIII SCHOOL
COVENTRY PERSEVERENCE CO-OPERATIVE SOCIETY
COWLEY-WANTAGE MISSION
CREMATION SOCIETY
CREMATION SOCIETY OF ENGLAND
CREMATION SOCIETY OF GREAT BRITAIN
CRICHTON ROYAL INSTITUTION FOR LUNATICS
CROYDEN PUBLIC LIBRARIES
CROYDON CHURCH INSTITUTE
CROYDON INSTITUTION FOR TRAINED NURSES
CROYDON MICROSCOPICAL CLUB
CROYDON MICROSCOPICAL AND NATURAL HISTORY CLUB
CROYDON NATURAL HISTORY AND SCIENTIFIC SOCIETY
CROYDON, PARISH OF
CRYSTALLOLOGICAL SOCIETY
CULHAM COLLEGE ASSOCIATION
CUMBERLAND (AND WESTMORLAND) ASSOCIATION FOR THE ADVANCEMENT OF LITERATURE AND SCIENCE
CUMBERLAND ASSOCIATION FOR THE ADVANCEMENT OF LITERATURE AND SCIENCE
CUMBERLAND TEMPERANCE UNION
CUMBERLAND AND WESTMORLAND ANTIQUARIAN AND ARCHAEOLOGICAL SOCIETY
CUMBERLAND AND WESTMORLAND FARM SCHOOL
CUMBERLAND, DURHAM AND NORTHUMBERLAND COUNTY COUNCILS
CUPID LEAGUE
CURRIE SCHOOLS
CUSTOMS AND EXCISE DEPARTMENT STATISTICAL OFFICE
CYCLE ENGINEERS' INSTITUTE
CYCLISTS' GYMKHANA UNION
CYCLISTS' TOURING CLUB
CYMDEITHAS DDARLLEN GENEDLAETHOL
CYMMRODORION SOCIETY
CYMMRODORION SOCIETY OF LONDON
CYPRUS SOCIETY
DAISY SOCIETY
DAME ALLAN'S BOYS' SCHOOL
DAMIEN INSTITUTE
DANE HILL SCHOOL
DANEHILL PARISH HISTORICAL SOCIETY
DANTE SOCIETY
DARTMOOR PRESERVATION ASSOCIATION
DAVENPORT ACADEMY OF NATURAL SCIENCES
DEACONESS INSTITUTION FOR THE DIOCESES OF ROCHESTER AND SOUTHWARK
DECIMAL ASSOCIATION
DECORATIVE ART SOCIETY
DEMOCRATIE UNIVERSELLE
DENOMINATION'S AGED MINISTERS FUND
DENSTONE ST. CHAD'S COLLEGE
DENTAL STUDENTS' SOCIETY
DEPARTMENT OF AGRICULTURE
DEPOT FOR THE ENGLISH AND AMERICAN LITERATURE OF SCRIPTURAL HOLINESS
DEPOT FOR THE ENGLISH AND AMERICAN LITERATURE OF THE HIGHER CHRISTIAN LIFE
DEPOT FOR THE LITERATURE OF SCRIPTURAL HOLINESS
DEPUTY MASTER AND COMPTROLLER OF THE MINT
DEPUTY MASTER OF THE MINT
DERBY SCHOOL
DERBY TEMPERANCE SOCIETY
DERBYSHIRE ARCHÊOLOGICAL AND NATURAL HISTORY SOCIETY
DERBYSHIRE COUNTY PAUPER LUNATIC ASYLUM
DERMATOLOGICAL SOCIETY OF GREAT BRITAIN AND IRELAND
DEVON ASSOCIATION
DEVON CATTLE BREEDER'S SOCIETY
DEVON CONGREGATIONAL UNION
DEVON COUNTY COUNCIL
DEVON COUNTY LUNATIC ASYLUM
DEVON LONGWOOLLED SHEEP BREEDERS' SOCIETY
DEVON AND CORNWALL BOTANICAL AND HORTICULTURAL SOCIETY
DEVON AND CORNWALL NATURAL HISTORY SOCIETY
DEVON AND CORNWALL TEMPERANCE LEAGUE
DEVON AND EXETER ARCHITECTURAL SOCIETY
DEVON AND EXETER INFANT SCHOOL SOCIETY
DEVONSHIRE ASSOCIATION FOR THE ADVANCEMENT OF SCIENCE, LITERATURE, AND ART
DEVONSHIRE CHURCH INSTITUTION
DEVONSHIRE HOSPITAL AND BUXTON COUNTY BATH CHARITY
DICK BEQUEST TRUST
DIOCESAN COUNCIL
DIOCESAN DEACONESS INSTITUTION
DIOCESAN ORGANIZATION
DIOCESE OF OXFORD
DIOCESE OF ROCHESTER
DIRECTORS OF THE MISSIONARY SOCIETY
DISCHARGED PRISONERS' AID SOCIETIES
DISCOUNT MOTOR CAR COMPANY
DISSENTERS
DISTRIBUTING HOME
DOCK, WHARF, RIVERSIDE AND GENERAL WORKERS' UNION OF GREAT BRITAIN AND IRELAND
DORSET COUNTY COUNCIL
DORSET COUNTY LUNATIC ASYLUM
DORSET HORN SHEEP BREEDERS' ASSOCIATION
DORSET NATURAL HISTORY  AND  ARCHAEOLOGICAL SOCIETY
DORSET NATURAL HISTORY AND ANTIQUARIAN FIELD CLUB
DOVER COLLEGE
DOVER NATURAL HISTORY AND ANTIQUARIAN SOCIETY
DR. BARNARDO'S HOMES NATIONAL INCORPORATED ASSOCIATION
DRAGON SCHOOL, OXFORD
DRAMATIC AUTHORS' SOCIETY
DRAMATIC REFORM ASSOCIATION
DRAMATIC, EQUESTRIAN, AND MUSICAL SICK FUND
DROPSIE COLLEGE FOR HEBREW AND COGNATE LEARNING
DUBLIN MICROSCOPICAL CLUB
DUBLIN NATURAL HISTORY SOCIETY
DUBLIN UNIVERSITY
DUBLIN UNIVERSITY COLLEGE BIOLOGICAL SOCIETY
DUBLIN UNIVERSITY ZOOLOGICAL ASSOCIATION
DUDLEY AND MIDLAND GEOLOGICAL AND SCIENTIFIC SOCIETY AND FIELD CLUB
DUKE OF EDINBURGH'S WILTSHIRE REGIMENT
DUKE OF YORK'S ROYAL MILITARY SCHOOL
DULAU  AND  CO
DULWICH COLLEGE
DUMFRIESSHIRE AND GALLOWAY NATURAL HISTORY AND ANTIQUARIAN SOCIETY
DUN ECHT OBSERVATORY
DUNDEE YOUNG WOMEN'S CHRISTIAN ASSOCIATION
DUNDEE AND DISTRICT BAND OF HOPE UNION
DUNLOP RUBBER COMPANY
DURER SOCIETY
DURHAM COLLEGE OF SCIENCE, NEWCASTLE-UPON-TYNE
DURHAM COLLEGES
DURHAM COUNTY ASYLUM
DURHAM LIGHT INFANTRY
DURHAM SCHOOL
DURHAM UNIVERSITY
DURHAM UNIVERSITY COLLEGE OF MEDICINE, NEWCASTLE-UPON-TYNE
DURHAM UNIVERSITY PHILOSOPHICAL SOCIETY
DURHAM AND NORTHUMBERLAND ARCHITECTURAL AND ARCHAEOLOGICAL SOCIETY
DURHAM AND NORTHUMBERLAND PARISH REGISTER SOCIETY
EALING NATURAL SCIENCE AND MICROSCOPICAL SOCIETY
EALING SCIENTIFIC AND MICROSCOPICAL SOCIETY
EARLY ENGLISH TEXT SOCIETY
EARLY ORGAN OF NATIONAL UNION OF WOMEN WORKERS
EAST  AND  MID-SURREY DISTRICT LODGE
EAST ANGLIAN INSTITUTE OF AGRICULTURE
EAST ANGLICAN UNITARIAN CHURCHES
EAST END EMIGRATION FUND
EAST HERTS ARCHAEOLOGICAL SOCIETY
EAST HUNSLET INDEPENDENT LABOUR PARTY
EAST INDIA ASSOCIATION
EAST INDIA COLLEGE
EAST KENT NATURAL HISTORY SOCIETY
EAST LONDON CHRISTIAN MISSION
EAST LONDON CHURCH FUND
EAST LONDON DEMOCRATIC ASSOCIATION
EAST LONDON INSTITUTE FOR HOME AND FOREIGN MISSIONS
EAST SUFFOLK COUNTY EDUCATION COMMITTEE
EAST AND WEST RIDINGS JOINT AGRICULTURAL COUNCIL
EASTBOURNE NATURAL HISTORY SOCIETY
EASTBOURNE SOCIETY
EASTBOURNE AND SUSSEX SOCIETY
EASTERN CHURCH ASSOCIATION
EASTERN COUNTIES RAILWAY
EASTERN QUESTION ASSOCIATION
ECCLES CO-OPERATIVE SOCIETY
ECCLESIASTICAL HISTORY SOCIETY
ECCLESIOLOGICAL LATE CAMBRIDGE CAMDEN SOCIETY
ECCLESIOLOGICAL SOCIETY
ECCLESIOLOGICAL SOCIETY, THE (ECCLESIOLOGICAL LATE CAMBRIDGE CAMDEN SOCIETY, THE)
ECLECTIC CLUB
ECLECTIC DISCUSSION SOCIETY
ECLECTIC INSTITUTE
ECLECTIC SOCIETY
ECONOMIC  AND  EDUCATIONAL MUSEUM, HUDDERSFIELD
ECONOMICAL SOCIETY OF THE GNOMIAN SCHOOL. J. LOMBARD, REGISTER
ECONOMICAL AND EDUCATIONAL BEAUMONT PARK MUSEUM
ECUMENICAL METHODIST CONFERENCE
EDINBURGH ARCHITECTURAL ASSOCIATION
EDINBURGH GENERAL MEDICAL CENTRE
EDINBURGH GEOLOGICAL SOCIETY
EDINBURGH MATHEMATICAL SOCIETY
EDINBURGH MEDICO-CHIRURGICAL SOCIETY
EDINBURGH OBSTETRICAL SOCIETY
EDINBURGH PUPIL TEACHERS' ASSOCIATION
EDINBURGH ROYAL INFIRMARY
EDINBURGH SABBATH SCHOOL TEACHERS' UNION
EDINBURGH UNIVERSITY CHEMICAL SOCIETY
EDUCATION COMMITTEE
EDUCATION DEPARTMENT
EDUCATION SOCIETY
EDUCATIONAL COMMITTEE OF THE PRESTON INDUSTRIAL CO-OPERATIVE SOCIETY
EDUCATIONAL DEPARTMENT
EGYPT EXPLORATION FUND
EGYPT EXPLORATION SOCIETY
EGYPT MISSION BAND
EGYPTIAN RESEARCH ACCOUNT
ELIZABETH COLLEGE GUERNSEY
ELLERSLIE SCHOOL FOR GIRLS MANCHESTER
EMMANUEL COLLEGE
EMPIRE BENEFIT BUILDING SOCIETY
ENGINE DRIVERS' AND FIREMEN'S UNITED SOCIETY
ENGINEERING UNION
ENGLISH AGRICULTURAL SOCIETY
ENGLISH ANARCHISTS
ENGLISH ANTI-TOBACCO SOCIETY AND ANTI-NARCOTIC LEAGUE
ENGLISH ARBORICULTURAL SOCIETY
ENGLISH CART-HORSE SOCIETY
ENGLISH CHURCH UNION
ENGLISH CHURCH UNION
ENGLISH CISALPINES
ENGLISH DIALECT SOCIETY
ENGLISH GOETHE SOCIETY
ENGLISH GOETHE SOCIETY
ENGLISH GUERNSEY CATTLE SOCIETY
ENGLISH HISTORICAL SOCIETY
ENGLISH HOMOEOPATHIC ASSOCIATION
ENGLISH MONTHLY TRACT SOCIETY
ENGLISH SCHOOL OF JOURNALISM
ENGLISH SPECIALISTS' ASSOCIATION
ENGLISH SPELLING REFORM ASSOCIATION
ENTOMOLOGICAL SOCIETY
ENTOMOLOGICAL SOCIETY OF LONDON
EPIDEMIOLOGICAL SOCIETY OF LONDON
EPPING FOREST AND COUNTY OF ESSEX NATURALISTS' FIELD CLUB
EPSOM COLLEGE
EPSOM COLLEGE NATURAL HISTORY SOCIETY
EQUITABLE LIFE ASSURANCE SOCIETY OF THE UNITED STATES
ESSEX AGRICULTURAL ASSOCIATION
ESSEX AGRICULTURAL SOCIETY
ESSEX ARCHAEOLOGICAL SOCIETY
ESSEX FIELD CLUB
ESSEX LUNATIC ASYLUM
ESSEX TECHNICAL LABORATORIES
ESTABLISHED CHURCH SOCIETY
ETHNOLOGICAL SOCIETY
ETHNOLOGICAL SOCIETY OF LONDON
ETON COLLEGE
ETON MISSION
EUROPEAN AGENCY OF THE LAND AND EMIGRATION DEPARTMENT OF THE NORTHERN PACIFIC RAILROAD COMPANY
EUROPEAN MISSIONARY SOCIETY
EVANGELICAL ALLIANCE
EVANGELICAL UNION
EVANGELICAL VOLUNTARY CHURCH ASSOCIATION
EVERETT SHORTHAND SOCIETY
EX LIBRIS SOCIETY
EXECUTIVE COMMITTEE OF THE BOYS' BRIGADE
EXETER ARCHITECTURAL AND ARCHAEOLOGICAL SOCIETY
EXETER DIOCESAN ARCHITECTURAL SOCIETY
EXETER DIOCESAN ARCHITECTURAL AND ARCHAEOLOGICAL SOCIETY
EXETER HALL
EXETER MADRIGAL SOCIETY
EXETER NATURALISTS' CLUB
EXETER TECHNICAL AND UNIVERSITY EXTENSION COLLEGE, COLLEGE FIELD CLUB AND NATURAL HISTORY SOCIETY
EXPENDITURE REIMBURSEMENT ASSURANCE STORES
F.U.
FABIAN SOCIETY
FABIAN SOCIETY
FACSIMILE DRAWING SOCIETY
FAMILY WELFARE ASSOCIATION
FARM STREET COMMUNITY
FARMERS' CLUB
FARNINGHAM AND SWANLEY HOME FOR BOYS
FAVERSHAM DISTRICT NATIONAL SCHOOLS
FAVERSHAM INSTITUTE FOR THE ENCOURAGEMENT OF LITERATURE, SCIENCE AND ART
FAWCETT ASSOCIATION
FEDERAL UNION OF AGRICULTURAL AND GENERAL LABOURERS
FEDERATED INSTITUTE OF MINING ENGINEERS
FEDERATED INSTITUTES OF BREWING
FEDERATED INSTITUTION OF MINING ENGINEERS
FEDERATION OF CREMATION AUTHORITIES IN GREAT BRITAIN
FEDERATION OF ENGLISH FLYING CLUBS
FEDERATION OF INSURANCE INSTITUTES OF GREAT BRITAIN AND IRELAND
FEDERATION OF WORKING MEN'S SOCIAL CLUBS
FELLOWSHIP OF THE NEW LIFE
FELSTED SCHOOL NATURAL HISTORY SOCIETY
FELSTED SCHOOL NATURAL SCIENCE SOCIETY
FEMALE AID SOCIETY
FEMALE ANTI-SLAVERY SOCIETY
FEMALE SCHOOL OF INDUSTRY
FEMALE SERVANTS' UNION
FEMALE SOCIETY OF THE FREE CHURCH OF SCOTLAND FOR PROMOTING CHRISTIAN INSTRUCTION AMONG THE FEMALES OF INDIA
FETTES COLLEGE
FIELD CLUB
FIELDEN SOCIETY
FINANCIAL REFORM ASSOCIATION
FINE ARTS ALLIANCE CO-OPERATIVE SOCIETY LTD
FINISHERS' FRIENDLY ASSOCIATION
FINSBURY DISCUSSION SOCIETY AND OF THE ANTHROPOLOGICAL SOCIETY
FINSBURY INDEPENDENT LABOUR PARTY
FIRE PREVENTION AND LIFE PROTECTION ASSOCIATION
FIRST HANTS VOLUNTEER BATTALION
FIRST SOCIETY OF ADHERENTS TO DIVINE REVELATION AT ORBISTON
FISH CULTURE ASSOCIATION
FISHERY BOARD FOR SCOTLAND
FISHERY BOARD. ENGLAND AND WALES. FISHERY AND HYDROGRAPHICAL INVESTIGATIONS
FLAX AND HEMP SPINNERS\\\' AND GROWERS\\\' ASSOCIATION
FOLK-LORE SOCIETY
FOLK-SONG SOCIETY
FOLKESTONE SOCIETY
FOOTBALL ASSOCIATION
FOREIGN AFFAIRS COMMITTEES
FOREIGN AID SOCIETY
FOREIGN MISSIONS COMMITTEE
FOREST SCHOOL
FORESTERS, WEST KENT DISTRICT
FORWARD TEMPERANCE MOVEMENT IN THE CHURCHES
FRANCIS BACON SOCIETY
FRANCISCAN ORDER
FRANCO-ENGLISH GUILD
FRANKLIN INSTITUTE
FREE CHURCH COLLEGES
FREE CHURCH SOCIETY
FREE CHURCH OF ENGLAND
FREE CHURCH OF SCOTLAND
FREE CHURCH OF SCOTLAND LADIES' SOCIETY FOR FEMALE EDUCATION IN INDIA AND AFRICA
FREE ITALIAN CHURCH
FREE LIBRARY AND MUSEUM COMMITTEE FOR THE BOROUGH
FREE METHODIST TEMPERANCE LEAGUE
FREE PUBLIC LIBRARY AND DERBY MUSEUM
FREED-MEN'S AID SOCIETY
FREEMASONS
FREEMASONS GENERAL BOARD
FRENCH ROMAN CATHOLIC ORGAN
FRIEND SOCIETY
FRIENDLY SOCIETY OF IRON FOUNDERS
FRIENDLY SOCIETY OF JOURNEYMEN BOOKBINDERS
FRIENDLY SOCIETY OF OPERATIVE CABINET AND CHAIR MAKERS, CARVERS AND WOOD TURNERS
FRIENDLY SOCIETY OF RECHABITES
FRIENDLY SOCIETY OF UNITED OPERATIVE PRINTERS
FRIENDLY UNITED SMITHS OF GREAT BRITAIN AND IRELAND
FRIENDLY AND CO-OPERATIVE SOCIETIES
FRIENDS OF LABOUR ASSOCIATIONS
FRIENDS' FOREIGN MISSION ASSOCIATION
FRIENDS' NEW STREET MISSION
FRIENDS'S EDUCATIONAL SOCIETY
FRIZINGHALL UNION JACK FIELD CLUB
FROEBEL SOCIETY
FROEBEL SOCIETY AND JUNIOR SCHOOLS ASSOCIATION
FULHAM HOSPITAL
FUNERAL REFORM ASSOCIATION
GWR MECHANICS' INSTITUTION, NEW SWINDON. GREAT WESTERN RAILWAY COMPANY
GAELIC SOCIETY OF GLASGOW
GALIN-PARIS-CHEVE SCHOOL OF MUSIC
GARDNER'S TRUST FOR THE BLIND
GARFORTH ELECUTION AND LITERARY SOCIETY
GAS ENGINEERING SOCIETY
GAS INSTITUTE
GEELONG FIELD NATURALISTS' CLUB
GENERAL ADVICE AGENCY
GENERAL APOTHECARIES COMPANY
GENERAL ASSOCIATED BODY OF CHURCH SCHOOLMASTERS
GENERAL BAPTIST MISSIONARY SOCIETY
GENERAL BOARD OF HEALTH
GENERAL BUILDERS' ASSOCIATION OF GREAT BRITAIN
GENERAL CHAMBER OF MANUFACTURERS OF GREAT BRITAIN
GENERAL CONFERENCE OF THE NEW CHURCH
GENERAL CORRESPONDENCE COLLEGE
GENERAL COUNCIL OF MEDICAL EDUCATION AND REGISTRATION OF THE UNITED KINGDOM
GENERAL DRAMATIC EQUESTRIAN AND MUSICAL AGENCY,  AND  SICK FUND ASSOCIATION
GENERAL FEDERATION OF TRADE UNIONS
GENERAL FEDERATION OF WOMEN'S CLUBS
GENERAL LUNATIC ASYLUM
GENERAL MEDICAL COUNCIL
GENERAL MEDICAL COUNCIL, OF THE EXECUTIVE COMMITTEE, AND OF THE BRANCH COUNCILS FOR ENGLAND, SCOTLAND, AND IRELAND
GENERAL RAILWAY CLERKS' ASSOCIATION
GENERAL RAILWAY WORKERS' UNION
GENERAL REGISTER OFFICE
GENERAL SOCIETY FOR PROMOTING DISTRICT VISITING
GENERAL TRAM AND BUS WORKERS' UNION
GENERAL UNION OF CARPENTERS AND JOINERS
GENERAL UNION OF TEXTILE WORKERS
GENERAL WESLEYAN REFORM COMMITTEE
GEOGRAPHICAL SOCIETY
GEOGRAPHICAL SOCIETY OF LONDON
GEOLOGICAL SOCIETY
GEOLOGICAL SOCIETY OF CORNWALL
GEOLOGICAL SOCIETY OF DUBLIN
GEOLOGICAL SOCIETY OF GLASGOW
GEOLOGICAL SOCIETY OF LONDON
GEOLOGICAL SURVEY OF ENGLAND AND WALES
GEOLOGICAL SURVEY OF GREAT BRITAIN
GEOLOGICAL SURVEY OF GREAT BRITAIN, AND OF THE MUSEUM OF PRACTICAL GEOLOGY
GEOLOGICAL SURVEY OF THE UNITED KINGDOM
GEOLOGICAL AND POLYTECHNIC SOCIETY OF THE WEST RIDING OF YORKSHIRE
GEOLOGISTS' ASSOCIATION
GERMAN BAPTIST MISSION
GIGGLESWICK SCHOOL
GIRLS' FRIENDLY SOCIETY
GIRLS' PROTESTANT UNION
GIRTON COLLEGE
GLACIALISTS' ASSOCIATION
GLASGOW INFANT SCHOOL
GLASGOW PHRENOLOGICAL SOCIETY
GLASGOW SLOAN-DUPLOYAN SHORTHAND ASSOCIATION
GLASGOW YOUNG ABSTAINERS' UNION
GLASGOW YOUNG MEN'S CHRISTIAN ASSOCIATION
GLASGOW AND LANARKSHIRE ASSOCIATION OF LONDON
GLASS BOTTLE MAKERS OF YORKSHIRE UNITED TRADE PROTECTION SOCIETY
GLASTONBURY ANTIQUARIAN SOCIETY
GLOUCESTER COUNTY LUNATIC ASYLUM
GLOUCESTER INDEPENDENT LABOUR PARTY
GLOUCESTER INDUSTRIAL SOCIETY
GLOUCESTERSHIRE COUNTY COUNCIL
GOLD COAST COLONY
GOLDEN TREASURY SERIES
GOLDSMITHS' INSTITUTE
GONVILLE AND CAIUS COLLEGE
GOOD TEMPLARS, ORDER OF
GOOLE SCIENTIFIC SOCIETY
GORDON BOYS\\\' ORPHANAGE
GORDONIAN ASSOCIATION
GOVERNMENT OF ENGLAND
GOVERNMENT OF ENGLAND AND WALES
GRAMPIAN CLUB
GRAND CENTRAL ASSOCIATION
GRAND LODGE
GRAND LODGE OF ENGLAND
GRAND LODGE OF IRELAND
GRAND LODGE OF THE BRETHREN OF THE GRAND UNITED ORDER
GRAND NATIONAL CONSOLIDATED TRADES' UNION
GRAND SURREY BANNER
GRANTHAM YOUNG MEN'S CHRISTIAN ASSOCIATION
GREAT BRITAIN ARMY
GREAT BRITAIN BOARD OF TRADE
GREAT BRITAIN FACTORY DEPARTMENT
GREAT BRITAIN FOREIGN OFFICE
GREAT BRITAIN FOREIGN AND COMMONWEALTH OFFICE
GREAT BRITAIN MINISTRY OF AGRICULTURE AND FISHERIES,
GREAT BRITAIN PRIVY COUNCIL
GREAT BRITAIN PUBLIC RECORD OFFICE
GREAT BRITAIN, BOARD OF AGRICULTURE
GREAT BRITAIN, BOARD OF AGRICULTURE AND FISHERIES
GREAT BRITAIN, MINISTRY OF AGRICULTURE AND FISHERIES
GREAT FRIENDLY SOCIETY MOVEMENT
GREAT NORTHERN ST. CONGREGATIONAL CHAPEL
GREAT YARMOUTH BEACHMEN'S AND FISHERMEN'S INSTITUTE
GREEK COMMITTEE
GREENHITHE PARISH CHURCH
GREENWICH DISTRICT
GREENWICH NATURAL HISTORY CLUB
GREENWICH SOUTH STREET BAPTIST CHURCH
GRENADA AGRICULTURAL SOCIETY
GRESHAM ANGLING SOCIETY
GRESHAM FREE GRAMMAR SCHOOL
GROSVENOR GALLERY
GROSVENOR MUSEUM MANAGEMENT COMMITTEE
GROSVENOR STREET BAPTIST CHURCH
GROVE YOUNG MEN'S INSTITUTE
GUARANTEE SOCIETY
GUILD AND SCHOOL OF HANDICRAFT
GUILD OF CHILDREN OF THE CHURCH
GUILD OF CHURCH MUSICIANS
GUILD OF S. JOHN ASSOCIATION OF THE DEAF
GUILD OF SAINT AND MARTYR ALBAN
GUILD OF ST. ALBAN
GUILD OF ST. MARTIN
GUILD OF ST. MATTHEW
GUILD OF OUR LADY OF RANSOM
GUILD OF THE CRUSADERS
GUY'S HOSPITAL
GUY'S HOSPITAL MEDICAL SCHOOL
GYPSY LORE SOCIETY
H. M. CHIEF INSPECTOR OF MINES
H.M.S. MALABAR
HACKNEY MICROSCOPICAL AND NATURAL HISTORY SOCIETY
HACKNEY STUD BOOK SOCIETY
HADDO HOUSE ASSOCIATION
HAHNEMANN PUBLISHING SOCIETY
HAKLUYT SOCIETY
HALEY HILL LITERARY AND SCIENTIFIC SOCIETY
HALIFAX GEOLOGISTS' FIELD CLUB
HALIFAX LITERARY AND PHILOSOPHICAL SOCIETY
HALIFAX PARISH CHURCH
HALIFAX SCIENTIFIC SOCIETY
HALIFAX SQUARE CONGREGATIONAL CHURCH
HALIFAX ST.GEORGE'S CHURCH OVENDEN
HAMPSHIRE DOWN SHEEP BREEDER'S ASSOCIATION
HAMPSHIRE FIELD CLUB
HAMPSHIRE FIELD CLUB AND ARCHAEOLOGICAL SOCIETY
HAMPSHIRE LITERARY AND PHILOSOPHICAL SOCIETY
HAMPSHIRE PSYCHICAL SOCIETY
HAMPSHIRE RECORD SOCIETY
HAMPSTEAD ANTIQUARIAN AND HISTORICAL SOCIETY
HAMPSTEAD SCIENTIFIC SOCIETY
HANSERD KNOLLY'S SOCIETY FOR THE PUBLICATION OF WORKS OF EARLY ENGLISH AND OTHER BAPTIST WRITERS
HANSERD KNOLLYS SOCIETY
HANTS COUNTY LUNATIC ASYLUM
HANWELL COUNTY LUNATIC ASYLUM
HARBORNE AND EDGBASTON INSTITUTE
HARBOURS, DOCKS, AND PIERS ASSOCIATION
HARLEIAN SOCIETY
HARLESTON FARMERS' CLUB
HARROGATE AND DISTRICT NATURALISTS' SOCIETY
HARROW ARCHITECTURAL CLUB
HARROW LOWER SCHOOL
HARROW SCHOOL
HARVARD COLLEGE
HARVEIAN SOCIETY
HASLEMERE MICROSCOPE AND NATURAL HISTORY SOCIETY
HASTINGS UNIVERSITY SCHOOL NATURALISTS' FIELD CLUB
HAVELOCK STREET PRESBYTERIAN CHURCH
HAWICK ARCHAEOLOGICAL SOCIETY
HAZELWOOD SCHOOL
HEAD MASTERS OF SCHOOLS
HEADMASTERS' ASSOCIATION
HEALTH OF TOWNS' ASSOCIATION
HEALTHY AND ARTISTIC DRESS UNION
HEATHFIELD SCHOOL
HELPING HANDS MISSIONARY ASSOCIATION
HELPING HANDS ZENANA ASSOCIATION
HENRY BRADSHAW SOCIETY
HER MAJESTY'S COLONIAL LAND AND EMIGRATION COMMISSIONERS
HER MAJESTY'S PRISON SERVICE
HER MAJESTY'S STATIONERY OFFICE
HEREFORD HERD-BOOK SOCIETY
HEREFORDSHIRE AND RADNORSHIRE RIFLE VOLUNTEERS
HERTFORDSHIRE NATURAL HISTORY SOCIETY AND FIELD CLUB
HIBERNIAN SOCIETY FOR ESTABLISHING SCHOOLS AND CIRCULATING THE HOLY SCRIPTURES IN IRELAND
HIBERNIAN SOCIETY FOR THE DIFFUSION OF RELIGIOUS KNOWLEDGE IN IRELAND
HIGH WYCOMBE NATURAL HISTORY SOCIETY
HIGHBURY HOUSE SCHOOL
HIGHBURY QUADRANT CHURCH AND MISSIONS
HIGHGATE BOHEMIAN SOCIETY
HIGHGATE SCHOOL
HIGHLAND SOCIETY OF SCOTLAND
HIGHLAND AND AGRICULTURAL SOCIETY
HIGHLAND AND AGRICULTURAL SOCIETY OF SCOTLAND
HIRE TRADERS' PROTECTION ASSOCIATION
HISTORIC SOCIETY OF LANCASHIRE AND CHESHIRE
HISTORICAL MANUSCRIPTS COMMISSION
HISTORICAL SOCIETY OF GREAT BRITAIN
HISTORICAL SOCIETY OF SCIENCE
HOCKEY ASSOCIATION
HODSONIAN COMMUNITY SOCIETY
HOLBEIN SOCIETY
HOLBORN DISTRICT, LONDON
HOLDERNESS AGRICULTURAL SOCIETY
HOLMESDALE NATURAL HISTORY CLUB
HOLY INNOCENTS' MISSION
HOLY ROSARY CONFRATERNITY
HOLY TRINITY CHURCH
HOLY TRINITY HOXTON CHURCH
HOME COLONISATION SOCIETY
HOME MISSIONARY SOCIETY
HOME REUNION SOCIETY
HOME RULE UNION
HOME SLOYD UNION
HOME AND COLONIAL SCHOOL SOCIETY
HOME FOR LITTLE BOYS
HOMEOPATHIC LEAGUE
HOMERTON FEVER HOSPITAL
HOMERTON YOUNG MEN'S INSTITUTE
HONOURABLE SOCIETY OF CYMMRODORION
HONOURABLE AND INDEPENDENT ORDER OF RECHABITES
HOPE DEPARTMENT OF ZOOLOGY
HORNSEY LITERARY SOCIETY
HORTICULTURAL SOCIETY OF LONDON
HORTICULTURE  AND  HOME FARMER OFFICE
HOSPITAL FOR CONSUMPTION AND DISEASES OF THE CHEST
HOSPITALS ASSOCIATION
HOUSE OF COMMONS
HOUSE OF LORDS
HOUSE OF MERCY, CLEWER
HOUSES OF PARLIAMENT
HUDDERSFIELD ARCHAEOLOGICAL AND TOPOGRAPHICAL ASSOCIATION
HUDDERSFIELD DISTRICT BOTANICAL SOCIETY
HUDDERSFIELD ENGINEERING SOCIETY
HUDDERSFIELD FLORAL AND HORTICULTURAL SOCIETY
HUDDERSFIELD LITERARY AND SCIENTIFIC SOCIETY
HUDDERSFIELD MECHANICS' INSTITUTION
HUDDERSFIELD NATURALISTS' SOCIETY
HUGUENOT SOCIETY OF GREAT BRITAIN
HUGUENOT SOCIETY OF LONDON
HULL FIELD NATURALISTS' SOCIETY
HULL GEOLOGICAL SOCIETY
HULL LEAGUE OF THE BAND OF HOPE
HULL LITERARY ASSOCIATION OF THE FRIENDS OF POLAND
HULL LITERARY AND PHILOSOPHICAL SOCIETY
HULL MECHANICS' INSTITUTE
HULL ROYAL INSTITUTION
HULL SCIENTIFIC AND FIELD NATURALISTS' CLUB
HULL ST. ANDREWíS C.C.
HULL AND DISTRICT CHAMBER OF TRADE
HULL AND DISTRICT INSTITUTION OF ENGINEERS AND NAVAL ARCHITECTS
HULME AND CHORLTON-ON-MEDLOCKLADS' CLUB
HUMAN PHYSIOLOGY, EDUCATION AND ASSOCIATION
HUMANE EDUCATION SOCIETY
HUMANITARIAN LEAGUE
HUMBER YAWL CLUB
HUNTERIAN SOCIETY
HUNTERS' IMPROVEMENT SOCIETY
HYDROGRAPHIC DEPARTMENT, ADMIRALTY
HYMERS COLLEGE
I.O.G.T
ILFORD RIFLE ASSOCIATION
ILKLEY GRAMMAR SCHOOL
ILLUSTRATED LONDON NEWS
IMMIGRATION LEAGUE OF AUSTRALASIA
IMPERIAL BRITISH-ISRAEL ASSOCIATION
IMPERIAL CORRESPONDENCE COLLEGE, LONDON
IMPERIAL DEFENCE
IMPERIAL FEDERATION LEAGUE
IMPERIAL INSTITUTE
IMPERIAL INSTITUTE OF THE UNITED KINGDOM, THE COLONIES AND INDIA
IMPERIAL INSURANCE COMPANY LIMITED
IMPERIAL PROTESTANT FEDERATION
IMPROVED LEICESTER SHEEP-BREEDERS' ASSOCIATION
IMPROVEMENT OF MEDICAL AND CHIRURGICAL KNOWLEDGE
INCORPORATED ASSOCIATION OF ASSISTANT MASTERS IN SECONDARY SCHOOLS
INCORPORATED ASSOCIATION OF HEADMASTERS
INCORPORATED ASSOCIATION OF MUNICIPAL AND COUNTY ENGINEERS
INCORPORATED ASSOCIATION OF PREPARATORY SCHOOLS
INCORPORATED CHURCH BUILDING SOCIETY
INCORPORATED COUNCIL OF LAW REPORTING FOR ENGLAND AND WALES
INCORPORATED FREE AND OPEN CHURCH ASSOCIATION
INCORPORATED LAW SOCIETY, ETC
INCORPORATED LONDON CHAMBER OF MINES
INCORPORATED MEDICAL PRACTITIONERS' ASSOCIATION
INCORPORATED MUNICIPAL ELECTRICAL ASSOCIATION
INCORPORATED SOCIETY FOR THE CONVERSION AND RELIGIOUS INSTRUCTION AND EDUCATION OF THE NEGROE SLAVES IN THE BRITISH WEST INDIA ISLAND
INCORPORATED SOCIETY OF INSPECTOR OF WEIGHTS AND MEASURES ADMINISTRATION
INCORPORATED SOCIETY OF INSPECTORS OF WEIGHTS AND MEASURES
INCORPORATED SOCIETY OF MEDICAL OFFICERS OF HEALTH
INCORPORATED SOCIETY OF MUSICIANS
INCORPORATED SOCIETY OF VICTUALLERS
INCORPORATED WENSLEYDALE BLUE-FACED SHEEP BREEDERS' ASSOCIATION AND FLOCK BOOK SOCIETY
INDEPENDENT CHURCH
INDEPENDENT LABOUR PARTY
INDEPENDENT MUTUAL BRETHREN FRIENDLY SOCIETY
INDEPENDENT ORDER OF FREE TEMPLARS
INDEPENDENT ORDER OF GOOD TEMPLARS
INDEPENDENT ORDER OF ODD FELLOWS
INDEPENDENT ORDER OF ODDFELLOWS FRIENDLY SOCIETY
INDEPENDENT ORDER OF ODDFELLOWS, MANCHESTER UNITY FRIENDLY SOCIETY, NORWICH
INDEPENDENT ORDER OF RECHABITES
INDEPENDENT ORDER OF RECHABITES FRIENDLY SOCIETY
INDEPENDENT SCHOOLS' ASSOCIATION
INDEPENDENT ORDER OF GOOD TEMPLARS
INDEX LIBRARY
INDEX SOCIETY
INDIAN ATMIK MISSION
INDIAN CHRISTIAN ASSOCIATION OF GREAT BRITAIN
INDIAN CHRISTIAN UNION OF GREAT BRITAIN AND IRELAND
INDIAN CHURCH AID ASSOCIATION
INDIAN FEMALE NORMAL SCHOOL AND INSTRUCTION SOCIETY
INDIAN NATIONAL CONGRESS
INDUSTRIAL COPARTNERSHIP ASSOCIATION
INFANT CLOTHING AND DORCAS SOCIETY
INSPECTOR OF RETREATS
INSPECTORS OF LUNATICS
INSTITUTE OF ACTUARIES
INSTITUTE OF AGRICULTURE
INSTITUTE OF BREWING
INSTITUTE OF BRITISH ARCHITECTS OF LONDON
INSTITUTE OF BRITISH BAKERS
INSTITUTE OF BRITISH CARRIAGE MANUFACTURERS
INSTITUTE OF BRITISH FOUNDRYMEN
INSTITUTE OF BUILDERS
INSTITUTE OF CHARTERED ACCOUNTANTS
INSTITUTE OF CHEMISTRY
INSTITUTE OF CHEMISTRY OF GREAT BRITAIN AND IRELAND
INSTITUTE OF CIVIL ENGINEERS
INSTITUTE OF CLERKS OF WORKS OF GREAT BRITAIN
INSTITUTE OF ELECTRICAL ENGINEERS
INSTITUTE OF INVESTORS
INSTITUTE OF IRISH BAKERS
INSTITUTE OF JOURNALISTS
INSTITUTE OF LOCOMOTION
INSTITUTE OF MARINE ENGINEERING
INSTITUTE OF MECHANICAL ENGINEERS
INSTITUTE OF METALS
INSTITUTE OF MISSIONARIES TO THE DEAF
INSTITUTE OF NAVAL ARCHITECTS
INSTITUTE OF PATENT AGENTS
INSTITUTE OF PHYSICS AND THE PHYSICAL SOCIETY
INSTITUTE OF PRINTERS AND KINDRED TRADES OF THE BRITISH EMPIRE
INSTITUTE OF PSYCHIATRY
INSTITUTE OF SANITARY ENGINEERS
INSTITUTE OF SECRETARIES
INSTITUTE OF WEIGHTS AND MEASURES ADMINISTRATION
INSTITUTION FOR THE CURE AND PREVENTION OF CONTAGIOUS FEVER IN THE METROPOLIS
INSTITUTION FOR THE PROPAGATION OF THE FAITH
INSTITUTION OF CIVIL ENGINEERS
INSTITUTION OF ELECTRICAL ENGINEERS
INSTITUTION OF ENGINEERS AND SHIPBUILDERS IN SCOTLAND
INSTITUTION OF ENGINEERS-IN-CHARGE
INSTITUTION OF GAS ENGINEERS
INSTITUTION OF HEATING AND VENTILATING ENGINEERS
INSTITUTION OF HYDRONOMICAL AND NAUTICAL ENGINEERS
INSTITUTION OF MECHANICAL ENGINEERS
INSTITUTION OF MINING ENGINEERS
INSTITUTION OF MINING AND METALLURGY
INSTITUTION OF MUNICIPAL AND COUNTY ENGINEERS
INSTITUTION OF NAVAL ARCHITECTS
INSTITUTION OF PERMANENT-WAY INSPECTORS
INSTITUTION OF ROYAL ENGINEERS
INSTITUTION OF SURVEYORS
INSTITUTION OF WATER ENGINEERS
INSTITUTIONS FOR GIRLS AND YOUNG WOMEN OF GOOD CHARACTER IN GREAT BRITAIN  AND  IRELAND, NATIONAL CENTRAL OFFICE
INSURANCE ASSOCIATIONS
INSURANCE INSTITUTE OF MANCHESTER
INSURANCE AND ACTUARIAL SOCIETY OF GLASGOW
INTER-DENOMINATIONAL CHRISTIAN ASSOCIATION
INTERNATIONAL ARBITRATION LEAGUE
INTERNATIONAL ARBITRATION AND PEACE ASSOCIATION
INTERNATIONAL ASSOCIATION FOR OBTAINING A DECIMAL SYSTEM OF MEASURES, WEIGHTS AND COINS
INTERNATIONAL ASSOCIATION FOR THE PROMOTION AND PROTECTION OF TRADE
INTERNATIONAL ASSOCIATION FOR THE PROTECTION OF INDUSTRIAL PROPERTY
INTERNATIONAL ASSOCIATION FOR THE TOTAL SUPPRESSION OF VIVISECTION
INTERNATIONAL ASSOCIATION OF LEATHER-TRADES' CHEMISTS
INTERNATIONAL BROTHERHOOD
INTERNATIONAL CHRISTIAN MISSION
INTERNATIONAL CHRISTIAN POLICE ASSOCIATION
INTERNATIONAL COMMISSION ON ADULTERATION
INTERNATIONAL CONGREGATIONAL COUNCIL
INTERNATIONAL CONGRESS OF ACTUARIES
INTERNATIONAL CONGRESS OF GENETICS
INTERNATIONAL CONGRESS OF HYGIENE  AND  DEMOGRAPHY
INTERNATIONAL CONGRESS OF MEDICAL SCIENCES
INTERNATIONAL CONGRESS OF PHARMACY
INTERNATIONAL CONGRESS OF ZOOLOGY
INTERNATIONAL CRUSADE OF PEACE
INTERNATIONAL DERMATOLOGICAL CONGRESS
INTERNATIONAL GENERAL AVERAGE COMMITTEE
INTERNATIONAL GEOGRAPHICAL CONGRESS
INTERNATIONAL HORTICULTURAL EXHIBITION AND BOTANICAL CONGRESS
INTERNATIONAL LAND AND LABOUR AGENCY
INTERNATIONAL LAW ASSOCIATION
INTERNATIONAL MARITIME CONGRESS
INTERNATIONAL MEDICAL CONGRESS
INTERNATIONAL MONETARY STANDARD ASSOCIATION
INTERNATIONAL OFFICE
INTERNATIONAL OPHTHALMOLOGICAL CONGRESS
INTERNATIONAL ORDER OF GOOD TEMPLARS
INTERNATIONAL ORDER OF GRAND TEMPLARS
INTERNATIONAL PATENT AGENCY
INTERNATIONAL PEACE SOCIETY
INTERNATIONAL PHILATELIC UNION
INTERNATIONAL PHYSIOLOGICAL CONGRESS
INTERNATIONAL POSTAL AND TELEGRAPH CHRISTIAN ASSOCIATION
INTERNATIONAL RAILWAY CONGRESS
INTERNATIONAL SHORTHAND CORRESPONDENCE ASSOCIATION
INTERNATIONAL SOCIETY OF LITERATURE, SCIENCE AND ART
INTERNATIONAL SOCIETY OF PHILOLOGY, SCIENCE AND ART
INTERNATIONAL TEMPERANCE AND PROHIBITION CONVENTION
INTERNATIONAL WORKER'S EDUCATIONAL CLUB
INTERNATIONAL WORKING MEN'S ASSOCIATION
INTERNATIONAL WORKINGMEN'S EDUCATIONAL CLUB
INTERNATIONAL ZOOLOGICAL CONGRESS
INVENTORS' INSTITUTE
INVERNESS SCIENTIFIC SOCIETY AND FIELD CLUB
INVESTORS' PROTECTION  AND  INFORMATION AGENCY
IPSWICH ENGINEERING SOCIETY
IRISH CHURCH MISSIONS
IRISH LITERARY SOCIETY
IRISH LITERARY THEATRE
IRISH LOYAL AND PATRIOTIC UNION
IRISH MEDICAL ASSOCIATION
IRISH MISSION OF THE CHURCH
IRISH NATIONAL OPINION IN ENGLAND
IRISH PRESS AGENCY
IRISH TEMPERANCE LEAGUE
IRISH TEMPERANCE UNION
IRISH TEXTS SOCIETY
IRISH UNIONIST ALLIANCE
IRON PLATE OR SKETCH
IRON AND STEEL INSTITUTE
ISLANDS AND COAST SOCIETY
ISLE OF MAN NATURAL HISTORY AND ANTIQUARIAN SOCIETY
ISLE OF WIGHT PHILOSOPHICAL AND LITERARY SOCIETY
ISLINGTON, PARISH OF ST. MARY
IVY LEAF SOCIETY
JAMAICA COMMITTEE
JAMES MURRAY'S ASYLUM FOR THE INSANE
JAPAN SOCIETY
JENNER INSTITUTE OF PREVENTIVE MEDICINE
JERSEY
JERSEY SOCIETY
JERSEY SOCIETY IN LONDON
JESUS COLLEGE
JEWISH ASSOCIATION FOR THE DIFFUSION OF USEFUL KNOWLEDGE
JEWISH COMMUNITY
JEWISH HISTORICAL SOCIETY OF ENGLAND
JEWISH PRESS
JEWISH SOCIETY
JEWS' SOCIETY
JOHN'S COLLEGE
JOINT STOCK INSTITUTE LTD
JUNIOR CIVIL SERVICE PRAYER UNION
JUNIOR ENGINEERING SOCIETY
JUNIOR INSTITUTION OF ENGINEERS (JIE)
JUNIOR LIBERAL ASSOCIATION
JURIDICAL SOCIETY
JUVENILE TEMPLE
KEIGHLEY CO-OPERATIVE SOCIETY
KEIGHLEY LABOUR UNION
KEIGHLEY SCIENTIFIC AND LITERARY SOCIETY
KELMSCOTT CLUB, HAMMERSMITH
KENNEL CLUB
KENT ARCHAEOLOGICAL SOCIETY
KENT ASSOCIATION OF INSTITUTES
KENT BAND OF HOPE UNION
KENT COAST COLLEGE
KENT COUNTY ASSOCIATION OF CHANGE-RINGERS
KENT COUNTY LUNATIC ASYLUM AT BARMING HEATH, MAIDSTONE
KENT GENERAL REFORM ASSOCIATION
KENT OR ROMNEY MARSH SHEEP-BREEDERS' ASSOCIATION
KEW GUILD
KEW ROYAL BOTANIC GARDENS
KEW ROYAL GARDENS
KHALSA PRAYER UNION
KILBURN TEMPERANCE COUNCIL
KING EDWARD SCHOOL
KING EDWARD VI GRAMMAR SCHOOL
KING EDWARD VI SCHOOLS
KING'S COLLEGE HOSPITAL
KING'S COLLEGE MEDICAL SOCIETY
KING'S COLLEGE SCHOOL
KING'S COLLEGE, LONDON
KING'S SCHOOL, CANTERBURY
KING'S SCHOOL, ELY
KING'S AND QUEEN'S COLLEGE OF PHYSICIANS IN IRELAND
KINGSLAND AND STOKE NEWINGTON LADIES' ASSOCIATION IN AID OF THE SCRIPTURE READERS' MISSION IN IRELAND
KINGSWOOD AND WOODHOUSE GROVE SCHOOLS
KIRKPATRICK-FLEMING HORTICULTURAL SOCIETY
KOREAN MISSIONS
L. AND V. TRADES AND LABOUR COUNCIL
LA BELLE ALLIANCE
LA SOCIÈTÈ CO-OPERATIVE INTERNATIONALE
LA SOCIÈTÈ NATIONALE DES PROFESSEURS DE FRANÁAIS EN ANGLETERRE
LA SOCIÈTÈ ROYALE D'AGRICULTURE ET D'HORTICULTURE DE GUERNESEY
LABORATORY CLUB
LABORATORY OF SIR JOHN BENNET LAWES
LABOUR AGENCY
LABOUR ASSOCIATION FOR PROMOTING CO-OPERATIVE PRODUCTION
LABOUR CHURCH UNION
LABOUR COPARTNERSHIP ASSOCIATION
LABOUR DEPARTMENT OF THE BOARD OF TRADE
LABOUR HOUSING ASSOCIATION
LABOUR PARTY ANNUAL CONFERENCE
LABOUR PRESS ASSOCIATION
LABOUR PRESS SOCIETY
LABOUR REPRESENTATION COMMITTEE
LABOUR UNION
LABOUR AND SOCIALIST MOVEMENT IN BURNLEY
LABOURERS' FRIEND SOCIETY
LADIES ASSOCIATION OF THE SOCIETY FOR THE PROPAGATION OF THE GOSPEL
LADIES BRASS-RUBBING SOCIETY OF OXFORD
LADIES KENNEL ASSOCIATION
LADIES SOCIETY FOR PROMOTING THE EARLY EDUCATION AND IMPROVEMENT OF THE CHILDREN OF NEGROES
LADIES' ASSOCIATION FOR THE PROMOTION OF FEMALE EDUCATION AMONG THE HEATHEN
LADIES' ASSOCIATION OF THE BAPTIST MISSIONARY SOCIETY
LADIES' LONDON EMANCIPATION SOCIETY
LADIES' NATIONAL ASSOCIATION FOR THE ABOLITION OF GOVERNMENT REGULATION OF PROSTITUTION
LADIES' NATIONAL ASSOCIATION FOR THE ABOLITION OF STATE REGULATION OF VICE
LADIES' NATIONAL ASSOCIATION FOR THE REPEAL OF THE CONTAGIOUS DISEASES ACTS
LADIES' ZENNA MISSION
LADIES\\\' LEAGUE FOR THE DEFENCE OF THE REFORMED FAITH OF THE CHURCH OF ENGLAND
LADS' CLUB
LADY HUNTINGDON'S CONNEXION
LADY MARGARET'S COLLEGE OXFORD
LAMBETH PARISH
LANCASHIRE  AND  CHESHIRE BEE-KEEPERS' ASSOCIATION
LANCASHIRE PARISH REGISTER SOCIETY
LANCASHIRE SEA FISHERIES COMMITTEE
LANCASHIRE SEA FISHERIES LABORATORY
LANCASHIRE AND CHESHIRE ANTIQUARIAN SOCIETY
LANCASHIRE AND CHESHIRE BAND OF HOPE UNION
LANCASHIRE AND CHESHIRE ENTOMOLOGICAL SOCIETY
LANCASHIRE AND CHESHIRE HISTORIC SOCIETY
LANCASHIRE AND CHESHIRE SUNDAY SCHOOL BAND OF HOPE UNION
LANCASTER PHILOSOPHICAL SOCIETY
LANCASTER AND DISTRICT CO-OPERATIVE SOCIETY
LANCING COLLEGE
LAND NATIONALISATION SOCIETY
LAND REFORM UNION
LANGFORD'S ENTERTAINMENT AGENCY
LARGE BLACK PIG SOCIETY
LARYNGOLOGICAL SOCIETY OF LONDON
LATTER DAY SAINTS
LAW PROPERTY ASSURANCE AND TRUST SOCIETY
LAW PROPERTY AND LIFE ASSURANCE SOCIETY
LAW SOCIETY
LAW STUDENT'S ASSOCIATION
LAW STUDENTS' DEBATING SOCIETY
LAW AND LIBERTY LEAGUE
LAWES AGRICULTURAL TRUST COMMITTEE
LAWN TENNIS ASSOCIATION
LEAGUE FOR SHORTENING THE HOURS OF UNNECESSARY LABOUR
LEAGUE OF CHARITY
LEAGUE OF THE CROSS
LEEDS  AND  DISTRICT CYCLISTS' ASSOCIATION, ETC
LEEDS ANTI-SLAVERY ASSOCIATION
LEEDS ASSOCIATION OF ENGINEERS
LEEDS ASSOCIATION OF INDEPENDENT CHURCHES
LEEDS ASTRONOMICAL SOCIETY
LEEDS BELGRAVE PLEASANT SUNDAY AFTERNOON SOCIETY
LEEDS CHURCH INSTITUTE
LEEDS FREE COMMUNIST GROUP
LEEDS GEOLOGICAL ASSOCIATION
LEEDS GRAMMAR SCHOOL
LEEDS INDUSTRIAL CO-OPERATIVE SOCIETY
LEEDS INSTITUTE OF SCIENCE, ART AND LITERATURE
LEEDS LAW SOCIETY
LEEDS MECHANICS INSTITUTION AND LITERARY SOCIETY
LEEDS NATURALISTS' CLUB AND SCIENTIFIC ASSOCIATION
LEEDS PHILOSOPHICAL AND LITERARY SOCIETY
LEEDS PHOTOGRAPHIC SOCIETY
LEEDS POLYTECHNIC EXHIBITION
LEEDS REDEMPTION SOCIETY
LEEDS TEMPERANCE SOCIETY
LEEDS TEMPERANCE SOCIETY MS
LEEDS TYPOGRAPHICAL SOCIETY
LEEDS YOUNG MEN\\\'S SOCIETY, SALEM BRANCH
LEEDS AND DISTRICT AMALGAMATED SOCIETY OF ANGLERS
LEEDS AND DISTRICT ASSOCIATION
LEES AND RAPER MEMORIAL TRUSTEES
LEEWARD ISLANDS BRANCH OF THE BRITISH MEDICAL ASSOCIATION
LEGAL EDUCATION ASSOCIATION, LONDON
LEGHORN FANCIERS' CLUB
LEGITIMATION LEAGUE
LEGITIMIST JACOBITE LEAGUE
LEGITIMIST JACOBITE LEAGUE OF GREAT BRITAIN AND IRELAND
LEICESTER CO-OPERATIVE SOCIETY
LEICESTER LITERARY AND PHILOSOPHICAL SOCIETY
LEICESTER SHEEP BREEDERS' ASSOCIATION
LEICESTER TOWN MISSION
LEICESTER TOWN MUSEUM
LEICESTERSHIRE ARCHAEOLOGICAL AND HISTORICAL SOCIETY
LEICESTERSHIRE ARCHITECTURAL SOCIETY
LEICESTERSHIRE ARCHITECTURAL AND ARCHÊOLOGICAL SOCIETY
LEICESTERSHIRE AND RUTLAND LUNATIC ASYLUM
LEIGH CO-OPERATIVE SOCIETY
LEIGH FRIENDLY CO-OPERATIVE SOCIETY
LEIGH MECHANICS' INSTITUTION
LEIGHTON PARK, READING
LEPROSY INVESTIGATION COMMITTEE
LEWES NATURAL HISTORY SOCIETY
LEWISHAM ANTIQUARIAN SOCIETY
LEWISHAM IMPROVEMENT SOCIETY
LEWISHAM AND ANTIQUARIAN SOCIETY
LEWISHAM AND BLACKHEATH SCIENTIFIC ASSOCIATION
LEYS SCHOOL
LEYTONSTONE CHURCH OF ST. ANDREW
LIBERAL CATHOLICS
LIBERAL COMMITTEE FOR THE MAINTENANCE OF THE LEGISLATIVE UNION BETWEEN GREAT BRITAIN AND IRELAND
LIBERAL PARTY
LIBERAL PARTY IN NORTH LANCASHIRE
LIBERAL PUBLICATION DEPARTMENT
LIBERAL REGISTRATION SOCIETY
LIBERAL UNIONIST ASSOCIATION
LIBERAL UNIONIST COMMITTEE
LIBERATION SOCIETY
LIBERTY PARTY
LIBRARY ASSISTANTS' ASSOCIATION
LIBRARY ASSOCIATION SERIES
LIBRARY ASSOCIATION OF THE UNITED KINGDOM
LIBRARY BUREAU
LICENSED TRADE ASSOCIATION
LICENSED VICTUALLERS NEWSPAPER COMPANY LTD
LICENSED VICTUALLERS' ADVOCATE ASSOCIATION
LICENSED VICTUALLERS' CENTRAL PROTECTION SOCIETY OF LONDON
LICHFIELD DIOCESAN CHURCH
LICHFIELD DIOCESAN CHURCH MISSION
LIFE ASSURANCE MEDICAL ASSOCIATION
LIFE ASSURANCE MEDICAL OFFICERS FOR THE UNITED KINGDOM
LIFE ASSURANCE MEDICAL OFFICERS' ASSOCIATION
LIFE SAVING SOCIETY
LIFE OF FAITH
LIFE-BOAT SATURDAY MOVEMENT
LIGHT (?) MECHANICS' INSTITUTION
LIMEHOUSE DISTRICT
LINCOLN DIOCESAN ARCHITECTURAL SOCIETY
LINCOLN EQUITABLE CO-OPERATIVE SOCIETY
LINCOLN LONG-WOOL SHEEP BREEDERS' ASSOCIATION
LINCOLN LUNATIC ASYLUM
LINCOLN RED SHORTHORN ASSOCIATION
LINCOLN'S INN
LINCOLN, CITY OF
LINCOLNSHIRE AGRICULTURAL SOCIETY
LINCOLNSHIRE ARCHITECTURAL SOCIETY
LINCOLNSHIRE ARCHITECTURAL AND ARCHEOLOGICAL SOCIETY
LINCOLNSHIRE COAST SHIPWRECK ASSOCIATION
LINCOLNSHIRE COUNTY LUNATIC ASYLUM
LINCOLNSHIRE RECORD SOCIETY
LINCOLNSHIRE TOPOGRAPHICAL SOCIETY
LINEN DRAPERS', SILK MERCERS', LACEMEN'S, HARBERDASHERS' AND HOSIERS' INSTITUTION
LINNEAN SOCIETY
LINNEAN SOCIETY OF LONDON
LINOTYPE USERS' ASSOCIATION
LISKEARD CONGREGATIONAL CHURCH
LISTER INSTITUTE OF PREVENTATIVE MEDICINE
LITERARY  AND  PHILOSOPHICAL SOCIETY OF LIVERPOOL
LITERARY ASSOCIATION OF THE FRIENDS OF POLAND
LITERARY CLUB
LITERARY PRODUCTION COMMITTEE
LITERARY SOCIETY OF BOMBAY
LITERARY SOCIETY OF MADRAS
LITERARY AND PHILOSOPHICAL SOCIETY
LITERARY AND PHILOSOPHICAL SOCIETY AT KINGSTON-UPON-HULL
LITERARY AND PHILOSOPHICAL SOCIETY OF LEICESTER
LITERARY AND PHILOSOPHICAL SOCIETY OF LONDON
LITERARY AND PHILOSOPHICAL SOCIETY OF MANCHESTER
LITERARY AND PHILOSOPHICAL SOCIETY OF SHEFFIELD
LITERARY AND SCIENTIFIC INSTITUTION
LITERARY AND SCIENTIFIC INSTITUTION OF KILKENNY
LITTLE WANDERERS' HOME
LITTLEMORE ASYLUM, OXFORD
LITURGICAL REVISION SOCIETY
LIVERPOOL (CITY. PUBLIC HEALTH DEPARTMENT)
LIVERPOOL ARCHITECTURAL AND ARCHÊOLOGICAL SOCIETY
LIVERPOOL ASTRONOMICAL SOCIETY
LIVERPOOL BIOLOGICAL SOCIETY
LIVERPOOL BOARD OF HEALTH
LIVERPOOL CATHOLIC INSTITUTE
LIVERPOOL CENTRAL YOUNG MEN'S CHRISTIAN ASSOCIATION
LIVERPOOL CHEMISTS' ASSOCIATION
LIVERPOOL COLLEGIATE SCHOOL
LIVERPOOL CONGREGATIONAL COUNCIL
LIVERPOOL ENGINEERING SOCIETY
LIVERPOOL EVANGELISTIC UNION
LIVERPOOL FABIAN SOCIETY
LIVERPOOL GENERAL BROKERS' ASSOCIATION
LIVERPOOL GEOGRAPHICAL SOCIETY
LIVERPOOL GEOLOGICAL ASSOCIATION
LIVERPOOL GEOLOGICAL SOCIETY
LIVERPOOL HEALTH OF TOWNS' ASSOCIATION
LIVERPOOL LITERARY AND PHILOSOPHICAL SOCIETY
LIVERPOOL LOCAL ANTI-MONOPOLY ASSOCIATION
LIVERPOOL MARINE BIOLOGICAL STATION
LIVERPOOL MARINE BIOLOGY COMMITTEE
LIVERPOOL MEDICAL INSTITUTION
LIVERPOOL MICROSCOPICAL SOCIETY
LIVERPOOL MUNICIPAL OFFICERS' GUILD
LIVERPOOL MUSEUMS
LIVERPOOL NATURAL HISTORY SOCIETY
LIVERPOOL NATURALISTS' FIELD CLUB
LIVERPOOL NUMISMATIC SOCIETY
LIVERPOOL ODONTOLOGICAL SOCIETY
LIVERPOOL PHILOMATIC SOCIETY
LIVERPOOL PHOTOGRAPHIC SOCIETY
LIVERPOOL PHYSICAL SOCIETY
LIVERPOOL POLYTECHNIC SOCIETY
LIVERPOOL PUBLIC LIBRARIES, MUSEUMS, AND ART GALLERY
LIVERPOOL ROYAL INFIRMARY
LIVERPOOL ROYAL INSTITUTION
LIVERPOOL SCHOOL BOARD
LIVERPOOL SCHOOL OF TROPICAL MEDICINE
LIVERPOOL SCIENCE STUDENTS' ASSOCIATION
LIVERPOOL SELF PROPELLED TRAFFIC ASSOCIATION
LIVERPOOL SOCIETY FOR THE PREVENTION OF CRUELTY TO CHILDREN
LIVERPOOL UNIVERSITY
LIVERPOOL UNIVERSITY COLLEGE
LIVERPOOL VICTORIA LEGAL FRIENDLY SOCIETY
LIVERPOOL WELSH NATIONAL SOCIETY
LIVERPOOL YMCA
LIVERPOOL AND MANCHESTER PHOTOGRAPHIC SOCIETIES
LIVERPOOL, CITY OF
LLOYDS BANKING COMPANY
LOCAL GOVERNMENT BOARD
LOCAL GOVERNMENT BOARD FOR IRELAND
LOCAL PEACE ASSOCIATIONS; ORGAN PEACE SOCIETY
LOCK HOSPITAL
LODGE QUATUOR CORONATI
LOGGERVILLE LITERARY SOCIETY
LONDON AMATEUR SCIENTIFIC SOCIETY
LONDON AMATEUR'S SOCIAL CLUB
LONDON ANTHROPOLOGICAL SOCIETY
LONDON ANTI-CORN-LAW SOCIETY
LONDON ANTI-PEW SOCIETY
LONDON ARCHITECTURAL ASSOCIATION
LONDON ARCHITECTURAL SOCIETY
LONDON ART UNION
LONDON ASSOCIATION OF FOREMEN ENGINEERS
LONDON ASTROLOGICAL SOCIETY
LONDON AUXILIARY
LONDON BAKERS' TRADE ASSOCIATION
LONDON BIBLE AND DOMESTIC FEMALE MISSION
LONDON BOARD OF EDUCATION
LONDON BOTANICAL EXCHANGE CLUB
LONDON BUILDING TRADES FEDERATION
LONDON CAB DRIVERS' TRADE UNION
LONDON CENTRAL AGENCY FOR ADVERTISEMENTS
LONDON CENTRAL MATERNAL ASSOCIATION
LONDON CHAMBER OF COMMERCE
LONDON CHARITY ORGANISATION SOCIETY
LONDON CITY COUNCIL TECHNICAL EDUCATION BOARD
LONDON CITY MISSION
LONDON CO-OPERATIVE SOCIETY
LONDON COMMITTEE OF DEPUTIES OF THE BRITISH JEWS
LONDON CONSOLIDATED SOCIETY OF JOURNEYMEN BOOKBINDERS
LONDON COUNTY ASYLUMS
LONDON COUNTY COUNCIL
LONDON COUNTY COUNCIL STAFF ASSOCIATION
LONDON DEMOCRATIC ASSOCIATION
LONDON DIOCESAN CHURCH BUILDING SOCIETY
LONDON DIOCESAN HOME MISSION
LONDON DIOCESAN PENITENTIARY
LONDON EDUCATION SOCIETY
LONDON ELECTRICAL SOCIETY
LONDON EXCHANGE CLUB
LONDON FEMALE MISSION
LONDON FEMALE PENITENTIARY
LONDON FEVER HOSPITAL
LONDON FOOD REFORM SOCIETY
LONDON FOUNDERS' ASSOCIATION
LONDON FREE AND OPEN CHURCH ASSOCIATION
LONDON GEOLOGICAL FIELD CLASS
LONDON GREGORIAN CHORAL ASSOCIATION
LONDON GUILD OF HOPE
LONDON HIBERNIAN SOCIETY
LONDON HOMOEOPATHIC HOSPITAL
LONDON HOSPITAL
LONDON HOSPITAL MEDICAL COLLEGE
LONDON HOSPITAL MEDICAL SCHOOL
LONDON HOTEL AND RESTAURANT EMPLOYEES SOCIETY
LONDON INFIRMARY
LONDON INFIRMARY FOR CURING DISEASES OF THE EYE
LONDON INSTITUTION
LONDON LITERARY ASSOCIATION OF THE FRIENDS OF POLAND
LONDON LOCK HOSPITAL AND HOME
LONDON LODGE THEOSOPHICAL SOCIETY
LONDON MATHEMATICAL SOCIETY
LONDON MECHANIC'S INSTITUTE
LONDON MEDICAL GRADUATES' COLLEGE
LONDON MESMERIC INFIRMARY
LONDON MISSIONARY SOCIETY
LONDON MUNICIPAL REFORM LEAGUE
LONDON NATURAL HISTORY SOCIETY
LONDON OPHTHALMIC INFIRMARY
LONDON PAROCHIAL TRACTS
LONDON PHILATELIC SOCIETY
LONDON PHOTOGRAPHIC SOCIETY
LONDON POSITIVIST COMMITTEE
LONDON PROPHETICAL SOCIETY
LONDON PUPIL TEACHERS ASSOCIATION
LONDON REFORM UNION
LONDON SCHOOL SOCIETY
LONDON SCHOOL OF MEDICINE
LONDON SECULAR FEDERATION
LONDON SOCIETY
LONDON SOCIETY FOR MITIGATION AND GRADUAL ABOLITION OF SLAVERY IN THE BRITISH DOMINIONS
LONDON SOCIETY FOR PROMOTING CHRISTIANITY AMONGST THE JEWS
LONDON SOCIETY FOR THE ABOLITION OF COMPULSORY VACCINATION
LONDON SOCIETY FOR THE ENCOURAGEMENT OF FAITHFUL FEMALE SERVANTS
LONDON SOCIETY FOR THE EXTENSION OF UNIVERSITY TEACHING
LONDON SOCIETY FOR THE MITIGATION AND ABOLITION OF SLAVERY IN THE BRITISH DOMINIONS
LONDON SOCIETY OF COMPOSITORS VIGILANCE ASSOCIATION
LONDON SPIRITUALIST FEDERATION
LONDON STOCK EXCHANGE
LONDON TEACHERS' ASSOCIATION
LONDON TEMPERANCE LEAGUE
LONDON TEMPERANCE SOCIETY
LONDON TOPOGRAPHICAL SOCIETY
LONDON TRADES COUNCIL
LONDON TRADES SOCIETY
LONDON TRAINING INSTITUTION
LONDON TYPOGRAPHICAL SOCIETY
LONDON UNION ON CHURCH MATTERS
LONDON UNIVERSITY
LONDON UNIVERSITY COLLEGE
LONDON VACCINE INSTITUTION
LONDON WORKING MAN'S ASSOCIATION
LONDON AND COUNTIES LABOUR LEAGUE
LONDON AND COUNTIES LIBERAL UNION
LONDON AND COUNTRY AMALGAMATED ASSOCIATIONS OF THE HEARTS OF OAK BENEFIT SOCIETY
LONDON AND MIDDLESEX ARCHAEOLOGICAL ASSOCIATION
LONDON AND MIDDLESEX ARCHAEOLOGICAL SOCIETY
LONDON AND PROVINCIAL ANTI-VIVISECTION SOCIETY
LONDON AND PROVINCIAL ASSOCIATIONS OF SANITARY OFFICERS
LONDON AND PROVINCIAL MEDICAL PROTECTION AND BENEVOLENT SOCIETY
LONDON AND PROVINCIAL MUSIC TRADES REVIEW
LONDON AND SUBURBAN MESSENGER AND GENERAL AGENCY CO LTD
LONDON AND WESTMINSTER SUPPLY ASSOCIATION
LONDON, ABERDEEN, BANFF, AND KINCARDINE ASSOCIATION
LONDON, CITY OF
LONDRA-ROMA
LONG EATON WORKING MEN'S CO-OPERATIVE SOCIETY
LORD'S COMMITTEE ON THE CONDITION AND TREATMENT OF THE COLONIAL SLAVES
LORDS COMMISSIONERS OF THE ADMIRALTY
LOWES AND EAST SURREY NATURAL HISTORY SOCIETY
LOYAL NORTH LANCASHIRE REGIMENT
LOYAL ORANGE INSTITUTION OF ENGLAND
LOYAL ORDER OF ANCIENT SHEPHERDS' ASHTON UNITY FRIENDLY SOCIETY
LOYAL SOCIETY
LOYALIST'S ASSOCIATION
LUTON CHRIST CHURCH PARISH
MACCLESFIELD PARLIAMENTARY DEBATING SOCIETY
MACCLESFIELD SOCIETY FOR THE ACQUIRING OF USEFUL KNOWLEDGE
MACCLESFIELD, STUDENTS OF
MADRAS LITERARY SOCIETY
MAGDALEN COLLEGE
MAGDALEN MISSION
MAGNETICAL AND METEOROLOGICAL OBSERVATORY AT ST. HELENA
MAGNETICAL AND METEOROLOGICAL OBSERVATORY AT TORONTO IN CANADA
MAIDENHEAD
MAIDENHEAD NATURALISTS' FIELD CLUB, AND THAMES VALLEY ANTIQUARIAN SOCIETY
MAIDSTONE AND MID KENT NATURAL HISTORY AND PHILOSOPHICAL SOCIETY
MAIDSTONE AND MID-KENT NATURAL HISTORY SOCIETY
MAKINSON'S ACADEMY, HIGHER BROUGHTON
MALACOLOGICAL SOCIETY OF LONDON
MALDEN NATURAL HISTORY SOCIETY
MALTHUSIAN LEAGUE
MALTON FIELD NATURALISTS' AND SCIENTIFIC SOCIETY
MALVERN FIELD CLUB
MALVERN NATURAL HISTORY SOCIETY AND FIELD CLUB
MALVERN NATURALISTS' FIELD CLUB
MANCHESTER (OXFORD ROAD) WESLEYAN METHODIST CIRCUIT
MANCHESTER ACCOUNTANTS STUDENT SOCIETY
MANCHESTER AGENCY OF THE NEW YORK LIFE ASSURANCE CO
MANCHESTER AMATEUR PHOTOGRAPHIC SOCIETY
MANCHESTER ANGLERS' ASSOCIATION
MANCHESTER ANGLING SOCIETY
MANCHESTER ASSOCIATION OF EMPLOYERS, FOREMEN AND DRAUGHTMEN OF THE MECHANICAL TRADE OF GREAT BRITAIN
MANCHESTER ASSOCIATION OF ENGINEERS
MANCHESTER CHAMBER OF COMMERCE
MANCHESTER CHARTERED ACCOUNTANTS STUDENTS' SOCIETY
MANCHESTER CITY NEWS
MANCHESTER CITY, NEWTON HEATH, BROUGHTON RANGERS  AND  SALFORD CLUBS
MANCHESTER COLLEGE
MANCHESTER CONSTITUTIONAL SOCIETY
MANCHESTER COTTON ASSOCIATION
MANCHESTER DISTRICT SUNDAY SCHOOL ASSOCIATION
MANCHESTER FIELD CLUB
MANCHESTER FIELD NATURALIST'S SOCIETY
MANCHESTER FIELD NATURALISTS' AND ARCHAEOLGISTS' SOCIETY
MANCHESTER FREE LIBRARY
MANCHESTER GEOGRAPHICAL SOCIETY
MANCHESTER GEOLOGICAL ASSOCIATION
MANCHESTER GEOLOGICAL SOCIETY
MANCHESTER GEOLOGICAL AND MINING SOCIETY
MANCHESTER GOETHE SOCIETY
MANCHESTER GRAMMAR SCHOOL
MANCHESTER GUARDIAN SOCIETY FOR THE PROTECTION OF TRADE
MANCHESTER HIGH SCHOOL FOR GIRLS
MANCHESTER HORTICULTURAL IMPROVEMENT SOCIETY
MANCHESTER INSTITUTION OF ENGINEERS
MANCHESTER LITERARY CLUB
MANCHESTER LITERARY AND GEOGRAPHICAL SOCIETY
MANCHESTER LITERARY AND PHILOSOPHICAL SOCIETY
MANCHESTER MECHANICS' INSTITUTION
MANCHESTER MICROSCOPICAL SOCIETY
MANCHESTER NATURALIST'S FIELD CLUB
MANCHESTER NORTHERN HOSPITAL FOR WOMEN AND CHILDREN
MANCHESTER NUMISMATIC SOCIETY
MANCHESTER ODONTOLOGICAL SOCIETY
MANCHESTER PHOTOGRAPHIC SOCIETY
MANCHESTER PUBLIC FREE LIBRARIES
MANCHESTER PUBLIC LIBRARIES
MANCHESTER ROYAL LUNATIC HOSPITAL
MANCHESTER SCHOOL
MANCHESTER SCHOOL BOARD
MANCHESTER SCIENTIFIC STUDENTS' ASSOCIATION
MANCHESTER STATISTICAL SOCIETY
MANCHESTER STATISTICAL SOCIETY OF THE STATE OF EDUCATION OF THE BOROUGH OF SALFORD
MANCHESTER STATISTICAL SOCIETY ON THE STATE OF EDUCATION IN THE BOROUGH OF MANCHESTER
MANCHESTER TACTICAL SOCIETY
MANCHESTER UNITY OF INDEPENDENT ODD FELLOWS
MANCHESTER Y.M.C.A
MANCHESTER AND CHESHIRE BAND OF HOPE UNION
MANCHESTER AND DISTRICT CO-OPERATIVE EMPLOYEES' ASSOCIATION
MANCHESTER AND DISTRICT CONGREGATIONAL BOARD
MANCHESTER AND SALFORD CO-OPERATIVE COUNCIL
MANCHESTER AND SALFORD EQUITABLE CO-OPERATIVE SOCIETY
MANCHESTER AND SALFORD HOMOEOPATHIC DISPENSARY
MANCHESTER AND SALFORD INDEPENDENT LABOUR PARTY
MANCHESTER AND SALFORD NOXIOUS VAPORS ABATEMENT ASSOCIATION
MANCHESTER AND SALFORD SANITARY ASSOCIATION
MANCHESTER AND SALFORD TEMPERANCE SOCIETY
MANCHESTER AND SALFORD TOWN MISSION
MANCHESTER AND SALFORD WOMEN'S TRADES COUNCIL
MANCHESTER AND SALFORT MINISTERS' AND DEACONS' ASSOCIATION
MANCHESTER'S UNITED KINGDOM ALLIANCE
MANCHESTER, CITY OF
MANCHESTER-TRANSVAAL PEACE COMMITTEE
MANSFIELD HOUSE UNIVERSITY SETTLEMENT
MANSION HOUSE COUNCIL ON THE DWELLINGS OF THE POOR
MANX SOCIETY
MANX WESLEYAN METHODIST CHURCH
MARGATE COLLEGE
MARINE BIOLOGICAL ASSOCIATION OF THE UNITED KINGDOM
MARITIME PENITENT FEMALE REFUGE
MARITZBURG MISSION ASSOCIATION
MARLBOROUGH COLLEGE NATURAL HISTORY SOCIETY
MARRIAGE LAW REFORM ASSOCIATION
MARY CHURCH, NORTH ELHAM
MARYLEBONE CLUB
MASHONALAND MISSION
MASON SCIENCE COLLEGE
MASONIC ORDER
MASTER BAKERS' AND CONFECTIONERS' SOCIETY
MASTER BUILDERS ASSOCIATIONS
MASTER TAILORS' ASSOCIATION OF GREAT BRITAIN AND IRELAND
MASTER OF THE ROLLS
MATHEMATICAL REPOSITORY
MATLOCK FIELD CLUB
MATRIMONIAL BUREAU
MECHANICS INSTITUTE
MEDICAL ASSOCIATION OF LONDON
MEDICAL GRADUATES COLLEGE AND POLYCLINIC
MEDICAL GRADUATES COLLEGE, LONDON
MEDICAL MISSIONARY ASSOCIATION
MEDICAL OFFICER FOR LONDON
MEDICAL OFFICER OF HEALTH
MEDICAL OFFICER OF HEALTH, THE SURVEYOR AND ANALYST
MEDICAL OFFICER OF PRIVY COUNCIL
MEDICAL OFFICERS OF HEALTH
MEDICAL OFFICERS OF HEALTH SOCIETY
MEDICAL PRACTITIONERS' ASSOCIATION
MEDICAL REGISTER
MEDICAL SOCIETY OF KING'S COLLEGE, LONDON
MEDICAL SOCIETY OF LONDON
MEDICAL SOCIETY OF WESTMINSTER
MEDICAL AND CHIRURGICAL SOCIETY OF LONDON
MEDICAL AND PHYSICAL SOCIETY OF BOMBAY
MEDICAL AND PHYSICAL SOCIETY OF CALCUTTA
MEDICINE AND SURGERY
MEDICO-BOTANICAL SOCIETY
MEDICO-BOTANICAL SOCIETY OF LONDON
MEDICO-CHIRURGICAL SOCIETY
MEDICO-CHIRURGICAL SOCIETY OF GLASGOW
MEDICO-PSYCHOLOGICAL ASSOCIATION OF GREAT BRITAIN AND IRELAND
MEDICO-STATISTICAL ASSOCIATION
MELANESIAN MISSION
MELBOURNE GOLD AND GENERAL MINING ASSOCIATION
MERCANTILE LIBRARY ASSOCIATION
MERCANTILE MARINE SERVICE ASSOCIATION
MERIDEN SCIENTIFIC ASSOCIATION
MERSEY CONSERVANCY
MERSEYSIDE CONGREGATIONAL COUNCIL
METAPHYSICAL SOCIETY
METEOROLOGICAL COMMITTEE
METEOROLOGICAL COMMITTEE OF THE ROYAL SOCIETY
METEOROLOGICAL COUNCIL
METEOROLOGICAL OFFICE
METEOROLOGICAL SOCIETY
METEOROLOGICAL SOCIETY OF GREAT BRITAIN
METHODIST CHURCH
METHODIST CHURCH OF ENGLAND
METHODIST GUILD DEPARTMENT
METHODIST NEW CONNEXION
METHODIST NEW CONNEXION MISSIONARY SOCIETY
METHODIST YOUTH DEPARTMENT
METROPOLITAN ASSOCIATION
METROPOLITAN ASYLUMS BOARD
METROPOLITAN BOARD TEACHERS' ASSOCIATION
METROPOLITAN BOARD OF WORKS
METROPOLITAN COLLEGE SOCIETAS ROSICRUCIANA
METROPOLITAN FOREMEN TAILORS' SOCIETY
METROPOLITAN HEALTH-OF-TOWNS ASSOCIATION
METROPOLITAN MEDICO BOTANIC COLLEGE
METROPOLITAN SANITARY COMMISSION
METROPOLITAN SOCIETY OF OCCULT PHILOSOPHERS
METROPOLITAN TEMPERANCE ASSOCIATION
METROPOLITAN TRADES COMMITTEE
METROPOLITAN TRADES' DELEGATES
METROPOLITAN VISITING AND RELIEF ASSOCIATION
METROPOLITAN WORKING MAN'S UNION
METROPOLITAN WORKING-MEN'S TOTAL ABSTINENCE UNION
METROPOLITIAN UNION
MICROSCOPICAL SOCIETY
MICROSCOPICAL SOCIETY OF LONDON
MIDDLESBROUGH  COTTAGE HOSPITAL
MIDDLESBROUGH ATHENAEUM
MIDDLESBROUGH ATHENAEUM FIELD CLUB
MIDDLESBROUGH TEMPERANCE SOCIETY
MIDDLESBROUGH TRADES COUNCIL
MIDDLESEX HOSPITAL
MIDDLESEX HOSPITAL MEDICAL AND SURGICAL REGISTRARS
MIDLAND AGRICULTURAL AND DAIRY INSTITUTE
MIDLAND COUNTIES ELECTORAL UNION FOR THE REPEAL OF THE CONTAGIOUS DISEASES ACTS RELATING TO WOMEN
MIDLAND COUNTIES INSTITUTION OF ENGINEERS
MIDLAND CYCLING AND ATHLETIC CLUB
MIDLAND DEAF AND DUMB INSTITUTION
MIDLAND INSTITUTE OF MINING ENGINEERS
MIDLAND INSTITUTE OF MINING, CIVIL,  AND  MECHANICAL ENGINEERS
MIDLAND RAILWAY COMPANY
MIDLAND SCIENTIFIC ASSOCIATION
MIDLAND TEMPERANCE LEAGUE
MILDMAY MISSION
MILDMAY MISSION TO THE JEWS
MINERALOGICAL SOCIETY OF GREAT BRITAIN AND IRELAND
MINERS OF GREAT BRITAIN AND IRELAND
MINERS' ASSOCIATION
MINERS' ASSOCIATION OF GREAT BRITAIN AND IRELAND
MINES DEPARTMENT
MINING ASSOCIATION AND INSTITUTE OF CORNWALL
MINING INSTITUTE OF CORNWALL
MINISTERS' BENEVOLENT SOCIETY
MINISTRY OF AGRICULTURE
MINISTRY OF AGRICULTURE AND FISHERIES, ENGLAND AND WALES
MINISTRY OF AGRICULTURE AND FISHERIES, GREAT BRITAIN
MINISTRY OF AGRICULTURE OF GREAT BRITIAN
MINISTRY OF AGRICULTURE, FISHERIES, AND FOOD
MINISTRY OF HEALTH
MINISTRY OF LABOUR
MINISTRY OF TRANSPORT AND CIVIL AVIATION
MINISTËRE DE LA MARINE
MISSION BOARD OF THE CHURCH
MISSION PACKET SOCIETY
MISSION TO LEPERS IN INDIA AND THE EAST
MISSION TO THE KABYLES AND OTHER BERBER RACES
MISSIONARY DIOCESE OF ROCKHAMPTON, CENTRAL QUEENSLAND
MISSIONARY HELPERS' UNION
MISSIONARY LEAVES ASSOCIATION
MISSIONARY PEACE ASSOCIATION AND INFORMATION BUREAU
MISSIONARY SOCIETY
MISSIONARY AND TRACT SOCIETY
MISSIONARY, MARITIME AND MILLITARY TRACT SOCIETY
MODEL HOUSES ASSOCIATION
MODERN LANGUAGE ASSOCIATION
MONMOUTH, HEREFORD, BRECON AND RADNOR (COUNTIES) AND CITY OF HEREFORD JOINT LUNATIC ASYLUMS
MONTHLY LITERARY ADVERTISER
MONTHLY TRACT SOCIETY
MONTROSE NATURAL HISTORY AND ANTIQUARIAN SOCIETY
MONUMENTAL BRASS SOCIETY
MORAL REFORM UNION
MORAVIAN CHURCH; UNITED BRETHREN IN CHRIST
MORAVIAN MISSIONS
MOSELEY SOCIETY
MOSELEY AND BALSALL HEATH LITERARY ASSOCIATION
MOSS EXCHANGE CLUB
MOSS ROSE CRICKET CLUB
MOTHER OF THE VIRGIN MARY AT SOHO
MOTHERS' UNION
MOULSFORD LUNATIC ASYLUM
MR. RAWES' ACADEMY
MUNICIPAL CORPORATIONS
MUNICIPAL OFFICERS' ASSOCIATION
MUNICIPAL SCHOOL OF ART MUSICAL, LITERARY AND DRAMATIC ARTS SOCIETY
MURRAY R. INSTITUTION
MUSEUM OF ECONOMIC GEOLOGY IN LONDON
MUSEUM OF ECONOMIC NATURAL HISTORY
MUSEUMS ASSOCIATION
MUSIC HALL ARTIST'S ASSOCIATION, GENERAL COMMITTEE OF THE
MUSICAL ANTIQUARIAN SOCIETY
MUSICAL ASSOCIATION
MUSICAL REFORM ASSOCIATION
MUSICAL SOCIETY
MUSICAL UNION
MUSICIAN'S UNION
MUTUAL IMPROVEMENT SOCIETY
MUTUAL LIFE INSURANCE COMPANY OF NEW YORK
MUTUAL SOCIETY
MUTUAL-AID ASSOCIATION
N.E. THEATRE REFORM ASSOCIATION
NAPSS
NATIONAL ACADEMY OF DESIGN
NATIONAL ACADEMY OF GREAT BRITAIN
NATIONAL ACADEMY OF SCIENCES
NATIONAL AGRICULTURAL LABOURER'S UNION
NATIONAL AGRICULTURAL LABOURERS ORGANISATION
NATIONAL AMALGAMATED SAILORS' AND FIREMEN'S UNION OF GREAT BRITAIN AND IRELAND
NATIONAL AMALGAMATED SOCIETY OF OPERATIVE HOUSE AND SHIP PAINTERS AND DECORATORS
NATIONAL AMATEUR GARDENING ASSOCIATION
NATIONAL ANTI-COMPULSORY-VACCINATION LEAGUE
NATIONAL ANTI-CORN LAW LEAGUE
NATIONAL ANTI-VIVISECTION SOCIETY
NATIONAL ART TRAINING SCHOOL
NATIONAL ASSOCIATION
NATIONAL ASSOCIATION UNION
NATIONAL ASSOCIATION FOR PROMOTING FREEDOM OF PUBLIC WORSHIP IN THE CHURCH OF ENGLAND
NATIONAL ASSOCIATION FOR THE ADVANCEMENT OF ART AND ITS APPLICATION TO INDUSTRY
NATIONAL ASSOCIATION FOR THE PREVENTION OF CONSUMPTION AND OTHER FORMS OF TUBERCULOSIS
NATIONAL ASSOCIATION FOR THE PROMOTION OF SOCIAL SCIENCE
NATIONAL ASSOCIATION FOR THE PROMOTION OF SOCIAL SCIENCE  (GREAT BRITAIN)
NATIONAL ASSOCIATION FOR THE PROMOTION OF TECHNICAL EDUCATION.
NATIONAL ASSOCIATION FOR THE PROMOTION OF TECHNICAL AND SECONDARY EDUCATION
NATIONAL ASSOCIATION FOR THE REPEAL OF THE CONTAGIOUS DISEASES ACT
NATIONAL ASSOCIATION OF AMATEUR AUTHORS
NATIONAL ASSOCIATION OF CIDER MAKERS
NATIONAL ASSOCIATION OF GENERAL [PRACTITIONERS]
NATIONAL ASSOCIATION OF GROCERS' ASSISTANTS
NATIONAL ASSOCIATION OF HEAD TEACHERS
NATIONAL ASSOCIATION OF INDUSTRY, HUMANITY, AND KNOWLEDGE
NATIONAL ASSOCIATION OF IRON, STEEL, TIN, BLASTFURNACE AND OTHER WORKERS
NATIONAL ASSOCIATION OF JOURNALISTS
NATIONAL ASSOCIATION OF MANUAL TRAINING TEACHERS
NATIONAL ASSOCIATION OF MASTER BAKERS AND CONFECTIONERS
NATIONAL ASSOCIATION OF MASTER BAKERS, CONFECTIONERS AND CATERERS
NATIONAL ASSOCIATION OF MASTER BUILDERS OF GREAT BRITAIN AND IRELAND
NATIONAL ASSOCIATION OF MASTER HOUSE-PAINTERS AND DECORATORS OF ENGLAND AND WALES
NATIONAL ASSOCIATION OF MASTER PLUMBERS
NATIONAL ASSOCIATION OF MEDICAL HERBALISTS OF GREAT BRITAIN
NATIONAL ASSOCIATION OF NUT AND BOLT MAKERS
NATIONAL ASSOCIATION OF OPERATIVE PLASTERERS
NATIONAL ASSOCIATION OF PLASTERERS, GRANOLITHIC AND CEMENT WORKERS
NATIONAL ASSOCIATION OF SEAMAN
NATIONAL ASSOCIATION OF SLATE MERCHANTS  AND  SLATERS
NATIONAL ASSOCIATION OF TEACHERS OF THE DEAF
NATIONAL ASSOCIATION OF UNITED TRADES
NATIONAL BRITISH WOMEN'S TEMPERANCE ASSOCIATION
NATIONAL CHILDREN'S HOME AND ORPHANAGE
NATIONAL CHRYSANTHEMUM SOCIETY
NATIONAL CHURCH REFORM UNION
NATIONAL CHURCH UNION
NATIONAL COMMONWEALTH LEAGUE
NATIONAL CONGRESS OF THE EVANGELICAL FREE CHURCHES
NATIONAL CONSERVATIVE LEAGUE
NATIONAL COUNCIL FOR ANIMALS' WELFARE
NATIONAL COUNCIL OF WOMEN OF GREAT BRITAIN
NATIONAL COUNCIL OF THE EVANGELICAL FREE CHURCH
NATIONAL COUNCIL OF THE EVANGELICAL FREE CHURCHES
NATIONAL COURSING CLUB
NATIONAL CURRENCY REFORM ASSOCIATION
NATIONAL DENTAL HOSPITAL
NATIONAL DEPOSIT FRIENDLY SOCIETY
NATIONAL DIVISION OF SONS OF TEMPERANCE OF GREAT BRITAIN AND IRELAND
NATIONAL DOG CLUB
NATIONAL DOMESTIC ASSOCIATION
NATIONAL EDUCATION ASSOCIATION
NATIONAL EDUCATION LEAGUE
NATIONAL EDUCATION UNION
NATIONAL FEDERATION FOR LIBERAL ASSOCIATIONS
NATIONAL FEDERATION OF ASSOCIATED EMPLOYERS OF LABOUR
NATIONAL FEDERATION OF FISHERMEN OF GREAT BRITAIN AND IRELAND
NATIONAL FEDERATION OF FISHMONGERS
NATIONAL FEDERATION OF FOREMEN TAILORS
NATIONAL FEDERATION OF FOREMEN TAILORS' SOCIETIES
NATIONAL FEDERATION OF MERCHANT TAILORS
NATIONAL FEDERATION OF RETAIL NEWSAGENTS, BOOKSELLERS  AND  STATIONERS
NATIONAL FEDERATION OF SHIPWORKERS
NATIONAL FEDERATION OF SLATE MERCHANTS, SLATERS AND TILERS
NATIONAL FEDERATION OF SUB-POSTMASTERS
NATIONAL FISH CULTURE ASSOCIATION
NATIONAL FLINT GLASS MAKERS' FRIENDLY SOCIETY
NATIONAL FOOTPATHS PRESERVATION SOCIETY
NATIONAL FREE LABOUR ASSOCIATION
NATIONAL FREEDMAN'S-AID UNION
NATIONAL FREEHOLD LAND SOCIETY
NATIONAL GROCERS' UNION, MUTUAL AID,  AND  SELF-HELP SOCIETY
NATIONAL HEALTH SOCIETY
NATIONAL HOME READING UNION
NATIONAL HOMING UNION
NATIONAL HOUSEWIFERY ASSOCIATION
NATIONAL INDIAN ASSOCIATION
NATIONAL INDIAN ASSOCIATION
NATIONAL INSTITUTE FOR THE BLIND
NATIONAL INSTITUTION FOR PROMOTING THE EMPLOYMENT OF WOMEN IN THE ART OF PRINTING
NATIONAL LAND  AND  BUILDINGS ASSOCIATION
NATIONAL LAUNDRY ASSOCIATION
NATIONAL LEAGUE FOR THE REPEAL OF THE CONTAGIOUS DISEASES ACT
NATIONAL LEAGUE OF THE BLIND OF GREAT BRITAIN AND IRELAND
NATIONAL LIBERAL CLUB
NATIONAL LIBERAL FEDERATION
NATIONAL LIBERAL LEAGUE
NATIONAL MASTER FARRIERS' AND BLACKSMITHS' WORSHIPFUL COMPANY OF FARRIERS
NATIONAL MEDICAL ASSOCIATION FOR THE ABOLITION OF THE STATE REGULATION OF PROSTITUTION
NATIONAL PAINT, OIL AND VARNISH ASSOCIATION
NATIONAL PARLIAMENTARY AND FINANCIAL REFORM ASSOCIATION
NATIONAL PHONOGRAPHIC SOCIETY
NATIONAL PHYSICAL RECREATION SOCIETY
NATIONAL PIG BREEDERS' ASSOCIATION
NATIONAL POLITICAL UNION FOR THE OBTAINMENT OF THE PEOPLE'S CHARTER
NATIONAL PRESS
NATIONAL PRESS AGENCY
NATIONAL PRESS AGENCY LTD
NATIONAL PROTESTANT CHURCH UNION
NATIONAL PROVIDENCE LEAGUE FOR THE PREVENTION OF PAUPERISM
NATIONAL REFUGES FOR HOMELESS AND DESTITUTE CHILDREN
NATIONAL REGISTRATION OF PLUMBERS
NATIONAL RIFLE
NATIONAL RIFLE ASSOCIATION
NATIONAL SEA FISHERIES PROTECTION ASSOCIATION
NATIONAL SECULAR SOCIETY
NATIONAL SHEEP BREEDERS ASSOCIATION OF ENGLAND
NATIONAL SHIPWRECK INSTITUTION
NATIONAL SHOP ASSISTANTS' UNION
NATIONAL SOCIETY
NATIONAL SOCIETY FOR CHECKING THE ABUSES OF PUBLIC ADVERTISING
NATIONAL SOCIETY FOR PRESERVING THE MEMORIALS OF THE DEAD IN THE CHURCHES AND CHURCHYARDS OF GREAT BRITAIN
NATIONAL SOCIETY FOR WOMEN'S SUFFRAGE
NATIONAL SOCIETY FOR THE PREVENTION OF CRUELTY TO CHILDREN
NATIONAL SOCIETY FOR THE PROMOTION OF THE EDUCATION OF THE POOR IN THE PRINCIPLES OF THE ESTABLISHED CHURCH
NATIONAL SOCIETY OF CONSERVATIVE AGENTS
NATIONAL SOCIETY OF PROFESSIONAL MUSICIANS
NATIONAL SOCIETY OF SHORTHAND TEACHERS
NATIONAL SOCIETY OF THE FINE ARTS
NATIONAL SUNDAY LEAGUE
NATIONAL TEMPERANCE LEAGUE
NATIONAL TEMPERANCE LEAGUE
NATIONAL TEMPERANCE SOCIETY
NATIONAL THRIFT SOCIETY
NATIONAL TRUST
NATIONAL UNION FOR IMPROVING THE EDUCATION OF WOMEN OF ALL CLASSES
NATIONAL UNION FOR THE SUPPRESSION OF INTEMPERANCE
NATIONAL UNION OF AGRICULTURAL AND ALLIED WORKERS
NATIONAL UNION OF ASSURANCE AGENTS
NATIONAL UNION OF BOOT AND SHOE OPERATIVE
NATIONAL UNION OF CONSERVATIVE ASSOCIATIONS OF SCOTLAND
NATIONAL UNION OF CONSERVATIVE AND CONSTITUTIONAL ASSOCIATIONS
NATIONAL UNION OF CONSERVATIVE AND UNIONIST ASSOCIATIONS
NATIONAL UNION OF ELEMENTARY TEACHERS
NATIONAL UNION OF MINERAL WATER ASSOCIATIONS LTD
NATIONAL UNION OF PARLIAMENTARY DEBATING ASSOCIATIONS
NATIONAL UNION OF RAILWAYMEN
NATIONAL UNION OF SANITARY INSPECTORS (1900)
NATIONAL UNION OF SHOP ASSISTANTS, WAREHOUSEMEN AND CLERKS
NATIONAL UNION OF TEACHERS
NATIONAL UNION OF TYPISTS
NATIONAL UNION OF WOMEN WORKERS
NATIONAL UNION OF WOMEN'S SUFFRAGE SOCIETIES
NATIONAL UNIONIST ASSOCIATION
NATIONAL UNIONIST ASSOCIATION, ETC
NATIONAL UNITED ORDER OF FREE GARDENERS
NATIONAL VETERINARY MEDICAL ASSOCIATION OF GREAT BRITAIN AND IRELAND
NATIONAL VIGILANCE ASSOCIATION
NATIONALIZATION OF LABOUR PARTY
NATIVE AFRICAN MISSIONS AID ASSOCIATION
NATURAL HISTORY SOCIETY
NATURAL HISTORY SOCIETY BOTANICAL EXCHANGE CLUB
NATURAL HISTORY SOCIETY OF NORTHUMBERLAND, DURHAM, AND NEWCASTLE-UPON-TYNE
NATURAL HISTORY SOCIETY OF NORTHUMBRIA
NATURAL HISTORY SOCIETY OF WORCESTER
NATURAL HISTORY SOCIETY OF THE COUNTIES OF NORTHUMBERLAND
NATURAL HISTORY AND ANTIQUARIAN SOCIETY
NATURAL HISTORY AND ANTIQUARIAN SOCIETY OF PENZANCE
NATURAL HISTORY AND PHILOSOPHICAL SOCIETY
NATURAL LIVING SOCIETY
NATURAL SCIENCE SOCIETY
NATURALISTS' UNION
NAVAL TEMPERANCE SOCIETY
NAVAL AND MILITARY BIBLE SOCIETY
NAVAL AND MILITARY OFFICE
NAVVIES', BRICKLAYERS' LABOURERS', AND GENERAL LABOURER'S UNION
NAVVY MISSION SOCIETY
NAVY
NAVY LEAGUE
NAVY RECORDS SOCIETY
NAYLAND VICARAGE
NEEDLE-WORK GUILD
NELSON STREET ADULT SCHOOL, BIRMINGHAM
NEUROLOGICAL SOCIETY OF LONDON
NEUROLOGICAL SOCIETY OF THE UNITED KINGDOM
NEW BIOLOGICAL STATION AT PORT ERIN
NEW BRITISH AND FOREIGN SOCIETY FOR THE SUPPRESSION OF INTEMPERANCE
NEW BRITISH AND FOREIGN TEMPERANCE SOCIETY
NEW CHURCH
NEW CHURCH ASSOCIATION
NEW CONNEXION
NEW GEOGRAPHICAL SOCIETY
NEW JERUSALEM CHURCH
NEW LICHTS
NEW ORDER BROTHER
NEW SHAKESPEARE SOCIETY
NEW SHAKSPERE SOCIETY
NEW SYDENHAM SOCIETY
NEW TABERNACLE CONGREGATIONAL CHURCH
NEW UNIONISM AND SOCIALIST AGITATION
NEW YORK SHAKESPEARE SOCIETY IN EUROPE
NEW YORK SURGICAL SOCIETY AND PHILADELPHIA ACADEMY OF SURGERY
NEW AND LATTER HOUSE OF ISRAEL
NEWBURY DISTRICT FIELD CLUB
NEWCASTLE FARMER'S CLUB
NEWCASTLE-UPON-TYNE CHEMICAL SOCIETY
NEWCASTLE-UPON-TYNE CITY LUNATIC ASYLUM
NEWCOMEN SOCIETY
NEWHAVEN EDUCATION SOCIETY
NEWPORT ATHENAEUM AND MECHANICS' INSTITUTE
NEWSAGENTS, BOOKSELLERS AND STATIONERS NATIONAL UNION
NEWSPAPER SOCIETY
NILE MISSION
NON-INTRUSIONISTS
NONCONFORMIST SUNDAY SCHOOL UNION
NONCONFORMISTS OF CHATHAM DISTRICT
NORFOLK CHAMBER OF AGRICULTURE
NORFOLK COUNTY FOOTBALL ASSOCIATION
NORFOLK HOUSE SCHOOL
NORFOLK UNITED TEMPERANCE COUNCIL
NORFOLK AND NORWICH ARCHAEOLOGICAL SOCIETY
NORFOLK AND NORWICH MUSEUM
NORFOLK AND NORWICH NATURALISTS' SOCIETY
NORFOLK AND NORWICH RELIGIOUS LIBERTY SOCIETY
NORMAL SCHOOL OF SCIENCE AND ROYAL SCHOOL OF MINES
NORTH AFRICAN MISSION
NORTH BRITISH AGRICULTURIST OFFICE
NORTH BUCKS AND NORTH OXON FEDERATION OF FREE CHURCH COUNCILS
NORTH LINCOLNSHIRE AGRICULTURAL SOCIETY
NORTH LONDON CHURCH OF ENGLAND YOUNG MEN'S SOCIETY FOR AIDING MISSIONS AT HOME AND ABROAD
NORTH LONDON MEDICAL SOCIETY
NORTH LONDON PHOTOGRAPHIC ASSOCIATION
NORTH LONDON AND CHORLTON PHOTOGRAPHIC ASSOCIATION
NORTH OXFORDSHIRE ARCHAEOLOGICAL SOCIETY
NORTH RIDING RECORDS SOCIETY
NORTH STAFFORDSHIRE INSTITUTE OF MINING AND MECHANICAL ENGINEERS
NORTH STAFFORDSHIRE MEDICAL SOCIETY
NORTH STAFFORDSHIRE NATURALISTS' FIELD CLUB
NORTH STAFFORDSHIRE NATURALISTS' FIELD CLUB AND ARCHAEOLOGICAL SOCIETY
NORTH WALES LUNATIC ASYLUM
NORTH WEST OF IRELAND SOCIETY
NORTH WESTERN ASSOCIATION OF THE MEDICAL OFFICERS OF HEALTH
NORTH WESTERN AND MIDLAND SANITARY INSPECTORS' ASSOCIATION (1898)
NORTH OF ENGLAND INSTITUTE OF MINING ENGINEERS
NORTH OF ENGLAND INSTITUTE OF MINING AND CHEMICAL ENGINEERS
NORTH OF ENGLAND INSTITUTE OF MINING AND MECHANICAL ENGINEERS
NORTH OF ENGLAND INSTITUTE OF TECHNICAL BREWING
NORTH OF ENGLAND OBSTETRICAL AND GYNAECOLOGICAL SOCIETY
NORTH OF ENGLAND TEMPERANCE LEAGUE
NORTH-EAST COAST INSTITUTION OF ENGINEERS AND SHIPBUILDERS
NORTHAMPTON ARCHITECTURAL SOCIETY
NORTHAMPTON ARTISANS' AND LABOURERS' FRIEND SOCIETY
NORTHAMPTON BRANCH OF SOCIAL DEMOCRATIC FEDERATION
NORTHAMPTON COUNTY LUNATIC ASYLUM
NORTHAMPTON GAS-LIGHT COMPANY
NORTHAMPTON GASLIGHT COMPANY
NORTHAMPTON GENERAL LUNATIC ASYLUM
NORTHAMPTON GOOD SAMARITAN SOCIETY
NORTHAMPTON NATURAL HISTORY SOCIETY AND FIELD CLUB
NORTHAMPTON TOWN AND COUNTY BENEFIT BUILDING SOCIETY
NORTHAMPTON AND OAKHAM ARCHITECTURAL SOCIETY
NORTHAMPTONSHIRE EDUCATIONAL LEAGUE
NORTHAMPTONSHIRE EXPLORATION SOCIETY
NORTHAMPTONSHIRE NATURAL HISTORY SOCIETY AND FIELD CLUB
NORTHAMPTONSHIRE SOCIETY FOR PROMOTING AND EXTENDING EDUCATION
NORTHANTS EXPLORATION SOCIETY
NORTHANTS NATURAL HISTORY SOCIETY AND FIELD CLUB
NORTHERN COUNTIES BLIND SOCIETY
NORTHERN ENTOMOLOGICAL SOCIETY
NORTHERN UNION OF MECHANICS' INSTITUTIONS
NORTHUMBERLAND AGRICULTURAL SOCIETY
NORTHUMBERLAND COTTAGE IMPROVEMENT SOCIETY
NORTHUMBERLAND COUNTY LUNATIC ASYLUM
NORTHUMBERLAND FUSILIERS
NORTHUMBERLAND SEA FISHERIES COMMITTEE
NORTHUMBERLAND AND DURHAM CHESS ASSOCIATION
NORTHUMBERLAND AND DURHAM HOME TEACHING SOCIETY FOR THE BLIND
NORTHUMBERLAND AND DURHAM MEDICAL SOCIETY
NORTHUMBERLAND, DURHAM AND NEWCASTLE-UPON-TYNE NATURAL HISTORY SOCIETY
NORWEGIAN CLUB
NORWICH CITY COUNCIL HEALTH COMMITTEE
NORWICH CO-OPERATIVE SOCIETY
NORWICH DIOCESAN CHURCH ASSOCIATION, NORFOLK BRANCH
NORWICH MASONIC ASSOCIATION
NORWICH MINISTRY OF HEALTH
NORWICH MUSEUMS COMMITTEE
NORWICH SCHOOL BOARD
NORWICH SCIENCE GOSSIP CLUB
NORWICH SCRIPTURE READERS' SOCIETY
NORWICH TEMPERANCE MISSION
NORWICH TEMPERANCE SOCIETY
NORWICH UNION FIRE INSURANCE SOCIETY
NORWICH UNION FIRE OFFICE
NORWICH WHEELERS' CYCLING CLUB
NORWOOD CONVENTION
NOTTINGHAM FREE PUBLIC LIBRARIES AND READING ROOMS
NOTTINGHAM HIGH SCHOOL
NOTTINGHAM HIGH SCHOOL FOR GIRLS
NOTTINGHAM LITERARY AND PHILOSOPHICAL SOCIETY
NOTTINGHAM NATURALISTS' SOCIETY
NOTTINGHAM PUBLIC LIBRARIES AND NATURAL HISTORY MUSEUM
NOTTINGHAM SPIRITUAL CIRCLE
NOTTINGHAM UNITED COUNTY AND BOROUGH LUNATIC ASYLUM
NOTTINGHAMSHIRE FAMILY HISTORY SOCIETY
NUMISMATIC SOCIETY
NUNHEAD CHRISTIAN BAND
OAKHAM SCHOOL
OBSERVATORY SYNDICATE
OBSERVATORY OF THE UNIVERSITY
OBSTETRICAL SOCIETY OF LONDON
ODD FELLOWS AND FRIENDLY SOCIETY
ODONTO-CHIRURGICAL SOCIETY
ODONTOLOGICAL SOCIETY
ODONTOLOGICAL SOCIETY OF GREAT BRITAIN
ODONTOLOGICAL SOCIETY OF LONDON
ODONTOLOGICAL SOCIETY OF MANCHESTER
OFF-LICENSES ASSOCIATION
OFFICE FOR PATENTS OF INVENTIONS
OFFICE-BEARERS OF THE GLASGOW YOUNG MEN'S SOCIETY FOR RELIGIOUS IMPROVEMENT
OFFICIAL BRITISH AND FOREIGN UNITARIAN ASSOCIATION
OLD BAPTIST UNION
OLD BAPTIST UNION IN ALL THE WORLD
OLD DISSENT
OLD LIGHTS
OLDHAM FOOTBALL CLUB
OLDHAM MICROSCOPICAL SOCIETY AND FIELD CLUB
OLDHAM OPERATIVE COTTON SPINNERS\\\', ETC, PROVINCIAL ASSOCIATION
OLDHAM SHAREBROKERS' ASSOCIATION
OPEN-AIR MISSION
OPERATIVE BRICKLAYERS' SOCIETY
OPERATIVE BUILDERS' UNION
OPERATIVE POTTERS' UNION
OPHTHALMIC HOSPITAL
OPHTHALMOLOGICAL SOCIETIES OF THE UNITED KINGDOM
OPHTHALMOLOGICAL SOCIETY OF THE UNITED KINGDOM
OPTHALMOLOGICAL SOCIETY
OPTICAL MATHEMATICAL AND PHILOSOPHICAL INSTRUMENT INDUSTRIES
OPTICAL SOCIETY
OPTICAL SOCIETY OF LONDON
ORANGE FREE STATE MISSION
ORANGE FREE STATE AND BASUTO MISSION
ORANGE LODGE
ORCHESTRAL ASSOCIATION
ORDER OF CORPORATE REUNION
ORDER OF FREE GARDENERS
ORDER OF ST. JOHN OF JERUSALEM
ORDER OF ST. JOHN OF JERUSALEM IN ENGLAND
ORDER OF THE GOLDEN AGE
ORDER OF THE SONS OF THE TEMPERANCE FRIENDLY SOCIETY
ORGAN OF THE NOTTINGHAM LABOUR CHURCH
ORIENTAL UNIVERSITY INSTITUTE
ORIGINAL METHODISTS' CONNEXION
ORIGINAL SECESSION CHURCH
ORLEANS COUNTY SOCIETY OF NATURAL SCIENCES
OSSIANIC SOCIETY
OSWESTRY AND WELSHPOOL NATURALISTS' FIELD CLUB
OSWESTRY AND WELSHPOOL NATURALISTS' FIELD CLUB AND ARCHAEOLOGICAL SOCIETY
OTOLOGICAL SOCIETY OF THE UNITED KINGDOM
OUNDLE SCHOOL
OUTINIAN SOCIETY
OVERLAND MONTHLY COMPANY
OWENITE GRAND NATIONAL CONSOLIDATED TRADES' UNION
OWENS COLLEGE
OWENS COLLEGE
OWENS COLLEGE UNION
OWENS COLLEGE, MANCHESTER
OXFORD ANGLING SOCIETY
OXFORD ARCHITECTURAL SOCIETY
OXFORD ARCHITECTURAL AND HISTORICAL SOCIETY
OXFORD CAMERA CLUB
OXFORD CO-OPERATIVE AND INDUSTRIAL SOCIETY
OXFORD DIOCESAN CHURCH HISTORY SOCIETY
OXFORD DOWN SHEEP BREEDERS' ASSOCIATION
OXFORD HISTORICAL SOCIETY
OXFORD HOUSE
OXFORD MELANESIAN MISSION ASSOCIATION
OXFORD MISSION TO CALCUTTA
OXFORD PHILOLOGICAL SOCIETY
OXFORD SHORTHAND SOCIETY
OXFORD SOCIETY
OXFORD SOCIETY FOR PROMOTING THE STUDY OF GOTHIC ARCHITECTURE
OXFORD SOCIETY OF GOTHIC ARCHITECTURE
OXFORD SOCIETY OF HISTORICAL THEOLOGY
OXFORD TRACTS FOR ENGLISH CHURCHMEN
OXFORD TUTORS' ASSOCIATION
OXFORD UNIVERSITY
OXFORD UNIVERSITY BRASS-RUBBING SOCIETY
OXFORD UNIVERSITY EXTENSION DELEGACY
OXFORD UNIVERSITY GENEALOGICAL AND HERALDIC SOCIETY
OXFORD UNIVERSITY JUNIOR SCIENTIFIC CLUB
OXFORD UNIVERSITY MOTETT AND MADRIGAL SOCIETY
OXFORD UNIVERSITY MOTTETT AND MADRIGAL SOCIETY
OXFORD UNIVERSITY MUSEUM
OXFORD UNIVERSITY MUSICAL UNION
OXFORD UNIVERSITY AND CAMBRIDGE UNIVERSITY
OXFORD WOMEN'S COLLEGES
OXFORD AND DISTRICT FREE CHURCH COUNCIL
OXFORD AND OXFORDSHIRE AUXILIARY BIBLE SOCIETY
OXFORD AND OXFORDSHIRE AUXILIARY SOCIETY FOR PROMOTING CHRISTIANITY AMONG THE JEWS
OXFORD, CAMBRIDGE, DUBLIN, AND DURHAM MISSION
OXFORDSHIRE ARCHAEOLOGICAL SOCIETY
OXFORDSHIRE NATURAL HISTORY SOCIETY AND FIELD CLUB
OXFORDSHIRE AND BUCKINGHAMSHIRE LIGHT INFANTRY
PADDINGTON SOCIETY FOR PROMOTING CHRISTIAN KNOWLEDGE AMONG CANAL BOATMEN AND OTHERS
PADDINGTON, BOROUGH OF LONDON
PALAEONTOGRAPHICAL SOCIETY
PALESTINE ARCHAEOLOGICAL ASSOCIATION
PALESTINE EXPLORATION FUND
PALESTINE PILGRIMS' TEXT SOCIETY
PALI TEXT SOCIETY
PALÊOGRAPHICAL SOCIETY
PANHELLENIC UNION OF EAST AND WEST
PARENTS' NATIONAL EDUCATION UNION
PARISH REGISTER SOCIETY
PARISH REGISTER SOCIETY
PARISHES OF ST. MARGARET AND ST. JOHN, WESTMINSTER
PARK CHAPEL
PARKER SOCIETY
PARLIAMENTARY CANDIDATE SOCIETY
PARLIAMENTARY DEBATING SOCIETY
PAROCHIAL MISSIONS TO THE JEWS FUND
PAROCHIAL MISSIONS TO THE JEWS AT HOME AND ABROAD
PAROCHIAL ORDER
PAROCHIAL AND FOREIGN MISSIONS TO THE JEWS
PARTI SOCIALISTE POLONAIS
PATAGONIAN MISSIONARY SOCIETY
PATAGONIAN OR SOUTH AMERICAN MISSIONARY SOCIETY
PATENT AGENCY
PATENT OFFICE
PATHOLOGICAL INSTITUTE OF THE LONDON HOSPITAL
PATHOLOGICAL LABORATORY OF THE LONDON COUNTY ASYLUMS
PATHOLOGICAL LABORATORY OF THE LONDON COUNTY ASYLUMS, CLAYBURY, ESSEX
PATHOLOGICAL SOCIETY OF GREAT BRITAIN AND IRELAND
PATHOLOGICAL SOCIETY OF LONDON
PATHOLOGICAL SOCIETY OF MANCHESTER
PATHOLOGY SOCIETY OF GREAT BRITAIN AND IRELAND
PAUL'S MUTUAL IMPROVEMENT SOCIETY
PEACE SOCIETY
PEACE SOCIETY
PEMBROKE COLLEGE
PEMBROKE HOUSE
PENDRAGON
PENNY PRESS
PENTECOSTAL LEAGUE
PENZANCE NATURAL HISTORY SOCIETY
PENZANCE NATURAL HISTORY AND ANTIQUARIAN SOCIETY
PEOPLES' PALACE, MILE END ROAD
PERCY SOCIETY
PERSE GRAMMAR SCHOOL
PERSE SCHOOL
PERTHSHIRE SOCIETY OF NATURAL SCIENCE
PETER'S CHURCH
PETERBOROUGH NATURAL HISTORY, SCIENTIFIC AND ARCHAEOLOGICAL SOCIETY
PETERHOUSE SEXCENTENARY CLUB
PHARMACEUTICAL SOCIETY
PHARMACEUTICAL SOCIETY
PHARMACEUTICAL SOCIETY OF AUSTRALASIA
PHARMACEUTICAL SOCIETY OF GREAT BRITAIN
PHARMACEUTICAL TIMES
PHASMATOLOGICAL SOCIETY
PHILATELIC SOCIETY OF INDIA
PHILATELIC SOCIETY OF LONDON
PHILATELIC TRADERS' SOCIETY
PHILOBIBLON SOCIETY
PHILOLOGICAL SOCIETY
PHILOLOGICAL SOCIETY OF LONDON
PHILOMATIC INSTITUTION
PHILOSOPHICAL RADICALS
PHILOSOPHICAL SOCIETY OF GLASGOW
PHILOSOPHICAL SOCIETY OF GREAT BRITAIN
PHILOSOPHICAL AND LITERARY INSTITUTION [CANTERBURY]
PHILOSOPHICAL AND LITERARY SOCIETY
PHILOSOPHICAL AND LITERARY SOCIETY OF LEEDS
PHONETIC SHORTHAND WRITERS' ASSOCIATION
PHONOGRAPHIC LITERARY SOCIETY
PHONOGRAPHIC UNION
PHOTOGRAM
PHOTOGRAPHIC SALON
PHOTOGRAPHIC SOCIETY
PHOTOGRAPHIC SOCIETY OF GREAT BRITAIN
PHOTOGRAPHIC SOCIETY OF LONDON
PHOTOGRAPHIC SOCIETY OF SCOTLAND
PHRENOLOGICAL SOCIETY OF EDINBURGH
PHYSICAL SOCIETY
PHYSICAL SOCIETY OF LONDON
PHYSIOLOGICAL SOCIETY
PIC NIC CLUB
PIMLICO BIBLE ASSOCIATION
PIONEER CLUB
PIONEER CLUB
PIONEER PURITY SOCIETY
PIPE ROLL SOCIETY
PLAINSONG AND MEDIÊVAL MUSIC SOCIETY
PLAYGOER'S CLUB
PLEASANT SUNDAY AFTERNOON [P.S.A.] MOVEMENT
PLYMOUTH CHURCH REFORM ASSOCIATION
PLYMOUTH CO-OPERATIVE SOCIETY
PLYMOUTH INSTITUTION
PLYMOUTH INSTITUTION
PLYMOUTH INSTITUTION AND DEVON AND CORNWALL NATURAL HISTORY SOCIETY
PLYMOUTH MUSEUM AND ART GALLERY
POLISH SOCIETY OF LONDON
POLITICAL ECONOMY CLUB
POLSKIEJ PARTYI SOCYALISTYCZNEJ
PONY STUD BOOK SOCIETY
POOR LAW BOARD
POOR LAW COMMISSIONERS
POOR LAW COMMISSIONERS FOR ENGLAND AND WALES
POOR LAW CONFERENCES
POOR LAW DISTRICT CONFERENCES
POOR LAW UNIONS
POOR MAN'S GUARDIAN SOCIETY
POPULAR CONTROL AND LICENSE REFORM ASSOCIATION
PORT [OF LONDON] SANITARY COMMITTEE
PORT OF HULL SOCIETY FOR THE RELIGIOUS INSTRUCTION OF SEAMEN
PORT OF SOUTHAMPTON
PORTSEA PARISH CHURCH
PORTSMOUTH GRAMMAR SCHOOL
PORTSMOUTH AND PORTSEA LITERARY AND PHILOSOPHICAL SOCIETY
POST OFFICE CHRISTIAN ASSOCIATION
POST OFFICE DIRECTORY OFFICE
POSTAL MICROSCOPICAL SOCIETY
POSTAL TELEGRAPH CHRONICLE ASSOCIATION
POSTAL TELEGRAPH CLERKS' ASSOCIATION
POSTAL AND TELEGRAPH CHRISTIAN ASSOCIATION
POSTAL, TELEGRAPH AND TELEPHONE CHRISTIAN ASSOCIATION
POSTMEN'S FEDERATION
POSTMEN'S UNION
POTTERS JOINT EMIGRATION SOCIETY
POULTRY CLUB
POWYS-LAND CLUB
PRACTICAL NATURALISTS' SOCIETY
PRAYER BOOK AND HOMILY SOCIETY
PRAYER UNION FOR EGYPT
PRAYER UNION FOR EGYPT AND THE EGYPT MISSION BAND
PRAYER-BOOK REVISION SOCIETY
PRAYER-BOOK AND HOMILY SOCIETY
PRE-RAPHAELITE BROTHERHOOD
PREPARATORY SCHOOLS HEAD MASTERS' ASSOCIATION
PRESBYTERIAN CHURCH IN ENGLAND
PRESBYTERIAN CHURCH IN ENGLAND
PRESBYTERIAN CHURCH OF ENGLAND
PRESBYTERIAN CHURCH OF ENGLAND WOMEN'S MISSIONARY ASSOCIATION
PRESTON TEMPERANCE SOCIETY
PRIMITIVE METHODIST CONNEXION
PRIMITIVE METHODIST MISSIONARY SOCIETY
PRIMITIVE METHODIST PREACHERS' ASSOCIATION
PRIMITIVE METHODIST SOCIETY MISSIONARY COMMITTEE
PRIMITIVE WESLEYAN METHODISTS
PRIMROSE LEAGUE
PRINCE SOCIETY
PRINCE OF WALES THEATRE
PRINCE'S STREET CONGREGATIONAL CHURCH
PRINCES STREET CONGREGATIONAL CHURCH
PRINCESS OF WALES'S YORKSHIRE REGIMENT
PRINTERS' PROTECTION SOCIETY
PRINTSELLERS' ASSOCIATION
PRISON GATE MISSION
PRISONS OF GREAT BRITAIN
PRIVATE MEDICAL ASSOCIATION
PRIVATE OBSERVATORY OF JOSEPH GURNEY BARCLAY, LEYTON, ESSEX
PRIVY COUNCIL OFFICE
PRIVY COUNCIL OF ENGLAND
PRIVY COUNCIL ON EDUCATION
PROGRESS OF PRACTICAL AND SCIENTIFIC MEDICINE IN DIFFERENT PARTS OF THE WORLD
PROLOCUTOR AND COMMITTEE OF PRIVILEGES OF THE LOWER HOUSE OF CANTERBURY
PROMOTERS OF THE 'BRITISH WORKMAN' PUBLIC HOUSES
PROPRIETARY ARTICLES TRADE ASSOCIATION
PROPRIETORS OF THE HOME CIRCLE
PROTESTANT ALLIANCE
PROTESTANT ASSOCIATION
PROTESTANT ASSOCIATION OF BIRMINGHAM
PROTESTANT ASSOCIATION, LIVERPOOL
PROTESTANT CHURCHMEN'S ALLIANCE
PROTESTANT ELECTORAL UNION
PROTESTANT EPISCOPAL CHURCH OF THE UNITED STATES OF AMERICA
PROTESTANT REFORMATION SOCIETY
PROTESTANT TRACT SOCIETY
PROTESTANT UNION, FOR THE DEFENCE AND SUPPORT OF THE PROTESTANT RELIGION AND THE BRITISH CONSTITUTION AS ESTABLISHED AT THE GLORIOUS REVOLUTION IN 1688
PROTESTANT AND TRANSACTIONS OF SOCIETIES
PROVIDENT ASSOCIATION OF LONDON
PROVIDENT ORPHANAGE
PROVIDENT SOCIETIES
PROVIDENT SURGICAL APPLIANCE SOCIETY
PROVINCIAL GRAND LODGE OF MIDDLESEX
PROVINCIAL MEDICAL  AND  SURGICAL ASSOCIATION
PROVINCIAL MEDICAL AND SURGICAL ASSOCIATION
PROVINCIAL NEWSPAPER SOCIETY
PROVINCIAL TYPOGRAPHICAL ASSOCIATION
PSYCHOLOGICAL ASSOCIATION
PSYCHOLOGICAL SOCIETY OF GREAT BRITAIN
PUBLIC HEALTH MEDICAL SOCIETY
PUBLIC HEALTH OFFICE
PUBLIC LIBRARIES AND MUSEUMS FOR THE PARISH OF ST. MARY
PUBLIC LIBRARIES, LEYTON
PUBLIC LIBRARY, ST. HELIER
PUBLIC RECORD OFFICE
PUBLICATION SOCIETY OF GREAT BRITAIN
PUPIL TEACHER
PURBECK SOCIETY
PURE SELECT WENSLEYDALE SHEEP BREEDERS' ASSOCIATION AND FLOCK BOOK SOCIETY
QUA IBOE MISSION
QUEEN ELIZABETH'S GRAMMAR SCHOOL
QUEEN ST. CONGREGATIONAL CHURCH
QUEEN STREET CHAPEL MUTUAL IMPROVEMENT SOCIETY, WOOLWICH
QUEEN VICTORIA CLERGY FUND
QUEEN'S BENCH DIVISION
QUEEN'S COLLEGE, BIRMINGHAM
QUEEN'S OWN CAMERON HIGHLANDERS
QUEEN'S PARK UNITED PRESBYTERIAN CHURCH LITERARY INSTITUTE
QUEEN'S SCHOOL
QUEENSWOOD LITERARY UNION
QUEENWOOD COLLEGE
QUEKETT MICROSCOPICAL CLUB
R. NATIONAL MISSION
R. W. PROVINCIAL GRAND MASTER
R.M.S.S. PARRAMATTA
RN  AND  RM OFFICERS' ASSOCIATION
RADCLIFFE OBSERVATORY, OXFORD
RADICAL REGISTRATION AND PATRIOTIC ASSOCIATION BRIGHTON
RAGGED SCHOOL UNION
RAGGED SCHOOL AND MISSION UNION
RAILWAY GUILD
RAILWAY MISSION
RAILWAY SERVICE
RAILWAY SHAREHOLDERS' ASSOCIATION
RAMSGATE SAILOR'S HOME
RATCLIFFE COLLEGE
RATIONAL DRESS SOCIETY
RATIONAL SICK AND BURIAL ASSOCIATION
RATIONAL SOCIETY
RATIONALIST PRESS ASSOCIATION
RATIONALIST SOCIETY
RAY SOCIETY
READING CHURCH OF ENGLAND ASSOCIATION
READING GUILD
READING LITERARY AND SCIENTIFIC SOCIETY
READING PATHOLOGICAL SOCIETY
READING PHILHARMONIC SOCIETY
READING PROTESTANT ASSOCIATION
READING TOWN MISSION
RECORD SOCIETY FOR THE PUBLICATION OF ORIGINAL DOCUMENTS RELATING TO LANCASHIRE AND CHESHIRE
RECREATIVE EVENING SCHOOLS ASSOCIATION
RED BANK TEMPERANCE COMMITTEE
REDEMPTION SOCIETY
REFORM LEAGUE
REFORMATORY AND REFUGE UNION
REFORMED BAPTIST EVANGELIZING CHURCH
REFORMED EPISCOPAL CHURCH
REFORMED EPISCOPAL CHURCH IN THE UNITED KINGDOM
REFORMED EPISCOPAL CHURCH OF ENGLAND AND SCOTLAND
REFORMED PRESBYTERIAN CHURCH OF SCOTLAND
REGISTRAR-GENERAL
REGISTRAR-GENERAL FOR ENGLAND  AND  WALES
REGISTRAR-GENERAL OF BIRTHS, DEATHS, AND MARRIAGES IN ENGLAND
REGISTRAR-GENERAL OF ENGLAND
REGISTRAR-GENERAL OF IRELAND
REGISTRAR-GENERAL'S STATISTICAL REVIEW OF ENGLAND AND WALES
REIGATE GRAMMAR SCHOOL
RELIEF CHURCH
RELIGIOUS TRACT SOCIETY
RELIGIOUS TRACT SOCIETY
RELIGIOUS TRACT AND BOOK SOCIETY
RELIGIOUS TRACT AND BOOK SOCIETY OF SCOTLAND
REPTON SCHOOL
RHODESIA SCIENTIFIC ASSOCIATION
RICHMOND ROAD YOUNG MEN'S ASSOCIATION
RICHMOND SOCIETY
ROCHDALE LITERARY AND SCIENTIFIC SOCIETY
ROCHESTER ACADEMY OF SCIENCE
ROCHESTER DIOCESE DEACONESS INSTITUTION
ROCHESTER FARMERS' CLUB
ROCHESTER AND DISTRICT NATURAL HISTORY SOCIETY
ROCK FERRY ATHENAEUM DEBATING SOCIETY
ROENTGEN RAY
ROENTGEN SOCIETY
ROSARY CRUSADE
ROSCOE CLUB
ROSE LEAGUE
ROSICRUCIAN SOCIETY OF ENGLAND
ROSSALL SCHOLL
ROSSALL SCHOOL
ROTHERHAM LITERARY AND SCIENTIFIC SOCIETY
ROTHERHAM NATURALISTS' SOCIETY
ROTHERHITHE
ROTHWELL INDEPENDENT LABOUR PARTY
ROUSDON OBSERVATORY, DEVON
ROXBURGHE SOCIETY
ROYAL  MICROSCOPICAL SOCIETY
ROYAL ACADEMY
ROYAL ACADEMY MUSEUMS, UNIVERSITY LEARNED SOCIETIES, AND BURLINGTON DEBATING ASSOCIATION
ROYAL ACADEMY OF ARTS
ROYAL ACADEMY OF MEDICINE IN IRELAND
ROYAL ACADEMY OF MUSIC
ROYAL AERONAUTICAL SOCIETY
ROYAL AGRICULTURAL  AND  COMMERCIAL SOCIETY OF BRITISH GUIANA
ROYAL AGRICULTURAL COLLEGE
ROYAL AGRICULTURAL SOCIETY
ROYAL AGRICULTURAL SOCIETY OF ENGLAND
ROYAL AGRICULTURE SOCIETY OF ENGLAND
ROYAL ALBERT MEMORIAL UNIVERSITY COLLEGE EXETER
ROYAL ANTEDILUVIAN ORDER OF BUFFALOES
ROYAL ANTHROPOLOGICAL INSTITUTE
ROYAL ANTHROPOLOGICAL INSTITUTE OF GREAT BRITAIN AND IRELAND
ROYAL ARCHAEOLOGICAL INSTITUTE
ROYAL ARCHAEOLOGICAL INSTITUTE OF GREAT BRITAIN AND IRELAND
ROYAL ARMY MEDICAL CORPS
ROYAL ARMY SERVICE CORPS
ROYAL ARMY TEMPERANCE ASSOCIATION
ROYAL ARSENAL CO-OPERATIVE SOCIETY
ROYAL ARTILLERY INSTITUTION
ROYAL ASIATIC SOCIETY
ROYAL ASIATIC SOCIETY OF GREAT BRITAIN AND IRELAND
ROYAL ASTONOMICAL SOCIETY CLUB
ROYAL ASTRONOMICAL ASSOCIATION
ROYAL ASTRONOMICAL SOCIETY
ROYAL ASTRONOMICAL SOCIETY OF LONDON
ROYAL BOROUGH OF KENSINGTON
ROYAL BOTANIC GARDENS, KEW
ROYAL BOTANIC SOCIETY OF LONDON
ROYAL BOTANICAL SOCIETY
ROYAL BRITISH NURSES' ASSOCIATION
ROYAL COLLEGE OF CHEMISTRY
ROYAL COLLEGE OF MIDWIVES
ROYAL COLLEGE OF PHYSICIANS
ROYAL COLLEGE OF PHYSICIANS IN IRELAND
ROYAL COLLEGE OF PHYSICIANS OF EDINBURGH
ROYAL COLLEGE OF PHYSICIANS OF LONDON
ROYAL COLLEGE OF SURGEONS
ROYAL COLLEGE OF SURGEONS OF ENGLAND
ROYAL COLLEGE OF VETERINARY SURGEONS
ROYAL COLONIAL INSTITUTE
ROYAL COMMISSION ON HISTORICAL MANUSCRIPTS
ROYAL CORNWALL AGRICULTURAL ASSOCIATION
ROYAL CORNWALL POLYTECHNIC SOCIETY
ROYAL COURT THEATRE, LIVERPOOL
ROYAL CRUISING CLUB
ROYAL ECONOMIC SOCIETY
ROYAL ENGINEER INSTITUTE
ROYAL ENGINEERS
ROYAL ENGINEERS INSTITUTE
ROYAL ENGLISH ARBORICULTURAL SOCIETY
ROYAL ENTOMOLOGICAL SOCIETY
ROYAL ENTOMOLOGICAL SOCIETY OF LONDON
ROYAL FREE HOSPITAL SCHOOL OF MEDICINE
ROYAL FREE HOSPITAL SCHOOL OF MEDICINE FOR WOMEN
ROYAL GEOGRAPHICAL SOCIETY
ROYAL GEOGRAPHICAL SOCIETY OF LONDON
ROYAL GEOLOGICAL SOCIETY
ROYAL GEOLOGICAL SOCIETY OF CORNWALL
ROYAL GEOLOGICAL SOCIETY OF IRELAND
ROYAL GREENWICH OBSERVATORY
ROYAL HIBERNIAN MILITARY SCHOOL
ROYAL HISTORICAL  AND  ARCHAEOLOGICAL ASSOCIATION OF IRELAND
ROYAL HISTORICAL SOCIETY
ROYAL HISTORICAL SOCIETY OF GREAT BRITAIN
ROYAL HORTICULTURAL SOCIETY
ROYAL HORTICULTURAL SOCIETY OF CORNWALL
ROYAL HORTICULTURAL SOCIETY OF LONDON
ROYAL HOSPITAL FOR SICK CHILDREN
ROYAL HOSPITALS OF BRIDEWELL AND BETHLAM
ROYAL HUMANE SOCIETY
ROYAL HUMANE SOCIETY
ROYAL INDIA, PAKISTAN AND CEYLON SOCIETY
ROYAL INFIRMARY
ROYAL INFIRMARY, LIVERPOOL
ROYAL INSTITUTE
ROYAL INSTITUTE OF BRITISH ARCHITECTS
ROYAL INSTITUTE OF CHEMISTRY
ROYAL INSTITUTE OF CHEMISTRY OF GREAT BRITAIN AND IRELAND
ROYAL INSTITUTE OF PUBLIC HEALTH
ROYAL INSTITUTION
ROYAL INSTITUTION FOR THE DEAF AND DUMB
ROYAL INSTITUTION OF BRITISH ARCHITECTS
ROYAL INSTITUTION OF CHARTERED SURVEYORS
ROYAL INSTITUTION OF CORNWALL
ROYAL INSTITUTION OF GREAT BRITAIN
ROYAL INSTITUTION OF NAVAL ARCHITECTS
ROYAL INSTITUTION OF SOUTH WALES
ROYAL INSURANCE COMPANY
ROYAL IRISH ACADEMY
ROYAL LANCASHIRE AGRICULTURAL SOCIETY
ROYAL LANCASTERIAN INSTITUTION FOR THE EDUCATION OF THE POOR
ROYAL LANCASTRIAN INSTITUTION
ROYAL LIFE SAVING SOCIETY
ROYAL LITERARY FUND
ROYAL LONDON OPHTHALMIC HOSPITAL
ROYAL MANCHESTER, LIVERPOOL, AND NORTH LANCASHIRE AGRICULTURAL SOCIETY
ROYAL MARINES ASSOCIATION
ROYAL MATERNITY
ROYAL MEDICAL BENEVOLENT FUND
ROYAL MEDICAL AND CHIRURGICAL SOCIETY OF LONDON
ROYAL MEDICAL AND CHIRURGICAL SOCIETY OF LONDON
ROYAL MEDICO-BOTANICAL SOCIETY
ROYAL MEDICO-BOTANICAL SOCIETY OF LONDON
ROYAL MEDICO-PSYCHOLOGICAL ASSOCIATION
ROYAL METEOROLOGICAL SOCIETY
ROYAL METEOROLOGICAL SOCIETY
ROYAL MICROSCOPIC SOCIETY
ROYAL MICROSCOPICAL SOCIETY
ROYAL MUSICAL ASSOCIATION
ROYAL NATIONAL LIFE-BOAT INSTITUTION
ROYAL NATIONAL MISSION TO DEEP SEA FISHERMEN
ROYAL NAVAL TEMPERANCE SOCIETY
ROYAL NAVY
ROYAL NAVY, GREAT BRITAIN
ROYAL NUMISMATIC SOCIETY
ROYAL NUMISMATIC SOCIETY OF LONDON
ROYAL OBSERVATORY
ROYAL OBSERVATORY AT GREENWICH
ROYAL OBSERVATORY, CAPE OF GOOD HOPE
ROYAL OBSERVATORY, EDINBURGH
ROYAL OBSERVATORY, GREENWICH
ROYAL PATHOLOGICAL SOCIETY
ROYAL PATRIOTIC AND INDUSTRIAL SOCIETY OF SCOTLAND
ROYAL PHILATELIC SOCIETY
ROYAL PHILATELIC SOCIETY LONDON
ROYAL PHOTOGRAPHIC SOCIETY OF GREAT BRITAIN
ROYAL PHOTOGRAPHIC SOCIETY OF LONDON
ROYAL PHYSICAL SOCIETY OF EDINBURGH
ROYAL SANITARY INSTITUTE
ROYAL SANITARY INSTITUTE OF GREAT BRITAIN
ROYAL SCHOOL OF MINES
ROYAL SCHOOL OF MINES AND OF SCIENCE APPLIED TO THE ARTS
ROYAL SCHOOL OF NAVAL ARCHITECTURE AND MARINE ENGINEERING
ROYAL SOCIETY
ROYAL SOCIETY FOR INDIA, PAKISTAN AND CEYLON
ROYAL SOCIETY FOR THE PREVENTION OF CRUELTY TO ANIMALS (RSPCA)
ROYAL SOCIETY FOR THE PROMOTION OF HEALTH
ROYAL SOCIETY FOR THE PROTECTION OF BIRDS
ROYAL SOCIETY OF ANTIQUARIES OF IRELAND
ROYAL SOCIETY OF ARTS
ROYAL SOCIETY OF ARTS
ROYAL SOCIETY OF EDINBURGH
ROYAL SOCIETY OF HEALTH
ROYAL SOCIETY OF LITERATURE
ROYAL SOCIETY OF LITERATURE OF THE UNITED KINGDOM
ROYAL SOCIETY OF LONDON
ROYAL SOCIETY OF MEDICINE
ROYAL SOCIETY OF MUSICIANS OF GREAT BRITAIN
ROYAL SOCIETY OF PAINTERS IN WATER COLOURS
ROYAL SOCIETY OF PREVENTION OF CRUELTY TO ANIMALS
ROYAL STATISTICAL SOCIETY
ROYAL STATISTICAL SOCIETY [OF LONDON]
ROYAL UNITED SERVICE INSTITUTE
ROYAL UNITED SERVICE INSTITUTION
ROYAL UNITED SERVICES INSTITUTE FOR DEFENCE STUDIES
ROYAL WEST KENT REGIMENT
ROYAL AND ANCIENT ORDER OF BUFFALOES
ROYSSE'S SCHOOL
ROYSTON MECHANICS INSTITUTE
RUGBY SCHOOL
RUGBY SCHOOL NATURAL HISTORY SOCIETY
RUGBY UNION
RUGBY AND ASSOCIATION
RUSHOLME ROAD YOUNG MEN'S CLUB
RUSKIN READING GUILD
RUSKIN SOCIETY OF BIRMINGHAM
RUSSIAN REFORMATION SOCIETY
S. D. F.
S. L. P.
S. SAVIOUR'S SCHOOL, SHOREHAM
SS. PETER AND PAUL MUSICAL SOCIETY
SACRED AND CLASSICAL PHILOLOGY
SAILORS' HOME INSTITUTION
SAILORS' HOME AND SOLDIERS' INSTITUTE
SAINT ALBANS AND HERTFORDSHIRE ARCHITECTURAL AND ARCHAEOLOGICAL SOCIETY
SAINT ANNE MOTHER OF THE CHURCH OF VIRGIN MARY AT HOLLOWAY
SAINT ANNE'S HOUSE
SAINT EDMUND'S COLLEGE
SAINT EDWARD'S ORPHANAGE
SAINT ERTH PARISH
SAINT GREGORY'S COLLEGE
SAINT AND APOSTLE ANDREW CHURCHES AND INSTITUTIONS
SALFORD
SALFORD UNITY FRIENDLY SOCIETY
SALFORD, BOROUGH OF
SALISBURY FIELD CLUB
SALOP AND MONTGOMERY
SALVATION ARMY
SALVATION ARMY
SALVATION ARMY PRINTING OFFICE
SANITARY INSPECTORS ASSOCIATION
SANITARY INSTITUTE
SANITARY INSTITUTE OF GREAT BRITAIN
SANITARY INSTITUTE OF GREAT BRITAIN
SAVAGE CLUB
SCARBOROUGH ARCHAEOLOGICAL SOCIETY
SCARBOROUGH PHILOSOPHICAL SOCIETY
SCARBOROUGH PHILOSOPHICAL AND ARCHAEOLOGICAL SOCIETY
SCARBOROUGH SOCIETY FOR THE PROTECTION AND EXTENSION OF CIVIL AND RELIGIOUS LIBERTY
SCHOOL DENTISTS' SOCIETY
SCHOOL SHIP H.M.S. CONWAY, LIVERPOOL
SCHOOL OF MILITARY ENGINEERING, CHATHAM
SCHOOL OF NAVAL ARCHITECTS
SCHOOLBOYS' SCRIPTURE UNION
SCIENCE GOSSIP CLUB
SCIENCE AND ART TEACHERS' ASSOCIATION
SCIENCE, LITERATURE AND THE ARTS
SCIENTIFIC SOCIETY OF LONDON
SCIENTIFIC AND LEARNED SOCIETIES OF GREAT BRITAIN
SCIENTIFIC AND LEARNED SOCIETIES OF GREAT BRITAIN AND IRELAND
SCIENTIFIC AND LEARNED SOCIETY OF GREAT BRITAIN AND IRELAND
SCIENTIFIC AND MECHANICAL SOCIETY
SCIENTIFIC AND PRACTICAL MEDICINE
SCOTCH GIRLS' FRIENDLY SOCIETY
SCOTLAND GENERAL REGISTER OFFICE
SCOTSFORD HOUSE COMMERCIAL SCHOOL
SCOTTISH ASSOCIATION OF MASTER BAKERS
SCOTTISH CHARTERED ACCOUNTANTS
SCOTTISH CHRISTIAN UNION
SCOTTISH CHURCH UNION
SCOTTISH CO-OPERATIVE WHOLESALE SOCIETY LIMITED
SCOTTISH CYCLISTS' UNION
SCOTTISH EDUCATIONAL INSTITUTE
SCOTTISH EPISCOPAL CHURCH
SCOTTISH JUNIOR FOOTBALL ASSOCIATION
SCOTTISH METEOROLOGICAL SOCIETY
SCOTTISH PATRIOTIC SOCIETY
SCOTTISH REFORMATION SOCIETY
SCOTTISH SHORTHAND WRITERS' ASSOCIATIONS
SCOTTISH SINGLE TAX LEAGUE
SCOTTISH SOCIETY FOR THE CONVERSION OF ISRAEL
SCOTTISH TEMPERANCE LEAGUE
SCOTTISH WOMAN'S PROTESTANT UNION
SCRIPTURAL TRACT REPOSITORY
SEA FISHERIES BOARD
SEAFARING CLASS
SEAMEN AND BOATMEN'S FRIENDLY SOCIETY
SEAMEN'S CHRISTIAN FRIEND SOCIETY
SEAMEN'S HOSPITAL, GREENWICH
SECONDARY EDUCATION
SECULAR REFORMERS SOCIETY
SEDBERGH SCHOOL
SELBORNE SOCIETY
SELBORNE SOCIETY
SELDEN SOCIETY
SELECT COMMITTEE ON CRIMINAL AND DESTITUTE JUVENILES
SELENOGRAPHICAL SOCIETY
SELWYN COLLEGE
SENATUS ACADEMICUS OF ASSOCIATED THEOLOGIAL COLLEGES
SETTE OF ODD VOLUMES
SETTMAKERS' UNION OF GREAT BRITAIN
SEVERN VALLEY NATURALISTS' FIELD CLUB
SHAFTESBURY INSTITUTE
SHAKESPEARE SOCIETY
SHARE AND DEBENTURE DISCOUNT CO LTD
SHAREHOLDERS' CORPORATION LIMITED
SHEEP SOCIETY
SHEFFIELD
SHEFFIELD ARCHITECTURAL SOCIETY
SHEFFIELD ARCHITECTURAL AND ARCHAELOGICAL SOCIETY, THE.
SHEFFIELD COLLEGIATE SCHOOL
SHEFFIELD INDEPENDENT
SHEFFIELD MECHANICS' INSTITUTION
SHEFFIELD MICROSCOPICAL SOCIETY
SHEFFIELD NATURALISTS' CLUB
SHEFFIELD OPEN-AIR TEMPERANCE MISSION
SHEFFIELD PHRENOLOGICAL SOCIETY
SHEFFIELD SHAKESPEARE CLUB
SHEFFIELD SOCIETY OF ARCHITECTS AND SURVEYORS
SHEFFIELD SUNDAY SCHOOL BAND OF HOPE UNION
SHEFFIELD TECHNICAL SCHOOL
SHEFFIELD TEMPERANCE ELECTORAL ASSOCIATION
SHEFFIELD YOUNG MEN'S CHRISTIAN ASSOCIATION
SHELLEY SOCIETY
SHERBORNE SCHOOL
SHEWBURY SCHOOL
SHIPMASTERS' SOCIETY
SHIPPING AND MERCANTILE GAZETTE
SHIRE HORSE SOCIETY
SHIRE-HORSE SOCIETY
SHOP HOURS LABOUR LEAGUE
SHORTHAND WRITER'S ASSOCIATION
SHORTHORN SOCIETY OF THE UNITED KINGDOM OF GREAT BRITAIN AND IRELAND
SHORTHORN SOCIETY OF THE UNITED KINGDOM INDEXING
SHROPSHIRE ARCHAEOLOGICAL SOCIETY
SHROPSHIRE ARCHAEOLOGICAL AND NATURAL HISTORY SOCIETY
SHROPSHIRE COUNTY
SHROPSHIRE PARISH REGISTER SOCIETY
SHROPSHIRE SHEEP BREEDER'S ASSOCIATION AND FLOCK BOOK SOCIETY
SHROPSHIRE SHEEP-BREEDERS' ASSOCIATION
SHROPSHIRE UNION RAILWAYS AND CANAL COMPANY
SHROPSHIRE AND NORTH WALES NATURAL HISTORY AND ANTIQUARIAN SOCIETY
SHROPSHIRE AND NORTH WALES NATURAL HISTORY AND ANTIQUITY SOCIETY
SIDCUP LITERARY AND SCIENTIFIC SOCIETY
SIERRA LEONE DIOCESAN ASSOCIATION
SIERRA LEONE DIOCESAN FUND
SILK SUPPLY ASSOCIATION
SIMPSON MEMORIAL HOSPITAL
SION JUBILEE BAPTIST SANCTUARY
SIR J. CASS'S SCHOOLS
SIR W. HUGGINS' OBSERVATORY, TULSE HILL
SIR WILLIAM HUGGINS'S OBSERVATORY
SISTERS OF BETHANY
SLADE SCHOOL OF ART
SLOANE SOCIETY
SLOYD ASSOCIATION OF GREAT BRITAIN AND IRELAND
SMALL HEATH LITERARY AND DEBATING ASSOCIATION
SMALL HEATH LITERARY AND SCIENTIFIC ASSOCIATION
SMALL-POX AND VACCINATION HOSPITAL
SMART SOCIETY
SMITHSONIAN INSTITUTION PRESS
SMOKE ABATEMENT COMMITTEE
SOCIAL DEMOCRATIC CLUB
SOCIAL DEMOCRATIC FEDERATION
SOCIAL DEMOCRATIC FEDERATION
SOCIAL PROGRESS ASSOCIATION
SOCIAL PURITY ALLIANCE
SOCIAL PURITY MOVEMENT
SOCIAL SCIENCE ASSOCIATION
SOCIALIST LEAGUE
SOCIALIST LEAGUE
SOCIALIST PARTY OF GREAT BRITAIN
SOCIALIST UNION
SOCIALIST WORKERS' ASSOCIATION
SOCIALIST WORKMEN'S ASSOCIATION
SOCIALIST AND INDUSTRIAL ORGANIZATIONS
SOCIEDAD RURAL ARGENTINA, BUENOS ARIES
SOCIETAS PHILOLOGORUM MONACENSIUM
SOCIETAS ZOOLOGICA TOKYONENSIS
SOCIETAS PRO FAUNA ET FLORA FENNICA
SOCIETE INTERNATIONALE DE PHILOLOGIE
SOCIETIES IN THE UNION OF THE WEST RIDING CONSOLIDATED NATURALISTS' SOCIETY
SOCIETIES' OF FRIENDS' SCHOOLS
SOCIETY ESTABLISHED IN LONDON FOR THE SUPPRESSION OF MENDICITY
SOCIETY INSTITUTED AT BATH, FOR THE ENCOURAGEMENT OF AGRICULTURE, ARTS, MANUFACTURES, AND COMMERCE
SOCIETY INSTITUTED AT LONDON, FOR THE ENCOURAGEMENT OF ARTS, MANUFACTURES, AND COMMERCE
SOCIETY INSTITUTED AT LONDON, FOR THE ENCOURAGEMENT OF ARTS, MANUFACTURES, AND COMMERCE
SOCIETY INSTITUTED AT LONDON...FOR THE RECOVERY OF PERSONS APPARENTLY DROWNED
SOCIETY INSTITUTED IN BENGAL FOR INQUIRING INTO THE HISTORY AND ANTIQUITIES, THE ARTS, SCIENCES, AND LITERATURE OF ASIA
SOCIETY MEDICAL OFFICERS OF HEALTH
SOCIETY FOR ANALYTICAL CHEMISTRY
SOCIETY FOR BETTERING THE CONDITION AND INCREASING THE COMFORTS OF THE POOR
SOCIETY FOR CARRYING INTO EFFECT HIS MAJESTY'S PROCLAMATION AGAINST VICE AND IMMORALITY
SOCIETY FOR CHECKING THE ABUSES OF PUBLIC ADVERTISING
SOCIETY FOR CIRCULATING USEFUL PUBLICATIONS IN THE COUNTY OF HUNTINGDON
SOCIETY FOR EDUCATING THE POOR OF NEWFOUNDLAND
SOCIETY FOR IMPROVING THE CONDITION OF THE LABOURING CLASSES
SOCIETY FOR IMPROVING THE CONDITION OF THE WORKING CLASSES
SOCIETY FOR MINES
SOCIETY FOR MISSIONS TO AFRICA AND THE EAST
SOCIETY FOR OBTAINING CESSATION OF HOSTILITIES IN AMERICA
SOCIETY FOR ORGANISING CHARITABLE RELIEF AND REPRESSING MENDICITY
SOCIETY FOR PHILOSOPHICAL EXPERIMENTS AND CONVERSATIONS
SOCIETY FOR PRINTING AND PUBLISHING THE WRITINGS OF THE HON. EMANUEL SWEDENBORG, ETC
SOCIETY FOR PROMOTING CHRISTIAN KNOWLEDGE
SOCIETY FOR PROMOTING CHRISTIAN KNOWLEDGE
SOCIETY FOR PROMOTING CHURCH MUSIC
SOCIETY FOR PROMOTING ECCLESIASTICAL KNOWLEDGE
SOCIETY FOR PROMOTING FEMALE EDUCATION IN THE EAST
SOCIETY FOR PROMOTING MEDICAL KNOWLEDGE
SOCIETY FOR PROMOTING THE AMENDMENT OF THE LAW
SOCIETY FOR PROMOTING THE BIBLE
SOCIETY FOR PROMOTING THE COMFORTS OF THE POOR
SOCIETY FOR PROMOTING THE DUE OBSERVANCE OF THE LORD'S DAY
SOCIETY FOR PROMOTING THE EDUCATION OF THE POOR OF IRELAND
SOCIETY FOR PROMOTING THE EMPLOYMENT OF WOMEN
SOCIETY FOR PROMOTING THE KNOWLEDGE OF ART
SOCIETY FOR PROVIDING CHEAP LITERATURE FOR THE BLIND
SOCIETY FOR PSYCHICAL RESEARCH
SOCIETY FOR PSYCHOLOGICAL RESEARCH
SOCIETY FOR RELIEVING THE HOUSELESS POOR
SOCIETY FOR SUPERSEDING THE NECESSITY OF CLIMBING BOYS
SOCIETY FOR THE ABOLITION OF SLAVERY THROUGHOUT THE BRITISH DOMINIONS
SOCIETY FOR THE ABOLITION OF VIVISECTION
SOCIETY FOR THE ACCLIMATISATION OF ANIMALS, BIRDS, FISHES, INSECTS AND VEGETABLES WITHIN THE UNITED KINGDOM
SOCIETY FOR THE ADVANCEMENT OF CIVILIZATION
SOCIETY FOR THE ADVANCEMENT OF JUDAISM
SOCIETY FOR THE ADVANCEMENT OF LITERATURE
SOCIETY FOR THE BENEFIT OF THE SONS AND DAUGHTERS OF THE CLERGY, THE.
SOCIETY FOR THE DIFFUSION OF INFORMATION UPON THE PUNISHMENT OF DEATH
SOCIETY FOR THE DIFFUSION OF POLITICAL KNOWLEDGE
SOCIETY FOR THE DIFFUSION OF USEFUL KNOWLEDGE
SOCIETY FOR THE DIFFUSION OF USEFUL KNOWLEDGE
SOCIETY FOR THE DISTRIBUTION OF USEFUL KNOWLEDGE
SOCIETY FOR THE ENCOURAGEMENT OF ARTS
SOCIETY FOR THE ENCOURAGEMENT OF ARTS AND SCIENCES
SOCIETY FOR THE ENCOURAGEMENT OF ARTS, MANUFACTURES, AND COMMERCE
SOCIETY FOR THE ENCOURAGEMENT OF ARTS, MANUFACTURES, AND COMMERCE
SOCIETY FOR THE ENCOURAGEMENT OF DOMESTIC INDUSTRY AND FOR PROMOTING EFFECTUAL RELIEF FROM THE GENERAL DISTRESS
SOCIETY FOR THE ENCOURAGEMENT OF SOCIALIST AND DEMOCRATIC LITERATURE
SOCIETY FOR THE EXTINCTION OF THE SLAVE TRADE, AND FOR THE CIVILIZATION OF AFRICA
SOCIETY FOR THE FURTHERANCE OF THE GOSPEL
SOCIETY FOR THE ILLUSTRATION AND ENCOURAGEMENT OF PRACTICAL SCIENCE
SOCIETY FOR THE IMPROVEMENT OF MEDICAL AND CHIRURGICAL KNOWLEDGE
SOCIETY FOR THE IMPROVEMENT OF PRISON DISCIPLINE AND FOR THE REFORMATION OF JUVENILE OFFENDERS
SOCIETY FOR THE IMPROVEMENT OF THE CONDITION OF THE LABOURING CLASSES
SOCIETY FOR THE INCREASE OF THE HOME EPISCOPATE
SOCIETY FOR THE INVESTIGATION OF PROPHECY
SOCIETY FOR THE LIBERATION OF RELIGION FROM STATE CONTROL
SOCIETY FOR THE LIBERATION OF RELIGION FROM STATE PATRONAGE AND CONTROL
SOCIETY FOR THE MITIGATION AND GRADUAL  ABOLITION OF SLAVERY THROUGHOUT THE BRITISH DOMINIONS (1833)
SOCIETY FOR THE MITIGATION AND GRADUAL ABOLITION OF SLAVERY IN THE BRITISH DOMINIONS
SOCIETY FOR THE PRESERVATION OF LOCAL FOOTPATHS
SOCIETY FOR THE PRESERVATION OF PUBLIC FOOTPATHS
SOCIETY FOR THE PRESERVATION OF THE FAUNA OF THE EMPIRE
SOCIETY FOR THE PROMOTION OF AGRICULTURAL SCIENCE
SOCIETY FOR THE PROMOTION OF CHRISTIAN KNOWLEDGE
SOCIETY FOR THE PROMOTION OF CO-OPERATIVE KNOWLEDGE
SOCIETY FOR THE PROMOTION OF HELLENIC STUDIES
SOCIETY FOR THE PROMOTION OF PERMANENT AND UNIVERSAL PEACE
SOCIETY FOR THE PROMOTION OF SCIENTIFIC INDUSTRY
SOCIETY FOR THE PROPAGATION OF CHRISTIAN KNOWLEDGE
SOCIETY FOR THE PROPAGATION OF THE FAITH
SOCIETY FOR THE PROPAGATION OF THE GOSPEL
SOCIETY FOR THE PROPAGATION OF THE GOSPEL
SOCIETY FOR THE PROPAGATION OF THE GOSPEL AND CAMBRIDGE MISSION TO DELHI AND THE SOUTH PUNJAB
SOCIETY FOR THE PROPAGATION OF THE GOSPEL IN FOREIGN PARTS
SOCIETY FOR THE PROTECTION OF BIRDS
SOCIETY FOR THE PUBLICATION OF ORIENTAL TEXTS
SOCIETY FOR THE PUBLICATION OF ORIGINAL DOCUMENTS RELATING TO LANCASHIRE AND CHESHIRE PUBLICATIONS
SOCIETY FOR THE RECOGNITION OF THE BROTHERHOOD OF MAN
SOCIETY FOR THE RECOGNITION OF THE UNIVERSAL BROTHERHOOD OF MAN
SOCIETY FOR THE REFORMATION OF PRINCIPLES
SOCIETY FOR THE RELIEF OF POOR PIOUS CLERGYMEN
SOCIETY FOR THE RELIEF OF WIDOWS AND ORPHANS OF CLERGYMEN
SOCIETY FOR THE RESTORATION OF HEALTH
SOCIETY FOR THE STUDY AND CURE OF INEBRIETY
SOCIETY FOR THE STUDY OF DISEASE IN CHILDREN
SOCIETY FOR THE STUDY OF INEBRIETY
SOCIETY FOR THE STUDY OF SOCIAL ETHICS
SOCIETY FOR THE STUDY OF THE ADDICTION TO ALCOHOL AND OTHER DRUGS
SOCIETY FOR THE SUPPRESSION OF VICE
SOCIETY FOR THE TOTAL ABOLITION AND UTTER SUPPRESSION OF VIVISECTION
SOCIETY FOR THE UNION OF BENEVOLENCE
SOCIETY OF ACCOUNTANTS  AND  AUDITORS
SOCIETY OF AMALGAMATED TOOLMAKERS
SOCIETY OF AMATEUR GEOLOGISTS
SOCIETY OF ANAESTHETISTS
SOCIETY OF ANTIQUARIES
SOCIETY OF ANTIQUARIES
SOCIETY OF ANTIQUARIES OF LONDON
SOCIETY OF ANTIQUARIES OF LONDON
SOCIETY OF ANTIQUARIES OF NEWCASTLE-UPON-TYNE
SOCIETY OF ANTIQUARIES OF SCOTLAND
SOCIETY OF ANTIQUITY OF LONDON
SOCIETY OF APOTHECARIES OF LONDON
SOCIETY OF ARCHITECTS
SOCIETY OF ARCHITECTURAL HISTORIANS
SOCIETY OF ARCHIVISTS AND AUTOGRAPH COLLECTORS
SOCIETY OF ARTS
SOCIETY OF AUTHORS, PLAYWRIGHTS AND COMPOSERS
SOCIETY OF AUTHORS, ETC
SOCIETY OF BIBLICAL ARCHAEOLOGY
SOCIETY OF BORDER LEICESTER SHEEP BREEDERS
SOCIETY OF CHEMICAL INDUSTRY
SOCIETY OF CHEMICAL INDUSTRY OF VICTORIA
SOCIETY OF COMPARATIVE LEGISLATION
SOCIETY OF COMPARATIVE LEGISLATION AND INTERNATIONAL LAW
SOCIETY OF COMPARATIVE LITERATURE
SOCIETY OF CYCLISTS
SOCIETY OF CYMMRODORION
SOCIETY OF DILETTANTI
SOCIETY OF DYERS AND COLOURISTS
SOCIETY OF ENGINEERS
SOCIETY OF ESTATE CLERKS OF WORKS
SOCIETY OF FRIENDS
SOCIETY OF FRIENDS IN GREAT BRITAIN AND IRELAND
SOCIETY OF FRIENDS OF RUSSIAN FREEDOM
SOCIETY OF GAS LIGHTING
SOCIETY OF GENTLEMEN FROM INDIA
SOCIETY OF GREAT BRITAIN AND IRELAND
SOCIETY OF HEBREW LITERATURE
SOCIETY OF HISTORICAL THEOLOGY
SOCIETY OF HUSBANDMAN AND PLANTERS
SOCIETY OF JESUS
SOCIETY OF JUNIOR CLERGY IN LONDON
SOCIETY OF LICENSED VICTUALLERS
SOCIETY OF LITERARY GENTLEMEN
SOCIETY OF LITERATURE OF THE UNITED KINGDOM
SOCIETY OF LONDON VICTUALLERS
SOCIETY OF MEDICAL OFFICERS OF HEALTH
SOCIETY OF MEDICAL PHONOGRAPHERS
SOCIETY OF MEDICAL AND CHIRURGICAL KNOWLEDGE
SOCIETY OF NAVAL ARCHITECTS AND MARINE ENGINEERS
SOCIETY OF NOVIOMAGUS
SOCIETY OF OLD NEUWEIDERS, ETC
SOCIETY OF PATENT AGENTS
SOCIETY OF PHYSICIANS AND SURGEONS
SOCIETY OF PHYSICIANS IN LONDON
SOCIETY OF PRACTICAL PHYSICIANS
SOCIETY OF PROMOTING CHRISTIAN KNOWLEDGE
SOCIETY OF PROMOTING NATIONAL REGENERATION
SOCIETY OF PSYCHICAL RESEARCH
SOCIETY OF PUBLIC ANALYSTS
SOCIETY OF PUBLIC ANALYSTS AND OTHER ANALYTICAL CHEMISTS
SOCIETY OF SCIENCE, LETTERS, AND ART, OF LONDON
SOCIETY OF SOMERSET FOLK
SOCIETY OF ST. JOHN THE EVANGELIST
SOCIETY OF ST. VINCENT DE PAUL
SOCIETY OF TELEGRAPH ENGINEERS
SOCIETY OF UNITED MEDICAL HERBALISTS OF GREAT BRITAIN
SOCIETY OF USEFUL MIRTH
SOCIETY OF WATCHERS AND WORKERS
SOCIETY OF WRITERS TO H.M. SIGNET
SOCIETY OF THE FRIENDS OF ARMENIA
SOCIETY OF THE GOLDEN CORD
SOCIETY OF THE HOLY CHILDHOOD
SOCIETY OF THE HOLY CHILDHOOD
SOCIETY OF THE HOLY AND UNDIVIDED TRINITY
SOCIETY OF THE MERCURII
SOCIETY OF THE PROTECTION OF ANCIENT BUILDINGS
SOCIETY OF THE ROSE
SOCIETY OF THE SACRED MISSION
SOCIÈTÈ 'DES CONCILIATIONS HUMAINES'
SOCIÈTÈ ASTRONOMIQUE DE FRANCE
SOCIÈTÈ CO-OPERATIVE INTERNATIONALE
SOCIÈTÈ JERSIAISE
SOCIÈTÈ NATIONALE DES PROFESSEURS DE FRANÁAIS EN ANGLETERRE
SOCIÈTÈ ROYALE D'AGRICULTURE ET D'HORTICULTURE DE GUERNESEY
SOCIÈTÈ D'…MULATION DE LA VILLE DE CAMBRAI
SOCRATIC UNION
SOLDIER'S CHRISTIAN ASSOCIATION
SOLDIERS' CHRISTIAN ASSOCIATION AND SOLDIERS INSTITUTE, PORTSMOUTH
SOLDIERS' AND AIRMENS' CHRISTIAN ASSOCIATION
SOMERSET ARCHAEOLOGICAL  AND  NATURAL HISTORY SOCIETY
SOMERSET COUNTY ASYLUM FOR INSANE PAUPERS
SOMERSET LIGHT INFANTRY
SOMERSET RECORD SOCIETY
SOMERSETSHIRE ARCHAEOLOGICAL AND NATURAL HISTORY SOCIETY
SOMERVILLE COLLEGE
SOMERVILLE STUDENTS' ASSOCIATION
SONS OF TEMPERANCE
SOUTH AFRICA COUNCILLIATION COMMITTEE
SOUTH AFRICA GENERAL MISSION
SOUTH AFRICAN GENERAL MISSION
SOUTH AFRICAN INSTITUTION
SOUTH AFRICAN MEDICAL ASSOCIATION
SOUTH AFRICAN MUSEUM
SOUTH AMERICAN MISSIONARY SOCIETY
SOUTH COAST SOCIETY
SOUTH DEVON HERD BOOK SOCIETY
SOUTH EASTERN CLERICAL AND LAY CHURCH ALLIANCE
SOUTH EASTERN UNION OF SCIENTIFIC SOCIETIES
SOUTH HAMPSTEAD HIGH SCHOOL
SOUTH INDIAN STRICT BAPTIST MISSION SOCIETY
SOUTH KENSINGTON MUSEUM
SOUTH LONDON CHRISTIAN UNION
SOUTH LONDON ENTOMOLOGICAL  AND  NATURAL HISTORY SOCIETY
SOUTH LONDON ENTOMOLOGICAL SOCIETY
SOUTH LONDON MICROSCOPIC AND NATURAL HISTORY CLUB
SOUTH LONDON PHOTOGRAPHIC SOCIETY
SOUTH LONDON SOCIETY OF PRACTICAL NATURALISTS
SOUTH MIDLAND INSTITUTE OF MINING, CIVIL AND MECHANICAL ENGINEERS
SOUTH MIDLAND TEMPERANCE ASSOCIATION
SOUTH PLACE ETHICAL SOCIETY
SOUTH PLACE RELIGIOUS SOCIETY
SOUTH STAFFORDSHIRE INSTITUTE OF IRON AND STEEL WORKS' MANAGERS
SOUTH WALES INSTITUTE OF CIVIL ENGINEERS
SOUTH WALES INSTITUTE OF ENGINEERS
SOUTH WEST HAM INDEPENDENT LABOUR PARTY
SOUTH WIMBLEDON YOUTH'S INSTITUTE
SOUTH OF ENGLAND CHRISTIAN VIGILANCE AND GIRLS' RESCUE ASSOCIATION
SOUTH-EASTERN AGRICULTURAL COLLEGE
SOUTH-EASTERN RAILWAY
SOUTH-EASTERN UNION OF SCIENTIFIC SOCIETIES
SOUTH-WEST LONDON PROTESTANT INSTITUTE
SOUTHDOWN SHEEP BREEDERS' ASSOCIATION
SOUTHERN COUNTIES AMATEUR SWIMMING ASSOCIATION
SOUTHPORT LITERARY AND PHILOSOPHICAL SOCIETY
SOUTHPORT METEOROLOGICAL DEPARTMENT, FERNLEY OBSERVATORY
SOUTHPORT PUBLIC LIBRARIES
SOUTHPORT SCIENTIFIC SOCIETY
SOUTHPORT SOCIETY OF NATURAL SCIENCE
SOUTHWARK HOME MISSION
SOUTHWARK MEDICAL MISSION
SPALDING CLUB
SPENSER SOCIETY
SPINNER'S UNION
SPORTSMAN'S ASSOCIATION
SPOTTISWOODE INSTITUTE
SPURGEON ORPHANAGE
ST AUGUSTINE'S COLLEGE
ST AUGUSTINE'S COLLEGE, CANTERBURY
ST JOHN'S COLLEGE
ST MARY CHURCH, NORTH ELHAM
ST PAUL'S MUTUAL IMPROVEMENT SOCIETY
ST PETER'S CHURCH
ST. AIDAN'S CHURCH
ST. ALBANS ARCHITECTURAL SOCIETY
ST. ALBANS ARCHITECTURAL AND ARCHAEOLOGICAL SOCIETY
ST. ANDREW'S COLLEGE
ST. ANDREWS MEDICAL GRADUATES' ASSOCIATION
ST. ANSELM'S SOCIETY
ST. ASAPH\\\'S MEN\\\'S CLUB
ST. AUGUSTINE'S COLLEGE
ST. BARTHOLOMEW HOSPITAL NURSES
ST. BARTHOLOMEW'S CHURCH
ST. BARTHOLOMEW'S HOSPITAL
ST. BEDE'S COLLEGE
ST. CLEMENT'S CHURCH
ST. CUTHBERT'S COLLEGE
ST. FAITH'S CHURCH
ST. GEORGE IN THE EAST
ST. GEORGE THE MARTYR, SOUTHWARK
ST. GEORGE'S BOYS' SCHOOL
ST. GEORGE'S CLUB
ST. GEORGE'S COLLEGE
ST. GEORGE'S HOSPITAL
ST. GEORGE'S MEDICAL SOCIETY
ST. GEORGE, HANOVER SQUARE [LONDON]
ST. GILES DISTRICT, LONDON
ST. GILES' CHURCH
ST. JAMES AND ST. JOHN, CLERKENWELL
ST. JAMES'S VESTRY
ST. JOHN'S COLLEGE
ST. JOHN'S HOSPITAL FOR THE INSANE, NEWFOUNDLAND
ST. JOHN'S LITERARY ASSOCIATION
ST. JOSEPH'S MISSIONARY SOCIETY
ST. JOSEPH'S SOCIETY FOR FOREIGN MISSIONS
ST. LAWRENCE'S COLLEGE
ST. LEONARD'S, SHOREDITCH
ST. LUKE'S HOSPITAL FOR LUNATICS
ST. LUKE'S PARISH CHURCH
ST. MARGARET'S CONVENT
ST. MARTIN'S CHURCH
ST. MARTIN'S SCHOOL, YORK
ST. MARTIN-IN-THE-FIELDS
ST. MARY ABBOTS PARISH CHURCH
ST. MARY ABBOTTS, KENSINGTON
ST. MARY NEWINGTON
ST. MARY AND ST. AMBROSE', EDGBASTON
ST. MARY THE VIRGIN CHURCH
ST. MARY'S CHURCH
ST. MARY'S HOSPITAL
ST. MARY'S SEMINARY
ST. MARY, BATTERSEA
ST. MARYLEBONE PARISH
ST. MICHAEL'S CHURCH
ST. MICHAEL'S UNION
ST. OLAVE'S GRAMMAR SCHOOL
ST. PANCRAS PARISH
ST. PATRICK'S CHURCH
ST. PAUL'S ECCLESIOLOGICAL SOCIETY
ST. PAUL'S SCHOOL
ST. PETER'S CHURCH
ST. PETER'S SCHOOL, YORK
ST. THOMAS'S CHURCH
ST. THOMAS'S HOSPITAL
STAFFORDSHIRE GENERAL LUNATIC ASYLUM
STAFFORDSHIRE IRON AND STEEL INSTITUTE
STAGE SOCIETY
STANDARD AMERICAN HOLINESS LITERATURE
STANHOPE INSTITUTE
STANLEY CYCLING CLUB
STATE CHILDREN'S ASSOCIATION
STATIONERS AND PAPER MANUFACTURERS' BUILDING SOCIETY
STATIONERS' AND PAPER MANUFACTURERS' PROVIDENT SOCIETY
STATISTICAL SOCIETY
STATISTICAL SOCIETY
STATISTICAL SOCIETY OF LONDON
STIRLING TRACT ENTERPRISE
STOCK EXCHANGE COMMITTEE
STOCKWELL FEVER AND SMALL-POX HOSPITALS
STOKE NEWINGTON AND DALSTON BRANCH OF THE CHURCH OF ENGLAND YOUNG MEN'S SOCIETY
STONE ASYLUM
STONEYHURST COLLEGE OBSERVATORY
STRATFORD CO-OPERATIVE AND INDUSTRIAL SOCIETY
STREET BAPTIST MISSION
STRICT BAPTIST MISSION
STRICT BAPTIST MISSION SOCIETY
STROUD NATURAL HISTORY AND PHILOSOPHICAL SOCIETY
SUDAN MISSION CHURCH MISSIONARY SOCIETY
SUFFOLK ARCHAEOLOGICAL ASSOCIATION
SUFFOLK INSTITUTE OF ARCHAEOLOGY AND NATURAL HISTORY
SUFFOLK INSTITUTE OF ARCHAEOLOGY, STATISTICS AND NATURAL HISTORY
SUFFOLK INSTITUTION OF ARCHAEOLOGY
SUFFOLK LUNATIC ASYLUM
SUFFOLK SHEEP SOCIETY
SUFFOLK SOCIETY
SUNDAY SCHOOL ASSOCIATION
SUNDAY SCHOOL UNION
SUNDAY SCHOOL UNION
SUNDAY SOCIETY
SUNDAY SOCIETY
SUNDERLAND BOROUGH ASYLUM
SUNDERLAND INDEPENDENT LABOUR PARTY
SUNLIGHT SOAP
SUPREME COURT OF JUDICATURE
SURREY ARCHAEOLOGICAL SOCIETY
SURREY LUNATIC ASYLUM, BROOKWOOD
SURREY LUNATIC ASYLUM, SPRINGFIELD
SURREY LUNATIC ASYLUM, WANDSWORTH
SURREY SOCIETY
SURTEES SOCIETY
SUSSEX ARCHAEOLOGICAL SOCIETY
SUSSEX ASSOCIATION FOR THE IMPROVEMENT OF AGRICULTURE
SUSSEX COUNTY LUNATIC ASYLUM, HAYWARDS HEATH
SWAFFHAM PRIOR
SWEDENBORG PRINTING SOCIETY
SWEDENBORG READING SOCIETY
SWEDENBORG SOCIETY
SWEDENBORG SOCIETY
SWINDON JUNIOR ENGINEERING SOCIETY
SYDENHAM SOCIETY
SYNCRETIC ASSOCIATION
SYNOD
SYNOD OF THE DIOCESE OF SALISBURY
SYRO EGYPTIAN SOCIETY
SYSTEMATIC BIBLE TEACHING MISSION
SYSTEMATIC BIBLE TEACHING MISSION
T.D. SOCIETY
TAILOR AND CUTTER
TAKIGRAPHIC SHORTHAND INSTITUTE
TAMWORTH DISTRICT OF MINERS
TAUNTON SCHOOL OF ARTS
TECHNICAL INSTRUCTION COMMITTEE OF THE COUNTY COUNCIL OF ESSEX
TEGG'S JUVENILE SERIES
TEIGN NATURALISTS' FIELD CLUB
TELEGRAPH AND POSTAL PRAYER UNION
TEMPERANCE BRITISH AND FOREIGN SEAMEN, SOLDIERS, AND STREAMERS
TEXTILE OPERATIVES OF LANCASHIRE
THAMES BOATING TRADES ASSOCIATION
THAMES IRON WORKS, SHIPBUILDING AND ENGINEERING COMPANY LIMITED
THAMES VALLEY ANTIQUARIAN SOCIETY
THE 43RD  AND  52ND LIGHT INFANTRY
THE AESCULAPIAN SOCIETY
THE AFRICAN ASSOCIATION FOR PROMOTING THE DISCOVERY OF THE INTERIOR PARTS OF AFRICA
THE AFRICAN INSTITUTION
THE AGED PILGRIMS' FRIEND SOCIETY
THE AGENCY AMONG THE SCOTTISH WORKING AND POORER CLASSES RESIDENT IN LIVERPOOL
THE AGRICULTURAL LABOURERS' UNION
THE AGRICULTURAL AND HORTICULTURAL CO-OPERATIVE ASSOCIATION
THE ALLELODIDACTIC SOCIETY
THE AMERICAN EPISCOPAL CHURCH
THE AMERICAN HISTORICAL ASSOCIATION
THE ANALYTICAL SOCIETY
THE ANCIENT ORDER OF FORESTERS
THE ANGLICAN COMMUNION
THE ANGLO-JEWISH ASSOCIATION
THE ANGLO-JEWISH COMMUNITY
THE ANGLO-ORIENTAL SOCIETY FOR THE SUPPRESSION OF THE OPIUM TRADE
THE ANNUAL ASSOCIATION FOR THE BENEFIT OF THE CONNEXION
THE ANNUAL CONFERENCE OF HEAD MASTERS
THE ANNUAL TRADES' UNION CONGRESS
THE ANTHROPOLOGICAL SOCIETY OF LONDON
THE ANTHROPOLOGICAL AND ETHNOLOGICAL SOCIETIES OF LONDON
THE ANTI-BRIBERY SOCIETY
THE ANTI-CATHOLICISM
THE ANTI-SLAVERY SOCIETY
THE ARCHAEOLOGICAL ASSOCIATION
THE ARCHAEOLOGICAL INSTITUTE
THE ARCHAEOLOGICAL INSTITUTE AND ASSOCIATION
THE ARCHAEOLOGICAL SOCIETY OF NORTH OXFORDSHIRE
THE ARCHAEOLOGICAL AND NATURAL HISTORY SOCIETY OF WILTSHIRE
THE ARCHAEOLOGICAL, ARCHITECTURAL AND HISTORIC SOCIETY FOR CHESTER AND CHESHIRE
THE ARCHITECTURAL SOCIETY
THE ARCHITECTURAL, ARCHAEOLOGICAL AND HISTORIC SOCIETY
THE ARCHITECTURAL, ARCHÊOLOGICAL AND HISTORICAL SOCIETY, FOR THE COUNTY, CITY, AND NEIGHBOURHOOD OF CHESTER
THE ARMY GUILD OF THE HOLY STANDARD
THE ARMY AND NAVY
THE ART-UNION
THE ASHMOLEAN NATURAL HISTORY SOCIETY OF OXFORDSHIRE
THE ASHMOLEAN SOCIETY
THE ASIATIC SOCIETY
THE ASIATIC SOCIETY OF GREAT BRITAIN
THE ASSOCIATED ARCHITECTURAL SOCIETIES
THE ASSOCIATED BODY OF CHURCH SCHOOLMASTERS
THE ASSOCIATED NATURAL HISTORY, PHILOSOPHICAL AND ARCHÊOLOGICAL SOCIETIES AND FIELD CLUBS OF THE MIDLAND COUNTIES
THE ASSOCIATION FOR PROMOTING RATIONAL HUMANITY TOWARDS THE ANIMAL CREATION
THE ASSOCIATION FOR THE PROMOTION OF THE UNITY OF CHRISTENDOM
THE ASSOCIATION OF ENGINEERING SOCIETIES
THE ASSOCIATION OF MUNICIPAL AND SANITARY ENGINEERS AND SURVEYORS
THE ASSURANCE MEDICAL SOCIETY
THE ASTRO-METEOROLOGICAL SOCIETY
THE ASTRONOMER TO THE MARINE COMMITTEE, MERSEY SOCKS AND HARBOR BOARD
THE ASYLUM OF THE GOOD SHEPHERD
THE ATHENAEUM SOCIETY
THE ATHENIAN SOCIETY
THE AVICULTURAL SOCIETY
THE BACON SOCIETY
THE BAKEWELL AND DISTRICT NATURALISTS' FIELD CLUB
THE BAND OF HOPE
THE BAPTIST MISSIONARY SOCIETY
THE BAPTIST UNION OF GREAT BRITAIN AND IRELAND
THE BARNSLEY NATURALISTS' SOCIETY
THE BARROW NATURALISTS' FIELD CLUB
THE BATH SOCIETY FOR THE SUPPRESSION OF VAGRANTS, STREET-BEGGARS, AND IMPOSTERS
THE BATH AND WEST SOCIETY
THE BATH AND WEST AND SOUTHERN COUNTIES SOCIETY
THE BATH AND WEST OF ENGLAND SOCIETY
THE BATH AND WEST OF ENGLAND SOCIETY AND SOUTHERN COUNTIES ASSOCIATION FOR THE ENCOURAGEMENT OF AGRICULTURE, ARTS, MANUFACTURES, AND COMMERCE
THE BATH AND WEST OF ENGLAND SOCIETY FOR THE ENCOURAGEMENT OF AGRICULTURE, ARTS, MANUFACTURES, AND COMMERCE
THE BEAUMONT PARK MUSEUM
THE BEDFORD GRAMMAR SCHOOL
THE BEDFORDSHIRE ARCHITECTURAL  AND  ARCHAEOLOGICAL SOCIETY
THE BERWICKSHIRE NATURALIST'S CLUB
THE BEST BROAD CHURCHMAN
THE BIBLE CHRISTIAN
THE BIBLE READING BAND
THE BIBLE SCIENCE INSTITUTE
THE BIBLE SOCIETY
THE BIBLIOGRAPHICAL SOCIETY
THE BIRMINGHAM ARCHAEOLOGICAL SOCIETY
THE BIRMINGHAM CO-OPERATIVE SOCIETY
THE BIRMINGHAM MEDICAL INSTITUTE
THE BIRMINGHAM NATURAL HISTORY AND PHILOSOPHICAL SOCIETY
THE BIRMINGHAM PHILOSOPHICAL SOCIETY
THE BIRMINGHAM POLITICAL UNION
THE BLAVATSKY LODGE OF THE THEOSOPHICAL SOCIETY
THE BOARD OF ADMIRALTY IN OBEDIENCE TO HER MAJESTY'S COMMAND
THE BOARD OF AGRICULTURE
THE BOARD OF INLAND REVENUE
THE BOOTHAM SCHOOL
THE BORDER MEDICAL SOCIETY
THE BOTANIC GARDEN SYNDICATE
THE BOTANICAL LOCALITY RECORD CLUB
THE BOTANICAL MAGAZINE
THE BOTANICAL SOCIETY OF EDINBURGH
THE BOTANICAL SOCIETY OF LONDON
THE BOYS' ORPHAN HOME
THE BOYS' AND GIRLS' REFUGE
THE BRADFORD NATURAL HISTORY SOCIETY
THE BRADFORD NATURAL HISTORY AND MICROSCOPICAL SOCIETY
THE BRADFORD SCIENTIFIC ASSOCIATION
THE BREWERS' COMPANY
THE BREWERS' SOCIETY
THE BRISTOL MEDICO-CHIRURGICAL SOCIETY
THE BRISTOL NATURALISTS' SOCIETY
THE BRITISH ANTI-STATE CHURCH ASSOCIATION
THE BRITISH ARCHAEOLOGICAL ASSOCIATION
THE BRITISH ASSOCIATION
THE BRITISH ASSOCIATION AT CAMBRIDGE
THE BRITISH ASSOCIATION FOR THE ADVANCEMENT OF SCIENCE
THE BRITISH ASSOCIATION OF ELECTRICIANS
THE BRITISH ASSOCIATION OF WATERWORKS ENGINEERS
THE BRITISH ASSOCIATION ON STANDARDS OF ELECTRICAL RESISTANCE
THE BRITISH BALNEOLOGICAL AND CLIMATOLOGICAL SOCIETY
THE BRITISH BERKSHIRE SOCIETY
THE BRITISH DAIRY FANCIER'S ASSOCIATION
THE BRITISH DAIRY FARMERS' ASSOCIATION
THE BRITISH ECONOMIC ASSOCIATION
THE BRITISH FIELD CLUB
THE BRITISH FIRE PREVENTION COMMITTEE
THE BRITISH GEOLOGICAL SURVEY
THE BRITISH GYNAECOLOGICAL SOCIETY
THE BRITISH HOMOEOPATHIC SOCIETY
THE BRITISH LARYNGOLOGICAL RHINOLOGICAL AND OTOLOGICAL ASSOCIATION
THE BRITISH LARYNGOLOGICAL AND RHINOLOGICAL ASSOCIATION
THE BRITISH LARYNGOLOGICAL, RHINOLOGICAL AND OTOLOGICAL ASSOCIATION
THE BRITISH LITERARY UNION
THE BRITISH MEDICAL ASSOCIATION
THE BRITISH MEDICAL TEMPERANCE ASSOCIATION
THE BRITISH METEOROLOGICAL SOCIETY
THE BRITISH MYCOLOGICAL SOCIETY
THE BRITISH ORNITHOLOGISTS' CLUB
THE BRITISH ORNITHOLOGISTS' UNION
THE BRITISH ORTHOPEDIC SOCIETY
THE BRITISH PHRENOLOGICAL ASSOCIATION
THE BRITISH POMOLOGICAL SOCIETY
THE BRITISH SCHOOL AT ATHENS
THE BRITISH TEMPERANCE LEAGUE
THE BRITISH WOMEN'S TEMPERANCE ASSOCIATION
THE BRITISH AND FOREIGN ABORIGINES PROTECTION SOCIETY
THE BRITISH AND FOREIGN BIBLE SOCIETY
THE BRITISH AND FOREIGN CORRESPONDENCE ASSOCIATION
THE BRITISH AND FOREIGN INSTITUTE
THE BRITISH AND FOREIGN SCHOOL SOCIETY
THE BRITISH AND FOREIGN TEMPERANCE SOCIETY
THE BRITISH AND FOREIGN UNITARIAN ASSOCIATION
THE BRITISH-ISRAEL WORLD FEDERATION
THE BROAD CHURCHMEN
THE BROWNING SOCIETY
THE BUFFS
THE BURY  AND  WEST SUFFOLK ARCHAEOLOGICAL INSTITUTE
THE CALEDONIAN SOCIETY OF LONDON
THE CAMBRIDGE ANALYTICAL SOCIETY
THE CAMBRIDGE ANTIQUARIAN SOCIETY
THE CAMBRIDGE CAMDEN SOCIETY
THE CAMBRIDGE MISSION TO DELHI, NORTH INDIA
THE CAMBRIDGE PHILOSOPHICAL SOCIETY
THE CAMBRIDGE UNION SOCIETY
THE CAMBRIDGE UNIVERSITY ASSOCIATION OF BRASS COLLECTORS
THE CAMBRIDGE YOUTHS' CLUB
THE CAMBRIDGESHIRE AND HUNTINGDONSHIRE ARCHAEOLOGICAL SOCIETY
THE CAMDEN SOCIETY
THE CANOE CLUB
THE CAPE OBSERVATORY
THE CAPE OF GOOD HOPE OBSERVATORY
THE CATHOLIC INDUSTRIAL DEMOCRACY
THE CATHOLIC INSTITUTE OF GREAT BRITAIN
THE CAVENDISH SOCIETY
THE CENTRAL CHAMBER OF AGRICULTURE
THE CENTRAL LONDON THROAT, NOSE AND EAR HOSPITAL
THE CENTRAL SUDAN MISSION
THE CHARTERED INSTITUTE OF PATENT AGENTS
THE CHARTERED INSTITUTE OF SECRETARIES
THE CHARTERED INSTITUTE OF SECRETARIES OF JOINT STOCK COMPANIES AND OTHER PUBLIC BODIES
THE CHARTIST ORGANISATION OF FERGUS O'CONNOR
THE CHAUCER SOCIETY
THE CHEMICAL SOCIETY
THE CHEMICAL SOCIETY OF LONDON
THE CHESTER ARCHAEOLOGICAL SOCIETY
THE CHESTER SOCIETY OF NATURAL SCIENCE
THE CHESTER SOCIETY OF NATURAL SCIENCE AND LITERATURE
THE CHESTER AND NORTH WALES ARCHITECTURAL, ARCHÊOLOGICAL AND HISTORIC SOCIETY
THE CHETHAM SOCIETY
THE CHILDREN'S EVANGELISTIC MISSION
THE CHILDREN'S SPECIAL SERVICE MISSION
THE CHINESE BIBLE WOMAN'S MISSION
THE CHRISTIAN
THE CHRISTIAN ENDEAVOUR UNION OF GREAT BRITAIN AND IRELAND
THE CHRISTIAN EVIDENCE SOCIETY
THE CHRISTIAN SOCIAL UNION
THE CHRISTIAN SOCIALIST MOVEMENT
THE CHRISTIAN SOCIALIST SOCIETY
THE CHRYSTALLOGICAL SOCIETY
THE CHURCH ASSOCIATION
THE CHURCH BUILDING SOCIETY
THE CHURCH COMMITTEE FOR CHURCH DEFENCE AND CHURCH INSTRUCTION
THE CHURCH DEFENCE INSTITUTION
THE CHURCH INSTITUTION
THE CHURCH LADS' BRIGADE
THE CHURCH MISSIONARY SOCIETY
THE CHURCH PASTORAL AID SOCIETY
THE CHURCH OF ENGLAND
THE CHURCH OF ENGLAND ASSURANCE INSTITUTION
THE CHURCH OF ENGLAND CENTRAL SOCIETY FOR PROVIDING HOMES FOR WAIFS AND STRAYS
THE CHURCH OF ENGLAND SCRIPTURE READERS' ASSOCIATION
THE CHURCH OF ENGLAND TEMPERANCE SOCIETY
THE CHURCH OF ENGLAND YORK, GENERAL LITERATURE COMMITTEE
THE CHURCH OF ENGLAND YOUNG MEN'S SOCIETY
THE CHURCH OF LONDON
THE CHURCH OF SCOTLAND
THE CITY OF LONDON TRADE PROTECTION SOCIETY
THE CIVIL PROTECTION FORCES OF THE UNITED KINGDOM
THE CIVIL AND MECHANICAL ENGINEERS' SOCIETY
THE CLEVELAND LITERARY AND PHILOSOPHICAL SOCIETY
THE CLINICAL HOSPITAL
THE CLINICAL SOCIETY
THE CLINICAL SOCIETY OF LONDON
THE CLUB
THE CO-OPERATIVE WHOLESALE SOCIETY LIMITED
THE COLD STORAGE AND ICE ASSOCIATION
THE COLONIAL COLLEGE
THE COMMISSIONERS FOR ADMINISTERING THE LAWS FOR RELIEF OF THE POOR IN IRELAND
THE COMMISSIONERS OF THE PUBLIC RECORDS OF THE KINGDOM
THE COMMITTEE FOR THE AFFAIRS OF THE ESTATE OF THE TRUSTEES OF THE LIVERPOOL DOCKS
THE COMMON PLEAS DIVISION
THE COMMUNIST CHURCH
THE CONCHOLOGICAL SOCIETY OF GREAT BRITAIN
THE CONFERENCE ON LABOUR REPRESENTATION
THE CONGREGATIONAL TOTAL ABSTINENCE SOCIETY
THE CONGREGATIONAL UNION OF ENGLAND AND WALES
THE CONGRESS OF THE TRADES UNIONS
THE CONSERVATIVE PARTY
THE CONSERVATIVE AND UNIONIST PARTY
THE CONVOCATION OF THE PROVINCE OF CANTERBURY
THE CONVOCATION OF THE PROVINCE OF YORK
THE CORK HERALD OFFICE
THE CORK HISTORICAL  AND  ARCHÊOLOGICAL SOCIETY
THE CORNWALL LITERARY PHILOSOPHICAL INSTITUTION
THE CORNWALL MEDICAL ASSOCIATION
THE CORNWALL POLYTECHNIC SOCIETY
THE COTSWOLD NATURALISTS' FIELD CLUB
THE COTSWORLD SHEEP SOCIETY
THE COTTAGE IMPROVEMENT SOCIETY FOR NORTH NORTHUMBERLAND
THE COTTESWOLD NATURALISTS' FIELD CLUB
THE COUNCIL OF LEGAL EDUCATION
THE COUNCIL OF THE BRITISH EMPIRE LEAGUE
THE COUNCIL OF THE CORPORATION OF FOREIGN BONDHOLDERS
THE COUNCIL OF THE UNITED SERVICE INSTITUTION
THE COUNTESS OF HUNTINGDON'S CONNEXION
THE COUNTRY BREWERS' SOCIETY
THE COUNTRY GENTLEMAN'S ASSOCIATION
THE COUNTRY GENTLEMEN'S ASSOCIATION
THE COUNTY OF MIDDLESEX NATURAL HISTORY AND SCIENCE SOCIETY
THE COURT OF COMMON COUNCIL
THE CREMATION SOCIETY
THE CREMATION SOCIETY OF ENGLAND
THE CROYDON NATURAL HISTORY AND SCIENTIFIC SOCIETY
THE CRYSTALLOLOGICAL SOCIETY
THE CUMBERLAND AND WESTMORLAND ANTIQUARIAN AND ARCHAEOLOGICAL SOCIETY
THE DANTE SOCIETY
THE DAVENPORT ACADEMY OF NATURAL SCIENCES
THE DECIMAL ASSOCIATION
THE DENOMINATION'S AGED MINISTERS FUND
THE DEPUTY MASTER AND COMPTROLLER OF THE MINT
THE DERBYSHIRE ARCHÊOLOGICAL AND NATURAL HISTORY SOCIETY
THE DEVON AND CORNWALL TEMPERANCE LEAGUE
THE DEVON AND EXETER INFANT SCHOOL SOCIETY
THE DEVONSHIRE ASSOCIATION FOR THE ADVANCEMENT OF SCIENCE, LITERATURE, AND ART
THE DIOCESAN COUNCIL
THE DIRECTORS OF THE MISSIONARY SOCIETY
THE DISSENTERS
THE DISTRIBUTING HOME
THE DORSET NATURAL HISTORY  AND  ARCHAEOLOGICAL SOCIETY
THE DORSET NATURAL HISTORY AND ANTIQUARIAN FIELD CLUB
THE DUBLIN MICROSCOPICAL CLUB
THE EALING NATURAL SCIENCE AND MICROSCOPICAL SOCIETY
THE EALING SCIENTIFIC AND MICROSCOPICAL SOCIETY
THE EARLY ENGLISH TEXT SOCIETY
THE EAST ANGLICAN UNITARIAN CHURCHES
THE EASTBOURNE SOCIETY
THE EASTERN QUESTION ASSOCIATION
THE ECCLESIOLOGICAL LATE CAMBRIDGE CAMDEN SOCIETY
THE ECCLESIOLOGICAL SOCIETY
THE ECLECTIC SOCIETY
THE ECONOMIC  AND  EDUCATIONAL MUSEUM, HUDDERSFIELD
THE ECONOMICAL SOCIETY OF THE GNOMIAN SCHOOL. J. LOMBARD, REGISTER
THE ECONOMICAL AND EDUCATIONAL BEAUMONT PARK MUSEUM
THE ENGLISH AGRICULTURAL SOCIETY
THE ENGLISH ARBORICULTURAL SOCIETY
THE ENGLISH CHURCH UNION
THE ENGLISH CISALPINES
THE ENGLISH DIALECT SOCIETY
THE ENGLISH GOETHE SOCIETY
THE ENGLISH MONTHLY TRACT SOCIETY
THE ENTOMOLOGICAL SOCIETY
THE ENTOMOLOGICAL SOCIETY OF LONDON
THE EPIDEMIOLOGICAL SOCIETY OF LONDON
THE EPPING FOREST AND COUNTY OF ESSEX NATURALISTS' FIELD CLUB
THE ESSEX FIELD CLUB
THE ETHNOLOGICAL SOCIETY OF LONDON
THE EVANGELICAL ALLIANCE
THE EXETER MADRIGAL SOCIETY
THE FABIAN SOCIETY
THE FARM STREET COMMUNITY
THE FARMERS' CLUB
THE FARNINGHAM AND SWANLEY HOME FOR BOYS
THE FEDERATED INSTITUTE OF MINING ENGINEERS
THE FEDERATED INSTITUTES OF BREWING
THE FEDERATION OF INSURANCE INSTITUTES OF GREAT BRITAIN AND IRELAND
THE FELLOWSHIP OF THE NEW LIFE
THE FEMALE SCHOOL OF INDUSTRY
THE FIELD CLUB
THE FIELDEN SOCIETY
THE FINANCIAL REFORM ASSOCIATION
THE FISH CULTURE ASSOCIATION
THE FOLK-LORE SOCIETY
THE FOREIGN AFFAIRS COMMITTEES
THE FORESTERS, WEST KENT DISTRICT
THE FRANCIS BACON SOCIETY
THE FREE CHURCH OF ENGLAND
THE FREE CHURCH OF SCOTLAND
THE FREE METHODIST TEMPERANCE LEAGUE
THE FREEMASONS GENERAL BOARD
THE FRENCH ROMAN CATHOLIC ORGAN
THE FRIENDLY SOCIETY OF JOURNEYMEN BOOKBINDERS
THE FRIENDLY SOCIETY OF RECHABITES
THE FRIZINGHALL UNION JACK FIELD CLUB
THE FROEBEL SOCIETY
THE FROEBEL SOCIETY AND JUNIOR SCHOOLS ASSOCIATION
THE GAS INSTITUTE
THE GENERAL BOARD OF HEALTH
THE GENERAL COUNCIL OF MEDICAL EDUCATION AND REGISTRATION OF THE UNITED KINGDOM
THE GENERAL MEDICAL COUNCIL, OF THE EXECUTIVE COMMITTEE, AND OF THE BRANCH COUNCILS FOR ENGLAND, SCOTLAND, AND IRELAND
THE GEOGRAPHICAL SOCIETY OF LONDON
THE GEOLOGICAL SOCIETY
THE GEOLOGICAL SOCIETY OF CORNWALL
THE GEOLOGICAL SOCIETY OF LONDON
THE GEOLOGICAL SURVEY OF GREAT BRITAIN
THE GEOLOGICAL SURVEY OF GREAT BRITAIN, AND OF THE MUSEUM OF PRACTICAL GEOLOGY
THE GEOLOGICAL AND POLYTECHNIC SOCIETY OF THE WEST RIDING OF YORKSHIRE
THE GEOLOGISTS' ASSOCIATION
THE GIRLS' FRIENDLY SOCIETY
THE GLACIALISTS' ASSOCIATION
THE GUILD AND SCHOOL OF HANDICRAFT
THE GUILD OF CHILDREN OF THE CHURCH
THE GYPSY LORE SOCIETY
THE HAKLUYT SOCIETY
THE HALEY HILL LITERARY AND SCIENTIFIC SOCIETY
THE HALIFAX GEOLOGISTS' FIELD CLUB
THE HALIFAX SCIENTIFIC SOCIETY
THE HAMPSHIRE DOWN SHEEP BREEDER'S ASSOCIATION
THE HAMPSHIRE FIELD CLUB AND ARCHAEOLOGICAL SOCIETY
THE HARLEIAN SOCIETY
THE HARROGATE AND DISTRICT NATURALISTS' SOCIETY
THE HEAD MASTERS OF SCHOOLS
THE HENRY BRADSHAW SOCIETY
THE HIGH WYCOMBE NATURAL HISTORY SOCIETY
THE HIGHLAND AND AGRICULTURAL SOCIETY
THE HIGHLAND AND AGRICULTURAL SOCIETY OF SCOTLAND
THE HISTORIC SOCIETY OF LANCASHIRE AND CHESHIRE
THE HISTORICAL MANUSCRIPTS COMMISSION
THE HISTORICAL SOCIETY OF SCIENCE
THE HODSONIAN COMMUNITY SOCIETY
THE HOLDERNESS AGRICULTURAL SOCIETY
THE HOLMESDALE NATURAL HISTORY CLUB
THE HOLY TRINITY HOXTON CHURCH
THE HONOURABLE SOCIETY OF CYMMRODORION
THE HONOURABLE AND INDEPENDENT ORDER OF RECHABITES
THE HORTICULTURAL SOCIETY OF LONDON
THE HOSPITAL FOR CONSUMPTION AND DISEASES OF THE CHEST
THE HOUSE OF COMMONS
THE HOUSE OF LORDS
THE HUDDERSFIELD ARCHAEOLOGICAL AND TOPOGRAPHICAL ASSOCIATION
THE HUDDERSFIELD DISTRICT BOTANICAL SOCIETY
THE HUDDERSFIELD FLORAL AND HORTICULTURAL SOCIETY
THE HUDDERSFIELD LITERARY AND SCIENTIFIC SOCIETY
THE HUDDERSFIELD NATURALISTS' SOCIETY
THE HULL FIELD NATURALISTS' SOCIETY
THE HULL GEOLOGICAL SOCIETY
THE HULL LITERARY AND PHILOSOPHICAL SOCIETY
THE HULL MECHANICS' INSTITUTE
THE HULL SCIENTIFIC AND FIELD NATURALISTS' CLUB
THE HULL AND DISTRICT INSTITUTION OF ENGINEERS AND NAVAL ARCHITECTS
THE HUMAN PHYSIOLOGY, EDUCATION AND ASSOCIATION
THE HUMANITARIAN LEAGUE
THE HUNTERIAN SOCIETY
THE HUNTERS' IMPROVEMENT SOCIETY
THE IMPERIAL INSTITUTE
THE IMPERIAL INSURANCE COMPANY LIMITED
THE IMPROVEMENT OF MEDICAL AND CHIRURGICAL KNOWLEDGE
THE INCORPORATED ASSOCIATION OF MUNICIPAL AND COUNTY ENGINEERS
THE INCORPORATED MEDICAL PRACTITIONERS' ASSOCIATION
THE INCORPORATED SOCIETY OF INSPECTOR OF WEIGHTS AND MEASURES ADMINISTRATION
THE INCORPORATED SOCIETY OF INSPECTORS OF WEIGHTS AND MEASURES
THE INCORPORATED WENSLEYDALE BLUE-FACED SHEEP BREEDERS' ASSOCIATION AND FLOCK BOOK SOCIETY
THE INDEPENDENT LABOUR PARTY
THE INDEPENDENT ORDER OF RECHABITES
THE INDEPENDENT SCHOOLS' ASSOCIATION
THE INDEX SOCIETY
THE INSPECTOR OF RETREATS
THE INSPECTORS OF LUNATICS
THE INSTITUTE OF ACTUARIES
THE INSTITUTE OF BREWING
THE INSTITUTE OF BRITISH ARCHITECTS OF LONDON
THE INSTITUTE OF CHEMISTRY OF GREAT BRITAIN AND IRELAND
THE INSTITUTE OF CIVIL ENGINEERS
THE INSTITUTE OF MARINE ENGINEERING
THE INSTITUTE OF WEIGHTS AND MEASURES ADMINISTRATION
THE INSTITUTION OF CIVIL ENGINEERS
THE INSTITUTION OF ELECTRICAL ENGINEERS
THE INSTITUTION OF GAS ENGINEERS
THE INSTITUTION OF HEATING AND VENTILATING ENGINEERS
THE INSTITUTION OF MECHANICAL ENGINEERS
THE INSTITUTION OF MINING ENGINEERS
THE INSTITUTION OF MINING AND METALLURGY
THE INSTITUTION OF NAVAL ARCHITECTS
THE INSTITUTION OF PERMANENT-WAY INSPECTORS
THE INSTITUTION OF SURVEYORS
THE INSTITUTION OF WATER ENGINEERS
THE INTERNATIONAL COMMISSION ON ADULTERATION
THE INTERNATIONAL CONGREGATIONAL COUNCIL
THE INTERNATIONAL HORTICULTURAL EXHIBITION AND BOTANICAL CONGRESS
THE INTERNATIONAL LAW ASSOCIATION
THE INTERNATIONAL PEACE SOCIETY
THE INTERNATIONAL RAILWAY CONGRESS
THE INVENTORS' INSTITUTE
THE IRISH CHURCH MISSIONS
THE IRISH MISSION OF THE CHURCH
THE IRISH TEMPERANCE LEAGUE
THE IRISH UNIONIST ALLIANCE
THE JENNER INSTITUTE OF PREVENTIVE MEDICINE
THE JEWISH COMMUNITY
THE JEWISH HISTORICAL SOCIETY OF ENGLAND
THE JEWISH PRESS
THE JEWS' SOCIETY
THE JUNIOR ENGINEERING SOCIETY
THE JUNIOR LIBERAL ASSOCIATION
THE JURIDICAL SOCIETY
THE KEIGHLEY SCIENTIFIC AND LITERARY SOCIETY
THE KENT GENERAL REFORM ASSOCIATION
THE KEW GUILD
THE KINGSLAND AND STOKE NEWINGTON LADIES' ASSOCIATION IN AID OF THE SCRIPTURE READERS' MISSION IN IRELAND
THE LABOUR CHURCH UNION
THE LABOUR PRESS SOCIETY
THE LABOURERS' FRIEND SOCIETY
THE LADIES KENNEL ASSOCIATION
THE LADIES' ASSOCIATION FOR THE PROMOTION OF FEMALE EDUCATION AMONG THE HEATHEN
THE LANCASHIRE AND CHESHIRE BAND OF HOPE UNION
THE LANCASHIRE AND CHESHIRE HISTORIC SOCIETY
THE LANCASHIRE AND CHESHIRE SUNDAY SCHOOL BAND OF HOPE UNION
THE LAW SOCIETY
THE LAW AND LIBERTY LEAGUE
THE LEEDS  AND  DISTRICT CYCLISTS' ASSOCIATION, ETC
THE LEEDS ASTRONOMICAL SOCIETY
THE LEEDS GEOLOGICAL ASSOCIATION
THE LEEDS NATURALISTS' CLUB AND SCIENTIFIC ASSOCIATION
THE LEEDS PHILOSOPHICAL AND LITERARY SOCIETY
THE LEEDS PHOTOGRAPHIC SOCIETY
THE LEEDS REDEMPTION SOCIETY
THE LEICESTER LITERARY AND PHILOSOPHICAL SOCIETY
THE LEICESTER TOWN MISSION
THE LEICESTERSHIRE ARCHITECTURAL AND ARCHÊOLOGICAL SOCIETY
THE LEIGH FRIENDLY CO-OPERATIVE SOCIETY
THE LEWISHAM ANTIQUARIAN SOCIETY
THE LIBERATION SOCIETY
THE LIBERTY PARTY
THE LIBRARY ASSOCIATION SERIES
THE LIBRARY ASSOCIATION OF THE UNITED KINGDOM
THE LIFE ASSURANCE MEDICAL ASSOCIATION
THE LIFE ASSURANCE MEDICAL OFFICERS' ASSOCIATION
THE LINCOLNSHIRE RECORD SOCIETY
THE LINNEAN SOCIETY
THE LINNEAN SOCIETY OF LONDON
THE LITERARY  AND  PHILOSOPHICAL SOCIETY OF LIVERPOOL
THE LITERARY ASSOCIATION OF THE FRIENDS OF POLAND
THE LITERARY SOCIETY OF BOMBAY
THE LITERARY AND PHILOSOPHICAL SOCIETY OF LEICESTER
THE LITERARY AND PHILOSOPHICAL SOCIETY OF MANCHESTER
THE LITERARY AND SCIENTIFIC INSTITUTION
THE LITERARY AND SCIENTIFIC INSTITUTION OF KILKENNY
THE LITTLE WANDERERS' HOME
THE LIVERPOOL ARCHITECTURAL AND ARCHÊOLOGICAL SOCIETY
THE LIVERPOOL ASTRONOMICAL SOCIETY
THE LIVERPOOL BIOLOGICAL SOCIETY
THE LIVERPOOL ENGINEERING SOCIETY
THE LIVERPOOL EVANGELISTIC UNION
THE LIVERPOOL GEOGRAPHICAL SOCIETY
THE LIVERPOOL HEALTH OF TOWNS' ASSOCIATION
THE LIVERPOOL LITERARY AND PHILOSOPHICAL SOCIETY
THE LIVERPOOL LOCAL ANTI-MONOPOLY ASSOCIATION
THE LIVERPOOL MARINE BIOLOGICAL STATION
THE LIVERPOOL MEDICAL INSTITUTION
THE LIVERPOOL NATURAL HISTORY SOCIETY
THE LIVERPOOL NUMISMATIC SOCIETY
THE LIVERPOOL ODONTOLOGICAL SOCIETY
THE LIVERPOOL SCHOOL BOARD
THE LIVERPOOL SCHOOL OF TROPICAL MEDICINE
THE LIVERPOOL SELF PROPELLED TRAFFIC ASSOCIATION
THE LOCAL GOVERNMENT BOARD
THE LONDON ARCHITECTURAL ASSOCIATION
THE LONDON BOTANICAL EXCHANGE CLUB
THE LONDON COUNTY COUNCIL
THE LONDON ELECTRICAL SOCIETY
THE LONDON EXCHANGE CLUB
THE LONDON FEMALE MISSION
THE LONDON FOUNDERS' ASSOCIATION
THE LONDON FREE AND OPEN CHURCH ASSOCIATION
THE LONDON HOSPITAL
THE LONDON MATHEMATICAL SOCIETY
THE LONDON MISSIONARY SOCIETY
THE LONDON NATURAL HISTORY SOCIETY
THE LONDON SOCIETY FOR THE MITIGATION AND ABOLITION OF SLAVERY IN THE BRITISH DOMINIONS
THE LONDON TEACHERS' ASSOCIATION
THE LONDON TOPOGRAPHICAL SOCIETY
THE LORD'S COMMITTEE ON THE CONDITION AND TREATMENT OF THE COLONIAL SLAVES
THE LORDS COMMISSIONERS OF THE ADMIRALTY
THE MAGNETICAL AND METEOROLOGICAL OBSERVATORY AT TORONTO IN CANADA
THE MAIDENHEAD NATURALISTS' FIELD CLUB, AND THAMES VALLEY ANTIQUARIAN SOCIETY
THE MALACOLOGICAL SOCIETY OF LONDON
THE MALTON FIELD NATURALISTS' AND SCIENTIFIC SOCIETY
THE MALVERN NATURALISTS' FIELD CLUB
THE MANCHESTER CONSTITUTIONAL SOCIETY
THE MANCHESTER FIELD CLUB
THE MANCHESTER GEOGRAPHICAL SOCIETY
THE MANCHESTER GEOLOGICAL SOCIETY
THE MANCHESTER GEOLOGICAL AND MINING SOCIETY
THE MANCHESTER GOETHE SOCIETY
THE MANCHESTER GUARDIAN SOCIETY FOR THE PROTECTION OF TRADE
THE MANCHESTER HORTICULTURAL IMPROVEMENT SOCIETY
THE MANCHESTER LITERARY CLUB
THE MANCHESTER LITERARY AND PHILOSOPHICAL SOCIETY
THE MANCHESTER MICROSCOPICAL SOCIETY
THE MANCHESTER NUMISMATIC SOCIETY
THE MANCHESTER AND SALFORD HOMOEOPATHIC DISPENSARY
THE MANCHESTER AND SALFORD TOWN MISSION
THE MARINE BIOLOGICAL ASSOCIATION OF THE UNITED KINGDOM
THE MARITIME PENITENT FEMALE REFUGE
THE MARLBOROUGH COLLEGE NATURAL HISTORY SOCIETY
THE MASTER OF THE ROLLS
THE MATHEMATICAL REPOSITORY
THE MEDICAL OFFICER OF HEALTH
THE MEDICAL OFFICERS OF HEALTH SOCIETY
THE MEDICAL REGISTER
THE MEDICAL SOCIETY OF LONDON
THE MEDICAL AND PHYSICAL SOCIETY OF BOMBAY
THE MEDICINE AND SURGERY
THE MEDICO-BOTANICAL SOCIETY OF LONDON
THE MELANESIAN MISSION
THE METAPHYSICAL SOCIETY
THE METEOROLOGICAL COMMITTEE OF THE ROYAL SOCIETY
THE METEOROLOGICAL OFFICE
THE METEOROLOGICAL SOCIETY
THE METEOROLOGICAL SOCIETY OF GREAT BRITAIN
THE METHODIST NEW CONNEXION
THE METROPOLITAN COLLEGE SOCIETAS ROSICRUCIANA
THE METROPOLITAN SANITARY COMMISSION
THE METROPOLITAN WORKING MAN'S UNION
THE METROPOLITIAN UNION
THE MICROSCOPICAL SOCIETY
THE MICROSCOPICAL SOCIETY OF LONDON
THE MIDDLESBROUGH ATHENAEUM
THE MIDDLESBROUGH ATHENAEUM FIELD CLUB
THE MIDDLESEX HOSPITAL
THE MIDDLESEX HOSPITAL MEDICAL AND SURGICAL REGISTRARS
THE MIDLAND COUNTIES INSTITUTION OF ENGINEERS
THE MIDLAND INSTITUTE OF MINING, CIVIL,  AND  MECHANICAL ENGINEERS
THE MINERALOGICAL SOCIETY OF GREAT BRITAIN AND IRELAND
THE MINERS' ASSOCIATION
THE MISSION BOARD OF THE CHURCH
THE MISSIONARY DIOCESE OF ROCKHAMPTON, CENTRAL QUEENSLAND
THE MISSIONARY SOCIETY
THE MISSIONARY AND TRACT SOCIETY
THE MODERN LANGUAGE ASSOCIATION
THE MONTHLY LITERARY ADVERTISER
THE MONUMENTAL BRASS SOCIETY
THE MUSEUM OF ECONOMIC GEOLOGY IN LONDON
THE NATIONAL AGRICULTURAL LABOURERS ORGANISATION
THE NATIONAL ASSOCIATION FOR THE PROMOTION OF TECHNICAL AND SECONDARY EDUCATION
THE NATIONAL ASSOCIATION OF GENERAL [PRACTITIONERS]
THE NATIONAL ASSOCIATION OF MASTER BAKERS AND CONFECTIONERS
THE NATIONAL COUNCIL OF THE EVANGELICAL FREE CHURCH
THE NATIONAL CURRENCY REFORM ASSOCIATION
THE NATIONAL DOG CLUB
THE NATIONAL EDUCATION UNION
THE NATIONAL FEDERATION OF FOREMEN TAILORS
THE NATIONAL FREE LABOUR ASSOCIATION
THE NATIONAL HEALTH SOCIETY
THE NATIONAL HOME READING UNION
THE NATIONAL INDIAN ASSOCIATION
THE NATIONAL PRESS AGENCY LTD
THE NATIONAL PROTESTANT CHURCH UNION
THE NATIONAL REFUGES FOR HOMELESS AND DESTITUTE CHILDREN
THE NATIONAL RIFLE
THE NATIONAL SOCIETY
THE NATIONAL SOCIETY FOR PRESERVING THE MEMORIALS OF THE DEAD IN THE CHURCHES AND CHURCHYARDS OF GREAT BRITAIN
THE NATIONAL SOCIETY OF CONSERVATIVE AGENTS
THE NATIONAL SOCIETY OF THE FINE ARTS
THE NATIONAL SUNDAY LEAGUE
THE NATIONAL TEMPERANCE LEAGUE
THE NATIONAL TRUST
THE NATIONAL UNION OF TEACHERS
THE NATIONAL UNION OF TYPISTS
THE NATIONAL VIGILANCE ASSOCIATION
THE NATURAL HISTORY SOCIETY OF WORCESTER
THE NATURALISTS' UNION
THE NAVY
THE NEW BIOLOGICAL STATION AT PORT ERIN
THE NEW BRITISH AND FOREIGN SOCIETY FOR THE SUPPRESSION OF INTEMPERANCE
THE NEW BRITISH AND FOREIGN TEMPERANCE SOCIETY
THE NEW CHURCH
THE NEW CHURCH ASSOCIATION
THE NEW CONNEXION
THE NEW LICHTS
THE NEW SHAKESPEARE SOCIETY
THE NEW SHAKSPERE SOCIETY
THE NEW SYDENHAM SOCIETY
THE NEWBURY DISTRICT FIELD CLUB
THE NEWSPAPER SOCIETY
THE NON-INTRUSIONISTS
THE NONCONFORMIST SUNDAY SCHOOL UNION
THE NORFOLK AND NORWICH NATURALISTS' SOCIETY
THE NORTH RIDING RECORDS SOCIETY
THE NORTH STAFFORDSHIRE INSTITUTE OF MINING AND MECHANICAL ENGINEERS
THE NORTH OF ENGLAND INSTITUTE OF MINING ENGINEERS
THE NORTH OF ENGLAND OBSTETRICAL AND GYNAECOLOGICAL SOCIETY
THE NORTHAMPTON NATURAL HISTORY SOCIETY AND FIELD CLUB
THE NORTHUMBERLAND AND DURHAM HOME TEACHING SOCIETY FOR THE BLIND
THE NORTHUMBERLAND AND DURHAM MEDICAL SOCIETY
THE NORWICH TEMPERANCE MISSION
THE NUMISMATIC SOCIETY
THE OBSTETRICAL SOCIETY OF LONDON
THE ODONTO-CHIRURGICAL SOCIETY
THE ODONTOLOGICAL SOCIETY OF GREAT BRITAIN
THE ODONTOLOGICAL SOCIETY OF LONDON
THE ODONTOLOGICAL SOCIETY OF MANCHESTER
THE OFFICE FOR PATENTS OF INVENTIONS
THE OFFICIAL BRITISH AND FOREIGN UNITARIAN ASSOCIATION
THE OLD DISSENT
THE OLD LIGHTS
THE OPEN-AIR MISSION
THE OPHTHALMIC HOSPITAL
THE OPHTHALMOLOGICAL SOCIETIES OF THE UNITED KINGDOM
THE OPHTHALMOLOGICAL SOCIETY OF THE UNITED KINGDOM
THE OPTICAL MATHEMATICAL AND PHILOSOPHICAL INSTRUMENT INDUSTRIES
THE OPTICAL SOCIETY
THE OPTICAL SOCIETY OF LONDON
THE ORANGE FREE STATE MISSION
THE ORANGE LODGE
THE ORDER OF ST. JOHN OF JERUSALEM
THE ORDER OF THE GOLDEN AGE
THE ORIENTAL UNIVERSITY INSTITUTE
THE ORIGINAL METHODISTS' CONNEXION
THE ORIGINAL SECESSION CHURCH
THE OTOLOGICAL SOCIETY OF THE UNITED KINGDOM
THE OWENITE GRAND NATIONAL CONSOLIDATED TRADES' UNION
THE OWENS COLLEGE
THE OWENS COLLEGE UNION
THE OXFORD ARCHITECTURAL AND HISTORICAL SOCIETY
THE OXFORD HISTORICAL SOCIETY
THE OXFORD PHILOLOGICAL SOCIETY
THE OXFORD TUTORS' ASSOCIATION
THE OXFORD UNIVERSITY JUNIOR SCIENTIFIC CLUB
THE OXFORD WOMEN'S COLLEGES
THE PALESTINE EXPLORATION FUND
THE PALESTINE PILGRIMS' TEXT SOCIETY
THE PALI TEXT SOCIETY
THE PALÊOGRAPHICAL SOCIETY
THE PARISH REGISTER SOCIETY
THE PARKER SOCIETY
THE PAROCHIAL ORDER
THE PATENT OFFICE
THE PATHOLOGICAL INSTITUTE OF THE LONDON HOSPITAL
THE PATHOLOGICAL SOCIETY OF LONDON
THE PATHOLOGICAL SOCIETY OF MANCHESTER
THE PEACE SOCIETY
THE PENNY PRESS
THE PENZANCE NATURAL HISTORY SOCIETY
THE PENZANCE NATURAL HISTORY AND ANTIQUARIAN SOCIETY
THE PERSE SCHOOL
THE PHARMACEUTICAL SOCIETY
THE PHARMACEUTICAL TIMES
THE PHILOLOGICAL SOCIETY
THE PHILOLOGICAL SOCIETY OF LONDON
THE PHILOMATIC INSTITUTION
THE PHILOSOPHICAL RADICALS
THE PHILOSOPHICAL AND LITERARY SOCIETY OF LEEDS
THE PHOTOGRAM
THE PHOTOGRAPHIC SOCIETY OF LONDON
THE PHRENOLOGICAL SOCIETY OF EDINBURGH
THE PHYSICAL SOCIETY OF LONDON
THE PIONEER CLUB
THE PIPE ROLL SOCIETY
THE PLAINSONG AND MEDIÊVAL MUSIC SOCIETY
THE PLYMOUTH INSTITUTION
THE POLISH SOCIETY OF LONDON
THE PONY STUD BOOK SOCIETY
THE POOR LAW BOARD
THE POOR LAW COMMISSIONERS
THE POOR LAW CONFERENCES
THE POOR LAW DISTRICT CONFERENCES
THE PORT [OF LONDON] SANITARY COMMITTEE
THE POSTAL MICROSCOPICAL SOCIETY
THE PRACTICAL NATURALISTS' SOCIETY
THE PRAYER BOOK AND HOMILY SOCIETY
THE PRAYER-BOOK AND HOMILY SOCIETY
THE PRE-RAPHAELITE BROTHERHOOD
THE PRESBYTERIAN CHURCH IN ENGLAND
THE PRESBYTERIAN CHURCH OF ENGLAND
THE PRESTON TEMPERANCE SOCIETY
THE PROGRESS OF PRACTICAL AND SCIENTIFIC MEDICINE IN DIFFERENT PARTS OF THE WORLD
THE PROLOCUTOR AND COMMITTEE OF PRIVILEGES OF THE LOWER HOUSE OF CANTERBURY
THE PROTESTANT ALLIANCE
THE PROTESTANT ASSOCIATION
THE PROTESTANT CHURCHMEN'S ALLIANCE
THE PROTESTANT ELECTORAL UNION
THE PROTESTANT UNION, FOR THE DEFENCE AND SUPPORT OF THE PROTESTANT RELIGION AND THE BRITISH CONSTITUTION AS ESTABLISHED AT THE GLORIOUS REVOLUTION IN 1688
THE PROTESTANT AND TRANSACTIONS OF SOCIETIES
THE PROVINCIAL GRAND LODGE OF MIDDLESEX
THE PROVINCIAL MEDICAL AND SURGICAL ASSOCIATION
THE PROVINCIAL NEWSPAPER SOCIETY
THE PSYCHOLOGICAL SOCIETY OF GREAT BRITAIN
THE QUEEN'S BENCH DIVISION
THE QUEKETT MICROSCOPICAL CLUB
THE R. W. PROVINCIAL GRAND MASTER
THE RADCLIFFE OBSERVATORY, OXFORD
THE RAGGED SCHOOL AND MISSION UNION
THE RATIONAL SOCIETY
THE RATIONALIST PRESS ASSOCIATION
THE RATIONALIST SOCIETY
THE RAY SOCIETY
THE READING PATHOLOGICAL SOCIETY
THE REFORMED EPISCOPAL CHURCH
THE REGISTRAR-GENERAL FOR ENGLAND  AND  WALES
THE REGISTRAR-GENERAL OF ENGLAND
THE REGISTRAR-GENERAL OF IRELAND
THE RELIGIOUS TRACT SOCIETY
THE ROENTGEN RAY
THE ROENTGEN SOCIETY
THE ROSICRUCIAN SOCIETY OF ENGLAND
THE ROTHERHAM NATURALISTS' SOCIETY
THE ROXBURGHE SOCIETY
THE ROYAL AGRICULTURAL  AND  COMMERCIAL SOCIETY OF BRITISH GUIANA
THE ROYAL AGRICULTURAL SOCIETY
THE ROYAL AGRICULTURAL SOCIETY OF ENGLAND
THE ROYAL AGRICULTURE SOCIETY OF ENGLAND
THE ROYAL ARCHAEOLOGICAL INSTITUTE
THE ROYAL ARMY MEDICAL CORPS
THE ROYAL ARTILLERY INSTITUTION
THE ROYAL ASIATIC SOCIETY
THE ROYAL ASIATIC SOCIETY OF GREAT BRITAIN AND IRELAND
THE ROYAL ASTRONOMICAL SOCIETY
THE ROYAL COLLEGE OF CHEMISTRY
THE ROYAL COLLEGE OF SURGEONS OF ENGLAND
THE ROYAL COLONIAL INSTITUTE
THE ROYAL CORNWALL POLYTECHNIC SOCIETY
THE ROYAL ECONOMIC SOCIETY
THE ROYAL ENTOMOLOGICAL SOCIETY OF LONDON
THE ROYAL GEOGRAPHICAL SOCIETY
THE ROYAL GEOGRAPHICAL SOCIETY OF LONDON
THE ROYAL GEOLOGICAL SOCIETY OF IRELAND
THE ROYAL HISTORICAL  AND  ARCHAEOLOGICAL ASSOCIATION OF IRELAND
THE ROYAL HISTORICAL SOCIETY
THE ROYAL HORTICULTURAL SOCIETY
THE ROYAL HUMANE SOCIETY
THE ROYAL INSTITUTE
THE ROYAL INSTITUTE OF BRITISH ARCHITECTS
THE ROYAL INSTITUTE OF CHEMISTRY OF GREAT BRITAIN AND IRELAND
THE ROYAL INSTITUTE OF PUBLIC HEALTH
THE ROYAL INSTITUTION
THE ROYAL INSTITUTION OF CORNWALL
THE ROYAL INSTITUTION OF GREAT BRITAIN
THE ROYAL MEDICAL AND CHIRURGICAL SOCIETY OF LONDON
THE ROYAL MEDICO-BOTANICAL SOCIETY OF LONDON
THE ROYAL MEDICO-PSYCHOLOGICAL ASSOCIATION
THE ROYAL METEOROLOGICAL SOCIETY
THE ROYAL MICROSCOPIC SOCIETY
THE ROYAL MICROSCOPICAL SOCIETY
THE ROYAL NUMISMATIC SOCIETY
THE ROYAL NUMISMATIC SOCIETY OF LONDON
THE ROYAL OBSERVATORY, CAPE OF GOOD HOPE
THE ROYAL OBSERVATORY, GREENWICH
THE ROYAL PATHOLOGICAL SOCIETY
THE ROYAL PHOTOGRAPHIC SOCIETY OF LONDON
THE ROYAL SANITARY INSTITUTE
THE ROYAL SCHOOL OF NAVAL ARCHITECTURE AND MARINE ENGINEERING
THE ROYAL SOCIETY
THE ROYAL SOCIETY FOR THE PROTECTION OF BIRDS
THE ROYAL SOCIETY OF ARTS
THE ROYAL SOCIETY OF EDINBURGH
THE ROYAL SOCIETY OF LITERATURE
THE ROYAL SOCIETY OF LITERATURE OF THE UNITED KINGDOM
THE ROYAL SOCIETY OF LONDON
THE ROYAL SOCIETY OF MEDICINE
THE ROYAL STATISTICAL SOCIETY
THE ROYAL STATISTICAL SOCIETY [OF LONDON]
THE ROYAL UNITED SERVICE INSTITUTE
THE ROYAL UNITED SERVICE INSTITUTION
THE ROYAL UNITED SERVICES INSTITUTE FOR DEFENCE STUDIES
THE RUGBY SCHOOL NATURAL HISTORY SOCIETY
THE SACRED AND CLASSICAL PHILOLOGY
THE SAINT ALBANS AND HERTFORDSHIRE ARCHITECTURAL AND ARCHAEOLOGICAL SOCIETY
THE SALVATION ARMY
THE SALVATION ARMY PRINTING OFFICE
THE SANITARY INSTITUTE
THE SANITARY INSTITUTE OF GREAT BRITAIN
THE SCARBOROUGH ARCHAEOLOGICAL SOCIETY
THE SCARBOROUGH PHILOSOPHICAL SOCIETY
THE SCARBOROUGH PHILOSOPHICAL AND ARCHAEOLOGICAL SOCIETY
THE SCHOOL DENTISTS' SOCIETY
THE SCIENTIFIC SOCIETY OF LONDON
THE SCOTTISH CO-OPERATIVE WHOLESALE SOCIETY LIMITED
THE SCOTTISH REFORMATION SOCIETY
THE SCOTTISH WOMAN'S PROTESTANT UNION
THE SELBORNE SOCIETY
THE SELDEN SOCIETY
THE SETTE OF ODD VOLUMES
THE SHAFTESBURY INSTITUTE
THE SHAKESPEARE SOCIETY
THE SHAREHOLDERS' CORPORATION LIMITED
THE SHEFFIELD ARCHITECTURAL SOCIETY
THE SHEFFIELD NATURALISTS' CLUB
THE SHIPMASTERS' SOCIETY
THE SHROPSHIRE SHEEP-BREEDERS' ASSOCIATION
THE SLOANE SOCIETY
THE SLOYD ASSOCIATION OF GREAT BRITAIN AND IRELAND
THE SOCIAL DEMOCRATIC CLUB
THE SOCIAL DEMOCRATIC FEDERATION
THE SOCIAL SCIENCE ASSOCIATION
THE SOCIALIST LEAGUE
THE SOCIALIST PARTY OF GREAT BRITAIN
THE SOCIETIES' OF FRIENDS' SCHOOLS
THE SOCIETY INSTITUTED AT LONDON, FOR THE ENCOURAGEMENT OF ARTS, MANUFACTURES, AND COMMERCE
THE SOCIETY INSTITUTED IN BENGAL FOR INQUIRING INTO THE HISTORY AND ANTIQUITIES, THE ARTS, SCIENCES, AND LITERATURE OF ASIA
THE SOCIETY FOR ANALYTICAL CHEMISTRY
THE SOCIETY FOR BETTERING THE CONDITION AND INCREASING THE COMFORTS OF THE POOR
THE SOCIETY FOR CIRCULATING USEFUL PUBLICATIONS IN THE COUNTY OF HUNTINGDON
THE SOCIETY FOR MINES
THE SOCIETY FOR MISSIONS TO AFRICA AND THE EAST
THE SOCIETY FOR PHILOSOPHICAL EXPERIMENTS AND CONVERSATIONS
THE SOCIETY FOR PROMOTING CHRISTIAN KNOWLEDGE
THE SOCIETY FOR PROMOTING CHURCH MUSIC
THE SOCIETY FOR PROMOTING THE KNOWLEDGE OF ART
THE SOCIETY FOR PSYCHICAL RESEARCH
THE SOCIETY FOR RELIEVING THE HOUSELESS POOR
THE SOCIETY FOR THE ADVANCEMENT OF CIVILIZATION
THE SOCIETY FOR THE DIFFUSION OF POLITICAL KNOWLEDGE
THE SOCIETY FOR THE DIFFUSION OF USEFUL KNOWLEDGE
THE SOCIETY FOR THE ENCOURAGEMENT OF ARTS, MANUFACTURES, AND COMMERCE
THE SOCIETY FOR THE ENCOURAGEMENT OF DOMESTIC INDUSTRY AND FOR PROMOTING EFFECTUAL RELIEF FROM THE GENERAL DISTRESS
THE SOCIETY FOR THE EXTINCTION OF THE SLAVE TRADE, AND FOR THE CIVILIZATION OF AFRICA
THE SOCIETY FOR THE IMPROVEMENT OF MEDICAL AND CHIRURGICAL KNOWLEDGE
THE SOCIETY FOR THE IMPROVEMENT OF THE CONDITION OF THE LABOURING CLASSES
THE SOCIETY FOR THE LIBERATION OF RELIGION FROM STATE CONTROL
THE SOCIETY FOR THE LIBERATION OF RELIGION FROM STATE PATRONAGE AND CONTROL
THE SOCIETY FOR THE PRESERVATION OF PUBLIC FOOTPATHS
THE SOCIETY FOR THE PROMOTION OF AGRICULTURAL SCIENCE
THE SOCIETY FOR THE PROMOTION OF HELLENIC STUDIES
THE SOCIETY FOR THE PROMOTION OF PERMANENT AND UNIVERSAL PEACE
THE SOCIETY FOR THE PROPAGATION OF THE GOSPEL
THE SOCIETY FOR THE REFORMATION OF PRINCIPLES
THE SOCIETY FOR THE STUDY AND CURE OF INEBRIETY
THE SOCIETY FOR THE STUDY OF INEBRIETY
THE SOCIETY OF ANAESTHETISTS
THE SOCIETY OF ANTIQUARIES
THE SOCIETY OF ANTIQUARIES OF LONDON
THE SOCIETY OF ANTIQUITY OF LONDON
THE SOCIETY OF ARCHITECTS
THE SOCIETY OF ARCHITECTURAL HISTORIANS
THE SOCIETY OF ARCHIVISTS AND AUTOGRAPH COLLECTORS
THE SOCIETY OF ARTS
THE SOCIETY OF BIBLICAL ARCHAEOLOGY
THE SOCIETY OF BORDER LEICESTER SHEEP BREEDERS
THE SOCIETY OF CHEMICAL INDUSTRY
THE SOCIETY OF COMPARATIVE LEGISLATION
THE SOCIETY OF DYERS AND COLOURISTS
THE SOCIETY OF ENGINEERS
THE SOCIETY OF ESTATE CLERKS OF WORKS
THE SOCIETY OF FRIENDS IN GREAT BRITAIN AND IRELAND
THE SOCIETY OF MEDICAL OFFICERS OF HEALTH
THE SOCIETY OF MEDICAL AND CHIRURGICAL KNOWLEDGE
THE SOCIETY OF PROMOTING NATIONAL REGENERATION
THE SOCIETY OF PUBLIC ANALYSTS
THE SOCIETY OF TELEGRAPH ENGINEERS
THE SOCIETY OF THE HOLY CHILDHOOD
THE SOCIETY OF THE ROSE
THE SOCRATIC UNION
THE SOMERSET ARCHAEOLOGICAL  AND  NATURAL HISTORY SOCIETY
THE SOMERSETSHIRE ARCHAEOLOGICAL AND NATURAL HISTORY SOCIETY
THE SONS OF TEMPERANCE
THE SOUTH DEVON HERD BOOK SOCIETY
THE SOUTH EASTERN UNION OF SCIENTIFIC SOCIETIES
THE SOUTH LONDON ENTOMOLOGICAL  AND  NATURAL HISTORY SOCIETY
THE SOUTH PLACE ETHICAL SOCIETY
THE SOUTHWARK HOME MISSION
THE SOUTHWARK MEDICAL MISSION
THE SPENSER SOCIETY
THE ST. ANDREWS MEDICAL GRADUATES' ASSOCIATION
THE ST. GEORGE'S MEDICAL SOCIETY
THE ST. PAUL'S ECCLESIOLOGICAL SOCIETY
THE STAFFORDSHIRE IRON AND STEEL INSTITUTE
THE STAGE SOCIETY
THE STATE CHILDREN'S ASSOCIATION
THE STATIONERS AND PAPER MANUFACTURERS' BUILDING SOCIETY
THE STATIONERS' AND PAPER MANUFACTURERS' PROVIDENT SOCIETY
THE STATISTICAL SOCIETY
THE STATISTICAL SOCIETY OF LONDON
THE SUFFOLK INSTITUTE OF ARCHAEOLOGY AND NATURAL HISTORY
THE SUFFOLK INSTITUTE OF ARCHAEOLOGY, STATISTICS AND NATURAL HISTORY
THE SUNDAY SCHOOL UNION
THE SUNDAY SOCIETY
THE SURREY ARCHAEOLOGICAL SOCIETY
THE SURTEES SOCIETY
THE SUSSEX ARCHAEOLOGICAL SOCIETY
THE SWEDENBORG READING SOCIETY
THE SWEDENBORG SOCIETY
THE SYNOD
THE SYSTEMATIC BIBLE TEACHING MISSION
THE TAILOR AND CUTTER
THE TELEGRAPH AND POSTAL PRAYER UNION
THE THEOSOPHICAL SOCIETY
THE THOMPSON YATES LABORATORIES
THE THORESBY SOCIETY
THE THOROTON SOCIETY
THE TOTLAND BAY, ISLE OF WIGHT
THE TRAVELLING TAX ABOLITION COMMITTEE
THE TROPICAL EMIGRATION SOCIETY
THE TYNESIDE GEOGRAPHICAL SOCIETY
THE TYNESIDE NATURALIST'S FIELD CLUB
THE TYPOGRAPHICAL ASSOCIATION
THE UNION JACK FIELD CLUB
THE UNITARIAN SOCIETY FOR PROMOTING CHRISTIAN KNOWLEDGE AND THE PRACTICE OF VIRTUE
THE UNITARIANS
THE UNITED ASSOCIATION OF SCHOOLMASTERS, ETC
THE UNITED KINGDOM ALLIANCE
THE UNITED KINGDOM CONFECTIONERS' ASSOCIATION
THE UNITED PRESBYTERIAN CHURCH
THE UNITED SECESSION CHURCH
THE UNITED SERVICE INSTITUTION
THE UNIVERSAL LEAGUE
THE UNIVERSITY OF CAMBRIDGE
THE UNIVERSITY OF DURHAM PHILOSOPHICAL SOCIETY
THE UNIVERSITY OF MANCHESTER
THE VACCINATION INQUIRY
THE VEGETARIAN SOCIETY
THE VETERINARY MEDICAL ASSOCIATION
THE VICTORIA INSTITUTE
THE VOLUNTARY CHURCH ASSOCIATION
THE WAKEFIELD NATURALISTS' SOCIETY
THE WAR OFFICE
THE WARWICKSHIRE NATURAL HISTORY AND ARCHAEOLOGICAL SOCIETY
THE WARWICKSHIRE NATURALISTS' AND ARCHAEOLOGISTS' FIELD CLUB
THE WATFORD NATURAL HISTORY SOCIETY AND HERTFORDSHIRE FIELD CLUB
THE WERNERIAN NATURAL HISTORY SOCIETY
THE WESLEY HISTORICAL SOCIETY
THE WESLEYAN CHURCH
THE WESLEYAN METHODIST
THE WESLEYAN METHODIST ASSOCIATION
THE WESLEYAN METHODIST CHURCHES
THE WEST KENT CHIRURGICAL SOCIETY
THE WEST KENT MEDICO-CHIRURGICAL SOCIETY
THE WEST LONDON MEDICO-CHIRURGICAL SOCIETY
THE WEST RIDING CONSOLIDATED NATURALISTS' SOCIETY
THE WEST RIDING GEOLOGICAL AND POLYTECHNIC SOCIETY
THE WEST RIDING LUNATIC ASYLUM
THE WESTMINSTER GAZETTE
THE WESTMINSTER NEWSPAPER COMPANY
THE WHITBY LITERARY AND PHILOSOPHICAL SOCIETY
THE WILLAN SOCIETY OF LONDON
THE WILTSHIRE ARCHAEOLOGICAL SOCIETY
THE WINCHESTER COLLEGE NATURAL HISTORY SOCIETY
THE WINCHESTER AND HAMPSHIRE SCIENTIFIC AND LITERARY SOCIETY
THE WOBURN EXPERIMENTAL FRUIT FARM
THE WOMEN'S EDUCATIONAL UNION
THE WOMEN'S MISSION ASSOCIATION FOR THE PROMOTION OF FEMALE EDUCATION
THE WOOLHOPE NATURALISTS' FIELD CLUB
THE WOOLLEN AND TEXTILE TRADES ASSOCIATION
THE WORCESTER ARCHITECTURAL  AND  ARCHAEOLOGICAL SOCIETY
THE WORCESTERSHIRE HISTORICAL SOCIETY
THE WORCESTERSHIRE NATURALISTS' CLUB
THE WORKHOUSE VISITING SOCIETY
THE YORKSHIRE AGRICULTURAL SOCIETY
THE YORKSHIRE ARCHAEOLOGICAL SOCIETY
THE YORKSHIRE ARCHITECTURAL SOCIETY
THE YORKSHIRE ARCHÊOLOGICAL AND TOPOGRAPHICAL ASSOCIATION
THE YORKSHIRE ASSOCIATION OF CHANGE RINGERS
THE YORKSHIRE DIALECT SOCIETY
THE YORKSHIRE GEOLOGICAL  AND  POLYTECHNIC SOCIETY
THE YORKSHIRE GEOLOGICAL SOCIETY
THE YORKSHIRE NATURALISTS' CLUB
THE YORKSHIRE NATURALISTS' UNION
THE YORKSHIRE PARISH REGISTER SOCIETY
THE YORKSHIRE PHILOSOPHICAL SOCIETY
THE YORKSHIRE RAMBLERS' CLUB
THE YOUNG MEN'S CHRISTIAN ASSOCIATION
THE YOUNG MEN'S CHRISTIAN INSTITUTE
THE YOUNG MEN'S EVANGELICAL BIBLE CLASS
THE ZOOLOGICAL SOCIETY
THE ZOOLOGICAL SOCIETY OF LONDON
THEOSOPHICAL SOCIETY
THIRSK NATURAL HISTORY SOCIETY
THOMPSON YATES LABORATORIES
THORESBY SOCIETY
THOROTON SOCIETY
THOROTON SOCIETY OF NOTTINGHAMSHIRE
THRAPSTON BIBLE SOCIETY
THRILLING STORIES' COMMITTEE
TICHBORNE RELEASE ASSOCIATION
TIMBER TRADES FEDERATION
TIMES
TITHE REDEMPTION TRUST
TONBRIDGE SCHOOL
TONIC SOL-FA COLLEGE
TORQUAY NATURAL HISTORY SOCIETY
TOTLAND BAY, ISLE OF WIGHT
TOTTENHAM GRAMMAR SCHOOL
TOWER HAMLETS MISSION
TOWN MISSIONARY AND SCRIPTURE READERS SOCIETY
TOWN MISSIONARY AND SCRIPTURE READERS' SOCIETY
TOWN OF MACCLESFIELD
TOWN OF MADRAS
TRACT SOCIETY
TRACT AND COLPORTAGE SOCIETY OF SCOTLAND
TRACTARIAN PARTY
TRADE PROTECTION SOCIETIES
TRADE UNION
TRADE UNIONIST COMPANY
TRADERS' DEFENCE ASSOCIATION LIMITED
TRADES COUNCIL
TRADES UNION CONGRESS
TRAMWAY INSTITUTE
TRAVELLERS' NATIONAL TOTAL ABSTAINERS' UNION
TRAVELLING TAX ABOLITION COMMITTEE
TRENT COLLEGE
TRINITARIAN BIBLE SOCIETY
TRINITY COLLEGE
TRINITY COLLEGE OF MUSIC
TRINITY COLLEGE, LONDON
TROPICAL EMIGRATION SOCIETY
TRUE TEETOTAL UNION
TRURO CATHEDRAL UNION
TURKISH MISSIONS' AID SOCIETY
TYNESIDE GEOGRAPHICAL SOCIETY
TYNESIDE NATURALIST'S FIELD CLUB
TYNESIDE STUDENT'S ASSOCIATION
TYPOGRAPHICAL ASSOCIATION
TYPOGRAPHICAL ASSOCIATION
TYPOGRAPHICAL SOCIETY
TYRONE NATURALISTS' FIELD CLUB
U.S. DEPARTMENT OF AGRICULTURE
ULSTER ARCHAEOLOGY SOCIETY
ULSTER HOSPITAL FOR CHILDREN AND WOMEN
UNION EXCHANGE SOCIETY
UNION INDUSTRIELLE
UNION JACK FIELD CLUB
UNION OFFICE
UNION STREET CONGREGATIONAL CHURCH
UNION OF CLERGYMEN
UNION OF LANCASHIRE AND CHESHIRE INSTITUTES
UNION OF POLISH SOCIALISTS ABROAD
UNION OF POST OFFICE WORKERS
UNION-CASTLE MAIL STEAMSHIP CO
UNITARIAN CHURCH
UNITARIAN CHURCHES
UNITARIAN FUND
UNITARIAN SOCIETY
UNITARIAN SOCIETY FOR PROMOTING CHRISTIAN KNOWLEDGE AND THE PRACTICE OF VIRTUE
UNITARIANS
UNITED ANCIENT ORDER OF DRUIDS
UNITED ASSOCIATION OF SCHOOLMASTERS, ETC
UNITED BILLPOSTERS' ASSOCIATION
UNITED BRANCHES OF OPERATIVE POTTERS
UNITED BRISTOL MISSION
UNITED BRITISH ARMY SCRIPTURE READERS'  AND  SOLDIERS' FRIEND SOCIETY
UNITED CHURCH OF ENGLAND AND IRELAND
UNITED COMMITTEE FOR THE TAXATION OF LAND VALUES
UNITED DEMOCRATIC CLUB
UNITED DIOCESE OF ST. ANDREWS, DUNKELD, AND DUNBLANE
UNITED EMPIRE LOYALISTS
UNITED FREE GOSPEL CHURCHES
UNITED GRAND LODGE
UNITED GRAND LODGE OF ANCIENT FREE AND ACCEPTED MASONS OF ENGLAND
UNITED KINGDOM ALLIANCE
UNITED KINGDOM BAND OF HOPE UNION
UNITED KINGDOM COLLEGE, LONDON
UNITED KINGDOM CONFECTIONERS' ASSOCIATION
UNITED KINGDOM FOREIGN CAGE-BIRD SOCIETY
UNITED KINGDOM POSTAL CLERKS' ASSOCIATION
UNITED KINGDOM RAILWAY TEMPERANCE UNION
UNITED KINGDOM SHOWMEN AND VAN DWELLERS\\\' PROTECTION ASSOCIATION
UNITED KINGDOM TEMPERANCE ALLIANCE
UNITED METHODIST CHURCH
UNITED METHODIST FREE CHURCH
UNITED METHODIST FREE CHURCHES
UNITED MINE WORKERS
UNITED OPERATIVE WEAVERS OF LONDON
UNITED PAWNBROKERS' PROTECTION SOCIETY OF LONDON
UNITED PRESBYTERIAN CHURCH
UNITED PRESBYTERIAN CHURCH
UNITED PRESBYTERIAN CHURCH OF SCOTLAND
UNITED SECESSION CHURCH
UNITED SERVICE INSTITUTION
UNITED SOCIETY OF BOILERMAKERS AND IRON SHIPBUILDERS
UNITED TRADES' ASSOCIATION
UNITED WESTMINSTER SCHOOLS
UNIVERSAL COMMUNITY SOCIETY OF RATIONAL RELIGIONISTS
UNIVERSAL COOKERY AND FOOD ASSOCIATION
UNIVERSAL FOOD AND COOKERY ASSOCIATION
UNIVERSAL LEAGUE
UNIVERSAL MATRIMONIAL AGENCY
UNIVERSAL PHRENOLOGICAL SOCIETY
UNIVERSAL SOCIETY
UNIVERSAL SUFFRAGE CENTRAL COMMITTEE FOR SCOTLAND
UNIVERSAL ZETETIC SOCIETY
UNIVERSITIES' MISSION TO CENTRAL AFRICA
UNIVERSITY ASSOCIATION OF WOMEN TEACHERS
UNIVERSITY COLLEGE
UNIVERSITY COLLEGE HOSPITAL
UNIVERSITY COLLEGE LIVERPOOL
UNIVERSITY COLLEGE SOCIETY
UNIVERSITY COLLEGE OF SOUTH WALES AND MONMOUTHSHIRE
UNIVERSITY COLLEGE, BRISTOL
UNIVERSITY COLLEGE, LONDON
UNIVERSITY EXTENSION COLLEGE
UNIVERSITY SCHOOL, HASTINGS
UNIVERSITY OF BIRMINGHAM
UNIVERSITY OF BRISTOL
UNIVERSITY OF CAMBRIDGE
UNIVERSITY OF CAMBRIDGE
UNIVERSITY OF DUBLIN MEMBERS
UNIVERSITY OF DURHAM
UNIVERSITY OF DURHAM PHILOSOPHICAL SOCIETY
UNIVERSITY OF EDGBASTON, BIRMINGHAM
UNIVERSITY OF EDINBURGH
UNIVERSITY OF EXETER
UNIVERSITY OF GLASGOW
UNIVERSITY OF LIVERPOOL
UNIVERSITY OF LONDON
UNIVERSITY OF MANCHESTER
UNIVERSITY OF NEWCASTLE-UPON-TYNE PHILOSOPHICAL SOCIETY
UNIVERSITY OF OXFORD
UNIVERSITY OF SHEFFIELD
UNIVERSITY OF ST. ANDREWS
UPPER TOOTING CHURCH INSTITUTE
V.P.C. SOCIETY
VACCINATION INQUIRY
VALE OF DERWENT NATURALISTS' FIELD CLUB
VEGETARIAN FEDERAL UNION
VEGETARIAN SOCIETY
VEREIN DEUTSCHER EISENH¸TTENLEUTE
VERULAM SOCIETY
VESTRY OF ST. MATTHEW, BETHNAL GREEN
VETERINARY MEDICAL ASSOCIATION
VETERINARY PRACTITIONERS THROUGHOUT THE UNITED KINGDOM
VICARS APOSTOLIC IN ENGLAND
VICE SOCIETY
VICTORIA INSTITUTE
VICTORIA STREET SOCIETY FOR PROTECTION OF ANIMALS FROM VIVISECTION
VICTORIA STREET AND INTERNATIONAL SOCIETY FOR THE PROTECTION OF ANIMALS FROM VIVISECTION
VICTORIA UNIVERSITY
VICTORIA UNIVERSITY OF MANCHESTER
VICTORIAN INSTITUTE
VIGILANCE ASSOCIATION
VIKING CLUB
VIKING CLUB, OR ORKNEY, SHETLAND, AND NORTHERN SOCIETY
VIKING SOCIETY FOR NORTHERN RESEARCH
VILLON SOCIETY
VOLUNTARY CHURCH ASSOCIATION
VOLUNTEER FORCES BENEVOLENT ASSOCIATION
WADHAM COLLEGE
WAGNER SOCIETY, LONDON BRANCH
WAKEFIELD GRAMMAR SCHOOL
WAKEFIELD NATURALISTS' SOCIETY
WALWORTH YOUNG MENS BIBLE CLASS
WANDSWORTH DISTRICT PARISHES
WAR OFFICE
WARREN ASSOCIATION
WARRINGTON LITERARY AND PHILOSOPHICAL SOCIETY
WARTON CLUB
WARWICK COUNTY
WARWICKSHIRE NATURAL HISTORY AND ARCHAEOLOGICAL SOCIETY
WARWICKSHIRE NATURALISTS' AND ARCHAEOLOGISTS' FIELD CLUB
WATERLOO ROAD BIBLE CHRISTIAN CHURCH AND SUNDAY SCHOOL
WATFORD NATURAL HISTORY SOCIETY AND HERTFORDSHIRE FIELD CLUB
WATSON BOTANICAL EXCHANGE CLUB
WELLCOME CHEMICAL RESEARCH LABORATORIES
WELLCOME PHYSIOLOGICAL LABORATORIES
WELLINGTON COLLEGE MISSION
WELLINGTON COLLEGE NATURAL SCIENCE SOCIETY
WELLS NATURAL HISTORY AND ARCHAEOLOGICAL SOCIETY
WENSLEYDALE BLUE-FACED SHEEP BREEDERS' ASSOCIATION AND FLOCK BOOK SOCIETY
WENSLEYDALE LONG-WOOL SHEEP BREEDERS' ASSOCIATION
WENSLEYDALE LONGWOOL SHEEP BREEDERS' ASSOCIATION AND FLOCK BOOK SOCIETY
WERNERIAN NATURAL HISTORY SOCIETY
WESLEY COLLEGE
WESLEY GUILD
WESLEY GUILD BIBLE AND PRAYER UNION
WESLEY HISTORICAL SOCIETY
WESLEY NATURALISTS' SOCIETY
WESLEY SCIENTIFIC NATURALISTS' SOCIETY
WESLEYAN BOOK ROOM
WESLEYAN CHAPEL
WESLEYAN CHURCH
WESLEYAN METHODIST
WESLEYAN METHODIST ASSOCIATION
WESLEYAN METHODIST BODY
WESLEYAN METHODIST BOOK ROOM
WESLEYAN METHODIST CHAPEL
WESLEYAN METHODIST CHURCH
WESLEYAN METHODIST CHURCHES
WESLEYAN METHODIST LITERARY AND MUTUAL IMPROVEMENT ASSOCIATIONS
WESLEYAN METHODIST MISSIONARY SOCIETY
WESLEYAN METHODIST NEWSPAPER CO
WESLEYAN METHODIST SUNDAY SCHOOL DEPARTMENT
WESLEYAN METHODIST SUNDAY SCHOOL UNION
WESLEYAN MISSIONARY SOCIETY
WESLEYAN MISSIONARY SOCIETY LADIES' COMMITTEE
WESLEYAN PLEASANT SUNDAY AFTERNOON MOVEMENT
WESLEYAN REFORM UNION
WESLEYAN SEAMEN'S MISSION
WESLEYAN SOCIETY FOR SECURING THE REPEAL OF THE CONTAGIOUS DISEASES ACTS
WESLEYAN TRACT SOCIETY
WESLEYAN-METHODIST SUNDAY-SCHOOL UNION
WEST BRADFORD CRICKET LEAGUE
WEST GLO\\\'STERSHIRE DISTRICT LODGE
WEST HAM MANSFIELD HOUSE
WEST HENDON HOUSE OBSERVATORY
WEST INDIA COMMITTEE
WEST KENT CHIRURGICAL SOCIETY
WEST KENT MEDICO-CHIRURGICAL SOCIETY
WEST KENT RIFLES
WEST LONDON MEDICO-CHIRURGICAL SOCIETY
WEST LONDON MISSION
WEST LONDON SCIENTIFIC ASSOCIATION AND FIELD CLUB
WEST RIDING CONSOLIDATED NATURALISTS' SOCIETY
WEST RIDING GEOLOGICAL AND POLYTECHNIC SOCIETY
WEST RIDING HOSPITAL
WEST RIDING LUNATIC ASYLUM
WEST RIDING SECULAR ALLIANCE
WEST RIDING OF YORKSHIRE,  ADMINISTRATIVE COUNTY OF THE
WEST SUSSEX
WESTERN APIARIAN SOCIETY
WESTERN BAPTIST ASSOCIATION
WESTERN JUNIOR GAS ASSOCIATION
WESTERN MICROSCOPICAL CLUB
WESTERN TEMPERANCE LEAGUE
WESTMINSTER
WESTMINSTER DIOCESAN RESCUE SOCIETY
WESTMINSTER GAZETTE
WESTMINSTER GAZETTE AND BUDGET
WESTMINSTER HOSPITAL
WESTMINSTER MEDICAL SOCIETY
WESTMINSTER NEWSPAPER COMPANY
WESTMINSTER SCHOOL
WESTON-SUPER-MARE URBAN DISTRICT COUNCIL
WEYMOUTH COLLEGE
WHITBY LITERARY AND PHILOSOPHICAL SOCIETY
WHITCHURCH GRAMMAR SCHOOL
WHITE QUAKERS
WHITECHAPEL DISTRICT
WHITEHAVEN SCIENTIFIC ASSOCIATION
WHITGIFT GRAMMER SCHOOL
WHITTINGTON CLUB
WHOLESALE NEWSAGENTS' ASSOCIATION
WIGAN LITERARY AND SCIENTIFIC SOCIETY
WIGAN PUBLIC LIBRARIES
WILLAN SOCIETY OF LONDON
WILLESDEN INDEPENDENT LABOUR PARTY
WILLIAMSTOWN OBSERVATORY
WILLOUGHBY SOCIETY FOR THE REPRINTING OF SCARCE ORNITHOLOGICAL WORKS
WILTS RECORD SOCIETY
WILTSHIRE ARCHAEOLOGICAL SOCIETY
WILTSHIRE ARCHAEOLOGICAL AND NATURAL HISTORY SOCIETY
WILTSHIRE COUNTY ASYLUM FOR THE INSANE POOR
WILTSHIRE SOCIETY
WINCHESTER COLLEGE
WINCHESTER COLLEGE NATURAL HISTORY SOCIETY
WINCHESTER AND HAMPSHIRE SCIENTIFIC AND LITERARY SOCIETY
WIRRAL AGRICULTURAL SOCIETY
WOBURN EXPERIMENTAL FRUIT FARM
WOBURN EXPERIMENTAL STATION OF THE ROYAL AGRICULTURAL SOCIETY OF ENGLAND
WOMEN'S AGRICULTURAL AND HORTICULTURAL INTERNATIONAL UNION
WOMEN'S CO-OPERATIVE GUILD
WOMEN'S EDUCATIONAL UNION
WOMEN'S FARM AND GARDEN ASSOCIATION
WOMEN'S FRANCHISE LEAGUE
WOMEN'S HELP SOCIETY
WOMEN'S HOME MISSION ASSOCIATION
WOMEN'S INDUSTRIAL COUNCIL
WOMEN'S LIBERAL ASSOCIATION
WOMEN'S LIBERAL FEDERATION
WOMEN'S LIBERAL FEDERATION (ASSOCIATED)
WOMEN'S MISSION ASSOCIATION FOR THE PROMOTION OF FEMALE EDUCATION
WOMEN'S MISSIONARY ASSOCIATION OF THE PRESBYTERIAN CHURCH OF ENGLAND
WOMEN'S NATIONAL LIBERAL ASSOCIATION
WOMEN'S PROGRESSIVE SOCIETY
WOMEN'S PROTECTIVE AND PROVIDENT  LEAGUE
WOMEN'S PROTECTIVE AND PROVIDENT ASSOCIATION
WOMEN'S PROTESTANT UNION
WOMEN'S TOTAL ABSTINENCE UNION
WOMEN'S TRADE UNION ASSOCIATION
WOMEN'S TRADE UNION LEAGUE
WONFORD HOUSE HOSPITAL FOR THE INSANE
WOODBRIDGE GRAMMAR SCHOOL
WOOLHOPE CLUB
WOOLHOPE NATURALISTS' FIELD CLUB
WOOLHOPE NATURALISTS' FIELD CLUB
WOOLLEN AND TEXTILE TRADES ASSOCIATION
WOOLWICH DISTRICT ANTIQUARIAN SOCIETY
WORCESTER ARCHITECTURAL  AND  ARCHAEOLOGICAL SOCIETY
WORCESTER COUNTY AND CITY PAUPER LUNATIC ASYLUM
WORCESTER DIOCESAN ARCHITECTURAL AND ARCHAEOLOGICAL SOCIETY
WORCESTERSHIRE BOOK-HAWKING SOCIETY
WORCESTERSHIRE HISTORICAL SOCIETY
WORCESTERSHIRE NATURAL HISTORY SOCIETY
WORCESTERSHIRE NATURALISTS' CLUB
WORDSWORTH SOCIETY
WORKHOUSE COMMITTEE
WORKHOUSE DRINK REFORM LEAGUE
WORKHOUSE VISITING SOCIETY
WORKING MEN'S CLUB AND INSTITUTE UNION
WORKING MEN'S COLLEGE
WORKING MEN'S INSTITUTE
WORKING MEN'S NATIONAL LEAGUE FOR THE REPEAL OF THE CONTAGIOUS DISEASES ACT
WORKINGTON AGRICULTURAL SOCIETY
WORKINGTON INDUSTRIAL AND PROVIDENT SOCIETY
WORKMEN'S CLUB AND INSTITUTE UNION
WORKMEN'S PEACE ASSOCIATION
WORKSOP COLLEGE
WORLD STUDENT CHRISTIAN FEDERATION
WORLD WOMEN'S CHRISTIAN TEMPERANCE UNION
WORLD'S TEMPERANCE CONVENTION
WORLD'S WOMEN'S CHRISTIAN TEMPERANCE UNION
WORLD'S YOUNG MEN'S BIBLE READING UNION
WORLD-WIDE PROGRESSIVE MOVEMENT IN RELIGION AND SOCIAL ETHICS
WYCLIF SOCIETY
YWCA
YORK DIOCESAN CHURCH BUILDING  AND  ENDOWMENT AID SOCIETY
YORK DIOCESE
YORK LUNATIC ASYLUM
YORK SCHOOL NATURAL HISTORY, LITERARY AND POLYTECHNIC SOCIETY
YORKSHIRE AGRICULTURAL SOCIETY
YORKSHIRE ARCHAEOLOGICAL SOCIETY
YORKSHIRE ARCHAEOLOGICAL AND TOPOGRAPHICAL SOCIETY
YORKSHIRE ARCHITECTURAL SOCIETY
YORKSHIRE ARCHÊOLOGICAL AND TOPOGRAPHICAL ASSOCIATION
YORKSHIRE ASSOCIATION OF CHANGE RINGERS
YORKSHIRE BAND OF HOPE UNION
YORKSHIRE COLLEGE
YORKSHIRE COLLEGE TEXTILE SOCIETY
YORKSHIRE COLLEGE OF SCIENCE
YORKSHIRE COLLEGE, LEEDS
YORKSHIRE DIALECT SOCIETY
YORKSHIRE GEOLOGICAL  AND  POLYTECHNIC SOCIETY
YORKSHIRE GEOLOGICAL SOCIETY
YORKSHIRE LUNATIC ASYLUM
YORKSHIRE NATURALISTS' CLUB
YORKSHIRE NATURALISTS' UNION
YORKSHIRE PARISH REGISTER SOCIETY
YORKSHIRE PHILOSOPHICAL SOCIETY
YORKSHIRE RAMBLERS' CLUB
YORKSHIRE SPIRITUAL TRACTS
YOUNG ABSTAINER'S UNION
YOUNG GENTLEMEN OF ETON COLLEGE
YOUNG HELPER'S LEAGUE
YOUNG MEN'S CATHOLIC ASSOCIATION
YOUNG MEN'S CHRISTIAN ASSOCIATION
YOUNG MEN'S CHRISTIAN ASSOCIATION
YOUNG MEN'S CHRISTIAN ASSOCIATIONS
YOUNG MEN'S CHRISTIAN INSTITUTE
YOUNG MEN'S EVANGELICAL BIBLE CLASS
YOUNG MEN'S FRIENDLY SOCIETY
YOUNG TURKEY SOCIETY
YOUNG WALES SOCIETY
YOUNG WOMEN'S CHRISTIAN ASSOCIATION
YOUNG WOMEN'S CHRISTIAN ASSOCIATION (NORWICH BRANCH )
YOUNG WOMEN'S HELP SOCIETY
ZAMBESI INDUSTRIAL MISSION
ZENANA BIBLE AND MEDICAL MISSION
ZENANA BIBLE AND MEDICAL MISSION OR INDIAN FEMALE NORMAL SCHOOL AND INSTRUCTION SOCIETY
ZENANA MISSIONARY SOCIETY
ZOOLOGICAL ASSOCIATION
ZOOLOGICAL MUSEUM, TRING
ZOOLOGICAL RECORD ASSOCIATION
ZOOLOGICAL SOCIETY
ZOOLOGICAL SOCIETY OF JAPAN
ZOOLOGICAL SOCIETY OF LONDON
ZULULAND MISSIONARY ASSOCIATION
THE LIVERPOOL MICROSCOPICAL SOCIETY
…GLISE ANGLICANE, L'
